customer_unique_id,total_spent,n_orders,avg_order_value,avg_review_given,avg_delivery_days,total_installments_used,is_repeat_customer,customer_tier
00050ab1314c0e55a6ca13cf7181fecf,35.38,1,35.38,4.0,6.0,0,0,bronze
000a5ad9c4601d2bbdd9ed765d5213b3,91.28,1,91.28,4.0,11.0,1,0,bronze
000d460961d6dbfa3ec6c9f5805769e1,36.68,1,36.68,5.0,3.0,0,0,bronze
000de6019bb59f34c099a907c151d855,257.44,1,257.44,2.0,4.0,1,0,silver
000e309254ab1fc5ba99dd469d36bdb4,78.42,1,78.42,3.0,14.0,0,0,bronze
0027324a96d26a2bc7d69262f83c8403,46.78,1,46.78,5.0,3.0,1,0,bronze
0028a7d8db7b0247652509358ad8d755,354.87,1,354.87,3.0,23.0,0,0,gold
0029bd580d3012618731f5abb174a07f,52.38,1,52.38,2.0,,0,0,bronze
003162bf0351f47a1a247992b8b9b42d,536.6,1,536.6,5.0,9.0,1,0,gold
0034c76b7e6a17d738375b99afc2f01e,44.23,1,44.23,5.0,8.0,0,0,bronze
00370dfde3d012c420d29657afc2fc8b,237.0,1,237.0,4.0,16.0,0,0,silver
0043d65f8039b4a4d43bc7b0f450ac2c,64.42,1,64.42,5.0,8.0,1,0,bronze
0046311f458d8041b00063cb99482903,112.33,1,112.33,5.0,99.0,1,0,silver
0047f3e16441284d757a8963344f6c59,76.18,1,76.18,4.0,9.0,0,0,bronze
00539155ce68fbe677934aebdb17e09b,58.25,1,58.25,4.0,3.0,0,0,bronze
006a8c1784d622ebe06bab57e72ee045,66.64,1,66.64,2.0,34.0,0,0,bronze
00720f160ff500d3605a1bf403eb62d9,118.54,1,118.54,5.0,9.0,1,0,silver
0074a1d3f1995ff0538dc7197500973c,624.9,1,624.9,5.0,22.0,1,0,gold
007658319c060f337577e8a1834d5df5,119.45,1,119.45,4.0,23.0,1,0,silver
0078bb0f0d23e922d08437b7d0e13907,44.09,1,44.09,4.0,18.0,0,0,bronze
007b8307b6448f0425ff2001f00c1bdb,40.94,1,40.94,4.0,17.0,0,0,bronze
00a089b8c7ab1e3808c3ad7de7a254dd,42.47,1,42.47,4.0,5.0,0,0,bronze
00a1e8f160b36ccdcbca310933f12a3b,36.48,1,36.48,4.0,2.0,0,0,bronze
00a218ea82c458456098caa1c4a7e796,66.99,1,66.99,4.0,14.0,0,0,bronze
00a39521eb40f7012db50455bf083460,96.47,1,96.47,4.0,19.0,0,0,bronze
00b2ee6366438f46105832fd9acaf56f,283.54,1,283.54,5.0,11.0,1,0,silver
00ba737b18a7996f68cb8a99556bedd4,141.14,1,141.14,1.0,19.0,1,0,silver
00c003ed13c76042b78d53fbc26930d0,204.24,1,204.24,4.0,11.0,1,0,silver
00c0bbc49a530c07c110d269211da046,111.32,1,111.32,5.0,6.0,1,0,silver
00c19498681c665889d1212be870e8df,130.15,1,130.15,5.0,22.0,0,0,silver
00cd767526517f8a4fc27db6cc5a52fa,95.21,1,95.21,4.0,9.0,0,0,bronze
00d447911e5d5ae87480df8734b915f2,280.65,1,280.65,5.0,7.0,0,0,silver
00e20792154788aa00f53fbd616a8d91,185.9,1,185.9,4.0,9.0,1,0,silver
00fb8f6787f67bd33c7e86c9691d2b1c,274.39,1,274.39,1.0,21.0,0,0,silver
00ff5e862f825ac56e5fdfaa6b69dc51,49.37,1,49.37,4.0,5.0,0,0,bronze
01029081d0cfc339576f71ab45713d10,36.98,1,36.98,5.0,13.0,0,0,bronze
010a0365ab237a5e2fed9d945121b627,73.47,1,73.47,5.0,24.0,0,0,bronze
0116f610fa1418cda75e0d96e1639a03,33.68,1,33.68,5.0,7.0,0,0,bronze
011875f0176909c5cf0b14a9138bb691,4016.91,1,4016.91,5.0,5.0,1,0,platinum
011d6505c026d200e75cb0b6c47da758,81.2,1,81.2,5.0,24.0,1,0,bronze
0122d73327d9135f8088572c7d7f5d54,67.5,1,67.5,3.0,13.0,1,0,bronze
012510db7f0db8481f8a3708400c8db9,117.53,1,117.53,5.0,12.0,1,0,silver
012c61cc2c69b09c85071ccac0ccee16,74.16,1,74.16,4.0,9.0,1,0,bronze
0145fc4d376df22449756022b9ccb472,27.29,1,27.29,5.0,4.0,0,0,bronze
014644ae002bacd78bb05521f7e9aaab,20.29,1,20.29,3.0,12.0,0,0,bronze
01593b828c6e7c516ed078a4820ab9b2,44.87,1,44.87,4.0,9.0,0,0,bronze
016a5760b723a3a0bcb4b294d4bc6b45,214.13,1,214.13,4.0,4.0,0,0,silver
017eb8439a0ca7dcfc228f933bd204d8,42.78,1,42.78,5.0,7.0,1,0,bronze
017fe3adcd1989f1ea8bac1848bd1b94,42.79,1,42.79,5.0,10.0,0,0,bronze
0184070f27c13c909a1de7b1b059b496,168.33,1,168.33,5.0,24.0,1,0,silver
01878328db858b71da86bdc8966ea729,70.4,1,70.4,5.0,20.0,0,0,bronze
0189cca3aa2a0f75ca0cde94ee38be57,100.33,1,100.33,5.0,13.0,1,0,silver
018b5a7502c30eb5f230f1b4eb23a156,55.09,1,55.09,5.0,11.0,0,0,bronze
018d9881368d5098100c2430b8ed8bdd,50.1,1,50.1,1.0,28.0,0,0,bronze
0199358f4d397a51c763be597977ddd1,109.97,1,109.97,5.0,7.0,1,0,silver
019ac5580a897d52e5ed6f7ed89ade27,1337.19,1,1337.19,5.0,12.0,0,0,platinum
019c20bc411068e6f296cd471ac8425b,60.78,1,60.78,5.0,5.0,0,0,bronze
019cd54cc450bdfb2de3e83dced0c511,223.14,1,223.14,5.0,8.0,1,0,silver
019f29cee4d4031f59fed390d3cd0bc7,92.67,1,92.67,5.0,5.0,1,0,bronze
01ab4b660bfe57375e0486a07bbe31eb,90.99,1,90.99,5.0,15.0,0,0,bronze
01ac33544e5b7d1e79f7d69a065282f3,79.13,1,79.13,4.0,8.0,0,0,bronze
01ae3897d0da657af5dc0b0dab9df7dc,32.77,1,32.77,5.0,8.0,0,0,bronze
01ba3180d3c6e7a6e269c5a542985423,108.22,1,108.22,5.0,7.0,0,0,silver
01c12b236caa6f6d630b985da0ab5d30,134.38,1,134.38,5.0,16.0,1,0,silver
01ca0680cddb7f4c71e3235f08cd16a2,32.61,1,32.61,5.0,6.0,0,0,bronze
01cad597bb1c8c79b2115a6204ab7f8c,105.3,1,105.3,4.0,26.0,1,0,silver
01dbf5ec2334d02e47a8167d3c2e0837,56.22,1,56.22,5.0,9.0,1,0,bronze
01e66e20cc67536e6fa27878ed07ad0a,36.69,1,36.69,4.0,23.0,0,0,bronze
01ea2467bec4e5ba6c007621c7df3bf5,57.5,1,57.5,1.0,,1,0,bronze
01eb9d565f58fe2b55946b72db045556,177.59,1,177.59,1.0,29.0,1,0,silver
01ec28844a316ded17fa50fd28b98123,119.48,1,119.48,5.0,14.0,1,0,silver
02054940ff45a170ddd0acca60575eea,238.41,1,238.41,5.0,6.0,1,0,silver
020ac38b920d61317bc3e7e2d1e3602b,85.94,1,85.94,2.0,16.0,1,0,bronze
020ae51ab502504a00ab6ccbac53bfa6,812.76,1,812.76,4.0,13.0,0,0,gold
02168ea18740a0fdaaa15f11bebba5db,132.02,1,132.02,5.0,10.0,0,0,silver
021ab4ee1c733fef68ef3ddbb6c4ea7e,55.94,1,55.94,3.0,5.0,0,0,bronze
021bca90c906d19b425e192070eb6f68,109.6,1,109.6,5.0,5.0,1,0,silver
021dbb48a965542d846e18a6799d37c0,158.13,1,158.13,4.0,13.0,1,0,silver
021f9b70becbc032905f24f7e6c2d7d7,131.04,1,131.04,5.0,14.0,1,0,silver
022130229ad6d7d853447a4b0979b2dd,116.21,1,116.21,1.0,56.0,0,0,silver
023196e0c7c9f50e21677e45cc6d539a,145.52,1,145.52,3.0,6.0,1,0,silver
0231f0795b8e38aeb40a26115e75722c,248.81,1,248.81,4.0,8.0,1,0,silver
0246e728843e079b72ae99cbfe711acd,20.34,1,20.34,5.0,5.0,0,0,bronze
024e94ea4d09b69b4996d5af7b43c1b4,69.18,1,69.18,4.0,11.0,1,0,bronze
02578a30eaf25ecf087a3728dc04b85a,54.09,1,54.09,5.0,13.0,0,0,bronze
027179319d6e0b4958b300ba6e9e35e6,98.11,1,98.11,5.0,6.0,1,0,bronze
0278d1770d14782b065a8f24b0084b08,181.99,1,181.99,1.0,,0,0,silver
027975035267b4ec8c9d8ad65c6c4d6f,104.37,1,104.37,4.0,25.0,0,0,silver
027b0a2a0630aa7439875c30b987bf99,71.14,1,71.14,5.0,32.0,0,0,bronze
027ca2556afdb5bb0741b214c6380bb2,115.02,1,115.02,5.0,6.0,1,0,silver
028610eb2f6daf6bb4c37e1bd2b42210,472.41,1,472.41,4.0,2.0,1,0,gold
02880ecd2c905f0a16fa1ae3d0884b1b,113.92,1,113.92,1.0,20.0,1,0,silver
02889f45776f057efa2323d295406cf2,86.76,1,86.76,4.0,13.0,0,0,bronze
028b8434bd4a6277e77f5b327cc1e1b0,96.8,1,96.8,4.0,22.0,1,0,bronze
02a12dc286c290872d5a263fb9af0dfd,59.0,1,59.0,5.0,4.0,1,0,bronze
02a6a137ef7fe2414c9e14fc4d060790,246.99,1,246.99,4.0,2.0,1,0,silver
02a81ef75e80450061b235f691600dc0,56.69,1,56.69,5.0,9.0,0,0,bronze
02b8634fdb8d9d15ef1e0f74287b13b7,47.69,1,47.69,3.0,31.0,0,0,bronze
02baf2ab49104d32faca025ace4fc9fa,146.96,1,146.96,5.0,8.0,1,0,silver
02bb821f9cd6c3079ecb9fed96232e18,96.81,1,96.81,5.0,9.0,0,0,bronze
02bc079a58dfe937bdc5d97c8bac00ac,75.11,1,75.11,5.0,2.0,1,0,bronze
02c2bf0584517bcaf707619e633fa6ee,176.23,1,176.23,5.0,9.0,1,0,silver
02c443d096d234acef0e1b00d625daa7,69.22,1,69.22,5.0,26.0,0,0,bronze
02c639f8dd288caf7cc6dc66513c23b3,117.45,1,117.45,5.0,9.0,1,0,silver
02ce197e2c160b57561b0880cc8d9446,158.92,1,158.92,5.0,4.0,1,0,silver
02de1784e8d57ae7f72d1a984aafb108,67.5,1,67.5,5.0,10.0,0,0,bronze
02e090052258dc8c675daf152e22afed,75.78,1,75.78,5.0,1.0,0,0,bronze
02e4c56fefa30628768ffe326d332e2f,56.04,1,56.04,3.0,10.0,1,0,bronze
02f497cc7dfdd937def02d2359f93f8e,127.53,1,127.53,5.0,8.0,0,0,silver
0306e708bc20c7e3517227bbffbe5959,200.04,1,200.04,5.0,4.0,0,0,silver
030df4046f9f9e7fc4531b24b1e853fc,294.98,1,294.98,5.0,6.0,1,0,silver
030fbdd408131cb4235b5b7f241d727e,67.62,1,67.62,1.0,5.0,1,0,bronze
03182d685cfcca0c3eff28a79d40f037,49.42,1,49.42,5.0,6.0,0,0,bronze
031f055c013d9b147263937cc2d5b6a2,93.91,1,93.91,5.0,8.0,1,0,bronze
0326524848da9311350236471586bd61,1826.07,1,1826.07,5.0,18.0,0,0,platinum
032c36a3e0e337f241a5910aa6ef3077,270.66,1,270.66,3.0,4.0,1,0,silver
0333c10ff91a9c1aabc1d76f6ef19bcd,49.23,1,49.23,4.0,12.0,1,0,bronze
0334ba9c67b6f75abf243ebfcc46de6b,30.0,1,30.0,4.0,14.0,0,0,bronze
03366d722c63b3b9e683fc38d5836699,102.03,1,102.03,1.0,8.0,1,0,silver
03418da5fc543b9c92cbe8a87f76ba27,308.12,1,308.12,1.0,11.0,1,0,gold
03424aff6b9a11b61bc6a8db840150ee,81.99,1,81.99,4.0,7.0,1,0,bronze
03555eacacdb0eb64b97bc653de89124,98.52,1,98.52,1.0,7.0,1,0,bronze
035b4831da64a20908a7ddbc95ede0cd,140.05,1,140.05,4.0,29.0,1,0,silver
035f60af6e7d7f78470e9443be08d339,117.78,1,117.78,1.0,,1,0,silver
0372355b599cb57f978923b19a804290,238.67,1,238.67,5.0,2.0,1,0,silver
037576137eb995f89b3abc6c690a3d24,159.35,1,159.35,4.0,8.0,1,0,silver
0377f8402d448137ba33672d6318d8a9,91.18,1,91.18,3.0,12.0,0,0,bronze
03860720a9bb240fe64390835d7c1b7a,180.51,1,180.51,2.0,16.0,0,0,silver
038a113bd44096b673f1071b5f39a587,871.38,1,871.38,5.0,9.0,0,0,gold
0398b8575daf8b69af233f7b7c39fb02,253.79,1,253.79,5.0,25.0,1,0,silver
039a597bb045646b899477a8480bdd93,45.96,1,45.96,1.0,14.0,0,0,bronze
03a25b12f34df3b5045fadf047b83d00,189.46,1,189.46,4.0,6.0,1,0,silver
03a4afe75c961114945607707b9f3b88,124.42,1,124.42,3.0,5.0,1,0,silver
03ab83a91e0c343bb0d7aa605338a013,68.7,1,68.7,4.0,11.0,0,0,bronze
03afd66153996e8fa15a07013b2d040f,161.02,1,161.02,3.0,11.0,0,0,silver
03c00b674e1016c359386f94cfdaefa5,91.97,1,91.97,5.0,12.0,0,0,bronze
03c665eff69ae2dd8923230d671e28d5,157.78,1,157.78,4.0,16.0,1,0,silver
03cb74bc26bf2d9c14f52f31a42b97c3,42.58,1,42.58,5.0,3.0,1,0,bronze
03d5d879b6583adc0d8b84788ab189d8,448.51,1,448.51,1.0,26.0,1,0,gold
03dabd77cb0ed7a26fafe19e36b67742,54.83,1,54.83,5.0,23.0,0,0,bronze
040771bb467e731e2f7946b575c319be,195.0,1,195.0,4.0,9.0,1,0,silver
04093066bc3fa341df1261a78e9a8e89,117.46,1,117.46,5.0,8.0,1,0,silver
040dc1ab0fe089423e1d53a50be09a28,249.02,1,249.02,5.0,21.0,1,0,silver
040e07d6f99f0d6bee3d272db7dd77ff,196.46,1,196.46,,13.0,0,0,silver
04120e49b42d9188cee40d96521d9893,84.99,1,84.99,4.0,8.0,0,0,bronze
041caba6a63ace5818387698ea85cdb2,29.95,1,29.95,5.0,7.0,0,0,bronze
041e38de03ec3b5f23ba5f5030a52b20,76.51,1,76.51,3.0,11.0,1,0,bronze
04296cfd4c18a71d06f5d34d8c72a6ad,106.87,1,106.87,3.0,31.0,1,0,silver
042c4b7a631b4e91da36716f93e7e017,64.09,1,64.09,4.0,6.0,0,0,bronze
042d7cb496599d4512619d9ee9970376,71.66,1,71.66,5.0,7.0,0,0,bronze
0431f28e915d4ba29d8b4a6bb7fa3bfb,99.65,1,99.65,2.0,23.0,0,0,bronze
04334bf56d76e503c2b474e3bc129d65,195.17,1,195.17,4.0,5.0,1,0,silver
0439cc7d06009c57579b7d91fd979b3b,66.11,1,66.11,4.0,13.0,1,0,bronze
043aee247e71edff7045664609f4d806,291.84,1,291.84,4.0,7.0,1,0,silver
0451ef5a31cea3e14ce02d768d7c9943,218.28,1,218.28,5.0,17.0,1,0,silver
04566771b8e5e584658f119956490385,59.28,1,59.28,1.0,12.0,1,0,bronze
0457229263e71157bd7cf568a56d5ec3,55.04,1,55.04,5.0,9.0,0,0,bronze
0457c7b5e5e3ee94c7f8763bd37cb072,72.24,1,72.24,1.0,,1,0,bronze
0461e1439177eb1bc814bc4d48dbd0bb,420.58,1,420.58,5.0,2.0,0,0,gold
0464159afca7dc384819dc5f0b3570e6,86.58,1,86.58,5.0,5.0,0,0,bronze
0470bf3136b0be2cd577ab2d42f718cd,48.21,1,48.21,3.0,12.0,1,0,bronze
0471a0535e61dc7ed1f3b023b82a88f0,428.47,1,428.47,5.0,9.0,1,0,gold
048a6567af76cdb111594400e03199fd,75.84,1,75.84,5.0,21.0,0,0,bronze
0495139fd27c13934537d6a3b690cdcf,191.75,1,191.75,5.0,4.0,1,0,silver
04964ca17488b76124c740071931f90c,58.37,1,58.37,5.0,4.0,0,0,bronze
049ac10f22b18d0a463429e2dfbbb353,27.68,1,27.68,,7.0,0,0,bronze
04a62672e4bb912cfbe3d049b453f9d0,64.07,1,64.07,5.0,6.0,0,0,bronze
04a710ba27c70647fb2a4ffc6fe48e43,77.57,1,77.57,5.0,13.0,0,0,bronze
04ae551b5f47d2ad463a30d96c15ca7f,227.38,1,227.38,3.0,21.0,1,0,silver
04aedd3815fd63024eeb9d426a857d55,30.23,1,30.23,5.0,13.0,0,0,bronze
04b090bfb11c279aeffeec7b476aaa2c,103.37,1,103.37,5.0,7.0,1,0,silver
04b3b974dfe285ac9f2eb96a6a9cbb9c,504.3,1,504.3,3.0,5.0,1,0,gold
04b591095aa3118bcae593d38d3bff9e,163.24,1,163.24,1.0,28.0,1,0,silver
04b6b856b16a682a6906b6ff778f7479,43.0,1,43.0,5.0,13.0,0,0,bronze
04badcbeea122a16bcab6bd3d47bf166,94.4,1,94.4,5.0,7.0,0,0,bronze
04c0fef9b7d165360bad6e3385e48125,77.32,1,77.32,5.0,11.0,0,0,bronze
04c30572288c174afe55fdf8cebce643,279.7,1,279.7,2.0,7.0,0,0,silver
04c3799d1da502e6977882da307f39bd,194.3,1,194.3,3.0,13.0,1,0,silver
04c504443b45059127d2246e15d8da61,116.94,1,116.94,5.0,19.0,1,0,silver
04d5d81451e0a6378b103c143688ae23,82.33,1,82.33,4.0,4.0,0,0,bronze
04e71831b906c43176ebaa4ef69301f4,70.89,1,70.89,4.0,6.0,0,0,bronze
04efac4a29eec2c5662b65e87291ec38,598.15,1,598.15,4.0,9.0,1,0,gold
04effeb71dfa28a5096368addc3994be,172.52,1,172.52,3.0,8.0,1,0,silver
04f158a79b9d85dafce892b097226c36,39.81,1,39.81,5.0,11.0,1,0,bronze
04f466d6234a805ba36301c1d054b343,209.97,1,209.97,2.0,7.0,0,0,silver
04f6eb99852a2a911082d4e8f3a882f6,94.12,1,94.12,3.0,,0,0,bronze
04faabcdbf48e775bc5e313369bc15bc,142.01,1,142.01,5.0,3.0,1,0,silver
04fdd3ae5325927df81c7344d504a884,214.14,1,214.14,4.0,26.0,0,0,silver
04fef02b944a43b65db43c0f8c971253,118.66,1,118.66,5.0,28.0,0,0,silver
04ff08a6fc4cc4a9704ec3c21a89755c,40.85,1,40.85,5.0,10.0,0,0,bronze
0501840168467a2d31102cf755e6ebcb,96.98,1,96.98,3.0,10.0,0,0,bronze
05042944408edc1795465efe58536e4a,178.25,1,178.25,4.0,19.0,1,0,silver
0507295d1e325fff6a062f91206d5efb,136.97,1,136.97,5.0,11.0,0,0,silver
05080e528ffd17731221b7eb05e9c026,68.13,1,68.13,5.0,4.0,1,0,bronze
050b06cf630edd6254091a964ad8880b,27.77,1,27.77,5.0,8.0,0,0,bronze
05102edcc74b484b058bf555a410a2b1,250.87,1,250.87,5.0,9.0,0,0,silver
0512ef7a58b99718b43889612e947bce,77.57,1,77.57,5.0,12.0,0,0,bronze
052341d8ac30e9cc98f1742b177639b0,53.99,1,53.99,5.0,9.0,0,0,bronze
052d4634ac690295837dfa224bf7cae9,22.7,1,22.7,4.0,7.0,0,0,bronze
053512da48b81050b5422b1c48d44c65,94.84,1,94.84,5.0,15.0,1,0,bronze
05378bc3a8e9dd6da066418c0e156a0c,77.66,1,77.66,1.0,,0,0,bronze
05395d5194f09d9fbd21d2215faaef08,68.12,1,68.12,4.0,20.0,0,0,bronze
053e68c25ace8722da8c06b60e4fa769,67.03,1,67.03,3.0,16.0,0,0,bronze
054151a8eed2b75f007d3be0957fd5ed,73.77999999999999,1,73.77999999999999,5.0,5.0,1,0,bronze
054a0e55182507d21177a99a2965911b,171.87,1,171.87,1.0,8.0,1,0,silver
0550075d442dc3ba0369e9e034795a7e,185.55,1,185.55,5.0,14.0,1,0,silver
05701e8cd8fe331cc9b4262af27d7ee3,72.71,1,72.71,3.0,13.0,1,0,bronze
0573d0e58acad0252c134f6f8b5e20ec,164.31,1,164.31,5.0,8.0,0,0,silver
057f54779f0908b7b0c72501aee70bcc,265.55,1,265.55,2.0,24.0,0,0,silver
05805184af39a1de60d6f00eca676a86,222.48,1,222.48,5.0,8.0,1,0,silver
0581ef72dbfe4bfd10751730ead20e1b,168.78,1,168.78,5.0,18.0,1,0,silver
0585e62fb157dcf017fb8be5d6569d51,67.29,1,67.29,4.0,15.0,0,0,bronze
05888a33939ad06881d380349c0d0b1c,57.23,1,57.23,5.0,6.0,0,0,bronze
058b604a0df6b29f03c540de254b197f,93.32,1,93.32,5.0,10.0,1,0,bronze
059651e2ae17025bfe1e9aee451c94d3,103.55,1,103.55,5.0,10.0,1,0,silver
0598dd4eaa6611265e192ffa2e8133aa,224.9,1,224.9,4.0,11.0,1,0,silver
05b0ef4db4b270f35b932bd7157fa44c,475.97,1,475.97,5.0,10.0,0,0,gold
05b18010a8a20bb7103a7c67b1b37800,180.85,1,180.85,5.0,11.0,0,0,silver
05b82760216e5ec78270c2eb12bee770,455.04,1,455.04,4.0,11.0,1,0,gold
05c2f0afd235cae744d0cd6c31d8813f,68.02,1,68.02,3.0,11.0,1,0,bronze
05c3866bb382cfcc6e71e0a826e52517,94.43,1,94.43,5.0,14.0,1,0,bronze
05d4a7799b1b99f40a6a679e24df86df,329.98,1,329.98,5.0,6.0,1,0,gold
05d6cbef1ece68d2e6252d0c1c7a79cf,106.34,1,106.34,4.0,25.0,0,0,silver
05da72f690ec2fc4d00529e6e5d9a677,87.97,1,87.97,4.0,5.0,0,0,bronze
05dc31852040e5e6837f220db434be1c,537.99,1,537.99,3.0,,1,0,gold
05ddcb65dcf77c362a1b60bdc5ef86e8,31.29,1,31.29,5.0,15.0,1,0,bronze
05e52c1f96f8b83dd66dcdce679ff58d,164.28,1,164.28,5.0,14.0,1,0,silver
05e8ff8236c9f7b774fbc76fa4e23763,58.22,1,58.22,5.0,23.0,0,0,bronze
05eb2fca0a8ccfee8c2cbe338bb5072c,68.62,1,68.62,2.0,19.0,1,0,bronze
05f69b5b3c4f3fff27e0fecfabfd1418,84.62,1,84.62,5.0,8.0,1,0,bronze
05fe98c073d657f481413609d094ab71,37.26,1,37.26,4.0,4.0,0,0,bronze
060bd06fe5f9303d3dc2c78a69afb684,95.01,1,95.01,5.0,4.0,1,0,bronze
060fb87bcb9f60275f3fc857b35be629,56.6,1,56.6,5.0,3.0,0,0,bronze
061165fb1124ef826ed9673358e41c5d,95.1,1,95.1,5.0,14.0,0,0,bronze
0621c2a5979d3e887ae519620cbe2926,304.2,1,304.2,1.0,10.0,0,0,gold
0621cda5f3ee9a2e6f3ae6ebb5fcdbe1,2564.65,1,2564.65,5.0,13.0,1,0,platinum
06220b4bd98044def9ac913508f523d8,63.12,1,63.12,5.0,5.0,0,0,bronze
063342fa545494715cc59f983598c546,107.82,1,107.82,5.0,4.0,1,0,silver
0634b53657c5b19176c731dab0fb45dd,68.6,1,68.6,5.0,12.0,0,0,bronze
0637b8b30ad31760ec80e9338b17fee8,180.31,1,180.31,,11.0,1,0,silver
063f44f27765471c1e374ba8f83396d9,29.22,1,29.22,5.0,5.0,1,0,bronze
063f4dda9bafdaa9438900f29fe9e0a3,143.89,1,143.89,5.0,7.0,0,0,silver
0648b4016d8661a8100de1dad7a7e12d,81.08,1,81.08,4.0,3.0,1,0,bronze
065102c8bb5cf4f308cd356e74343c2c,87.66,1,87.66,1.0,20.0,0,0,bronze
0655191062e3fe49b0f128131c62d1ae,73.56,1,73.56,5.0,17.0,1,0,bronze
0659f2d6cabae94afd4d009c6d0e07dc,459.14,1,459.14,1.0,,1,0,gold
0663999f33587a57ed5b648b7c569f77,68.62,1,68.62,5.0,13.0,0,0,bronze
0665dfc7cfced30881762973ab80a4a0,492.93,1,492.93,5.0,10.0,1,0,gold
06703931f8c021842382e00efa3aff5d,56.83,1,56.83,5.0,15.0,1,0,bronze
06791add1b4b5c8530f8090bb63bb2ab,54.1,1,54.1,4.0,10.0,0,0,bronze
067d22395c78dfe68b327a9444ea48f6,167.77,1,167.77,3.0,15.0,1,0,silver
06865568b85ea95b06ff48f94b1a5326,96.55,1,96.55,5.0,62.0,1,0,bronze
068b73f9995e1550291624093d1a2853,41.83,1,41.83,3.0,20.0,0,0,bronze
06944904bd31234a78668f4bb962817d,523.23,1,523.23,4.0,9.0,0,0,gold
0695109d8c6c82bacc86e47a6246c390,707.19,1,707.19,4.0,13.0,0,0,gold
069e47b09df9c9e04e44ccd5e639b92c,27.75,1,27.75,4.0,25.0,0,0,bronze
06a1e58ed33da661b8d9ea895f441633,231.34,1,231.34,5.0,14.0,0,0,silver
06a35cec0273b785b2b58eb349841fb2,138.06,1,138.06,3.0,10.0,1,0,silver
06b457298293c7aee65c8485874b26e6,35.77,1,35.77,5.0,6.0,0,0,bronze
06c5db39fbbb2349c91208f215c0fc5b,268.99,1,268.99,3.0,4.0,0,0,silver
06c89a84709896ed4e9cb838a4a84bc1,40.77,1,40.77,5.0,18.0,0,0,bronze
06cc851a9019233fc99c7e63cc22937c,37.77,1,37.77,5.0,8.0,0,0,bronze
06d1978fe33d7a00904c2145feb94fe9,151.02,1,151.02,5.0,2.0,1,0,silver
06dda07f22202fdc8b3387fa4722ca5d,90.26,1,90.26,5.0,23.0,0,0,bronze
06e5b19a892adcc1764e70024306e84a,70.78,1,70.78,5.0,1.0,1,0,bronze
06e6706cd5fc45a1157b970df4b88b4d,94.94,1,94.94,1.0,31.0,0,0,bronze
06e745bbbf3c1a18558ced1547ea819a,167.63,1,167.63,4.0,18.0,0,0,silver
06f660202926f97c1f4fda2b62b64d10,191.56,1,191.56,5.0,12.0,1,0,silver
06fc18bbd1fff86fb06b7d75b9b4e288,121.4,1,121.4,4.0,13.0,1,0,silver
070742717e9b0a917f0823213f3669b2,85.14,1,85.14,5.0,20.0,0,0,bronze
0707757dcd8c22ace18aec1fe28f97dd,175.77,1,175.77,2.0,23.0,0,0,silver
070faa17ae87e63c0cf50efe8287e913,114.44,1,114.44,4.0,15.0,1,0,silver
0710a39bc5775c4db1ec1b8a1acf84ec,75.19,1,75.19,4.0,8.0,1,0,bronze
0710da980c2d4111e333e5c74079c459,52.07,1,52.07,5.0,5.0,1,0,bronze
07121899dee7bf1c04a1b915d29515fa,28.09,1,28.09,5.0,5.0,0,0,bronze
07124ebbabe334f7b0cb2e7ec78bf00f,67.77,1,67.77,5.0,5.0,0,0,bronze
07187f9425311d0bd2a5451169bb8c3c,72.08,1,72.08,5.0,14.0,0,0,bronze
071aedb3d3ef5ad55666a3838230d3e7,75.08,1,75.08,5.0,7.0,0,0,bronze
07216c3351ab63d5087691e3324da3e2,486.24,1,486.24,3.0,8.0,0,0,gold
07224bcb76e1fe56487694f4b4f2b9da,33.51,1,33.51,4.0,8.0,0,0,bronze
0724959b2a54f37d4999e4cacf8b12ee,176.46,1,176.46,4.0,3.0,0,0,silver
0728fce1aebb2443c578ef04de0d2ea9,61.64,1,61.64,4.0,7.0,0,0,bronze
072945b21324f687f6cee9e0bfa82c52,80.1,1,80.1,5.0,10.0,0,0,bronze
072a81b5a11139d7781a0024a03a2cb4,77.57,1,77.57,3.0,18.0,0,0,bronze
072cc9345d7ecca7717f04e2a893191f,36.01,1,36.01,5.0,14.0,1,0,bronze
072e64d9eb05971a562327153e630f55,38.5,1,38.5,5.0,19.0,0,0,bronze
072f8721de73173db4c120e6c6d40ee8,69.88,1,69.88,5.0,18.0,1,0,bronze
073037acc049d2be44730a7e39836046,74.56,1,74.56,4.0,4.0,0,0,bronze
07319cb936cc268eea2daabdc9db0c83,118.26,1,118.26,5.0,12.0,1,0,silver
07319d7b7677470c57d132ed034858ec,85.8,1,85.8,,10.0,0,0,bronze
07395d6e7fd36ef9c2c1c7fc2f0a2bf0,94.12,1,94.12,5.0,11.0,0,0,bronze
073f5b5e594a5dc257fe9592e981f2bb,114.48,1,114.48,5.0,2.0,0,0,silver
0740a75b566002a3d0c0f6c984f85d58,36.36,1,36.36,5.0,2.0,1,0,bronze
07435003bc81c33bafdfeace4faf1dc1,45.23,1,45.23,4.0,3.0,0,0,bronze
075bd6bbcb5b72fdf182f59e501add75,87.64,1,87.64,3.0,,0,0,bronze
075f9dd6470835295f76e7f15b791e82,125.42,1,125.42,5.0,24.0,0,0,silver
0762d037793f0578e493822df96bf9a3,101.64,1,101.64,5.0,6.0,1,0,silver
076cc5590b538813b25e5cc61bd35530,142.9,1,142.9,4.0,10.0,1,0,silver
0773077998461cbbc47cf9ba3fd49000,122.5,1,122.5,4.0,4.0,1,0,silver
077a370284eea3452bb0ff82082da8f8,73.13,1,73.13,5.0,14.0,0,0,bronze
077c3df601847549b013bfa66198fd22,91.16,1,91.16,5.0,5.0,1,0,bronze
077cec3a8add5e7309581702eafc6c48,202.0,1,202.0,1.0,24.0,1,0,silver
078a7bec0d555a5c45b4757d1e55a163,79.47,1,79.47,4.0,2.0,1,0,bronze
078f7e669cebf2fb640d0ad0dabb3068,33.72,1,33.72,4.0,6.0,1,0,bronze
07956f7094f471deeac069594a73c44c,661.26,1,661.26,5.0,6.0,1,0,gold
079b59c6bbf13d2edc1d1420b37243db,150.29,1,150.29,5.0,3.0,1,0,silver
07a31edf9fd39f97a58be4814a604c0b,163.44,1,163.44,5.0,7.0,1,0,silver
07abcea6f64399366559afee336a7fd2,63.66,1,63.66,5.0,13.0,1,0,bronze
07b9a37d717b53a556e7c27669dfab57,143.65,1,143.65,4.0,15.0,1,0,silver
07bad5b1e0e91c68a35bc7efc680f909,115.43,1,115.43,4.0,12.0,0,0,silver
07bbb36baa13f6585ecfdb75cc635528,118.7,1,118.7,5.0,11.0,1,0,silver
07bd3d18ecba2420a8934b34a26f157a,104.86,1,104.86,1.0,22.0,1,0,silver
07bfea3f3c0a8a0a5cbd4a78de5ad3f0,176.65,1,176.65,5.0,16.0,0,0,silver
07c8fde388fee352835f27b3ef13ff12,70.73,1,70.73,5.0,9.0,0,0,bronze
07c9259c1afcbd1f6b416d9985782083,1347.96,1,1347.96,5.0,12.0,1,0,platinum
07f69e8f6c44439c7ec11491c8da9397,84.1,1,84.1,2.0,33.0,0,0,bronze
07f86fccef0c7a352cc0d552eba79a71,101.07,1,101.07,5.0,20.0,0,0,silver
07ff81a9676efa0286ddd3f09e7c0063,236.04,1,236.04,1.0,11.0,0,0,silver
0802a1a217680f13264a70ddb7220823,96.35,1,96.35,5.0,9.0,0,0,bronze
080758a20753e774932dab878d0d5218,142.54,1,142.54,5.0,7.0,0,0,silver
080789200483d84e2e71d57d820c3ac0,235.9,1,235.9,5.0,28.0,1,0,silver
080acede34dc0ae044967011924a273a,168.95,1,168.95,5.0,6.0,1,0,silver
080da170b6d87c6c6e261c68e1673320,621.29,1,621.29,4.0,7.0,1,0,gold
081affba07da7870a82f39adbaa0b5d0,180.16,1,180.16,5.0,20.0,1,0,silver
081db5695359e3bcd5b781ff97dd60b4,107.53,1,107.53,1.0,25.0,1,0,silver
08251ea189c6265f214a279513a8225c,74.05,1,74.05,1.0,15.0,0,0,bronze
0825f342da6a33d48c89202d11ef61f7,138.64,1,138.64,5.0,6.0,0,0,silver
0826903a6a737359850f7bae93f6cb4e,70.02,1,70.02,4.0,21.0,0,0,bronze
082d6b71dce3485197b2204a0462acff,60.63,1,60.63,5.0,10.0,1,0,bronze
0833dc3f1192d82bbfdad52de141bb90,224.8,1,224.8,4.0,7.0,1,0,silver
08356b77e4dd0fa07cfadac1a45eaec7,673.2,1,673.2,4.0,14.0,1,0,gold
083e14981d81da62df32871d3c1eaab4,1071.1,1,1071.1,1.0,25.0,1,0,platinum
0845d810b482f4d469d3c88380f4a7d5,595.49,1,595.49,3.0,20.0,1,0,gold
084b52bfe7638733e0c99f8139ea3924,124.35,1,124.35,5.0,9.0,0,0,silver
085033608b541063e51eccbfe96dec31,413.3,1,413.3,4.0,11.0,0,0,gold
0856d049bb504667a1a2c34d75af0061,45.0,1,45.0,5.0,12.0,0,0,bronze
0858c8086ef3b4bc86fef82638bcfa52,280.65,1,280.65,1.0,,1,0,silver
085a8954d39a215f3f222a9e9c72507b,244.22,1,244.22,5.0,7.0,0,0,silver
08642cd329066fe11ec63293f714f2f8,191.46,1,191.46,2.0,,0,0,silver
0869556a74c1037d07dce30201d21d91,130.2,1,130.2,5.0,6.0,1,0,silver
086a1331b5f75cf51610065e3ae36425,75.36,1,75.36,5.0,2.0,1,0,bronze
086ae7aa99407688bc56960febc3233b,102.37,1,102.37,5.0,4.0,1,0,silver
08757efd409ffae44fa531f49b144b2c,97.19,1,97.19,5.0,11.0,0,0,bronze
0876a5ca1dc1c5800e5c017cb2d94ce7,446.82,1,446.82,5.0,4.0,1,0,gold
087a52a100e1563c3086c0bd2e0542ee,139.98,1,139.98,5.0,23.0,1,0,silver
0885697bf4809cb17c520fb4075ca3cc,187.38,1,187.38,4.0,7.0,0,0,silver
08857f0c2773c0834c299cecba198500,135.49,1,135.49,3.0,23.0,1,0,silver
08a14d6f05e910296326bdfd02e0da04,382.62,1,382.62,5.0,1.0,1,0,gold
08a1c6b42a93c9e79a4405e0660fbe79,116.26,1,116.26,5.0,23.0,1,0,silver
08a96b9b64a5af2b5918c4012c0d92d6,157.3,1,157.3,4.0,5.0,1,0,silver
08b0b8222f06e9807749fafdabfd2e38,201.15,1,201.15,5.0,11.0,0,0,silver
08bc1c085458de2b392e8fc83c629775,56.01,1,56.01,5.0,12.0,1,0,bronze
08bdc46497e4aacf80a1ea0aaf9b3dfe,244.5,1,244.5,5.0,4.0,1,0,silver
08d2b18f8862714c1dfc52561a8dae27,111.85,1,111.85,3.0,11.0,0,0,silver
08ddc0df5b096f928637e6622dc1af6b,104.21,1,104.21,3.0,16.0,1,0,silver
08df07ff6574d51d83d540a3b3e17aa1,148.06,1,148.06,5.0,10.0,1,0,silver
08e9efd97973878416e24dfa610bc8af,534.1,1,534.1,5.0,7.0,0,0,gold
08ee228ac0904cda30a9369de7d1dd4e,101.17,1,101.17,5.0,4.0,0,0,silver
08f079395a188f5d5b175588fd8d420c,65.43,1,65.43,3.0,14.0,0,0,bronze
08f11e1b986859c043eb3e658663f116,105.6,1,105.6,4.0,8.0,0,0,silver
08f77862a18100d978ece3564a80366d,317.04,1,317.04,5.0,12.0,0,0,gold
08fbcc1dee82c31badc83a638aa345e8,292.47,1,292.47,5.0,13.0,1,0,silver
0902b91d17bd2b9675664f8a4d6565c6,127.41,1,127.41,1.0,,1,0,silver
090380f6e486f385ae5cbb6a2354d014,67.86,1,67.86,5.0,4.0,0,0,bronze
0909c8582df282c1aaea66bd9dc80fd0,29.02,1,29.02,5.0,9.0,0,0,bronze
0910b91559b33125f87c2a002d088bb5,553.72,1,553.72,5.0,6.0,0,0,gold
09113dbaaec44b2476caabc25f9f01c2,436.69,1,436.69,5.0,18.0,1,0,gold
091a9495963cef2bbb8d614c9a03721b,219.98,1,219.98,1.0,21.0,1,0,silver
091afd743e817cf8c0be2cb5a4e5271e,513.9,1,513.9,5.0,18.0,0,0,gold
091ca53d5f3012d1e4e6c940b313b1e2,368.6,1,368.6,5.0,9.0,1,0,gold
091e1631c6f743420398dd62ec58faa4,105.08,1,105.08,5.0,6.0,0,0,silver
0927468f5b9af266432a47173a7f8209,49.72,1,49.72,5.0,2.0,0,0,bronze
0929f902636077fa881e2a3c8e1aae38,89.36,1,89.36,1.0,22.0,0,0,bronze
092c26cc34bcee8f7c16cc1cf3c55c1c,64.82,1,64.82,5.0,11.0,1,0,bronze
092d165591b4af3d4c33e02f99f6e070,62.23,1,62.23,5.0,12.0,1,0,bronze
0932d84be1bb7b48cc56d8029b817271,49.45,1,49.45,5.0,11.0,1,0,bronze
0933b4e8c35afe40e5d434a897cfed9d,106.16,1,106.16,3.0,9.0,0,0,silver
0946262550402fc07495e24ad9f252f2,131.17,1,131.17,,9.0,1,0,silver
094fcfe0ec6573b6f2d4146dabaf8d1a,119.39,1,119.39,5.0,9.0,0,0,silver
096b89eac72217a0dae8da7aea54c00b,145.65,1,145.65,5.0,7.0,0,0,silver
096e351116755fe4c3c1e48eaf301a41,217.49,2,108.745,4.75,6.5,0,1,silver
097c970d4d48da9a92847e353c8f1686,88.08,1,88.08,4.0,8.0,0,0,bronze
099828af4ddebb23312fea28facb14c2,108.88,1,108.88,4.0,5.0,0,0,silver
099d8e01dfb37c541cd65b12ee03ff10,16.78,1,16.78,5.0,4.0,0,0,bronze
09bb61988a8164c739bdfde213577ed7,37.72,1,37.72,5.0,5.0,1,0,bronze
09caca3fd11f5b9681118b007d46f76b,100.96,1,100.96,5.0,12.0,1,0,silver
09cd73b13f103e47ce13675b4a4b36f3,150.16,1,150.16,5.0,15.0,0,0,silver
09ce774e4a770d324983a0de76dc3ff7,61.72,1,61.72,5.0,3.0,0,0,bronze
09d4fed6320030973607491be508c075,128.85,1,128.85,3.0,7.0,1,0,silver
09d7f104b8988cb8b209d8e190c491ee,520.77,1,520.77,1.0,,1,0,gold
09e359f12a226bb72603eef57008640a,73.83,1,73.83,1.0,19.0,1,0,bronze
09e3b78372517508280cb92962edb83e,47.29,1,47.29,5.0,7.0,0,0,bronze
09f0e1aef2fa8134f784f8097f154585,193.84,1,193.84,2.0,11.0,1,0,silver
09f3234bcb9df3668469a42d4f37c31f,136.37,1,136.37,5.0,13.0,0,0,silver
09f5446b5c627585a7fa0cd58b6af9bd,58.69,1,58.69,5.0,8.0,0,0,bronze
09f890c3ae1626f1044e52e1c8d3707a,51.16,1,51.16,5.0,3.0,0,0,bronze
09fcc57e55d6ad4410ba53c762304320,65.2,1,65.2,5.0,13.0,1,0,bronze
0a0a0dfb438e7ba3e91ec9579d9792b0,50.09,1,50.09,4.0,11.0,1,0,bronze
0a1285df9a05c8ef8de548b3e0b7725c,54.32,1,54.32,5.0,11.0,0,0,bronze
0a1d505323970813602fb0a7c50aa484,40.77,1,40.77,5.0,4.0,1,0,bronze
0a1f1271b54c7ae0e7b882602702b3f8,89.25,1,89.25,3.0,13.0,0,0,bronze
0a2147c78f47b0aef955bf25cfc27865,196.81,1,196.81,4.0,26.0,1,0,silver
0a2aa3b7c6edb8e0e089229ba19a285b,58.09,1,58.09,5.0,6.0,0,0,bronze
0a2b05c3d1a20898c3149697fdbc1034,27.3,1,27.3,1.0,22.0,0,0,bronze
0a2b658f48dd6b980011a226cf09494d,184.39,1,184.39,5.0,2.0,1,0,silver
0a2d50253b6e0f18cd0c7dba3b075378,400.1,1,400.1,4.0,4.0,1,0,gold
0a3181fec8b18045f33c46ab39d32318,143.93,1,143.93,3.0,7.0,1,0,silver
0a38322966d62df297e832d7db9a2d9c,338.88,1,338.88,5.0,10.0,1,0,gold
0a393639a9f1e2504c5509eef49cbebd,449.43,1,449.43,4.0,8.0,1,0,gold
0a3ce7e05075260fafbc5949285296e3,45.31,1,45.31,4.0,13.0,0,0,bronze
0a3ce869b8386af24386cb035ce6f2e9,546.65,1,546.65,5.0,11.0,1,0,gold
0a4767440baf7c819f8ca5e4c6bd2535,55.1,1,55.1,5.0,7.0,0,0,bronze
0a510d783e7645bb4b031113c62e2064,21.04,1,21.04,5.0,3.0,0,0,bronze
0a5ad6b5696005122624494ab36507d5,82.9,1,82.9,5.0,10.0,0,0,bronze
0a63115120c13600b31c4ff2c5ccb504,170.94,1,170.94,5.0,19.0,1,0,silver
0a677b0577559ca6c6ce9b4c97fba7d0,105.01,1,105.01,1.0,34.0,1,0,silver
0a6f34aa51fd18d116edfb8798793eb3,205.99,1,205.99,4.0,12.0,1,0,silver
0a74d329fbcb0192ada7aca229a4163f,65.09,1,65.09,5.0,7.0,1,0,bronze
0a7c72fec6e7d7917460e5a26f09dce9,49.64,1,49.64,4.0,7.0,0,0,bronze
0a81c56b387e196c58e1144b858d1324,205.5,1,205.5,5.0,8.0,1,0,silver
0a8b3d8908fd5d89afd05e074977a476,478.37,1,478.37,5.0,4.0,1,0,gold
0a8c1a60ccdf040e8ef6b5cebb8e6f3c,33.85,1,33.85,3.0,6.0,0,0,bronze
0a967bd086132c6daa8eadaa364c91a1,99.43,1,99.43,1.0,23.0,1,0,bronze
0a9c9aaa863ad9eca2a8c0d2f5d9f4ba,32.09,1,32.09,5.0,19.0,0,0,bronze
0aa18d91a45ffe9217122c0e4eaecbbc,55.86,1,55.86,5.0,8.0,0,0,bronze
0aabb3a7946ba3ddfae9b7be90dae1a7,138.32,1,138.32,4.0,20.0,0,0,silver
0ab28e76f94077e32d4c3b1517924841,31.75,1,31.75,5.0,15.0,1,0,bronze
0ab747aabaf607069aeb7ed48d97d1f9,74.35,1,74.35,4.0,21.0,1,0,bronze
0aba2f717e52db1ea90e281ad9b4d5a9,62.15,1,62.15,4.0,7.0,0,0,bronze
0abee71cd257861a0944e2a81cea4a50,23.42,1,23.42,5.0,12.0,0,0,bronze
0aca54eb7e0e261cb6d9781fecaf6e9a,38.42,1,38.42,5.0,15.0,0,0,bronze
0adcdbee22c9d0fc237cba6f28ca71d1,124.52,1,124.52,4.0,7.0,0,0,silver
0adf3b0ad1b1b68561e64ab79e890c1b,61.13,1,61.13,1.0,29.0,1,0,bronze
0ae22802e24c51cad6288c838effa0e0,66.14,1,66.14,5.0,2.0,0,0,bronze
0ae9645d954f0b8147008e5eba0d0120,63.88,1,63.88,4.0,13.0,0,0,bronze
0aec306f43141711316ba69b425d7016,83.41,1,83.41,5.0,7.0,1,0,bronze
0af92d2ac166e21f4c91e660504a5d47,65.74,1,65.74,5.0,13.0,1,0,bronze
0afbb1db4938251436ec902d3e3b4c91,81.95,1,81.95,1.0,3.0,1,0,bronze
0afda703a26e922406236b41a54ed08b,256.22,1,256.22,5.0,22.0,1,0,silver
0afe0d25827d743170ee9033404709d4,85.62,1,85.62,5.0,12.0,0,0,bronze
0aff838d826afd9c11d8d35f114c0505,153.32,1,153.32,1.0,38.0,1,0,silver
0b0548476f92f8e3f71718784ad32aed,21.77,1,21.77,3.0,5.0,0,0,bronze
0b07e29600ede6dbcd69d91fc2017678,110.02,1,110.02,5.0,21.0,0,0,silver
0b08d01a339342b612080ef1cb877fd6,103.69,1,103.69,5.0,6.0,0,0,silver
0b10c1c24ada0c4b1e879dd8d6db02fd,62.38,1,62.38,,5.0,1,0,bronze
0b1c86a79abe371c3e6304dcf78cc448,20.75,1,20.75,4.0,6.0,0,0,bronze
0b245ab8c277769fc9517581dd0aef36,171.74,1,171.74,5.0,14.0,1,0,silver
0b253be9da605679d20fa8583851d80d,130.47,1,130.47,4.0,10.0,1,0,silver
0b30ccafbd520906e5be3e08f12d3b17,75.08,1,75.08,3.0,22.0,1,0,bronze
0b366bcd927bbe310de8ea00f1cf5bbf,118.74,1,118.74,5.0,4.0,1,0,silver
0b388905f710fa603f635906bc9afacf,108.21,1,108.21,5.0,10.0,0,0,silver
0b3a6b783d6625857a9137094715cf5e,52.38,1,52.38,5.0,5.0,0,0,bronze
0b3dc7efaafb0cf78a4796d42fa8d74c,263.93,1,263.93,5.0,27.0,1,0,silver
0b40c5fdca0a59513655cfefc311aba5,83.89,1,83.89,2.0,16.0,0,0,bronze
0b4a0719cfa52fe0f2de1fe8c10fa0b5,227.93,1,227.93,5.0,14.0,1,0,silver
0b4d732ce0d9fae6a22b9971f74a2149,116.26,1,116.26,1.0,24.0,1,0,silver
0b4d8b4f642b4d75f17d530a7a4bdf5c,58.88,1,58.88,1.0,19.0,1,0,bronze
0b516f76aa9396c53be2527ceb5479aa,166.35,1,166.35,5.0,3.0,1,0,silver
0b5441ba8ca3c9edd474fde7f2b31eeb,101.38,1,101.38,5.0,11.0,1,0,silver
0b5da348e71b60d46741d90a45a8bc10,501.72,1,501.72,1.0,9.0,1,0,gold
0b62bb597b77ab1ecc1da8d6cbc95b63,49.68,1,49.68,3.0,14.0,1,0,bronze
0b6a5f567c6dcb244c89c7ed1e1dc76f,40.52,1,40.52,5.0,17.0,1,0,bronze
0b6d4f036c07e10854affe43fc4e718c,33.57,1,33.57,5.0,4.0,0,0,bronze
0b6fd62cf64dcca5a883c0d159a90e9d,437.26,1,437.26,5.0,17.0,1,0,gold
0b6fd6a869a0b5cba9a4b8092ebdf78d,107.85,1,107.85,3.0,14.0,0,0,silver
0b7604941dd811e84ae22ca3b90a49ff,714.35,1,714.35,5.0,8.0,0,0,gold
0b7a92bbb834394fd894c370ba568278,176.5,1,176.5,3.0,5.0,1,0,silver
0b7a9c1b92b0837bca4a9af1cee6131a,190.86,1,190.86,5.0,10.0,1,0,silver
0b7f480f228824abfe36ca5013d85891,283.32,1,283.32,5.0,12.0,1,0,silver
0b967b2aee0bfd5e38d020413e818886,44.24,1,44.24,5.0,4.0,0,0,bronze
0ba0cdb0f7ad9f992ac4bc9c8e0f5e2d,120.09,1,120.09,5.0,9.0,0,0,silver
0bbb42a9ca8179ccfce14a11d2afe6de,25.0,1,25.0,5.0,12.0,0,0,bronze
0bc1ac923590afca3452e6a9507efe09,116.36,1,116.36,5.0,4.0,1,0,silver
0bc2fef7a4094dd837ae0cf47022504b,34.84,1,34.84,5.0,8.0,0,0,bronze
0bcb0137639d8010c5fc562d96b4af3c,109.55,1,109.55,5.0,7.0,1,0,silver
0bcb3e81d072ed713829e94af9cf157f,24.17,1,24.17,5.0,2.0,1,0,bronze
0bd56a5b9bc807a333db5dc0602861ba,72.67,1,72.67,5.0,8.0,0,0,bronze
0be23e2afd5c5d9a1c2ef6b033e2b17c,56.5,1,56.5,3.0,14.0,0,0,bronze
0be989c5c3e718cb51cc008ed3bac0ea,50.73,1,50.73,5.0,12.0,0,0,bronze
0beb1b192f2d5650c944db52840677f9,100.44,1,100.44,1.0,8.0,0,0,silver
0bf1278577a2acf8532a031d98cd517c,76.66,1,76.66,4.0,21.0,1,0,bronze
0c09709c3cf4c08292c1ad41add80684,58.46,1,58.46,5.0,6.0,0,0,bronze
0c1201c04330536234aaa49b396745d4,255.7,1,255.7,3.0,4.0,1,0,silver
0c136ce7164e9351a4dc6686edd52c19,55.57,1,55.57,4.0,11.0,0,0,bronze
0c1f32fd8d0c02898f99e6983689fe44,158.8,1,158.8,5.0,14.0,1,0,silver
0c2018c190ac0a6c5a02c0bcbfaf2129,204.52,1,204.52,2.0,11.0,1,0,silver
0c23da40b4773ccbc9ed97a9d74ddd0f,140.75,1,140.75,5.0,11.0,1,0,silver
0c36894e9ca2d9547bba676fdc0ecde0,63.88,1,63.88,2.0,6.0,1,0,bronze
0c39970502d35f74161699d314799a15,118.84,1,118.84,5.0,8.0,1,0,silver
0c3a1c1585e96999bdaf83732d1fe234,104.94,1,104.94,5.0,21.0,1,0,silver
0c4cd30defdfe37fc9d50089c553f2e5,57.84,1,57.84,5.0,3.0,1,0,bronze
0c4d5f349e9b28aaac6257e91f58c170,51.77,1,51.77,5.0,8.0,0,0,bronze
0c618ee573ab459ddc7e629c63f42b9d,65.0,1,65.0,5.0,26.0,0,0,bronze
0c6222b2461f93cae8121213eb330bae,189.37,1,189.37,5.0,18.0,0,0,silver
0c6d7218d5f3fa14514fd29865269993,178.25,1,178.25,5.0,1.0,0,0,silver
0c6ea2a59dd585779e9b25d3df3ed41b,34.53,1,34.53,,,0,0,bronze
0c708d5fbbf9563f4c7096f97961f05c,49.09,1,49.09,5.0,17.0,0,0,bronze
0c755a283d5e37c2f0509c7964c4278d,113.53,1,113.53,5.0,4.0,0,0,silver
0c767a3f86f2bf9b04ae4960fec401e4,112.3,1,112.3,4.0,3.0,1,0,silver
0c7a69361db0dee0ed39da8c6f786365,57.98,1,57.98,3.0,12.0,1,0,bronze
0c7d571c947a548acd97297248692caf,88.55,1,88.55,5.0,6.0,1,0,bronze
0c8380471a9d99923688423792afed4e,161.12,1,161.12,3.0,5.0,0,0,silver
0c87588b9dd67f28843422011075f492,88.45,1,88.45,5.0,5.0,1,0,bronze
0c8761c28faa9b9930e4a9bb545905da,21.38,1,21.38,5.0,3.0,0,0,bronze
0c8ac932c65f67489929f9164a86606d,84.75,1,84.75,5.0,5.0,1,0,bronze
0c9370f31e3bf20c068a9d9ada3ea903,63.33,1,63.33,5.0,10.0,0,0,bronze
0c9abfaffa0ae7587cebfdf0d680e3b7,40.1,1,40.1,4.0,14.0,0,0,bronze
0ca869e78e72a0b7626fd63364c5edaa,53.68,1,53.68,5.0,5.0,0,0,bronze
0cadff7d5cd315b0367ce51a17c41814,40.61,1,40.61,5.0,9.0,0,0,bronze
0cb8192b2182491f4658ebf98df402ff,75.48,1,75.48,4.0,5.0,0,0,bronze
0cc2ee1112a11a1094eff52fa2e87150,379.2,1,379.2,5.0,11.0,1,0,gold
0cc3c709dc8c752272aa5749d1013d26,111.41,1,111.41,4.0,22.0,0,0,silver
0cca74f303b77a6d54a3ba9160862d1c,57.37,1,57.37,5.0,6.0,0,0,bronze
0ce5aea106c765c0d7baa950fa29544b,113.31,1,113.31,4.0,5.0,1,0,silver
0ce61ff4ddda668678273aa790672dce,153.1,1,153.1,5.0,25.0,0,0,silver
0ce698163308182b6b1e9c03af6839ff,351.36,1,351.36,3.0,2.0,1,0,gold
0ce90ebb62619ade569740d7d7e7d623,115.67,1,115.67,5.0,5.0,1,0,silver
0cf46588cd3f5a23002166b5a1945820,136.5,1,136.5,5.0,12.0,1,0,silver
0cfc652a8628cd8003a0ad08aabe1254,44.54,1,44.54,4.0,9.0,1,0,bronze
0cfc95fb80ed82d9b8e2820451c28be2,24.09,1,24.09,4.0,10.0,0,0,bronze
0d02eb399c6520fbf8f938611878578c,135.95,1,135.95,3.0,6.0,1,0,silver
0d0f7471391c3a72f18f22c34fc5187e,268.62,1,268.62,5.0,22.0,1,0,silver
0d153268371aa25450d4117ff070277e,594.38,1,594.38,2.0,7.0,1,0,gold
0d183f9cf60a81ec2f3410665329f4b3,284.9,1,284.9,5.0,1.0,0,0,silver
0d1e3b5d7d8a9adbbc15d4d64904e2c7,202.16,1,202.16,5.0,22.0,0,0,silver
0d24c60a1d3c8cc193d2a254c15cf6d9,76.98,1,76.98,5.0,28.0,0,0,bronze
0d27736889ec9fe9aee055fd301ae784,96.26,1,96.26,2.0,24.0,1,0,bronze
0d2c43fc7a79ce4b6893183be6c0952a,138.57,1,138.57,5.0,3.0,1,0,silver
0d2d2dc4e760037b354d794b53321cc8,37.38,1,37.38,5.0,5.0,1,0,bronze
0d2d8749c06ba6dbe3d76bea562594de,133.64,1,133.64,4.0,2.0,0,0,silver
0d2e24833b13e406f851f9b3f088f271,83.15,1,83.15,2.0,29.0,1,0,bronze
0d3670b39e22cd5272b0cee0bcbfd600,697.0,1,697.0,5.0,19.0,1,0,gold
0d3aa1250bc34f6b34f94684ba3832c9,63.17,1,63.17,3.0,19.0,0,0,bronze
0d3f9843bdd94c4310555468168ed318,48.21,1,48.21,5.0,8.0,0,0,bronze
0d5131c36597e631d28fa249f29cf447,35.42,1,35.42,5.0,5.0,0,0,bronze
0d51e1d665d652b294c5246222e8b716,155.14,1,155.14,1.0,14.0,1,0,silver
0d5486df079f25b7e13c0d6b771d6574,189.16,1,189.16,1.0,64.0,1,0,silver
0d5bb565f5c4f342681cc1bbaf817f5d,45.76,1,45.76,5.0,2.0,0,0,bronze
0d7aa07091b3e786159120634f396abd,105.54,1,105.54,5.0,10.0,1,0,silver
0d7bc569f058a3bf7d95f9842c611b11,139.62,1,139.62,5.0,2.0,1,0,silver
0d7e1762f076ac6a2329a1811cf302e6,132.56,1,132.56,5.0,5.0,1,0,silver
0d7e998ba088f22b4dde86e34d048549,88.83,1,88.83,5.0,2.0,0,0,bronze
0d8813732f25d4185df8c792dafe28c8,196.32,1,196.32,5.0,10.0,1,0,silver
0d8f0706c0d71cb8f6d957dad3023fc2,85.24000000000001,1,85.24000000000001,4.0,6.0,0,0,bronze
0d9532b1b41cbde24cff07c7b76a89e5,245.35,1,245.35,5.0,7.0,1,0,silver
0d997d092f93b5c58d0f9b4bd0643d16,83.62,1,83.62,5.0,6.0,1,0,bronze
0da1aa3ba96a0b5a3f29bb408cf07038,51.05,1,51.05,1.0,7.0,0,0,bronze
0dab841685c250499b36d81dbb570ab8,127.26,1,127.26,4.0,16.0,1,0,silver
0dba14cd2bbfa360822cb88608ad3be1,41.79,1,41.79,5.0,8.0,0,0,bronze
0dbc11931c115ad195729066a817c54e,164.78,1,164.78,5.0,16.0,1,0,silver
0dbd8ab8acc3621736020f69c5b9bc72,41.86,1,41.86,5.0,2.0,0,0,bronze
0dd40ed947e3bfce516044118429afb0,231.55,1,231.55,5.0,56.0,1,0,silver
0dd971dd4cd409105778aefba5f7fb38,246.26,1,246.26,5.0,23.0,1,0,silver
0dde4f121445745b6d05665e42032a37,235.74,1,235.74,5.0,13.0,1,0,silver
0ddeaba213385f4f48ef55bdf2007d36,284.81,1,284.81,4.0,12.0,0,0,silver
0ddf38f60c280db72ffa78c5d9c1af90,147.45,1,147.45,5.0,11.0,1,0,silver
0de3c011dbe1b11ad0c433694c05be2c,145.56,1,145.56,1.0,16.0,1,0,silver
0deda029d1441fc004d8a5cb7bbfeea2,35.44,1,35.44,5.0,4.0,1,0,bronze
0dee900a30cc051f08b9220af99b5d2a,116.94,1,116.94,2.0,12.0,0,0,silver
0df829a42053ce2fe8f54971db6ce80a,187.43,1,187.43,1.0,41.0,1,0,silver
0e118f769d320e71128975be6fb1fcc0,237.54,1,237.54,5.0,11.0,1,0,silver
0e160b9e089dade9621eacc6bca590d6,135.54,1,135.54,4.0,7.0,1,0,silver
0e1a29e5ec2a8b40b08f40c187d6add9,126.37,1,126.37,5.0,8.0,0,0,silver
0e3594743b2402c83a17cdb600cb82cd,256.67,1,256.67,5.0,11.0,1,0,silver
0e3e01275a3d617393b91e4c1029e3dc,77.57,1,77.57,5.0,13.0,0,0,bronze
0e4cb268bd62da7db135af6349b4fc2a,120.77,1,120.77,5.0,9.0,0,0,silver
0e4d012fac3d20c033e0284fb6d2ea6a,98.67,1,98.67,5.0,6.0,1,0,bronze
0e50cbdd5d63d23949fe524dd4a7fbbd,50.78,1,50.78,5.0,8.0,0,0,bronze
0e5143ee2eedccb05e2665154c4dca30,707.16,1,707.16,4.0,8.0,0,0,gold
0e5df83aedc480494121a423e443bde6,67.3,1,67.3,4.0,9.0,0,0,bronze
0e627c648d467c22ca73b5e9c4040167,81.48,1,81.48,1.0,,0,0,bronze
0e654cd2ff0c4694a184cf1ebfc0fcd2,203.04,1,203.04,4.0,14.0,1,0,silver
0e89380610546ea4278427f16f0412e3,92.14,1,92.14,5.0,9.0,0,0,bronze
0e8a143471b03abf182926e26af07e7a,73.34,1,73.34,5.0,11.0,0,0,bronze
0e8fd0a7c045c5ef834a20b373deed77,126.2,1,126.2,4.0,18.0,0,0,silver
0e9e5727d2dcc830042102e53601b1b2,66.66,1,66.66,4.0,1.0,0,0,bronze
0ea72bc8d992598af459f73c9969837d,27.75,1,27.75,5.0,12.0,0,0,bronze
0eaff0480bd972db84cf247671da4130,214.01,1,214.01,3.0,5.0,1,0,silver
0eb05d144016b81ff1ab9ebb6260234c,379.71,1,379.71,5.0,20.0,1,0,gold
0eb8fc3d7874dbda89ec5baacdbff18c,337.62,1,337.62,5.0,13.0,1,0,gold
0ecb51b125ed09b06d5b5f2ef2df4dfd,127.74,1,127.74,4.0,5.0,1,0,silver
0ecb7751a7060a4fa039126fd7c30323,63.27,1,63.27,5.0,13.0,1,0,bronze
0edd1ca451a7eba6600829962d4a3699,45.69,1,45.69,5.0,5.0,0,0,bronze
0ee2e2a6e5a1353835454ca2df8d1d54,45.36,1,45.36,5.0,4.0,0,0,bronze
0ee3a7ab8c5cb2a891dc602ba71c976b,163.25,1,163.25,3.0,15.0,1,0,silver
0ee57f62666561b72f2ceacad0230cbf,259.84,1,259.84,5.0,2.0,0,0,silver
0ee8ed214b25bad6bc78f74f1ced10f5,111.89,1,111.89,5.0,4.0,1,0,silver
0f04a72a4b5d5889a83916f2342c9123,56.86,1,56.86,3.0,5.0,1,0,bronze
0f05d6d0d0c3615282b4d894b50402c5,33.34,1,33.34,5.0,12.0,1,0,bronze
0f0bf5903614594ea042384fa3c86770,34.23,1,34.23,4.0,8.0,0,0,bronze
0f0e48a91c9c285404572b095bcb373c,125.15,1,125.15,4.0,20.0,1,0,silver
0f0e92fe8525b178d019f3b88af077f4,58.69,1,58.69,5.0,11.0,0,0,bronze
0f1190ffa87d71271b42b9df8245258f,144.0,1,144.0,1.0,,1,0,silver
0f200cf4334781439c43f0fc4dcbd7f0,153.9,1,153.9,4.0,6.0,1,0,silver
0f26a77f8de836d7c44b4694e0fa3ea4,76.74,1,76.74,4.0,6.0,1,0,bronze
0f29414436403323e105468780f68fd5,42.29,1,42.29,5.0,2.0,0,0,bronze
0f2bf926e0f3cdc9092f3388063eec2e,112.95,1,112.95,4.0,8.0,1,0,silver
0f2e0b4dd28e255a8ae9f056a4b7bb06,153.9,1,153.9,5.0,2.0,1,0,silver
0f370859ed2f5e5c3a26afe5fbad885f,251.07,1,251.07,5.0,6.0,1,0,silver
0f44822c80280c12644721cfc2c5ee58,285.58,1,285.58,5.0,7.0,1,0,silver
0f4fa7085026f7954741aed96a172814,102.56,1,102.56,4.0,17.0,1,0,silver
0f524b9f56efaf32d066ef999d95840e,306.16,1,306.16,4.0,9.0,1,0,gold
0f5a5218812ded0d641b87f580c47ca9,212.86,1,212.86,5.0,11.0,0,0,silver
0f5e2b309f99962302bb03e95d0f4b7b,69.71,1,69.71,4.0,3.0,0,0,bronze
0f5ec6314004c573c14b76ba84825d87,139.8,1,139.8,5.0,6.0,1,0,silver
0f64cafdb3e1e4806c99ff165305e27f,163.39,1,163.39,1.0,9.0,1,0,silver
0f694fd4f48c446b2c7d433a2fb9aaf3,107.27,1,107.27,5.0,7.0,0,0,silver
0f6e32b2c661f1d00553a1d7132c9db2,31.58,1,31.58,5.0,6.0,0,0,bronze
0f7af00e3ead3844a9b0f81369340ebb,59.96,1,59.96,4.0,16.0,0,0,bronze
0f8c883d261ebcd03a9b3a911ffef65d,158.13,1,158.13,1.0,,1,0,silver
0f959f179a3451d6c6bca46040b52b68,196.5,1,196.5,5.0,19.0,1,0,silver
0f9780cb909b6854a35a41fc1dd7abd2,288.46,1,288.46,1.0,9.0,0,0,silver
0f990bdf6dd514b25b665ba3707c615d,57.09,1,57.09,4.0,9.0,0,0,bronze
0f9cb6a331ae1dca4a525c568fea03a5,178.74,1,178.74,5.0,1.0,1,0,silver
0fa31a0880fa6aced72b677f0c661ccd,623.68,1,623.68,5.0,14.0,1,0,gold
0fa43f164a88bfd96f05ab1fcbeca41c,548.45,1,548.45,5.0,11.0,1,0,gold
0fa4a064989236797d08591a95b05311,76.66,1,76.66,5.0,13.0,1,0,bronze
0fafcdf86099987d7b3e0ebac9e8af2d,184.64,1,184.64,5.0,10.0,1,0,silver
0fb8e3eab2d3e79d92bb3fffbb97f188,73.86,1,73.86,5.0,15.0,0,0,bronze
0fb9128a2668effe2575de5eb9472aa2,135.72,1,135.72,5.0,8.0,0,0,silver
0fbfb9928eb757ee544880200d21f3f1,249.08,1,249.08,3.0,44.0,0,0,silver
0fc00f0fecdb2871823506041647306e,57.77,1,57.77,5.0,6.0,0,0,bronze
0fc594155e889688ea4477afcd26a134,210.39,1,210.39,5.0,13.0,0,0,silver
0fd239a62abbc756c7fa6c170025d273,58.7,1,58.7,3.0,7.0,0,0,bronze
0fd81214aae681cdeafe347dba9bdaed,161.86,1,161.86,5.0,14.0,0,0,silver
0fdec6c625ebd21f4304696b1dd3b37f,31.33,1,31.33,4.0,1.0,0,0,bronze
0fe9114129c81c945c319dc5af0ed961,1322.97,1,1322.97,3.0,20.0,1,0,platinum
0fee4adcd47e19eb91c84f2449500247,53.9,1,53.9,5.0,3.0,0,0,bronze
0ff3f5bb38b0513fc6e34b3f41a45b1a,329.49,1,329.49,,10.0,0,0,gold
0ffc908947e1f0c9f17647058b9a58c2,233.81,1,233.81,5.0,11.0,0,0,silver
0ffff36c012096ead36aa8fe815337d4,101.71,1,101.71,5.0,15.0,0,0,silver
1008b3f31c6a196efdfc4c1300b72ffb,72.14,1,72.14,3.0,7.0,1,0,bronze
10173afeb5a938917553c2cbdabf238a,166.11,1,166.11,5.0,5.0,1,0,silver
101c4f3a8d05e210924b56609b8497af,638.55,1,638.55,5.0,4.0,1,0,gold
101e0b7303b708b2499c34ae43e3793b,59.01,1,59.01,5.0,9.0,1,0,bronze
102da970e022898310b5658dfe6932cb,85.14,1,85.14,5.0,11.0,0,0,bronze
1031b4c595b1b2c204ec6d95d4008af0,155.6,1,155.6,5.0,17.0,0,0,silver
1034547ce8ea9e60577ea5ee141894f3,95.21,1,95.21,5.0,22.0,1,0,bronze
1034cbfdf32b07dbd3ab977811bca086,101.92,1,101.92,3.0,14.0,0,0,silver
10358da89f6d391c6e8971ed1a23bdd7,120.44,1,120.44,5.0,9.0,0,0,silver
105e25b71da608ff7ce69c4a3ae328ad,87.16,1,87.16,3.0,11.0,0,0,bronze
105e7ec4dda85b9f52a2251080809e22,37.85,1,37.85,2.0,2.0,0,0,bronze
1062069afa25a490f187737cf2768253,143.04,1,143.04,5.0,7.0,1,0,silver
10674cc49bd68773d186d496d8ed071d,121.36,1,121.36,5.0,6.0,0,0,silver
1068cc67ce615ce1bdc2636466448f14,138.41,1,138.41,5.0,10.0,1,0,silver
106b48bf15a9b6bc982c2ee071bb4890,38.27,1,38.27,5.0,15.0,0,0,bronze
106cfa9587e89158ef37ff1cda4072f6,275.76,1,275.76,5.0,13.0,1,0,silver
106f4773e01af29c551f2906583a4bfd,58.82,1,58.82,5.0,17.0,0,0,bronze
1077150be9a3addfe85f0b44a1497c89,102.03,1,102.03,4.0,8.0,1,0,silver
10811ce4adce690edaf95b2e8eb3845a,1736.3,1,1736.3,4.0,10.0,1,0,platinum
108efcbb51b11a23a3b93c39584017b4,157.13,1,157.13,5.0,10.0,0,0,silver
10932073de3cfc114c1e40ce68bf67a4,398.88,1,398.88,5.0,10.0,1,0,gold
10936b5134f21f582fbc02f383d76572,166.7,1,166.7,5.0,19.0,1,0,silver
109ee69499d4bd216b76e739256d1275,103.83,1,103.83,5.0,3.0,0,0,silver
109fec7491de21b910f45c6369b0e0d8,118.04,1,118.04,4.0,3.0,1,0,silver
10a6245479251cd8384adf57573005de,89.61,1,89.61,4.0,6.0,1,0,bronze
10ac97e970f479a6fc6be89aaa6cec93,556.75,1,556.75,4.0,31.0,0,0,gold
10b442e762ba8a5ad22de5ba2207e5f1,64.66,1,64.66,5.0,6.0,0,0,bronze
10b500d102d70c16073e9d026a6251f2,124.7,1,124.7,5.0,10.0,0,0,silver
10b58cbd6607267fd41812614367439e,257.9,1,257.9,5.0,9.0,1,0,silver
10b6d571eedd3e1bbf10521ee704dcd4,72.42,1,72.42,5.0,9.0,0,0,bronze
10b7eaf694e83f546780ae4023d4bc17,101.34,1,101.34,1.0,37.0,1,0,silver
10beb52db63400a6e84a6b3c6588b4c9,85.23,1,85.23,5.0,5.0,0,0,bronze
10c009dd098e5e448e7ba617e26adec9,144.54,1,144.54,5.0,28.0,0,0,silver
10c6de3e44e7d6501c9b319daae16822,26.09,1,26.09,5.0,17.0,0,0,bronze
10cd81466a4f2cbe0f59514b1a8d9221,418.24,1,418.24,5.0,43.0,1,0,gold
10d1087f8c02d4906ec0d349833b1ef6,215.14,1,215.14,5.0,12.0,0,0,silver
10d868802b4d4a2e983e826abd14fb84,222.69,1,222.69,4.0,12.0,1,0,silver
10e3060ec9a6fc3a0511f441b87b7ed9,180.59,1,180.59,4.0,12.0,1,0,silver
10eb42ac58a65967e9448c1f0e6d6679,27.85,1,27.85,4.0,13.0,0,0,bronze
10ecd0a38feca46d7c3fa0c53be5c31f,368.99,1,368.99,5.0,13.0,1,0,gold
10ef72f007f444f092372deeab270f6c,87.16,1,87.16,4.0,10.0,0,0,bronze
10effbd35211616a40d0dda1bcd8cfcd,221.79,1,221.79,5.0,8.0,1,0,silver
10f249e9347c9e7da03a93fa0169e177,30.75,1,30.75,5.0,9.0,0,0,bronze
10f31bf1a6e4ca208d738fd5d453c9e6,109.31,1,109.31,5.0,5.0,0,0,silver
10f491b45dd28d61468b8293b65c9bd8,49.24,1,49.24,5.0,9.0,0,0,bronze
10fa0b5a293d96eff24caac6a4eaa2ea,263.12,1,263.12,1.0,34.0,0,0,silver
10faefe15873918f4129c60b14b3c411,228.79,1,228.79,5.0,12.0,1,0,silver
10febdda80fd2614250bafa7e1a3a2ad,145.56,1,145.56,4.0,11.0,1,0,silver
110273b45c1888a8ef4088a522d60d69,217.01,1,217.01,4.0,10.0,1,0,silver
11052ea4207e84cc9a8bf7d28d145791,163.78,1,163.78,5.0,9.0,1,0,silver
110934758b1585194afe1c0134c1dd35,101.46,1,101.46,5.0,9.0,1,0,silver
1131d0d5f1d88abc31671dc4d50371df,70.14,1,70.14,1.0,,1,0,bronze
1135e8dd0e81f7774a8d597380ea949f,108.3,1,108.3,5.0,3.0,1,0,silver
113d43d09dded33b8e67b5f981d08cf3,141.74,1,141.74,4.0,37.0,0,0,silver
11480394c66841456cad42fc97a3013e,28.0,1,28.0,1.0,28.0,0,0,bronze
1165862b962fad14ffe5abba1649a38a,70.49,1,70.49,4.0,11.0,0,0,bronze
11716811fe3c990eac18bbcdef36a52f,30.09,1,30.09,1.0,12.0,0,0,bronze
1176d8491a0ae7e42bc65b08ddd1d924,56.76,1,56.76,5.0,5.0,1,0,bronze
1178acd60cf0f07b3ae8dd8836f7a6f2,201.16,1,201.16,5.0,16.0,1,0,silver
118be57d1b7de439453a0c6625ad7934,87.38,2,43.69,4.0,14.0,2,1,bronze
118c825b7ac197bc393cb4c8c3310f65,426.42,1,426.42,4.0,14.0,0,0,gold
11936bd0c258a86c5c276a0e90a62c9a,67.77,1,67.77,5.0,1.0,1,0,bronze
11995e73e863dea71230b412496a3d28,177.75,1,177.75,3.0,3.0,0,0,silver
119a694043b9c7d2a7d4b3f9874dfe84,89.58,1,89.58,5.0,7.0,0,0,bronze
119cc2a90f406371222111aee7b986ac,206.99,1,206.99,5.0,15.0,1,0,silver
119d43da5cf2cec95289848aec20ac51,56.98,1,56.98,4.0,18.0,0,0,bronze
119ef53bf73dbe83b9e5a2149b8f6137,380.29,1,380.29,5.0,19.0,1,0,gold
11a3148cf0bc61a3fa3f4b46a79825a1,148.22,1,148.22,4.0,21.0,0,0,silver
11a58793327e4f480717491484f4372a,44.09,1,44.09,5.0,10.0,0,0,bronze
11ad503b8e74d5271a35202d2fc2a1ab,48.3,1,48.3,5.0,11.0,1,0,bronze
11b336d1a673e4bae7db4ac857415347,99.9,1,99.9,1.0,7.0,1,0,bronze
11b4e738620fcddc5abe37a1cd298d15,387.8,1,387.8,5.0,16.0,1,0,gold
11b66726cb5a8a004b2be99bae233b94,37.13,1,37.13,5.0,21.0,0,0,bronze
11beae315764309b8a23d0c1044d08f5,267.28,1,267.28,5.0,6.0,1,0,silver
11bf151e14f4e5ce06f54c7eaf33490d,101.24,1,101.24,4.0,4.0,0,0,silver
11c544bcf003c0ba2817787a6e1fa69f,95.21,1,95.21,4.0,12.0,1,0,bronze
11c56043a6c01cba8fafdc636d1dae4a,117.35,1,117.35,5.0,8.0,1,0,silver
11cb11ff52cc1e191282a0a3c1e03aa3,43.0,1,43.0,4.0,,1,0,bronze
11d01e1db16fb2bd4550dafeaa531dfb,190.57,1,190.57,5.0,6.0,1,0,silver
11d07d8ffcdb81279bb38d710648ce6f,64.0,1,64.0,5.0,19.0,0,0,bronze
11d2188ce598db142d37bc237bf3f291,63.1,1,63.1,5.0,11.0,1,0,bronze
11d3b06e4bd1a43da449cb99709b72a1,106.87,1,106.87,4.0,24.0,0,0,silver
11d76022677f3753f19633e2fd0470c3,70.02,1,70.02,5.0,18.0,1,0,bronze
11dabe1669e29dba5a0874caa569be29,52.0,1,52.0,2.0,14.0,1,0,bronze
11e74a9cbe1158d1c934d4c166f59ff3,225.88,1,225.88,4.0,18.0,1,0,silver
11eef40cbc0b135c810e14bb7e4afb55,76.78,1,76.78,3.0,6.0,0,0,bronze
11f1da7f54ca7505e5d1b255774ac6d6,45.0,1,45.0,5.0,15.0,1,0,bronze
11f2b98ce9ffae7d52c8dc672427f819,211.91,1,211.91,1.0,,1,0,silver
11f54c0c47f45afcbaad7c215ac1fefc,104.37,1,104.37,5.0,29.0,0,0,silver
11f9374f0b84ffc98a1ae50698c2112d,98.82,1,98.82,5.0,9.0,0,0,bronze
11fd3b69633d9266dc2f60d4f498f586,58.13,1,58.13,5.0,6.0,0,0,bronze
11fe1299aaf7d39a5b8303fd02a91d2d,309.35,1,309.35,5.0,8.0,0,0,gold
120abf6e9c05f5ba0d69603dc05a98cd,147.99,1,147.99,4.0,15.0,1,0,silver
121489c28952a38c98e5c6793e94194a,60.96,1,60.96,5.0,5.0,0,0,bronze
121b5a0ae9d09a2ca5e8090fd2a00a58,111.85,1,111.85,5.0,9.0,1,0,silver
12270c749995eb62a6320c411f4baa3c,18.87,1,18.87,4.0,5.0,0,0,bronze
1227cd5cd8b7a58543eea1a001dbfca7,31.72,1,31.72,3.0,22.0,0,0,bronze
122abbabd602cf9a5af359b07a3c0a38,44.42,1,44.42,1.0,6.0,0,0,bronze
122b4a4fb6bf6a990833464b56f2f65b,53.61,1,53.61,5.0,16.0,0,0,bronze
122ed7f7ca3936a9a39754da047797a6,332.2,1,332.2,4.0,7.0,0,0,gold
123071b0b13ed0b2b5b356aef1e0af6b,326.92,1,326.92,5.0,11.0,0,0,gold
123c51fb27a9a57ed892caaf24d681f0,21.85,1,21.85,5.0,3.0,1,0,bronze
123e832e5bc4433b37c02b5e495b9cc2,65.71000000000001,1,65.71000000000001,5.0,14.0,0,0,bronze
124089de280494d8f5746710ec628d82,352.97,1,352.97,4.0,15.0,1,0,gold
1242e85545a001f6224e2263d7791704,828.04,1,828.04,5.0,6.0,1,0,gold
1246a5ce379c363c8dff140b0e0e974c,109.76,1,109.76,5.0,5.0,0,0,silver
124dbd5380c65d0547ed1d24dcd01b6d,212.32,1,212.32,2.0,10.0,1,0,silver
12589be503186c33793b58de74262653,81.31,1,81.31,5.0,12.0,0,0,bronze
125fd065ab1ad1a669975b4ab9ec5393,417.16,1,417.16,1.0,,0,0,gold
12655f5ad85082fdeebd425a6c97d420,36.75,1,36.75,5.0,19.0,0,0,bronze
1268c64c045ab81043c18b80720ba85b,237.52,1,237.52,4.0,9.0,0,0,silver
127a3d6fb12d12762df4562d90060a3f,117.08,1,117.08,1.0,6.0,0,0,silver
127f0ff2f4e52925f03388b3937c09b6,49.87,1,49.87,5.0,6.0,0,0,bronze
12869eae016893325456717ed2b57427,146.0,1,146.0,4.0,15.0,1,0,silver
1287bfd3869aaec082aa683512e593b5,478.9,1,478.9,5.0,20.0,1,0,gold
128879fb7a67cfdb05d5e1fe5a37e989,686.41,1,686.41,5.0,11.0,0,0,gold
128e4b25ce222d138da346b4d5f91bb6,95.21,1,95.21,5.0,8.0,1,0,bronze
129a2123eaeed37487cf969f38fa4de2,154.81,1,154.81,2.0,12.0,0,0,silver
129dabf0d23c01790d9ae7f3f83e7070,37.04,1,37.04,5.0,19.0,0,0,bronze
12a0c9cc3c8831faf5b59a9ede94301b,203.43,1,203.43,2.0,34.0,1,0,silver
12b1526369df5657772deb2c24672625,72.45,1,72.45,2.0,3.0,0,0,bronze
12b33c7a486cea99a21bd222f15e8d24,233.61,1,233.61,5.0,20.0,1,0,silver
12b3c35f9498deca802f387aa8cf735d,50.61,1,50.61,5.0,13.0,1,0,bronze
12be5c21c3dd91c968ba438dec8804e2,239.1,1,239.1,1.0,36.0,0,0,silver
12bf514b8d413d8cbe66a2665f4b724c,172.62,1,172.62,5.0,9.0,1,0,silver
12c40c03555116b42dbbe7264a597d35,122.67,1,122.67,4.0,12.0,1,0,silver
12c54f6dfd4b723a6c76c4c989494422,40.53,1,40.53,4.0,21.0,1,0,bronze
12cc890391e57d7123e004856ff1f137,95.58,1,95.58,1.0,11.0,0,0,bronze
12d60b3f10be6303d4ed41fc27a0e490,76.66,1,76.66,1.0,33.0,0,0,bronze
12e7b097386af1c4279a1d3bc9bee056,59.66,1,59.66,2.0,9.0,0,0,bronze
12e891af3980c5d72f4a17390b517b38,234.95,1,234.95,4.0,10.0,0,0,silver
12e8e6b36b8123e60a3b8ef68bc9f7c5,51.1,1,51.1,5.0,22.0,1,0,bronze
12f85e24f4adf1766152206ac3d2b805,148.23,1,148.23,4.0,4.0,1,0,silver
130c85da601c2f7af7a562f716967b46,278.07,1,278.07,3.0,9.0,0,0,silver
130e47a42ad5259d8843abe21bf87d5d,102.16,1,102.16,5.0,13.0,0,0,silver
130f4a32887cc549621b3c6cf36bf77e,107.24,1,107.24,5.0,12.0,1,0,silver
1318fa4224534be4a991c76a4396716a,40.09,1,40.09,5.0,22.0,0,0,bronze
131de77ec158711bb0829ebe7945b973,141.33,1,141.33,5.0,5.0,1,0,silver
132c2e3265b78ffb86797263845c7e0d,64.65,1,64.65,2.0,7.0,1,0,bronze
133c5f380edbecdee40791432c32123e,233.04,1,233.04,3.0,6.0,0,0,silver
13473af264dea0facd893d6516900b22,89.48,1,89.48,5.0,7.0,0,0,bronze
134b6710b2c9d9f006d75e0bcd4794b0,200.35,1,200.35,4.0,16.0,1,0,silver
1353d27af23e55a4e17d000a367d682d,286.64,1,286.64,5.0,14.0,1,0,silver
1356c7cceef6a2fb0c137a4ba41f9142,162.06,1,162.06,5.0,5.0,1,0,silver
1356e660fd3ad4184ff7ca0f87bb3c9a,124.93,1,124.93,5.0,8.0,0,0,silver
13607978e0686d841deb64954c023495,34.63,1,34.63,5.0,8.0,1,0,bronze
1367e9f9abcd696769944650c18929c6,214.17,1,214.17,4.0,13.0,0,0,silver
1373e04979cfa0fb2092909abbd57f25,216.51,1,216.51,5.0,17.0,1,0,silver
1376526de7f8d851f34bcd6707dcd622,35.77,1,35.77,4.0,9.0,1,0,bronze
1376c487ee3920f2431e975211dffcb1,113.62,1,113.62,4.0,11.0,1,0,silver
137e5dd66aec8daf7fe5a023bc274c44,295.54,1,295.54,,4.0,1,0,silver
1386747b1a0cd6593725eb05cc4574e3,153.9,1,153.9,4.0,8.0,1,0,silver
138a7cdb83d4045819dce1ced63ce65d,255.56,1,255.56,3.0,16.0,1,0,silver
138d82ea82acfeaa2e1a115580d3a76d,148.15,1,148.15,5.0,9.0,0,0,silver
13983d40cac41bbdb300a67e8e8c7a26,111.07,1,111.07,5.0,16.0,1,0,silver
139bcc7fa9b38babbf3054cd13e98eb5,35.53,1,35.53,5.0,15.0,0,0,bronze
139c6b130e805515126985ef5b2dfe64,48.34,1,48.34,5.0,4.0,1,0,bronze
13abc50b97af7425b5066e405d7cd760,70.93,1,70.93,5.0,6.0,0,0,bronze
13bc34cccc360483090d846208423d08,94.74,1,94.74,5.0,7.0,1,0,bronze
13bcdaa9c02a8e5be34bc7cce74dacf8,161.86,1,161.86,1.0,29.0,1,0,silver
13c0a8a74ed21dcbb61787b6e52e192e,36.35,1,36.35,5.0,10.0,1,0,bronze
13c5b9a714192b1f388722f8d994e6d0,154.2,1,154.2,,24.0,1,0,silver
13c77f6bed88d075f833e2f5719169df,38.82,1,38.82,5.0,15.0,0,0,bronze
13c8cbdeb5bbee831faae66bcd11f9ae,846.52,1,846.52,1.0,17.0,1,0,gold
13d28dd6d0480c493b3607c61b0a0160,101.82,1,101.82,5.0,6.0,0,0,silver
1403b49485b8aa0a7880c320ad233fda,202.82,1,202.82,3.0,3.0,1,0,silver
1415faf9e1a59c928c22735663650c6c,43.6,1,43.6,5.0,8.0,0,0,bronze
14196e33a5ac649e7f47822c61821914,50.73,1,50.73,4.0,24.0,0,0,bronze
141d57aadf94984e72de1bd1cc87c8ab,37.72,1,37.72,4.0,2.0,1,0,bronze
1427d43f0ca16b9d318d4bc18dd1a1b0,669.4,1,669.4,5.0,6.0,1,0,gold
142d5012ea65ce29d5da43345b01ae0a,1237.81,1,1237.81,4.0,6.0,1,0,platinum
142e95a7a3e3d5f391706a05549a1632,47.23,1,47.23,5.0,14.0,0,0,bronze
142ed0dad12a73d4e9eac64b4918fe2a,246.88,1,246.88,5.0,20.0,1,0,silver
14313c31a3be82e11c059f99104364a3,37.72,1,37.72,5.0,3.0,1,0,bronze
1439b918601b3fc48b550a2e9925e413,504.32,1,504.32,1.0,23.0,1,0,gold
1455eed41cb077c362c1163b937e823f,238.1,1,238.1,5.0,9.0,1,0,silver
145b3ba5da64fe05604da3f57bf8655a,44.29,1,44.29,5.0,7.0,0,0,bronze
145f044128f4bfb17ebd95ea329756cb,38.5,1,38.5,5.0,17.0,0,0,bronze
146495fd4550cf115b5babe8307f289d,178.27,1,178.27,5.0,32.0,1,0,silver
14691264ea396cd3bd71ebbe36bc6771,176.99,1,176.99,5.0,8.0,1,0,silver
146f4256a3f10b6522215a138d9ac678,468.69,1,468.69,5.0,25.0,1,0,gold
1470b6ff535b87d8e22976672214b6d8,384.79,1,384.79,5.0,4.0,0,0,gold
14713b16a9e8f5b7732763d7f78d3220,20.0,1,20.0,4.0,11.0,0,0,bronze
1477c54a1abe3610e3e9ab411801cecb,169.38,1,169.38,5.0,6.0,1,0,silver
1483a42c9dfd6795fc46433318dda056,199.27,1,199.27,3.0,7.0,1,0,silver
148c32e019356ea9629df84a38656c13,84.52,1,84.52,5.0,11.0,0,0,bronze
14a16e13f36391068ac8d51b7436da7c,109.41,1,109.41,5.0,9.0,1,0,silver
14a18adda9a743a4c0fe6b9f7770c413,64.22,1,64.22,5.0,10.0,0,0,bronze
14a43f7b39e8f46a5e39cbebb4d38a6e,235.74,1,235.74,5.0,10.0,1,0,silver
14ba18bb17a304f57719ced2b6b2a280,212.41,1,212.41,1.0,5.0,1,0,silver
14bda93fc8ff90d286a242d062035fa1,142.92,1,142.92,4.0,27.0,0,0,silver
14cbaed6f27a7aab94b666fefa33d5d4,639.98,1,639.98,1.0,26.0,1,0,gold
14cf1de486a8a3a9373a4eb38f8f5506,261.89,1,261.89,5.0,2.0,0,0,silver
14d71f87f2c4ca429306d094a274dff0,114.34,1,114.34,5.0,14.0,1,0,silver
14debbd298c3b01daa32cef625668068,88.69,1,88.69,4.0,6.0,1,0,bronze
14e5ef541a960b5424c0b5ca8efb0ab4,366.19,1,366.19,5.0,27.0,1,0,gold
14e9ea3061b651f3b1932ac3858ab6ba,142.96,1,142.96,4.0,15.0,1,0,silver
14ebe7d47ea523943e8cf21fdcdec40d,118.39,1,118.39,5.0,7.0,1,0,silver
14ff856d57670825d6225d367accd9dc,79.34,1,79.34,5.0,10.0,0,0,bronze
1504093af6c55e0ed58b85d1206dd5b5,130.46,1,130.46,3.0,13.0,0,0,silver
15054d5f81a772f6deb7985eb77a9c69,29.34,1,29.34,4.0,5.0,0,0,bronze
15137f519afb6f361104b49a67c949dd,154.09,1,154.09,4.0,10.0,1,0,silver
151dd9cf0af37b5bdd489ab4812679a9,162.9,1,162.9,2.0,45.0,1,0,silver
153593e7985cefd855ca1c7d759afb23,139.31,1,139.31,5.0,7.0,1,0,silver
1545f2408959aa8478cb267d8429e642,593.13,1,593.13,1.0,36.0,1,0,gold
15555e5d36681ed0f1991d187f946cf8,56.78,1,56.78,2.0,3.0,0,0,bronze
1556832478b62ecc7322e3c27aab2af6,96.88,1,96.88,5.0,5.0,1,0,bronze
156283b6ca35ef976a0265903145fd5e,41.0,1,41.0,5.0,15.0,0,0,bronze
156682bfe55ab873dd2390cd94aee186,261.95,1,261.95,5.0,24.0,0,0,silver
1570fd02cc445d9818f908de84103127,25.38,1,25.38,4.0,23.0,1,0,bronze
1572056796a130cff3aac889df5e2939,87.95,1,87.95,5.0,,1,0,bronze
157c95d6d16d5c99d6c0355f3f8fb220,737.85,1,737.85,1.0,39.0,0,0,gold
157cba90d59357f1e82a211874b89e59,39.78,1,39.78,4.0,22.0,0,0,bronze
15875d882071e975e052f90df487ec0f,37.05,1,37.05,5.0,12.0,0,0,bronze
159bbeaf58e0b4c5cdca4d998d669fdc,96.67,1,96.67,5.0,6.0,1,0,bronze
159d2ae0c3234b0dcaf35bd844a99564,106.78,1,106.78,1.0,2.0,1,0,silver
15a361dca06ed33381b50b0eb45ba5ae,37.68,1,37.68,1.0,,0,0,bronze
15a38a0c1bf789e06ec42d24e485e794,81.12,1,81.12,5.0,15.0,0,0,bronze
15a52a044cbf18c87283f8c460ad5ccf,30.78,1,30.78,5.0,6.0,1,0,bronze
15aa251aeeec331d7ee4e1851397e8f5,136.64,1,136.64,,5.0,0,0,silver
15ac25e2b25065073f99110af705cd19,147.14,1,147.14,4.0,10.0,1,0,silver
15b44b3aaf9255a983365b2a175b4a65,45.09,1,45.09,5.0,15.0,0,0,bronze
15b5b77270f5ead0f01ea0ced1ef789e,107.4,1,107.4,5.0,4.0,1,0,silver
15c044ed372c207f5a55c2c70a2e8b6d,172.22,1,172.22,5.0,4.0,1,0,silver
15c9fa4304cd1887a9c3ab3d71c32a43,163.22,1,163.22,5.0,8.0,1,0,silver
15d8f37566b079fd92ae48b1de6ecb43,267.29,1,267.29,1.0,21.0,1,0,silver
15db2039c3a64d0b3e6a6dda4f4d0381,328.32,1,328.32,5.0,5.0,1,0,gold
15dc5cc01e20978570e7b51f5537a0a1,328.06,1,328.06,5.0,10.0,0,0,gold
15e0f5e3fd10fb235acab6d62a9cf84a,60.85,1,60.85,5.0,8.0,1,0,bronze
15e3e8fc446ae37f6ac3f89c3f44059f,156.4,1,156.4,5.0,6.0,1,0,silver
15f9e82ecf1ddd1290df50887a8ebd6a,106.78,1,106.78,1.0,10.0,1,0,silver
15fa1715ed2fd2ac6a67e6234d4d5128,175.57,1,175.57,5.0,6.0,0,0,silver
16001cbe5e5de74015e3dd4fc03c6f67,31.26,1,31.26,4.0,30.0,0,0,bronze
1600e56406cd89032fefb96f79ffeef9,56.39,1,56.39,5.0,5.0,0,0,bronze
1603fe1e712d0e17f148f6b8b106c737,237.72,1,237.72,4.0,2.0,0,0,silver
1604a52d49c879c184dda78d43edd59f,232.05,1,232.05,4.0,9.0,1,0,silver
1606270b200b79a68015ee518faeec87,180.69,1,180.69,1.0,28.0,1,0,silver
160adc55ae0fa7fd58951c99b0a78817,159.76,1,159.76,1.0,,0,0,silver
1624d1ba2b7d696d0a532aa17f110747,28.5,1,28.5,5.0,15.0,0,0,bronze
162ef1b14a57c9f532a3211e15e15103,433.69,1,433.69,5.0,9.0,1,0,gold
163536c53e475070a8a318ae603c3c05,159.41,1,159.41,5.0,6.0,1,0,silver
1635bcd54cdc399d5b0171695e270dc8,75.28,1,75.28,5.0,14.0,1,0,bronze
1638f897236f626b7da7e04066ad0630,60.52,1,60.52,3.0,5.0,1,0,bronze
163b27a06a32c2fa565927170b59b5d4,53.72,1,53.72,5.0,2.0,1,0,bronze
1640e6be9241bec25253b78bcf8c89fa,148.2,1,148.2,4.0,12.0,1,0,silver
164d69f2b9db84c66e773955a3394627,44.53,1,44.53,4.0,22.0,0,0,bronze
16534282c820ca754b8de47754bb6d1a,364.88,1,364.88,1.0,41.0,0,0,gold
165961169e5ec74a761f2d4cf0feb9a1,115.86,1,115.86,5.0,2.0,0,0,silver
165c5f5fbd6a02afb4b39d24c5fe6651,94.61,1,94.61,5.0,13.0,0,0,bronze
165d93a9d1da194b47da42c9cf810ebd,90.3,1,90.3,4.0,12.0,1,0,bronze
165da6d1832da52e2e9de79d562975b1,32.69,1,32.69,3.0,16.0,1,0,bronze
1664c0667a7f36eb1029bbd0368283dd,254.22,1,254.22,3.0,3.0,0,0,silver
167598f3b3a218d8e76d71ee3f1fb6fd,942.78,1,942.78,2.0,9.0,1,0,gold
1675ef16748d72ab18c8bf4e5fb725ec,50.87,1,50.87,5.0,10.0,0,0,bronze
169381f51e4c3e926ef199364aeced22,609.9,1,609.9,4.0,12.0,1,0,gold
169815e2d8cebf3bb29c380415e03403,312.39,1,312.39,1.0,16.0,0,0,gold
169aeb0632cc9dc633a993e0d19c95e4,191.46,1,191.46,4.0,13.0,0,0,silver
16a860be408af5ee2e9f8a8dad56ef17,83.07,1,83.07,5.0,6.0,0,0,bronze
16adfb3d3d55b81af6248041ba561882,148.54,1,148.54,1.0,17.0,0,0,silver
16af33547f0bdd828eeff2bb6c38b481,820.35,1,820.35,4.0,14.0,1,0,gold
16b256e5df531b940170cd24e7b26a82,52.85,1,52.85,5.0,6.0,0,0,bronze
16b50bfe8c443656bc195c92f7d56a61,152.38,1,152.38,4.0,5.0,1,0,silver
16b73e9a800062b64782f4dd057bb757,1042.51,1,1042.51,5.0,12.0,1,0,platinum
16b74dc30cc690d1bc9a33235cb03b9a,37.69,1,37.69,5.0,16.0,0,0,bronze
16c549662b5f19ceb7590ded8264165d,155.98,1,155.98,5.0,5.0,0,0,silver
16c8e42089546fde55ed3caa46478e7a,128.09,1,128.09,5.0,21.0,1,0,silver
16c91aa7711af8833f7f78777f9677a3,138.84,1,138.84,5.0,10.0,1,0,silver
16cb37f0bf15408aa65d713ce4385ba2,86.15,1,86.15,4.0,20.0,1,0,bronze
16d778764561c820ab02b6ea12796b14,142.14,1,142.14,1.0,,1,0,silver
16d92ababe56c665936f0dab8da2fba8,167.35,1,167.35,5.0,20.0,1,0,silver
16dada8a97e29b4f737250ebefbf6342,37.84,1,37.84,1.0,10.0,0,0,bronze
16dea0c0aba8f5571be2c7d74bd19632,84.12,1,84.12,5.0,14.0,0,0,bronze
16e4a862bd9d85aedfecc7fc2bb06f0e,122.06,1,122.06,3.0,3.0,0,0,silver
16eb488d29edf5c35d37a1c1ec3484a3,410.61,1,410.61,5.0,8.0,0,0,gold
16edf3dfe240452007aabc066a9036fb,25.77,1,25.77,5.0,6.0,1,0,bronze
16f3ea0fba6c3df83f8ae749912bb90d,87.73,1,87.73,5.0,24.0,0,0,bronze
1704f51ec0dd1a546d6d9333d80737b7,403.24,1,403.24,5.0,23.0,0,0,gold
1705858121e505b099a4eeffaeec4b0e,150.59,1,150.59,4.0,18.0,1,0,silver
171485408014aed36c75286eb7bb0535,37.53,1,37.53,2.0,14.0,0,0,bronze
171a5d2ec4b9b6b909c61d68c5c94a2a,225.67,1,225.67,5.0,8.0,1,0,silver
17285dfa20c4c670e305ace3ca8a7d8d,198.94,1,198.94,4.0,14.0,1,0,silver
1728dd0550caa51cce09523627ad45ef,226.48,1,226.48,4.0,19.0,1,0,silver
17296df09a410384b649acac6ca355ab,46.05,1,46.05,3.0,23.0,0,0,bronze
172e791ed1b93dfe30a5d911a4c49d1c,88.31,1,88.31,5.0,9.0,0,0,bronze
1743631071053f26bb95b0ca2ca4c5f6,51.09,1,51.09,1.0,13.0,0,0,bronze
1744db0771ee6dd8387bd75d6a21420c,366.08,1,366.08,5.0,14.0,0,0,gold
1750995a1e8cc279199b445c35319589,69.45,1,69.45,3.0,19.0,0,0,bronze
175c218b2c3faf004c66a515df967b4f,597.44,1,597.44,3.0,42.0,1,0,gold
176918c59610d93ef519e359a0f3316e,38.1,1,38.1,5.0,3.0,0,0,bronze
176c21456fab655afee57b3ea9799f47,66.47,1,66.47,1.0,8.0,0,0,bronze
176d02f8cd5f4b1be1486d07509ee2b9,66.03,1,66.03,5.0,9.0,0,0,bronze
17723093b35bd2dccdba1cc91e0a7101,38.28,1,38.28,5.0,5.0,0,0,bronze
1772c0fbee58b154da028487de51b74c,131.71,1,131.71,5.0,13.0,1,0,silver
177862fb87d1e3171a5948b326da8928,313.11,1,313.11,5.0,4.0,1,0,gold
177cbe452bd4fa1a0873f4e6ee7be69e,166.33,1,166.33,5.0,10.0,0,0,silver
177e10134f99776d8a2b0c10c3fed38c,436.33,1,436.33,5.0,20.0,1,0,gold
178393e51b3aa48645d806d72c5ef47a,206.97,1,206.97,5.0,5.0,0,0,silver
17866dccb16c944a857ae7b9447642f4,36.42,1,36.42,5.0,4.0,0,0,bronze
178a58ded2b9be43b90300e0e0e8e66c,101.03,1,101.03,5.0,17.0,0,0,silver
1790885e6c2d93df9965833b2040c6f5,28.75,1,28.75,5.0,6.0,1,0,bronze
17939095f7758a7efd90c871a47d2d36,115.84,1,115.84,4.0,21.0,1,0,silver
179fe68c83cfea484e8d91f2861a5d45,25.09,1,25.09,4.0,8.0,0,0,bronze
17a4a1b241b0579faae76c9a3bbb29c4,216.05,1,216.05,1.0,,1,0,silver
17ac83f077df4d199fb9bd689e27f3d6,243.25,1,243.25,4.0,13.0,0,0,silver
17b7474d4ed1decc837c02c2cdb090d2,417.46,1,417.46,4.0,10.0,1,0,gold
17b83aab01ad7464bc016d72a928f3ea,68.35,1,68.35,1.0,13.0,1,0,bronze
17d1eac1c77bdc3c586bb9931cfc6da1,30.95,1,30.95,3.0,6.0,1,0,bronze
17d79c369adf3b1632fa2b1b9c2bfc7b,115.35,1,115.35,2.0,9.0,0,0,silver
17da0ccbeb1e69e644eec953d4a286d3,107.78,1,107.78,2.0,24.0,1,0,silver
17dcb8c62667824b3e3755a5b680ebc6,171.32,1,171.32,5.0,6.0,0,0,silver
17e873c00e3fef97c9f1347c6681bd1a,397.3,1,397.3,5.0,5.0,0,0,gold
1802564b88918412a66fd35c3a0be598,384.7,1,384.7,5.0,12.0,0,0,gold
1802d9b8b04e0f7bddb58ac2c7729c82,190.28,1,190.28,5.0,16.0,0,0,silver
18186af785c301b05127a291eac901e1,127.38,2,63.69,5.0,13.5,2,1,silver
1822072d725eb9c7ebcbffcdc0b85f9b,51.01,1,51.01,4.0,8.0,1,0,bronze
1822f701194a679994d72eaab9ade8a0,238.69,1,238.69,3.0,9.0,1,0,silver
1828417f59821953b154b31e45a02a38,121.24,1,121.24,5.0,18.0,0,0,silver
182e92ace06fb8e0107a4ebfffc01611,94.3,1,94.3,5.0,7.0,0,0,bronze
1834e23915d9816085a29efd2240c6f5,65.0,1,65.0,5.0,13.0,0,0,bronze
18487b1864e346cdfac83d441d8f43a0,343.12,1,343.12,5.0,14.0,1,0,gold
184932ddf3c1f0342017fe32660485f1,140.98,1,140.98,5.0,8.0,1,0,silver
1849b414279091519d71464db995604b,94.74,1,94.74,4.0,23.0,1,0,bronze
184c60d3f769361e505a2310ed7c508c,681.46,1,681.46,1.0,10.0,1,0,gold
185228f85383158504ca2c297a3ea411,149.29,1,149.29,2.0,24.0,0,0,silver
1856e7ddbf6567f246428dee7282b021,291.33,1,291.33,1.0,9.0,1,0,silver
186e4b97d2704e8b76235b8d7c5d38ab,79.24,1,79.24,3.0,12.0,1,0,bronze
186faf3198f9fb8a82531e639b54db8a,89.67,1,89.67,5.0,8.0,1,0,bronze
187c74ed70b218f20052e4cd81c535a4,200.23,1,200.23,5.0,21.0,0,0,silver
187d82b46dc280f75368cdb8d62a97c1,37.52,1,37.52,5.0,17.0,0,0,bronze
187dec8d8ab22da33fcb5a66155b0643,310.67,1,310.67,5.0,6.0,1,0,gold
1881f0742867dc75d6e0bcc24f866710,51.05,1,51.05,4.0,12.0,0,0,bronze
1884b4b00024a82c6103b01ab54ad1f5,76.28,1,76.28,4.0,19.0,0,0,bronze
188e50847b85739f86cfeed95bfdf76a,55.09,1,55.09,5.0,20.0,0,0,bronze
1893f08842b6068ae5206591158a8623,93.32,1,93.32,1.0,,0,0,bronze
189849d663c69ae10f7e25250b973186,184.93,1,184.93,5.0,26.0,1,0,silver
189ad8f756f2949a129404227b25b34a,331.66,1,331.66,5.0,7.0,0,0,gold
18b2874652ddd2664ae6072423ead118,28.94,1,28.94,1.0,12.0,0,0,bronze
18bbfd7c77ff481bac5ae34fe5b8cc52,62.74,1,62.74,5.0,20.0,0,0,bronze
18bdaceade9716414163675e2ce002d8,111.6,1,111.6,5.0,4.0,0,0,silver
18bf6738381c5b0ef8821bc99788b6b5,29.67,1,29.67,2.0,10.0,1,0,bronze
18c01352bd105d5d0e6346ef5f52a56f,208.51,1,208.51,2.0,16.0,1,0,silver
18c19f3a63e37f4ee444136b2141cc51,76.79,1,76.79,5.0,6.0,0,0,bronze
18c28fe31370f17a50aa9e30686e60b3,135.16,1,135.16,5.0,11.0,1,0,silver
18c75282901f7db1fe38e8c9a3ce4c12,413.53,1,413.53,2.0,16.0,1,0,gold
18cd91b09cbc8c28ae022b38889aeb5f,286.09,1,286.09,5.0,7.0,1,0,silver
18cff74df42543eb441533275e696208,277.97,1,277.97,4.0,13.0,1,0,silver
18d61a27f478cd6201df948578f814f9,186.3,2,93.15,4.5,3.5,1,1,silver
18d9cfbd4870840b18429d9dee97ed0c,114.45,1,114.45,4.0,3.0,0,0,silver
18dbec3c15cdc251484d441e4a2603d5,116.36,1,116.36,5.0,6.0,0,0,silver
18e3d276253780b44b5b7bf83f6785ec,140.26,2,70.13,5.0,5.5,1,1,silver
18f22ea849f56a8767b93cf03343ecf2,72.66,1,72.66,5.0,70.0,1,0,bronze
18f40b803060d9883643b7e64e91628e,194.11,1,194.11,1.0,22.0,0,0,silver
18f59f90887b98c624a741c58bab9d25,177.04000000000002,1,177.04000000000002,4.0,24.0,0,0,silver
18fe26b02e8ae127687aa3e764c51a93,268.29,1,268.29,4.0,13.0,1,0,silver
19065de1a771ecd0dfc85071ebe8bb97,56.16,1,56.16,5.0,4.0,0,0,bronze
19067e6acbb88e562f0f58eca762ac76,147.59,1,147.59,5.0,5.0,1,0,silver
190865db43b4d2a34a1d72df724d1622,57.6,1,57.6,5.0,18.0,0,0,bronze
190a20a04dde1e66ff27f78df9b42146,32.69,1,32.69,5.0,18.0,1,0,bronze
191525912e1a31a97bf8b481ce852f75,124.7,1,124.7,5.0,9.0,0,0,silver
191ecb8e7c6ebe1d8c812e2523c8c89a,174.96,1,174.96,4.0,13.0,0,0,silver
19348c367cdf408ea7735a14ec5cbf4a,40.09,1,40.09,2.0,9.0,0,0,bronze
1935ab012c65b828a0ad8417e5cd7991,181.7,1,181.7,1.0,36.0,1,0,silver
193fd9d5cf15050e14d7e67726c07364,168.2,1,168.2,4.0,10.0,0,0,silver
1942b890cee1b55dbf8176e925e79e07,122.44,1,122.44,1.0,,1,0,silver
1944e8ce040fc5d1ed5892217f2511d0,44.14,1,44.14,5.0,13.0,0,0,bronze
194a415691054480966d811026b7b845,30.7,1,30.7,4.0,18.0,1,0,bronze
1952b14ea407966b4436bb4c1a58ecb1,65.13,1,65.13,5.0,17.0,1,0,bronze
196121e10fe69495f9e26dc5e8debaa5,55.79,1,55.79,4.0,6.0,1,0,bronze
19636fe862eba7bafb95eaaae991d99c,35.1,1,35.1,3.0,6.0,0,0,bronze
196a0e7f3563c9de2605b2a753983846,387.68,1,387.68,5.0,9.0,1,0,gold
196c621766aab9501b0d5509767adc39,87.71,1,87.71,3.0,4.0,0,0,bronze
1970968ddb1d98f965f367ee7843bcb3,58.28,1,58.28,5.0,9.0,0,0,bronze
1973beff39565594011f9a0ef66f923e,218.16,1,218.16,4.0,28.0,1,0,silver
1983d4bb595adf04d53264aab08ffb6b,27.49,1,27.49,5.0,2.0,0,0,bronze
198476e6d4b537f6fc71e4f3adaa52d1,70.56,1,70.56,5.0,5.0,0,0,bronze
1985f70726392d294f0c9a247cb95590,127.31,1,127.31,4.0,23.0,1,0,silver
198dc221b76657718f8c38d49daa83c9,1284.25,1,1284.25,,13.0,1,0,platinum
199518f9eacfe6b6297851b562c87d4f,63.27,1,63.27,5.0,12.0,0,0,bronze
199a5b7fd7576878792b7938232a2ae7,110.3,1,110.3,3.0,9.0,0,0,silver
19a4fb72bf8696a96c13e01bbe200dd4,47.58,1,47.58,3.0,11.0,0,0,bronze
19af6e0c256fc911a7a63c644a38d34c,159.68,1,159.68,5.0,4.0,1,0,silver
19b0839f7a896861cff91c416fdcf911,44.3,1,44.3,5.0,7.0,0,0,bronze
19bf5ff07d8fd116a234c49d5d3b6f88,97.52,1,97.52,5.0,16.0,0,0,bronze
19c536531db4a7685fae8423edfc72c2,62.96,1,62.96,5.0,8.0,1,0,bronze
19c71fdf1535be1defdd27109d9aa12e,124.32,1,124.32,1.0,6.0,0,0,silver
19cd9c3d61f2d972091c591402f45ff0,36.38,1,36.38,5.0,11.0,0,0,bronze
19cdac8d1beeb62a2a4e952a699caafa,40.84,1,40.84,5.0,17.0,0,0,bronze
19db446f263e6eba7f12d4d80ce5d308,221.23,1,221.23,5.0,11.0,1,0,silver
19e1099ceeecb2702c2fae0100f0010e,188.56,1,188.56,5.0,27.0,1,0,silver
19e74a05536d13b34468f8d26164f685,226.55,1,226.55,5.0,11.0,0,0,silver
19e76f68a4f2e046ff5551d0bd7641a2,70.79,1,70.79,5.0,12.0,1,0,bronze
19e9a81afff7021bfb52966241cac16e,181.1,1,181.1,5.0,9.0,1,0,silver
19ebeb80eb80101688fd83df96a41a8d,55.04,1,55.04,5.0,18.0,1,0,bronze
19f153a5a1e7c01646eecc884d490d49,308.42,1,308.42,1.0,38.0,1,0,gold
19f67f29e98ad51ae3d788625e10c038,46.42,1,46.42,5.0,16.0,1,0,bronze
19fc7c717e6449cfcae37b1ca03a1b2a,323.93,1,323.93,5.0,14.0,1,0,gold
19fc84ee7b31c32b5a32d81b5f1808be,41.47,1,41.47,4.0,8.0,0,0,bronze
1a00c9e5fa7d0e5678062da4ab3ea4cf,83.51,1,83.51,4.0,16.0,0,0,bronze
1a0ed4f256ca13df48093fcc7f733be8,118.35,1,118.35,5.0,3.0,1,0,silver
1a13743254d9c8e6360106295947932f,124.28,1,124.28,5.0,19.0,1,0,silver
1a1417a33ee2b82378ebe97e54b376c7,22.68,1,22.68,4.0,1.0,0,0,bronze
1a27a558aac4c4bfe3642b8c9bffcf4f,298.89,1,298.89,5.0,7.0,0,0,silver
1a2c61fcce8ae0801da7992694d54c69,146.03,1,146.03,4.0,7.0,1,0,silver
1a308f67ab6aa0f6c7be8b013ef8bc39,96.22,1,96.22,5.0,12.0,0,0,bronze
1a36d4ff0116a6903cfacce00fee523f,64.06,1,64.06,4.0,9.0,0,0,bronze
1a391ee8180cea7235bcb454aef7f5ed,58.45,1,58.45,5.0,9.0,1,0,bronze
1a39704fa1459528597c7e52f99e39d4,32.09,1,32.09,4.0,7.0,1,0,bronze
1a3be4ae5993ce2c5e7e6a9591e2be60,82.98,1,82.98,3.0,3.0,0,0,bronze
1a3d692431db9d0ff59b24d0cddfb900,218.48,1,218.48,5.0,7.0,1,0,silver
1a4028a275a61303ff0de4f1aad83f64,133.17,1,133.17,1.0,,1,0,silver
1a42398a1e0806c36cc9aafac8a34df5,41.84,1,41.84,4.0,8.0,0,0,bronze
1a431b876dce84b93132c2f8bf2701a0,55.18000000000001,1,55.18000000000001,1.0,,0,0,bronze
1a562770f891fc553db8662992cf1814,40.68,1,40.68,5.0,5.0,0,0,bronze
1a6438a984d445362318019dc21897a1,60.85,1,60.85,5.0,7.0,0,0,bronze
1a6c2d0ed3299790cb718bb7981558c7,62.02,1,62.02,5.0,6.0,0,0,bronze
1a73dd8155368497280c8bdcd680c9ad,302.66,1,302.66,1.0,38.0,1,0,gold
1a7c8e4256964e8dda2cc7753278c5ac,356.89,1,356.89,,5.0,1,0,gold
1a84bb2f089e3c719176f7cb5648276c,126.03,1,126.03,1.0,46.0,0,0,silver
1a85c26c13723572f916e7326ad16d02,133.89,1,133.89,5.0,10.0,0,0,silver
1a8e0392b6e9191dfc159e9688fa1a43,136.16,1,136.16,4.0,2.0,1,0,silver
1a9158f945b8ac2cb629aed2c0711778,58.6,1,58.6,5.0,11.0,0,0,bronze
1a96a430370a119eb2a756d97f4ba6b8,104.73,1,104.73,5.0,11.0,1,0,silver
1a9851ca5dfae3edb306fc0b94c08fcf,34.0,1,34.0,,81.0,0,0,bronze
1a9a31d6ace5153b5900e76b7a396a94,68.38,1,68.38,3.0,8.0,1,0,bronze
1aa553a56fdd7888ae5839b07e14148c,119.66,1,119.66,5.0,11.0,0,0,silver
1aa661ae7348dd45045b133a4cbc4ca4,133.27,1,133.27,4.0,25.0,0,0,silver
1aadd26be7257412edbc255278fee64f,173.88,1,173.88,5.0,12.0,1,0,silver
1aaf8586442c8d4d86aa61069f858c20,37.03,1,37.03,3.0,19.0,0,0,bronze
1ab13454b7bc03f80e254e963d523a24,47.68,1,47.68,4.0,3.0,1,0,bronze
1ab4256a45cc50d01a1277ab04838f45,133.76,1,133.76,5.0,9.0,1,0,silver
1ab4eada30fbc61fccc37625314cd6df,75.88,1,75.88,3.0,15.0,1,0,bronze
1ac1c20d54ae0a375b77d6841663762a,213.74,1,213.74,4.0,30.0,1,0,silver
1ac5dab85412d6d1e4a731ee0a19fdc2,76.29,1,76.29,5.0,18.0,1,0,bronze
1acbbb17de95ff9bd36fa08ebd47f87f,441.84,1,441.84,5.0,29.0,0,0,gold
1ad1e13cd5548d43d147e73635e5ba3e,110.04,1,110.04,4.0,19.0,0,0,silver
1ae1a1d8cf3036555b2cb2a97fa1ff07,819.35,1,819.35,5.0,16.0,1,0,gold
1ae2813baacc5e4e58e429c0b6b688c9,73.77,1,73.77,5.0,3.0,0,0,bronze
1aeb8d7b539083ab2ca1f73a316616ea,113.62,1,113.62,5.0,15.0,0,0,silver
1af52bf9de2237c7818ae8d24324f5f2,256.59,1,256.59,5.0,6.0,0,0,silver
1af6a4167ec3bd3d41226dd8e0ec063e,61.73,1,61.73,1.0,,0,0,bronze
1af9e7ac78a769eff9dcdf09f7b74f66,551.96,1,551.96,5.0,2.0,1,0,gold
1afc7562135a94acde58e6a7665ef4ac,270.84,1,270.84,5.0,7.0,1,0,silver
1b105048a36cf31dbbac4a2eda6ed1fa,84.24,1,84.24,3.0,14.0,0,0,bronze
1b1329dcb1b4fdbd4bf06c4a71fad0f4,40.0,1,40.0,5.0,11.0,0,0,bronze
1b25a34c8e47da8c942c2a9b3bab1a05,435.6,1,435.6,5.0,28.0,1,0,gold
1b32a6f793e30aefc6ecff6a8ebe1030,47.43,1,47.43,5.0,1.0,1,0,bronze
1b34cbc989f331282378969b472d3588,523.98,1,523.98,,20.0,1,0,gold
1b3827543d8926cb0a12a5157bdf38fc,177.88,1,177.88,5.0,9.0,0,0,silver
1b4f9a1919551dbf3bb3d0151557ad73,171.16,1,171.16,5.0,4.0,1,0,silver
1b63ff75fe4dfe6f913429b0c54042e7,44.29,1,44.29,4.0,2.0,0,0,bronze
1b68f8121b314ef1bf621efbde6b7cb9,159.03,1,159.03,5.0,7.0,0,0,silver
1b6c7548a2a1f9037c1fd3ddfed95f33,251.03,2,125.515,5.0,17.0,0,1,silver
1b758c967b6b6453eb881da29ed5811e,119.08,1,119.08,3.0,16.0,1,0,silver
1b76903617af13189607a36b0469f6f3,3195.73,1,3195.73,1.0,15.0,0,0,platinum
1b77b55b731433f029cc2bf190bd4f35,333.34,1,333.34,5.0,6.0,1,0,gold
1b86ac69a699411527036593e973f1e8,45.0,1,45.0,5.0,9.0,0,0,bronze
1b8e32b9748d27829b9e496dc8622630,92.8,1,92.8,2.0,9.0,0,0,bronze
1b9272dc124ad369147711c45f24f64b,138.06,1,138.06,1.0,15.0,0,0,silver
1b95e3fe033836c787689ae4b9516aa3,288.44,1,288.44,5.0,4.0,1,0,silver
1b9e6297289f86d4e8ec0c489da5e03a,101.47,1,101.47,1.0,16.0,0,0,silver
1bbf6de8bbe287cb474e57d437d72969,231.74,1,231.74,5.0,14.0,0,0,silver
1bc8377a0e9d7dd8efa927e4ce2f2296,103.58,1,103.58,5.0,5.0,0,0,silver
1bcfec72dbcdc2a128b0a840d1c541df,117.63,1,117.63,5.0,11.0,1,0,silver
1bd726b9d6353e79900935bd9f77b727,83.68,1,83.68,3.0,2.0,0,0,bronze
1bde50a93148e121bc6aef10e1c0310d,63.79,1,63.79,4.0,23.0,0,0,bronze
1bdfc8e1d23f38cd4f2eb0a6e117c863,90.19,1,90.19,5.0,29.0,0,0,bronze
1be00084f4412958838a4888bed98678,70.7,1,70.7,5.0,20.0,0,0,bronze
1be0b0b172e10ad52bef0d454965c053,55.18,1,55.18,4.0,13.0,1,0,bronze
1bf2c83e9b4d2faa2a8fba48797b832c,32.41,1,32.41,3.0,17.0,0,0,bronze
1bf94791ebf73b96c5a99d9a422946c2,163.06,1,163.06,5.0,14.0,1,0,silver
1bf9fc7ffb95e625c1fd04937cf01892,114.09,1,114.09,1.0,3.0,0,0,silver
1c038a845775df53753fa9f8e0bffa91,60.59,1,60.59,5.0,10.0,0,0,bronze
1c04229d4141bf598978110a0e30b61b,171.53,1,171.53,,15.0,0,0,silver
1c08d3a770c13faf160b90c67fa879af,67.34,1,67.34,5.0,7.0,0,0,bronze
1c12fb820ab4fda07eb3d72f03c5ac3b,258.9,1,258.9,1.0,2.0,1,0,silver
1c19157f59fe14e064140a0e04a7f1ce,86.96,1,86.96,5.0,8.0,0,0,bronze
1c198d0df19a0a34337fc359d78f70a3,207.31,1,207.31,3.0,8.0,1,0,silver
1c1e853c03b366f8f8b162e8f4340c80,60.42,1,60.42,5.0,13.0,0,0,bronze
1c2ffb8da2251634b36f29e272532134,67.5,1,67.5,4.0,26.0,1,0,bronze
1c30bdec83f29f5c8bd1683b0df3b0dd,87.76,1,87.76,5.0,3.0,1,0,bronze
1c3598324e7d8c3e34e255e101a6e7a2,148.04,1,148.04,5.0,14.0,1,0,silver
1c5dd68f2c1da0fbf935a9c6c810a5ba,90.73,1,90.73,5.0,7.0,0,0,bronze
1c61833a5bbe555d71990cf46c3ccd2b,120.74,1,120.74,5.0,7.0,1,0,silver
1c627eb230da69b6aac42e5cc550578f,47.42,1,47.42,4.0,19.0,0,0,bronze
1c68b10c39678b2f8a7354ae67c44ef3,41.0,1,41.0,5.0,12.0,0,0,bronze
1c6dbb642db9a21ed52b3607f19136ed,85.89,1,85.89,1.0,,1,0,bronze
1c7044d0fede242ad1c05d11c61266cc,182.16,1,182.16,1.0,,1,0,silver
1c7255916dd10f4dae06f9f3c307a393,288.88,1,288.88,1.0,11.0,1,0,silver
1c78cc523e89a9c1d0beef9598566562,130.88,1,130.88,5.0,4.0,0,0,silver
1c7fae8db20821423f3155642caad457,62.69,1,62.69,5.0,11.0,0,0,bronze
1c843de20cb1cf1a721bc11792adaeae,53.53,1,53.53,1.0,33.0,0,0,bronze
1c95ae7e2f1459f8fe213a7e78f73677,112.68,1,112.68,5.0,5.0,1,0,silver
1c989fec2674afd38218559043392974,172.45,1,172.45,5.0,18.0,1,0,silver
1ca4f00dcc2c13e13a12565449fa87db,20.55,1,20.55,5.0,7.0,0,0,bronze
1cb19c768aa3b18465cd7c6a4a8fcd31,32.09,1,32.09,5.0,11.0,0,0,bronze
1cb59b42615332de70ac6d65a78ffdba,112.92,1,112.92,4.0,13.0,1,0,silver
1cb9b211f64159ab4dcc1d3cd09a494d,406.04,1,406.04,1.0,22.0,1,0,gold
1cbe41267c3d096b1af62e4b0329c4cc,34.03,1,34.03,5.0,8.0,0,0,bronze
1cc24255ee6fb748bb8d8d83e0fc7569,76.39,1,76.39,5.0,4.0,0,0,bronze
1cd16ce517f08cc091d89796bd1076d2,58.58,1,58.58,4.0,8.0,0,0,bronze
1cda4924a950d149dc93db0ccf548933,132.06,1,132.06,5.0,9.0,0,0,silver
1ce5ea22362a448f831947d9f0d0ce07,135.53,1,135.53,5.0,,0,0,silver
1cece1ea9d83ffeeeecc8fe45cb6b0a7,240.32,1,240.32,1.0,23.0,1,0,silver
1cf20867955867347b802ab40dd74689,63.68,1,63.68,5.0,4.0,1,0,bronze
1cf650b3fffd6b475910a68c9f288c4f,85.14,1,85.14,5.0,8.0,0,0,bronze
1cffe914fd505484a255de979f2eb4ff,97.38,1,97.38,3.0,10.0,0,0,bronze
1d142b038c3043e0f65cdeca3f0fe729,27.29,1,27.29,3.0,2.0,1,0,bronze
1d18594dcb30012bc307435361aaea4b,62.49,1,62.49,1.0,10.0,1,0,bronze
1d191e1fe1fbad1c0ff0a65fcb6802bb,76.05,1,76.05,1.0,3.0,0,0,bronze
1d2a5916ce2014d6eab95f805d1e092c,161.54,1,161.54,5.0,16.0,1,0,silver
1d34beeda3b2d9a16c418c0d1419bdea,224.51,1,224.51,1.0,9.0,1,0,silver
1d3518edbf7d1c22ce7515aa11b53fed,52.01,1,52.01,4.0,26.0,0,0,bronze
1d3ada53d8ee64e2a68fb18fddf7e3ff,77.8,1,77.8,5.0,8.0,1,0,bronze
1d3e756d12649ccfe5a47a02628baec3,94.46,1,94.46,3.0,19.0,0,0,bronze
1d400576252c095cd50974972b4f7f6e,236.54,1,236.54,3.0,13.0,1,0,silver
1d42fa98222a04f976b518089b300274,1090.68,1,1090.68,4.0,17.0,1,0,platinum
1d464a573b534c8c1ce8b25ac956effd,400.75,1,400.75,4.0,7.0,0,0,gold
1d466475d14ffdab3cfd97901b81065e,46.85,1,46.85,5.0,15.0,0,0,bronze
1d4b025b1f238bb3eb386db7d01660e8,57.13,1,57.13,5.0,8.0,1,0,bronze
1d4da7e898d7b434bdc2a1628efdbd4d,42.0,1,42.0,5.0,7.0,0,0,bronze
1d4e969b43ef0e67167ec4d418830125,449.65,1,449.65,5.0,6.0,0,0,gold
1d5ce9d5c71fc935ec888aa182100703,77.68,1,77.68,5.0,9.0,0,0,bronze
1d5cf72cdcb8fa90973781168d09f352,38.66,1,38.66,5.0,7.0,0,0,bronze
1d66d18a1e2d00a5bc86d48be7a7a6d8,58.28,1,58.28,5.0,5.0,1,0,bronze
1d6baa55097a3c34d01a302201bf5750,166.92,1,166.92,4.0,12.0,0,0,silver
1d6c9a45e7a7e7e4b4e6c84aba31ee93,103.27,1,103.27,4.0,18.0,1,0,silver
1d72aaec15863f7532b2dbf4a5c4247d,133.18,1,133.18,5.0,11.0,1,0,silver
1d7551408f01fb193e14444f4d5f3e9b,176.54,1,176.54,4.0,13.0,0,0,silver
1d76532b1b78101db23eea9a68c5a442,1220.72,1,1220.72,5.0,11.0,1,0,platinum
1d81df659b4cad7732c33e2c7aa5687a,150.09,1,150.09,3.0,5.0,1,0,silver
1d85cad0e21e06dcae9a825e980b26d5,277.16,1,277.16,5.0,28.0,1,0,silver
1d88af8122b6279cc2e9be6d3daec0df,112.71,1,112.71,5.0,18.0,1,0,silver
1d8f1ca82cf6c04de2391eb61b9ae364,116.12,1,116.12,5.0,8.0,1,0,silver
1da09dd64e235e7c2f29a4faff33535c,859.36,1,859.36,5.0,15.0,0,0,gold
1dae5e9498ca4d75b926a415322900d8,84.14,1,84.14,5.0,5.0,1,0,bronze
1db115e4b2a1f4484a3f78441bbdd27c,138.42,1,138.42,5.0,7.0,1,0,silver
1db563d683954f492d7898c99e5e215d,138.52,1,138.52,4.0,29.0,0,0,silver
1dba64c5f3620facb72991f144b4d9ec,139.8,1,139.8,5.0,7.0,0,0,silver
1dbbe60fd136caa3b2b8e2c9f5bc9db2,36.78,1,36.78,3.0,2.0,0,0,bronze
1dbf818e98c6780857121dee9d415599,127.92,1,127.92,5.0,7.0,1,0,silver
1dc64a765cc16cb5c9962dcb25491751,85.6,1,85.6,4.0,15.0,1,0,bronze
1dc7f464821ba2f35e66d7591703b51f,231.27,1,231.27,5.0,12.0,1,0,silver
1dc7fd7bbecae96efa5fa3c0cfd71864,681.82,1,681.82,4.0,10.0,1,0,gold
1dc848c11c2985635c268ff3dea707eb,111.51,1,111.51,3.0,7.0,1,0,silver
1dd6de4475b080a041f5cf46dc577bcd,143.01,1,143.01,5.0,16.0,1,0,silver
1ddb550da11e89eca9c4e1a9a7cb9154,105.28,1,105.28,4.0,,1,0,silver
1ddc4c53473fb7a35191516f1a32a6ed,179.3,1,179.3,3.0,13.0,1,0,silver
1de511947aaa6cb03c498c8d7f27964d,207.65,1,207.65,5.0,7.0,1,0,silver
1ded33854a42ea16167f3adfbb7ed068,34.86,1,34.86,5.0,10.0,1,0,bronze
1dedf503639fdb47865028c62383868b,45.2,1,45.2,5.0,11.0,0,0,bronze
1df0aacbc049016b488fe2817dee277e,229.14,1,229.14,5.0,17.0,0,0,silver
1dfbe9b49e39fd37c822347870ad76c9,136.3,1,136.3,1.0,56.0,0,0,silver
1e0e8ead2f7835dc5b4da4fd2fb9af9e,140.91,1,140.91,5.0,10.0,0,0,silver
1e119bdc7c0bceb8b22439c811e6f4e3,111.6,1,111.6,3.0,2.0,1,0,silver
1e1713cc2ccadf1b45ceca4fad9a4aa7,245.04,1,245.04,5.0,14.0,1,0,silver
1e2984ef05827ff6f8aa167b5c406868,44.26,1,44.26,5.0,6.0,0,0,bronze
1e2ce8e4f49582730eb003ac5f1712d0,40.27,1,40.27,5.0,3.0,0,0,bronze
1e326383916883a6eb76408184f35cd8,49.3,1,49.3,4.0,20.0,0,0,bronze
1e3f29ca797d6c0585751cb4e10e1be5,41.04,1,41.04,4.0,16.0,0,0,bronze
1e4bf95db211d726892b0dc7227f60c8,41.87,1,41.87,4.0,1.0,0,0,bronze
1e5067d5cf5782146157fa0b7817ce43,48.27,1,48.27,5.0,4.0,0,0,bronze
1e55e11e763ab33050725d0e90174464,71.14,1,71.14,5.0,17.0,1,0,bronze
1e57acebf9849b1d7af7c21c14c1b99f,265.96,1,265.96,5.0,20.0,1,0,silver
1e5dec3847fa11b24069995161a7b95e,32.0,1,32.0,5.0,6.0,0,0,bronze
1e6464592f06fc3b7896b2a778fed210,110.0,1,110.0,5.0,11.0,0,0,silver
1e6d2ab66fdc23fe97ac091057970b6d,566.0,1,566.0,5.0,6.0,1,0,gold
1e6dc17adde78e52b6fa5e634f4454e0,141.53,1,141.53,5.0,6.0,0,0,silver
1e6ed9bd2eefb091a43b488f803f5a7c,85.14,1,85.14,5.0,9.0,1,0,bronze
1e7586e6b00b3d601db2b79455119075,219.28,1,219.28,1.0,31.0,0,0,silver
1e789ecefed2a827fc7d5db1f20919f6,115.45,1,115.45,4.0,7.0,0,0,silver
1e7a2d6aa124d8f78af6e31b5e9cabad,35.0,1,35.0,5.0,14.0,1,0,bronze
1e81e9225f5ee14fe675197a5ee8b337,74.59,1,74.59,4.0,4.0,0,0,bronze
1e83e8a44b09e206e093c7b486573672,422.56,1,422.56,1.0,18.0,0,0,gold
1e85d1d3ecbe271f8410d13ce6bc189f,50.68,1,50.68,5.0,12.0,1,0,bronze
1e8ae2128137cd86fb6cc9d0445fcf7c,417.55,1,417.55,4.0,42.0,0,0,gold
1e8b30d6e210ba8ec1f3d0fc9da014da,210.73,1,210.73,5.0,10.0,1,0,silver
1e8cca7349206e0b563c2c4cf326d8ab,363.55,1,363.55,4.0,6.0,0,0,gold
1e9fcfb163cbbb23c71dabbd9167f73d,88.19,1,88.19,4.0,8.0,0,0,bronze
1ea1838176ad1d3fade10cc835297e85,207.24,1,207.24,1.0,,1,0,silver
1ea5fb5787c5b2dd073d39870b9fcdcd,308.42,1,308.42,4.0,22.0,0,0,gold
1ea89c76861f8d24f1b29f19568cd176,149.19,1,149.19,5.0,14.0,1,0,silver
1eaad07729f8be9fda642087be10056d,25.5,1,25.5,5.0,7.0,0,0,bronze
1eb6f015c37dc8e3f5b531fbca809a49,1843.85,1,1843.85,1.0,26.0,1,0,platinum
1eba2c022ae2202d0999a7c547671f7f,112.34,1,112.34,1.0,39.0,1,0,silver
1ec5df023b06830ce9f97595b72ba625,95.1,1,95.1,4.0,14.0,0,0,bronze
1ed5f142661881ff90229873b5c0df18,67.62,1,67.62,5.0,30.0,1,0,bronze
1ed8e966f81f1696c0ac0d7be843db8a,153.01,1,153.01,5.0,7.0,1,0,silver
1edf4deb02241e161f8364b5f3ba3b06,311.19,1,311.19,1.0,,0,0,gold
1ee25b4dd2916ecfc643f05ae869b8d3,50.77,1,50.77,5.0,2.0,1,0,bronze
1ee38c48e009ccc32f5ab7fd7ee65650,172.84,1,172.84,5.0,11.0,1,0,silver
1ee9e5c4b6f552e34fdd8a64d98f56c5,76.08,1,76.08,5.0,13.0,0,0,bronze
1eeab563ee7a786bff818839874fba3f,415.78,1,415.78,4.0,17.0,1,0,gold
1ef2f8b84b3cba05855545590e365e65,85.22,1,85.22,5.0,32.0,1,0,bronze
1ef771a737cd7ccbbb5407906939629e,445.55,1,445.55,5.0,12.0,0,0,gold
1efb4a0f5e6617e5441eb67e2a176067,71.82,1,71.82,1.0,18.0,0,0,bronze
1f085946ebcb56e5ea64b0b902e1cc8b,40.69,1,40.69,4.0,12.0,0,0,bronze
1f12669320234d7995d1651289fa2b26,121.28,1,121.28,5.0,17.0,1,0,silver
1f1d8d0ec01ab143642c72a223f1d809,76.08,1,76.08,4.0,13.0,1,0,bronze
1f33de2860252339c526feb6de7f1b91,59.13,1,59.13,3.0,28.0,0,0,bronze
1f384d009ea1f061ecdf85fe6838173a,88.72,1,88.72,5.0,4.0,1,0,bronze
1f3f06e1c78c064d127de4a8326baeed,50.35,1,50.35,5.0,7.0,0,0,bronze
1f44054faaecb5ba43ca49625fb81767,43.07,1,43.07,5.0,7.0,0,0,bronze
1f4b29fb78faa282b122b491ce721aaa,91.64,1,91.64,5.0,15.0,1,0,bronze
1f4dd20e59017acccdc1888bd80fd381,32.59,1,32.59,5.0,5.0,1,0,bronze
1f508e60fbbe74dbec28e4013599d0ff,121.79,1,121.79,5.0,11.0,1,0,silver
1f53a28536539df3fecec45ae1e212e8,445.19,1,445.19,5.0,8.0,0,0,gold
1f577f9d2fc2b5baa6d19772989201f2,43.77,1,43.77,5.0,3.0,0,0,bronze
1f730c825bb084addd4914f9c2390f35,370.8,1,370.8,5.0,16.0,1,0,gold
1f76cf66bda003e9c7d11707e524f0c0,46.69,1,46.69,4.0,18.0,0,0,bronze
1f76f5c883109a343cca6b54c0303144,371.18,1,371.18,5.0,15.0,1,0,gold
1f7e585f18385c15b191a1f9dd84639a,34.0,1,34.0,4.0,15.0,0,0,bronze
1f90117a847636892e3c5bf569f2ac68,78.01,1,78.01,5.0,1.0,1,0,bronze
1fb0de25fc442a05a520c93456c1e8b3,133.28,1,133.28,5.0,5.0,0,0,silver
1fb38e71af7bc75c40a5e8ac80d3d748,168.57,1,168.57,5.0,16.0,1,0,silver
1fb4e98c0aae3e305ae81c7606682c81,74.03,1,74.03,5.0,4.0,0,0,bronze
1fb5d705be4f16c21d22e60490d450b1,181.6,1,181.6,4.0,5.0,0,0,silver
1fb84a60c9099e27d462a721abf71191,121.9,1,121.9,5.0,7.0,0,0,silver
1fbe4120c3f85b23463f637223a3003e,102.22,1,102.22,4.0,7.0,0,0,silver
1fc15ac51becba15ac7765025b7cf9bb,98.46,1,98.46,5.0,14.0,0,0,bronze
1fc82729e465372e65390083c1ff22fe,77.57,1,77.57,5.0,15.0,1,0,bronze
1fcc678e05cac2f2cf25563977d488c7,213.83,1,213.83,5.0,13.0,1,0,silver
1fd2a9687047f9b9644852f25dc8aa65,109.74,1,109.74,5.0,2.0,0,0,silver
1fd4f857b3f68f5622ebde22e2b328a6,31.22,1,31.22,5.0,12.0,1,0,bronze
1fd6006d97db2e063cb7ca06de81208e,130.56,1,130.56,5.0,12.0,1,0,silver
1fd6d165ffdb52c44756353c668e4a5b,124.13,1,124.13,5.0,7.0,0,0,silver
1fd757ea0752b06b76e96094d3535f58,72.57,1,72.57,5.0,17.0,1,0,bronze
1fd8862a2eff56f95aaf5ebbb5619971,176.75,1,176.75,3.0,7.0,0,0,silver
1fe0c3bcd0086ad7fe437508c22d93c2,84.69,1,84.69,5.0,13.0,1,0,bronze
1feb5dc3a11a657cdd12b1cbaed93f65,140.78,1,140.78,4.0,17.0,1,0,silver
1fecbdd138569a232889e77a0a30f08b,67.46,1,67.46,5.0,13.0,1,0,bronze
200bde58aaed3d1f53a6816ae147f9ce,153.9,1,153.9,5.0,6.0,1,0,silver
20134a16b116e15ae14d29d8511ff81e,75.45,1,75.45,4.0,11.0,0,0,bronze
201b506ed6f89c9de7c4fbfeea94ab59,95.64,1,95.64,5.0,15.0,1,0,bronze
2021fee8566e7160397d06a1b4e96a17,115.31,1,115.31,5.0,7.0,0,0,silver
20225a49ea833f6127532ed78c516c0f,75.07,1,75.07,5.0,13.0,0,0,bronze
20262965ae07d2db3b197caaa56a623e,54.01,1,54.01,5.0,9.0,1,0,bronze
20594fdc17c82450f53730cd72ce04c3,165.64,1,165.64,5.0,19.0,1,0,silver
205d8701b809013966cd74db33807954,153.01,1,153.01,5.0,2.0,1,0,silver
20681391edaed7eccd918d4a74f8a570,133.81,1,133.81,3.0,16.0,1,0,silver
20688d09e8fcae9548135adcf702d36d,119.84,1,119.84,4.0,22.0,0,0,silver
2077f7ec37df79c62cc24b7b8f30e8c9,93.13,1,93.13,5.0,8.0,0,0,bronze
2078ab49ca3a7a93558aeb49700a1a1e,49.13,1,49.13,1.0,11.0,1,0,bronze
20802dd4d187913c6d5b2b8f605bb817,176.85,1,176.85,3.0,13.0,1,0,silver
208fe9aa6033a77419f8f503b7698e03,188.64,1,188.64,5.0,7.0,1,0,silver
2094db3750c971321e615977643b03b2,169.73,1,169.73,5.0,19.0,1,0,silver
2096056b14a7360e261fa10b778563bf,196.5,1,196.5,5.0,7.0,1,0,silver
20998bddec67bba3cc5765fc21ed6f89,71.56,1,71.56,5.0,4.0,0,0,bronze
2099df74d91e10c00c34ad14edda6bd0,230.32,1,230.32,5.0,11.0,1,0,silver
209d7897e0f660d10ff4cf99b7aa1dda,175.4,1,175.4,2.0,11.0,1,0,silver
20a7563d472a9ac62e08f4de6ffe0415,91.99,1,91.99,5.0,16.0,0,0,bronze
20a8698f41f83c2bcc9c20b6a2deaaee,110.03,1,110.03,5.0,20.0,1,0,silver
20afb5e47a145730fe9e8c081318e71c,48.95,1,48.95,4.0,7.0,0,0,bronze
20c9ce430a60801a1bec25d1bdf93142,71.13,1,71.13,5.0,8.0,0,0,bronze
20cf0f5fd07b067c7a0dc4cc7eb04944,44.27,1,44.27,3.0,26.0,1,0,bronze
20cf7edff7e4ef60eb4564297ee0f65e,47.0,1,47.0,3.0,11.0,0,0,bronze
20d46a04271bd5a15261b349d9f9a2dc,66.39,1,66.39,5.0,8.0,1,0,bronze
20d55aefec63f14a88817c6c28125682,447.91,1,447.91,3.0,18.0,0,0,gold
20d8a6a96bd3f57a4d289c8166122c45,596.27,1,596.27,5.0,17.0,1,0,gold
20e0ac6b53ce949068aa86ddb08a50fc,33.4,1,33.4,1.0,32.0,0,0,bronze
20ea80f41970eeef262ab9d652ed5255,222.86,1,222.86,5.0,25.0,1,0,silver
20f22bfddcbd75ca3a2e801701b58eb4,176.53,1,176.53,5.0,17.0,0,0,silver
20fe2c0c8076da1a21ae3f3108844fa3,127.99,1,127.99,5.0,6.0,1,0,silver
210a704bd4f043b12bfcb01aaa7390f4,65.05,1,65.05,5.0,7.0,0,0,bronze
2111a9c3d770c0518ba59d5beb22a078,158.52,1,158.52,5.0,9.0,1,0,silver
2112a0394549033611b13d8056a1698f,94.99,1,94.99,5.0,9.0,0,0,bronze
21148014d862cc7a041d3d67ac651cf5,45.61,1,45.61,5.0,8.0,0,0,bronze
2119a2791dbe7153654dced771ce25e7,308.72,1,308.72,4.0,12.0,1,0,gold
211aaecea827d378c879c2b2f667c89d,210.28,1,210.28,5.0,2.0,1,0,silver
212c759d8c4f2d4d9d6fd4c7de0afbb3,153.52,1,153.52,5.0,10.0,1,0,silver
213489684133d855d27b9ae5661b468d,227.01,1,227.01,5.0,8.0,1,0,silver
21386d063ddd1d5e1b0537f33f32a11d,25.71,1,25.71,5.0,6.0,0,0,bronze
213de1d3f3a73d86ca340fe4ad909f3d,35.96,1,35.96,3.0,23.0,0,0,bronze
2143f35e9d8dffecd49d0bb2d860b6ac,52.18,1,52.18,4.0,24.0,0,0,bronze
214d4e74738e2c03bcb4f6bbe69a20bf,99.24,1,99.24,5.0,6.0,1,0,bronze
2157586e083812fbdd11c89877b7c37d,58.79,1,58.79,5.0,4.0,0,0,bronze
215a9975430b79bfc8e836ca2dcffb92,347.31,1,347.31,5.0,7.0,0,0,gold
215f259930550e6cf391072c5dd72cc2,116.94,1,116.94,5.0,9.0,1,0,silver
216488bb7fe19d4c1044ac25d62eee53,70.89,1,70.89,5.0,5.0,0,0,bronze
216c37b48c36a491822086d49c226b1a,31.38,1,31.38,4.0,5.0,0,0,bronze
2174266e52ebdd52f931b2b3396129f3,34.0,1,34.0,5.0,19.0,0,0,bronze
21847820266c73e9c86cbb702e2ee3f2,302.91,1,302.91,3.0,6.0,1,0,gold
218dcc9dc815bba457bd8b2fc03c5d96,165.67,1,165.67,5.0,9.0,0,0,silver
219129d6ffe3b9ff5364f9978392189c,92.8,1,92.8,4.0,11.0,1,0,bronze
219dbe91a40560b6acf7df58ad0d029b,50.29,1,50.29,5.0,4.0,1,0,bronze
219e17c492a20599578c4f0f3a5cec06,76.89,1,76.89,5.0,10.0,1,0,bronze
21a451fd339c60664a3e4bc19ec4f61a,98.62,1,98.62,4.0,5.0,1,0,bronze
21a4ea34876c908b478ae3113488c362,63.9,1,63.9,1.0,4.0,1,0,bronze
21a9117f4f2d0eef9bece51e17bf1b71,107.17,1,107.17,5.0,9.0,0,0,silver
21aeb1983c7c9bb52846612aec1ba3de,49.21,1,49.21,5.0,12.0,0,0,bronze
21b847d9afcb17af2015bdfeb9b64129,111.79,1,111.79,5.0,4.0,1,0,silver
21b8b4dbc28ebddd0fc8b50fd5a2ba55,189.37,1,189.37,5.0,9.0,1,0,silver
21bde4e982c4681021edabb899bcebfe,1271.98,1,1271.98,2.0,16.0,1,0,platinum
21c008a3391c524e97b5c6210503fc4a,567.3,1,567.3,5.0,8.0,1,0,gold
21c3cb2e65b7575d9e079f7be7987d3c,43.79,1,43.79,5.0,16.0,1,0,bronze
21c746e9ba5ae5956248b2db75515483,66.57,1,66.57,5.0,2.0,0,0,bronze
21d2d2a8120b8d9a6b5642ddd53d14fc,140.22,1,140.22,5.0,8.0,0,0,silver
21da1ed023e8748fc0716785be815825,320.61,1,320.61,4.0,26.0,1,0,gold
21e4c94da32ccfb90343dfb175896bda,129.66,1,129.66,4.0,6.0,1,0,silver
21ecf7a5d273f14a1a691b040bd4f0ab,173.89,1,173.89,5.0,11.0,1,0,silver
21f3e8fc2cbd789feeb985a80f6a55b1,107.79,1,107.79,4.0,10.0,1,0,silver
21f8380c328a63d3b44d25da17545860,175.57,1,175.57,4.0,28.0,0,0,silver
21f86e97c14e9524ace161a8c9decf5a,108.67,1,108.67,1.0,8.0,1,0,silver
2202cf37183293dc64aead107eef1784,45.01,1,45.01,5.0,16.0,0,0,bronze
2206af8118157cf98f8718a823bdf9c7,213.56,1,213.56,3.0,9.0,1,0,silver
220eab5a5583419cbe92c023d67eb382,69.18,1,69.18,,13.0,1,0,bronze
221307c4fbd9b8763b52ae5cb3384e1c,37.56,1,37.56,5.0,4.0,0,0,bronze
2217c7e0ecc67ae53ab2a1b7c4c73fde,88.03,1,88.03,3.0,8.0,0,0,bronze
221d59abddcd719f3ec72c50078b9e31,75.68,1,75.68,5.0,5.0,1,0,bronze
22259e5811897acb32be121c6c959644,422.03,1,422.03,5.0,12.0,1,0,gold
2228cfefa3c3eed6a307ef4b5954a562,82.03,1,82.03,1.0,31.0,1,0,bronze
223599228dfa6b29974a5e2b57f5d3b2,130.57,1,130.57,1.0,52.0,0,0,silver
2237c4321f61f817baf94569f2cdef5c,27.71,1,27.71,3.0,7.0,0,0,bronze
22402241a536f3b7f3379cb89384565c,69.04,1,69.04,5.0,5.0,1,0,bronze
22410ef756f7df460c6b53b54f4f507d,19.29,1,19.29,5.0,3.0,0,0,bronze
2255a2593ed005fd945306b8783f7416,65.9,1,65.9,5.0,23.0,1,0,bronze
225f33b719e0dffa058cf6485e08fecc,171.44,1,171.44,5.0,7.0,1,0,silver
226d199a40aad52319f9dba92f46db66,90.27,1,90.27,4.0,9.0,0,0,bronze
2273edfcec0422fe9279dacac772e931,39.54,1,39.54,5.0,9.0,0,0,bronze
22745c06a87ddc1142c22ce98c5bf8d1,70.04,1,70.04,4.0,13.0,0,0,bronze
227470d09f55bb503c07f9450457ff2d,741.75,1,741.75,5.0,11.0,0,0,gold
227675326428f2fb58b06ae858ac3846,102.69,1,102.69,5.0,4.0,0,0,silver
2276826960ad5a23a0f17bc47bf49880,55.09,1,55.09,5.0,13.0,0,0,bronze
22798a8a350257e467e7c1b050c321c8,172.55,1,172.55,5.0,2.0,1,0,silver
227dee340139e8c2f57bf05bcb1246f8,394.31,1,394.31,5.0,9.0,1,0,gold
228c75d15c8f698421ff1b706eb0d966,67.22,1,67.22,5.0,10.0,0,0,bronze
22932946006cc806936d512cf78e060f,35.77,1,35.77,5.0,2.0,0,0,bronze
229d029f241c7e742bc0614d8113e4e2,57.78,1,57.78,5.0,6.0,0,0,bronze
22abb23a37bf693f3f66fecb4232c136,376.45,1,376.45,4.0,15.0,1,0,gold
22ae472296b9bcc82fadf28f1568f4f8,66.91,1,66.91,5.0,17.0,0,0,bronze
22b05429f5f6165b033dd8ee7cee1150,165.83999999999995,1,165.83999999999995,1.0,7.0,0,0,silver
22b1e61cf2f5dc1557c5d9f6e92e27aa,63.6,1,63.6,5.0,12.0,1,0,bronze
22b34225782cfc9df038af966053dd91,118.96,1,118.96,5.0,2.0,1,0,silver
22b511da0f3532c4593a71a9e4381be1,490.53,1,490.53,1.0,16.0,0,0,gold
22b8c68f32b228814016585fa5e3eea3,243.11,1,243.11,5.0,6.0,1,0,silver
22c2b62e32db92882cd409bc993d9749,68.82,1,68.82,4.0,9.0,1,0,bronze
22c61e08d36892044a2ae55337461169,178.23,1,178.23,5.0,3.0,1,0,silver
22d58ff974f5b038be39be8df0434e35,61.78,1,61.78,5.0,10.0,1,0,bronze
22dab429c0bfcf456d9a05f9e2b509ee,32.96,1,32.96,5.0,9.0,1,0,bronze
22e2a6909c8debb64e8560df49a25260,245.12,1,245.12,4.0,9.0,0,0,silver
22e3532b0ba6ea86eeb245602282ffa1,397.53,1,397.53,,11.0,0,0,gold
22f05da842a3f31856aeb242207abb0c,147.29,1,147.29,1.0,20.0,1,0,silver
22f6af8201369f9eb96592db3142b9c2,402.56,1,402.56,1.0,35.0,0,0,gold
2306533ed96be8166f935a6061c2ff01,68.59,1,68.59,4.0,15.0,1,0,bronze
230b4f507363554472ce5dc51568c948,47.62,1,47.62,4.0,5.0,0,0,bronze
2318e0ee6ae8184c5d4aebf3ad338203,131.26,1,131.26,5.0,7.0,1,0,silver
231d7c4162f5f1fb24a3066d21f6bd67,27.68,1,27.68,2.0,3.0,0,0,bronze
2323ee19bc3910dcf3b901dde33754de,358.83,1,358.83,4.0,9.0,1,0,gold
232446d0f746e3bd076d1072135e941f,137.6,1,137.6,2.0,21.0,1,0,silver
23251e835cf26f5171a896b505025a01,32.0,1,32.0,5.0,7.0,1,0,bronze
23280ccfac94b7bc3fb94ae94adbca26,337.51,1,337.51,3.0,29.0,1,0,gold
2329201bd8c3ed28729e118c40b67ffc,38.98,1,38.98,5.0,3.0,0,0,bronze
2329e176e6fa26919d55839e0421906f,208.09,1,208.09,5.0,6.0,0,0,silver
2333828ee788c93301aba0c40bc79a39,529.54,1,529.54,4.0,6.0,1,0,gold
2333aaab5194813686b0f3971a4615db,20.38,1,20.38,5.0,6.0,0,0,bronze
23347d6396d1cc145f964548816b90fd,89.91,1,89.91,5.0,9.0,0,0,bronze
233c8f191c45cef30af148a82ac70020,90.28,1,90.28,5.0,11.0,1,0,bronze
233e5d96500f59984c19ecc4b6883ed6,218.96,1,218.96,1.0,14.0,1,0,silver
234213b42f54101ed82af417d4274ad3,34.0,1,34.0,3.0,10.0,0,0,bronze
23590c2eb8f2bf0c195c08ceb5f00658,53.58,1,53.58,5.0,4.0,0,0,bronze
23605dce972b195b2955d4d2b99430f1,198.03,1,198.03,4.0,10.0,1,0,silver
2361a519ff65f05ce4fe9282ef76b5cc,98.15,1,98.15,5.0,5.0,1,0,bronze
2361c29faa7eef8c0f3ad921a2d9657c,123.25,1,123.25,3.0,14.0,1,0,silver
2362e48b42786303ad71363c2af5d58d,107.42,1,107.42,5.0,8.0,0,0,silver
236bc753fd717415829966772fd12d58,258.03,1,258.03,1.0,,1,0,silver
2385022f396a4576e03f4029beef4004,123.67,1,123.67,5.0,2.0,0,0,silver
23896bdc733fd3499952f52a390a160f,120.64,1,120.64,5.0,3.0,1,0,silver
23916bba358a757bc1a2962315e9ad15,188.55,1,188.55,5.0,15.0,1,0,silver
2393b0be836de088aee0361692ed6b41,44.09,1,44.09,4.0,17.0,0,0,bronze
2394cb19e85fbde68fca1939414879fa,100.35,1,100.35,5.0,6.0,1,0,silver
239cb3a266040f65b1bc755f18325ee8,226.24,1,226.24,5.0,14.0,1,0,silver
23a37f309015b9c6d25358158567209b,110.51,1,110.51,5.0,7.0,1,0,silver
23a483df82cc141b1b260e5d4ac6fae0,51.78,1,51.78,4.0,24.0,0,0,bronze
23ae1bfb4297222c1b522172809a7ca1,116.56,2,58.28,5.0,2.0,2,1,silver
23b2faaeb690cf9b27506bcaceaaf40a,127.41,1,127.41,5.0,13.0,0,0,silver
23b38ab82b8bcb3dad15aa9140ed82af,20.03,1,20.03,4.0,7.0,0,0,bronze
23bbb511d740ddcac393e1990f2ce843,38.13,1,38.13,4.0,15.0,0,0,bronze
23c1c967ad19882d54a03b18e304fb1d,287.56,1,287.56,5.0,13.0,1,0,silver
23c313fdac8a653b80dd4bdcaf4064a6,40.84,1,40.84,3.0,6.0,0,0,bronze
23c39e7d9bf15bbab631d325550e83dd,62.39,1,62.39,1.0,16.0,0,0,bronze
23d400ad6551160747b6372767a586bc,155.63,1,155.63,4.0,10.0,1,0,silver
23d4170a35eee4611945183a4ae92a50,131.99,1,131.99,1.0,,1,0,silver
23d79f5efab47bee80aee4e351829b74,144.66,1,144.66,1.0,38.0,1,0,silver
23e38c831464ff59f1b93adb63cfcfc2,167.19,1,167.19,5.0,9.0,1,0,silver
23e80fe70674c3b89cc1616a7873078e,72.76,1,72.76,5.0,7.0,0,0,bronze
23f9e36d85a8b2fcca3dfb9a75c69c3c,40.72,1,40.72,4.0,5.0,0,0,bronze
2401d5abf19960617a682ce17d30139f,23.69,1,23.69,2.0,20.0,0,0,bronze
240f8b8a71d0eed942b62661cb593ab8,42.41,1,42.41,5.0,10.0,1,0,bronze
240f980f7c03e873c538e86792646919,315.17,1,315.17,3.0,15.0,0,0,gold
24115a0c9fc9115c586e54fd5f42e8d1,37.28,1,37.28,4.0,3.0,1,0,bronze
241c823bc40b844874ac22c62238e740,51.22,1,51.22,4.0,19.0,0,0,bronze
243a13817da930ae2d53ec46b181a2ec,158.2,1,158.2,4.0,17.0,1,0,silver
243b20ebf709615111e1151da9995cfc,98.34,1,98.34,5.0,10.0,0,0,bronze
24423978433c1d8c3958db4b0fceb637,327.31,1,327.31,1.0,29.0,1,0,gold
244ffde1b09f71f6f43e03d989465ec5,46.84,1,46.84,5.0,7.0,0,0,bronze
245893d21e95542564c17f06bf854972,73.34,1,73.34,5.0,18.0,0,0,bronze
24706c6b28bdb36fe53c7c003c99d492,163.64,1,163.64,5.0,18.0,1,0,silver
2473904a8137a18d62708aa89dc3b7cc,96.32,1,96.32,5.0,11.0,1,0,bronze
2476158e47757b20c1b5a54735d646f8,77.57,1,77.57,4.0,10.0,0,0,bronze
2489c390a6cb1de08e1e8fe45df18ae0,47.06,1,47.06,1.0,13.0,0,0,bronze
248c08a4db07e08b2ebca9196b69570b,324.82,1,324.82,5.0,10.0,0,0,gold
2493e9c5704488199ece804dc7773312,267.51,1,267.51,2.0,22.0,1,0,silver
2494ddfd6d3fd5c5b168d65ff042b368,32.37,1,32.37,4.0,7.0,0,0,bronze
249749451a0cae7e2de98adce5811f02,102.02,1,102.02,1.0,9.0,1,0,silver
249b48a20efde792c74600e425d40ca3,291.16,1,291.16,1.0,24.0,0,0,silver
24a305ebd4a90674972ca0db342eccd7,146.02,1,146.02,1.0,8.0,0,0,silver
24a366843796b68f1fc06adc4bc28b06,37.09,1,37.09,5.0,13.0,0,0,bronze
24a795d141018d55ce96ad22d8307775,87.72,1,87.72,5.0,12.0,1,0,bronze
24a97b56158eb5f55b2840923c8c90d9,163.53,1,163.53,5.0,10.0,1,0,silver
24adbd7fdcdb53fd8d8694f1e1ee2592,147.25,1,147.25,4.0,17.0,1,0,silver
24ae3ca4f4aa8eb792a23effef426d63,179.15,1,179.15,5.0,8.0,1,0,silver
24b4663e9ed08d1cf20ab7767b3250a3,87.43,1,87.43,5.0,11.0,0,0,bronze
24b527c8ed302795d172d4804f433f61,65.0,1,65.0,5.0,6.0,0,0,bronze
24b9d3a7b1801c16a1fd57cec129eef1,73.27,1,73.27,5.0,19.0,0,0,bronze
24caecc7bc5818872f110b8b262ef953,98.82,1,98.82,5.0,4.0,0,0,bronze
24cb02db7e047061d650d4849d26db6f,265.49,1,265.49,4.0,15.0,1,0,silver
24cd37bf2e8fad096bc0b807541311db,57.16,1,57.16,4.0,12.0,1,0,bronze
24d9e83fe11e4390b69e1afb2b93f5ee,175.87,1,175.87,5.0,17.0,0,0,silver
24ff41997b5dd6b39d3dd6a38de4f9ba,78.54,1,78.54,5.0,4.0,0,0,bronze
25044c137c37fe75371f41318164d2e3,123.59,1,123.59,3.0,42.0,1,0,silver
2509f289867ea537c35c985c5c46bab4,54.22,1,54.22,5.0,13.0,0,0,bronze
250f0c9949d3f4fa2ad7f47d524c63bf,45.09,1,45.09,5.0,11.0,0,0,bronze
25104d84ead4dc8dc8d6192c77533cfd,45.0,1,45.0,2.0,13.0,0,0,bronze
2516ee1e7a05ad6a405d7894fa6339bd,101.7,1,101.7,4.0,24.0,1,0,silver
251e2b5f0f765503f7a20ee1dd259b40,103.06,1,103.06,4.0,7.0,0,0,silver
251e658613a224723f8a077946183b20,29.24,1,29.24,4.0,3.0,0,0,bronze
251fe896b938a0b3a2892d5b6ce68cbe,50.1,1,50.1,5.0,8.0,0,0,bronze
25220bbe438a290a7448d2ffd9d68938,149.73,1,149.73,5.0,18.0,0,0,silver
2524783703dfbce0f0ef22c6988a2c6a,55.91,1,55.91,4.0,8.0,1,0,bronze
25273a364003c6166d31e55f1a26a753,272.02,1,272.02,4.0,20.0,0,0,silver
25281ef35fe56051d768115d5b65cc9e,40.42,1,40.42,1.0,23.0,0,0,bronze
252c23c8656dd3249b0ab1a8eaa9af21,67.83,1,67.83,3.0,16.0,0,0,bronze
2532a25b336ef0fd1f37790a7f0ab16c,47.81,1,47.81,3.0,14.0,0,0,bronze
253398dda9ac868e48c23d933ccf53f2,155.63,1,155.63,5.0,10.0,0,0,silver
253a63a026e59e4e13818379476836b5,296.71,1,296.71,4.0,21.0,1,0,silver
253d899ff7a011b26c16ac66cdca07de,52.85,1,52.85,4.0,8.0,1,0,bronze
2552194579775fed6641fa5f56152e0a,354.35,1,354.35,5.0,7.0,1,0,gold
2554ff0cffbc4eb10d6b71f41b3428eb,80.21,1,80.21,4.0,21.0,1,0,bronze
255b822fc8eed53ced1274388e85a07a,39.24,1,39.24,5.0,5.0,0,0,bronze
256187f83f10d50f61e0e565943d2687,50.69,1,50.69,5.0,6.0,1,0,bronze
2563f4f4247f47f05a987635b3189f86,149.36,1,149.36,5.0,29.0,1,0,silver
25676a647b2252234c4f6e4049ace7a8,366.19,1,366.19,5.0,14.0,1,0,gold
256d621fe9d3e38f1cda7f6dba0ee9db,29.6,1,29.6,5.0,14.0,0,0,bronze
2570d167ddea00454cd45ced0222d6b1,238.49,1,238.49,1.0,26.0,0,0,silver
2571f41727577645737ff6b834e9043b,30.06,1,30.06,5.0,6.0,0,0,bronze
25728236d8bf12a519005be375c5fa2f,186.79,1,186.79,5.0,13.0,0,0,silver
2580972c3ec1cbbb77a591613453d925,183.9,1,183.9,5.0,10.0,0,0,silver
2592816433dfbb3051af91ba91625de5,166.67,1,166.67,1.0,,0,0,silver
25a560b9a6006157838aab1bdbd68624,33.95,1,33.95,4.0,12.0,0,0,bronze
25aaba9edaf948bb0b0af688266934e8,95.21,1,95.21,3.0,18.0,0,0,bronze
25ae9abe0b78d72df39294a640db19ad,66.67,1,66.67,5.0,15.0,0,0,bronze
25c436221b7a9ab7efaefd486dbc1386,67.91,1,67.91,5.0,11.0,0,0,bronze
25c9ba5140353f3ec91f1b6899c9c0f6,72.33,1,72.33,5.0,5.0,0,0,bronze
25cc177af76414e81821879fc131bfd0,44.5,1,44.5,5.0,5.0,0,0,bronze
25db0aea3768d5c92f219f5177596da3,95.3,1,95.3,5.0,12.0,0,0,bronze
25ddba9d3db5783d52dc8c313bdd426f,99.15,1,99.15,5.0,13.0,1,0,bronze
25e777336d73c50a0d611a4e25330f46,47.13,1,47.13,5.0,13.0,0,0,bronze
25e8912d19240df7c992f0bc0f61ee2a,231.27,1,231.27,5.0,23.0,1,0,silver
25f2a384fa2be0af7d759ec22bd5e88e,648.82,1,648.82,1.0,44.0,1,0,gold
25f3cf83109f636d52d288fa4e797111,42.11,1,42.11,4.0,7.0,0,0,bronze
25fbb31a9310a9acfabda306a3db531e,44.1,1,44.1,4.0,16.0,0,0,bronze
26021fbea24c3916e675f0dceb0951d9,90.84,1,90.84,5.0,8.0,0,0,bronze
260f3bae3d84019a16a88fe615d6e387,45.13,1,45.13,5.0,5.0,1,0,bronze
2615f18f801b0156237b068570d64217,1354.8,1,1354.8,1.0,,1,0,platinum
26170a5e8f31f5e09213541d2adba760,214.03,1,214.03,4.0,5.0,0,0,silver
2619126b7e6621e9681aa9095ee97ef8,82.55,1,82.55,5.0,11.0,0,0,bronze
261a77b834475d007b26b16494d7bcbf,62.77,1,62.77,5.0,2.0,0,0,bronze
261e8255730ab49376999aaa118e65b0,121.99,1,121.99,5.0,8.0,0,0,silver
26292c7f6cab5326ad3170e414cc8f44,236.28,1,236.28,4.0,12.0,1,0,silver
2630602e9535f2b5347b3e9fc77eab65,59.03,1,59.03,1.0,45.0,1,0,bronze
2644d64a6ba0347f7a944147e64ea263,103.06,1,103.06,5.0,15.0,1,0,silver
264a20874923afec499b9734e81037dc,266.75,1,266.75,5.0,9.0,1,0,silver
264ced2a97dc696bd8355207822e8182,556.01,1,556.01,5.0,14.0,1,0,gold
264e347a4d5ccf09fa76c10fdcc512eb,76.85,1,76.85,4.0,15.0,1,0,bronze
264f4cb827da92a17f8296f54595aecf,57.23,1,57.23,5.0,50.0,1,0,bronze
265e5337c41b4ea994cd62f8a1ac26df,172.52,1,172.52,3.0,9.0,1,0,silver
26614c2dfb78a66f819d499265b75a44,298.22,1,298.22,5.0,14.0,0,0,silver
266533c4a6d91469a97234c540a99fbb,128.14,1,128.14,5.0,6.0,0,0,silver
26832dc76d1a05cc0972247fb1bdcdf9,34.09,1,34.09,5.0,10.0,0,0,bronze
2688e5303908546d7c3a496c9b6889ee,187.34,1,187.34,1.0,16.0,1,0,silver
26936d6611abe8a6db5f13e2c425338b,74.64,1,74.64,2.0,9.0,1,0,bronze
2697ebd7aa79632e3720ac2c025c82b3,893.12,1,893.12,5.0,4.0,0,0,gold
2699b77563fd2f76debf0cf2111d5c2d,347.06,1,347.06,,,1,0,gold
2699c84172e7610171dca87d920480ad,104.41,1,104.41,4.0,14.0,1,0,silver
26a8ec155c12a8d5f20a77149f7d418b,165.03,1,165.03,4.0,21.0,0,0,silver
26a8f651c4b6734e400909611ad586f4,66.0,1,66.0,5.0,4.0,0,0,bronze
26a9401fa4e6ec700b7a7fce51d984ec,81.72,1,81.72,1.0,13.0,0,0,bronze
26a9b95058d46f1e6a685688355a1cdb,111.17,1,111.17,5.0,9.0,1,0,silver
26bd7ff72019d963bdbc6c092f81d3ee,41.96,1,41.96,5.0,10.0,0,0,bronze
26ca20ff263502c115769540069e351f,67.3,1,67.3,2.5,17.0,0,0,bronze
26ce036d768b727192359b729f87ad32,176.12,1,176.12,5.0,3.0,1,0,silver
26d4a4340a49c67056eda4b53ef6192b,33.56,1,33.56,3.0,23.0,0,0,bronze
26dc89c9859432057153824b8191db2d,324.78,1,324.78,4.0,7.0,1,0,gold
26e1950e80682b67d9c39003f5bcea80,86.15,1,86.15,3.0,28.0,1,0,bronze
26e86d4e15fb994dc778032a32566867,79.1,1,79.1,5.0,35.0,1,0,bronze
26ee6866e32b3a70b86545f99bcafe8f,373.37,1,373.37,5.0,9.0,0,0,gold
26ef82554d12997374cb696193b9c415,234.34,1,234.34,5.0,3.0,1,0,silver
26fe58cca8d12c853839d4e777a1844b,157.22,1,157.22,5.0,19.0,1,0,silver
2705430e1e6f8d47e3774ec145703860,196.1,1,196.1,5.0,4.0,0,0,silver
2706381a92441555f6055998fef0b71d,27.38,1,27.38,5.0,10.0,0,0,bronze
2707694d2e0e2505aa0e5aae6bf6d936,109.56,1,109.56,4.0,7.0,1,0,silver
270b3b73305179f848bbc74e576f2808,32.84,1,32.84,5.0,8.0,0,0,bronze
271a5347ec3fc4388af776e5e07fbd9a,233.04,1,233.04,1.0,22.0,1,0,silver
2722e6b3a05b8ffb366a8f2a363b2e7f,65.61,1,65.61,4.0,15.0,0,0,bronze
2726e5dc94666be0b1fdf08d02eade18,57.19,1,57.19,5.0,5.0,0,0,bronze
2726f9b34dd552604f0a54da34bfab03,46.59,1,46.59,4.0,6.0,0,0,bronze
272a0cfd4ea65bbfc975324df7e1a448,75.84,1,75.84,4.0,8.0,1,0,bronze
272f0ffe236b0bf765e14f5a2b577a6b,80.4,1,80.4,5.0,5.0,1,0,bronze
2733b02828ccc30fa2b580bd68a7490d,68.66,1,68.66,5.0,20.0,0,0,bronze
273f807127210b0849356298746b4ef6,111.83,1,111.83,5.0,2.0,0,0,silver
274ba0b2bd0c833acb3646ddb36b1a03,37.29,1,37.29,5.0,4.0,0,0,bronze
27517ed34c0406fe07b3a806e33cbc10,56.92,1,56.92,5.0,13.0,0,0,bronze
27528cbb4b9112677add723caa6fa5f4,291.37,1,291.37,5.0,9.0,0,0,silver
275962dee6b3dd9150fd53d61b9ac4c7,59.84,1,59.84,4.0,18.0,0,0,bronze
276175229d0061ba2c4e4c6bc1f93d10,274.97,1,274.97,1.0,16.0,1,0,silver
276e32e47925fc3e069f0c821742dcb3,215.06,1,215.06,5.0,7.0,1,0,silver
27726eb47170a981b59b9842f2bc533c,67.59,1,67.59,4.0,12.0,1,0,bronze
2778aca502ff9de17286ac235086a248,55.11,1,55.11,1.0,21.0,0,0,bronze
2780a3f7a7aa899d219b980b1a0faad2,102.35,1,102.35,5.0,6.0,1,0,silver
2781bc57f691b26e1c6727422a069865,176.83,1,176.83,5.0,15.0,1,0,silver
27891f64aa89e1e7a933b2862b583ee4,143.5,1,143.5,4.0,8.0,1,0,silver
278b5ecf13e43351be4735b09b58db8a,51.09,1,51.09,1.0,27.0,0,0,bronze
279856ee4305e463a7969d1ad13f657c,175.1,1,175.1,2.0,15.0,0,0,silver
279f3f41a674c28bd50f61f8b3c20c8b,37.38,1,37.38,5.0,3.0,0,0,bronze
27a79a1c25acfaf04056f8be771fe8b3,170.96,1,170.96,5.0,10.0,1,0,silver
27af82bd44b2906618154ac87b14520c,37.77,1,37.77,5.0,5.0,0,0,bronze
27b830b4a5fae318dc2a635194bc3180,36.23,1,36.23,2.0,,0,0,bronze
27bcc6a34c8d1680d0b37534ca64c09d,242.54,1,242.54,1.0,11.0,1,0,silver
27bf2134b6cdb9bc8946666190a0c4eb,44.75,1,44.75,5.0,9.0,0,0,bronze
27caa98e53666d29364fadfdaaf04146,136.3,1,136.3,1.0,43.0,1,0,silver
27cbfa02d06fde5a0e612721ec5bd891,63.89,1,63.89,5.0,20.0,1,0,bronze
27d766a27b895657f61a7250765c1239,65.35,1,65.35,5.0,3.0,0,0,bronze
27d7f696f79576294166f9d85ec1f293,127.01,1,127.01,4.0,10.0,1,0,silver
27ec5a5eab464ef187941136d80863d7,133.75,1,133.75,4.0,5.0,1,0,silver
27f1c6153ab3f542435d2e60c548c448,36.5,1,36.5,5.0,23.0,0,0,bronze
27fab33474655588a2059ef89d87dfa9,91.57,1,91.57,3.0,6.0,1,0,bronze
28030dc1ac3daef381dc9a980694696c,125.77,1,125.77,5.0,18.0,1,0,silver
2816079b594da012bd4c7928d97117ec,93.48,1,93.48,4.0,8.0,1,0,bronze
2824235fe10091a2eef72b86fbb73c27,148.33,1,148.33,5.0,3.0,0,0,silver
282ce318edf842e6dae50ca6d759f98b,46.0,1,46.0,5.0,9.0,0,0,bronze
283dbe20ec213658329c32dc05277746,97.72,1,97.72,5.0,12.0,0,0,bronze
284d2eeffc71e4a5eb32b22deec74c71,144.54,1,144.54,5.0,12.0,0,0,silver
285ace301d7f34c4a8dfa9d130ba4b5f,98.61,1,98.61,4.0,1.0,0,0,bronze
287329d70d61d570454a7019d25d4f5e,360.38,1,360.38,5.0,7.0,1,0,gold
287de6b37e84b6042b32e6f4c665fb4e,314.66,1,314.66,3.0,6.0,1,0,gold
288e46708730f4af31b2d37e265fbbc9,129.88,1,129.88,1.0,23.0,0,0,silver
2899964371b6266b732cde11a74efbe6,190.0,1,190.0,5.0,12.0,0,0,silver
28a5c002f0b1c5127dbc1ca8858c31c9,121.46,1,121.46,5.0,1.0,1,0,silver
28a73415f02dbe627569c51d50a35f24,47.0,1,47.0,2.0,7.0,0,0,bronze
28a9304bf290dcd1f7f904d623be91cd,260.57,1,260.57,5.0,15.0,1,0,silver
28a9545ffe21521e8fa3870135873d50,100.57,1,100.57,5.0,19.0,0,0,silver
28a99e0c7728232233e8a83754222ec7,182.52,1,182.52,5.0,2.0,1,0,silver
28ad66c8baf13c85d2a936d0b06e73f6,54.06,1,54.06,4.0,13.0,1,0,bronze
28adbfbaf0b9c5e5a0555a8c853a7534,83.69,1,83.69,4.0,10.0,1,0,bronze
28b0b4457de068a35178bbc436db6f78,131.24,1,131.24,4.0,15.0,0,0,silver
28b358cbc7d077bc3bfcc788bade155c,55.24,1,55.24,4.0,4.0,0,0,bronze
28b506334071b7dfadd7bd023d9115c4,51.75,1,51.75,3.0,,1,0,bronze
28b532ed2ae560bc90687b4d466d458b,102.8,1,102.8,1.0,8.0,0,0,silver
28bb17381dcd233eeb29142b4693c257,83.57,1,83.57,5.0,5.0,1,0,bronze
28bdccfb42caab5e4eb2a9295135cc67,231.27,1,231.27,5.0,12.0,1,0,silver
28c7e3fb75d7ce1e496dc539443b71da,253.38,1,253.38,5.0,19.0,0,0,silver
28c870d973fef4cc44351a68ccdd1d0b,118.99,1,118.99,4.0,23.0,0,0,silver
28d542491b651898135c4c7bae5b9a08,53.0,1,53.0,5.0,6.0,1,0,bronze
28e42f3e120527d138764c5244f2bfb4,86.73,1,86.73,4.0,9.0,1,0,bronze
28e8bc8726f48a7499dea689d3f8e0d4,35.82,1,35.82,5.0,6.0,0,0,bronze
28e8e8fba004a0704128902df914271e,842.06,1,842.06,5.0,9.0,0,0,gold
28ecc0917d61cacc4ca1eb61fd9effb8,75.96000000000001,1,75.96000000000001,5.0,5.0,1,0,bronze
28f034be06a1b1ae10dfa42f4c4266b9,33.84,1,33.84,5.0,10.0,1,0,bronze
28f336041a6dc38b53719353255170e5,48.3,1,48.3,5.0,5.0,1,0,bronze
28f80b66e9e383851a63274ed51b72de,145.08,1,145.08,5.0,22.0,0,0,silver
28f8c4895aee05aaa7b148157ecc5b1e,43.38,1,43.38,4.0,5.0,0,0,bronze
28ff242cb466759c1b586a5c77f811f9,278.85,1,278.85,4.0,6.0,1,0,silver
2902aa119b0d5e66be473e52db5d52d6,84.34,1,84.34,1.0,47.0,1,0,bronze
290caae6401545a3337819493aaa8163,139.98,1,139.98,1.0,34.0,1,0,silver
29111a0ab566eb553bcbdade58b01d0c,43.09,1,43.09,5.0,20.0,0,0,bronze
29117ee653ef9e0288e69f930eba308d,67.53,1,67.53,3.0,27.0,0,0,bronze
291a27ec3b888e036ec2a199bd76554d,66.31,1,66.31,5.0,,0,0,bronze
291d020953194db1b8578ff8d9959c62,224.7,1,224.7,5.0,11.0,1,0,silver
291fb0c415fc89510f36967453b24e94,135.04,1,135.04,5.0,7.0,0,0,silver
293288aaefbcbbf0519124d02214114d,36.39,1,36.39,5.0,10.0,0,0,bronze
2942569db1c8f5d7df3e75960804d161,223.1,1,223.1,1.0,10.0,1,0,silver
2943cb28b4bbc9bf82c5cb361e563653,26.79,1,26.79,5.0,4.0,0,0,bronze
294acd07163ef935a1719bacd53c0040,50.0,1,50.0,5.0,10.0,0,0,bronze
294f1ffdd9f4270bafd5feab16f2ac3a,112.42,1,112.42,3.0,2.0,0,0,silver
29518d17896d6a0902847dd45fc11516,36.11,1,36.11,5.0,13.0,0,0,bronze
2952f56adfcd2cb84518197e3d8ee558,276.26,1,276.26,2.0,6.0,0,0,silver
295fd2f87bb3ed940c1d0a6aa5b15a26,134.59,1,134.59,4.0,19.0,0,0,silver
296408bed8761b98c6e1127abc7bd25f,245.19,1,245.19,5.0,6.0,1,0,silver
296808b56f85ae255d58f4b2d0d1649c,115.72,1,115.72,2.0,12.0,0,0,silver
29682242915a222580f388e3515672a4,343.95,1,343.95,5.0,10.0,1,0,gold
2968cb453924e6c2381a1f4320c50e94,166.35,1,166.35,5.0,10.0,1,0,silver
2970ca7132685a4ea52bb8eff3a16c25,31.38,1,31.38,4.0,9.0,0,0,bronze
297aaa5ab5f991ff31b6e2175ea534de,149.96,1,149.96,1.0,12.0,1,0,silver
297b0df27a85a8c6c3ba6600a4142d52,85.81,1,85.81,5.0,2.0,0,0,bronze
2982819bdec3271f3780b6a2ab35692f,100.91,1,100.91,5.0,13.0,0,0,silver
29877a81378fcbf6a85c4520f6e34894,101.74,1,101.74,5.0,9.0,0,0,silver
298a2a12276b2f2ae86d8bc02eadcf07,369.28,1,369.28,4.0,9.0,1,0,gold
298e090e36df72a1e94144ab11f01db4,162.15,1,162.15,2.0,6.0,1,0,silver
29a1187373da1c8f4511e1d5dd6d71da,67.13,1,67.13,1.0,10.0,0,0,bronze
29a75a384924d941f43321d6330f55a5,131.47,1,131.47,5.0,12.0,0,0,silver
29b186723b197669f69b7d63c3e27c07,256.05,1,256.05,5.0,25.0,0,0,silver
29b36e8709db24db3e302e60a2245a1c,65.4,1,65.4,5.0,4.0,1,0,bronze
29b58ab34a2b7a11858c320f7f1da2b7,32.7,1,32.7,5.0,4.0,0,0,bronze
29b909cd71ce43caa89ebfd289dd01e2,202.06,1,202.06,1.0,6.0,1,0,silver
29bea95c72abb63bd9da0018a398b594,40.35,1,40.35,5.0,2.0,0,0,bronze
29ca20390ebb1a670b4f22c0bf757b7c,61.14,1,61.14,4.0,2.0,1,0,bronze
29cf32aa7e303f6d2bb67ccb6be7cac9,171.97,1,171.97,5.0,17.0,0,0,silver
29d56ba9603f96d29d2a776a5b321635,47.4,1,47.4,5.0,9.0,0,0,bronze
29d72fba272ad06ed0b2ac6351da042f,162.3,1,162.3,4.0,14.0,0,0,silver
29e0c2f47d85069627facbbb6b3f0371,186.96,1,186.96,1.0,9.0,1,0,silver
29e3eb2c193ceccf332bb40113bb513c,73.93,1,73.93,5.0,25.0,0,0,bronze
29ef4cf50f1055fb00374424f0ab1870,73.06,1,73.06,5.0,7.0,0,0,bronze
29f4f2e804f0490f213d3ec3c582f3ba,57.99,1,57.99,4.0,2.0,0,0,bronze
29fc545bf16307efd8c6f46c5d1d81e2,59.34,1,59.34,2.0,8.0,0,0,bronze
2a0ac21838f4a0a00c767bbed07de79a,117.86,1,117.86,5.0,4.0,0,0,silver
2a0dd51ad37e1cc0cae4abc53fc189f6,140.08,1,140.08,5.0,7.0,1,0,silver
2a0f96535227947999b8171249b5c0c3,200.61,1,200.61,4.0,13.0,1,0,silver
2a102175b7cf4415a0e53f5daddf4ac7,33.17,1,33.17,4.0,4.0,1,0,bronze
2a116a40565c303c1511a8292ded87cd,24.83,1,24.83,5.0,9.0,1,0,bronze
2a2713562477f28c875ad40f4f69d2a0,315.4,1,315.4,5.0,35.0,1,0,gold
2a3126325a3b3981d40d3662894199e6,97.71,1,97.71,4.0,23.0,0,0,bronze
2a440c0fe541cbd4de1598483d527dc3,128.88,1,128.88,4.0,8.0,1,0,silver
2a46fb94aef5cbeeb850418118cee090,153.13,1,153.13,5.0,19.0,0,0,silver
2a4f0eda78ff3506c9c4dda83bb996bf,31.89,1,31.89,4.0,7.0,0,0,bronze
2a5ebb5187a7105b9513d513d6513f6d,134.09,1,134.09,5.0,8.0,1,0,silver
2a658f1dceab1750b17286dbcdecdd02,53.68,1,53.68,4.0,23.0,0,0,bronze
2a6e8e739d1617176508f585698a64f8,111.69,1,111.69,4.0,2.0,1,0,silver
2a6ef69674d6f28002c72b8d123b3a27,32.69,1,32.69,5.0,10.0,1,0,bronze
2a6f1c54c079bb319508a8278df9febc,566.4,1,566.4,5.0,8.0,1,0,gold
2a7ba86bfe5b3b196de840ad96adb597,195.13,1,195.13,5.0,3.0,1,0,silver
2a7f837de6a1999e457b8e3c5619156f,21.38,1,21.38,3.0,3.0,0,0,bronze
2a8c17d9d83c5064b3e8b4ac51c2d4cc,120.4,1,120.4,5.0,10.0,1,0,silver
2a8e9a7b6d67b448707d0d7ac6110b9f,103.55,1,103.55,5.0,8.0,1,0,silver
2a9671898590b884d3b740014991a33d,55.18,1,55.18,3.0,13.0,0,0,bronze
2a9af07882fab0b54952a87a696dcbad,363.96,1,363.96,3.0,49.0,1,0,gold
2aa6299511b1833e92e3ecae00a3d79e,64.55,1,64.55,5.0,6.0,0,0,bronze
2aa8f2dd8f41828e0583f7aad7d166e1,164.85,1,164.85,4.0,6.0,0,0,silver
2aa9325eab1676f4d62830f004d67a34,20.55,1,20.55,5.0,3.0,0,0,bronze
2ab7fad20e1c4c7747dfc91137b862cf,119.99,1,119.99,4.0,11.0,1,0,silver
2ac352a6f5f4ca13ac93fdedf7d6dbd7,197.26,1,197.26,2.0,12.0,1,0,silver
2ac4312997e09e6770fd4c3d52adf77a,39.49,1,39.49,4.0,17.0,0,0,bronze
2ac7bf33d2ed0b6f7b23f5ab5688b30e,118.98,1,118.98,5.0,5.0,1,0,silver
2ac9a6cc35deffde6039785e5c81573e,521.37,1,521.37,3.0,16.0,1,0,gold
2ad33e0c71ed7c9e41a44e185ae05581,59.85,1,59.85,3.0,11.0,1,0,bronze
2ad3e60daba1700dc116ea525e842f28,187.2,1,187.2,5.0,8.0,0,0,silver
2adecc69c1d234f34fa6b844180db1de,67.7,1,67.7,5.0,16.0,0,0,bronze
2adf8d327421e9e4071af3ff079ab4f3,37.25,1,37.25,4.0,6.0,0,0,bronze
2ae0ce90d15cbcd1b12876f48d7144fd,86.42,1,86.42,5.0,1.0,1,0,bronze
2aeb1b7d567e9e232a56cd0b80ec94fa,116.43,1,116.43,5.0,6.0,0,0,silver
2aec94c31a0aa7e016f1d8279da159fe,100.37,1,100.37,5.0,6.0,1,0,silver
2aef74550c311993ba8d7542acae3621,157.4,1,157.4,3.0,18.0,1,0,silver
2af0911d94538ca50b926691a15d98d3,286.88,1,286.88,1.0,32.0,0,0,silver
2af5c3d8f1e1e4a6b4f86d9d70e5e208,31.68,1,31.68,5.0,9.0,1,0,bronze
2afd8407e92dbb672561a38211ee563a,291.57,1,291.57,1.0,8.0,1,0,silver
2b04e235c755a98c3a0faf08f3a35303,162.55,1,162.55,4.0,14.0,1,0,silver
2b0bda017562cf8484be73cf9b0e0d9c,56.63,1,56.63,5.0,8.0,0,0,bronze
2b0c1564bcf7138c8efacec0bb084c43,69.44,1,69.44,5.0,11.0,0,0,bronze
2b0c24260d69145260d2c30ff9edce89,60.19,1,60.19,4.0,6.0,0,0,bronze
2b0d9f9711eb5fa44b99f4b3f8de29ad,191.58,1,191.58,5.0,12.0,1,0,silver
2b12ae1b4682dd8ee1e8cdc04dc9f37d,55.65,1,55.65,3.0,13.0,0,0,bronze
2b161eaf4956b131691842e87b3c39c7,79.84,1,79.84,4.5,14.0,0,0,bronze
2b174670dbec666bbc68b6e2a4062740,331.94000000000005,2,165.97000000000003,5.0,15.5,2,1,gold
2b1b00a75b3add7b127e797557a384dd,130.21,1,130.21,5.0,2.0,1,0,silver
2b1bf825c32b5b6a44b6a479693f53ba,68.32,1,68.32,2.0,,1,0,bronze
2b1f21575765fceae832e26bdba2bc16,53.42,1,53.42,2.0,7.0,1,0,bronze
2b2444f1324436d35fd4d96e0c865374,195.0,1,195.0,5.0,21.0,1,0,silver
2b340f83a93754a2bea96e056ddcfe8c,137.57,1,137.57,4.0,15.0,0,0,silver
2b35abc51384da53b4828abdfaa56812,213.44,1,213.44,4.0,1.0,0,0,silver
2b396aaaa02866a6942f7d6e1c3bf654,344.55,1,344.55,2.0,25.0,1,0,gold
2b46edbc40fd5cdf0d218e117b480191,102.78,1,102.78,1.0,19.0,0,0,silver
2b4da640a7f35b9bb36d6f2ee4b28741,191.28,1,191.28,4.0,10.0,0,0,silver
2b53267d59423e552bc93a0e771f4ade,172.84,1,172.84,5.0,9.0,1,0,silver
2b548cb5fbdf6491a985532146619161,42.47,1,42.47,5.0,2.0,0,0,bronze
2b5c14b7e1a3d88ff7e0c46e15851f5f,41.14,1,41.14,1.0,35.0,1,0,bronze
2b5c7a27f76c03d6a6923819bbaaa7e6,133.62,1,133.62,5.0,15.0,0,0,silver
2b7350b8d7faa20139db44d3bb809892,50.45,1,50.45,5.0,6.0,0,0,bronze
2b7a6611fe5722fbb667e1758ccf772b,25.23,1,25.23,5.0,3.0,0,0,bronze
2b82f8ceda6a7f661e87120a73ed915f,170.55,1,170.55,5.0,10.0,1,0,silver
2b8c0252cc4c14948593ea12016d3fc2,219.18,1,219.18,5.0,11.0,1,0,silver
2b952792a20f6076f6e7a9c6a27ade02,82.6,1,82.6,4.0,11.0,0,0,bronze
2b9d75b098e314b98c6d5690982f723d,491.93,1,491.93,1.0,6.0,1,0,gold
2ba5c871cccf8e10df91f77d1dc58006,181.98,1,181.98,5.0,3.0,0,0,silver
2bbea1ac96f34624099f09e3f7ea0809,91.42,1,91.42,3.0,10.0,1,0,bronze
2bc0f9b563cf9b6f7b8e01c45e6ff530,136.52,1,136.52,4.0,13.0,0,0,silver
2bcbc94dd2ff7b15765fd1f97e2f34c8,139.87,1,139.87,2.0,15.0,1,0,silver
2bd27b964002f0a2e7bb361380e89184,519.4,1,519.4,5.0,5.0,0,0,gold
2bd5a30d87455c3dc885897d5f561bc8,136.5,1,136.5,5.0,30.0,1,0,silver
2bdaf516bda8c7e0b805fee18a2de45e,69.03,1,69.03,4.0,17.0,0,0,bronze
2bddd43e43bcc53990ed501b4a0911d9,47.71,1,47.71,3.0,5.0,0,0,bronze
2becda1b0931e0a482dbbe720d4b84bf,27.39,1,27.39,5.0,4.0,0,0,bronze
2bf6fd4ad93eb21b3d604481c48decbf,613.25,1,613.25,4.0,7.0,1,0,gold
2bf99c4f9877fa445ec3aff385930b23,243.57,1,243.57,4.0,19.0,0,0,silver
2bfb41d07316202af02dd28b825028d0,370.1,1,370.1,4.0,9.0,0,0,gold
2c0631ddaf23557e020baa30eac4a15b,158.71,1,158.71,5.0,15.0,1,0,silver
2c0bd1182d5910f962a178a49457ec9b,49.57,1,49.57,5.0,5.0,1,0,bronze
2c0e71415fe77e6fcc74d50c42ebe0a9,138.74,1,138.74,5.0,14.0,1,0,silver
2c10614a03d9c0368d939ba56d0b54d3,870.69,1,870.69,1.0,9.0,1,0,gold
2c137b2f03299b962587ea9bd06a6fef,181.24,1,181.24,3.0,14.0,1,0,silver
2c145691bbeb9cbe77ea7424be496ef9,121.82,1,121.82,5.0,8.0,1,0,silver
2c14db46aee6245ff5a01f7f69544f73,148.28,1,148.28,5.0,7.0,1,0,silver
2c15fb58a547b90fd8b6a3588e79cb01,147.24,1,147.24,2.0,9.0,1,0,silver
2c166cd7d00f0e0af5deb570d0522507,58.08,1,58.08,5.0,5.0,1,0,bronze
2c257e7df1ba0a98ac35fd4c2f800c5f,211.0,1,211.0,4.0,14.0,1,0,silver
2c2f63b96a7a35fc6645ad26f215542f,244.36,1,244.36,5.0,5.0,1,0,silver
2c3315bf85685cb0ef5c90510473cdae,196.32,1,196.32,5.0,12.0,0,0,silver
2c33e3f163592742b3c29b2983900708,224.48,1,224.48,5.0,12.0,1,0,silver
2c3ed77b92cba1f5622b5ccaa1792b8b,39.1,1,39.1,1.0,,1,0,bronze
2c442bb928496c5188ae2b0fc9219535,325.54,1,325.54,4.0,24.0,0,0,gold
2c45999a395dcc8bf915f81adcce7b9d,82.98,1,82.98,5.0,6.0,0,0,bronze
2c474d42fda9aa734da5981d2cafc0e5,338.56,1,338.56,5.0,6.0,1,0,gold
2c47b679a383359635b5452914497f1a,73.53,1,73.53,5.0,7.0,0,0,bronze
2c533ae4556bd5b836ca6edc1ea42cd7,138.74,1,138.74,1.0,31.0,1,0,silver
2c5ff1117575aa29de30d6ad663836a1,209.32,1,209.32,5.0,14.0,0,0,silver
2c70befd43543a529e36b2189d333b83,77.57,1,77.57,5.0,17.0,0,0,bronze
2c865eacd7c3a6501b17f1eeede48c0c,126.9,1,126.9,3.0,1.0,1,0,silver
2c8baf984ba1a5cc7b56b575f7feb9d3,76.98,1,76.98,5.0,8.0,0,0,bronze
2c8c7b6bbfa1eccdb70ca22be6739a7e,107.06,1,107.06,3.0,4.0,1,0,silver
2c915ee0762762ea68803523115eb2e7,103.55,1,103.55,5.0,9.0,0,0,silver
2c94b6ad42b46330347347a3c87dbd7c,53.62,1,53.62,3.0,13.0,1,0,bronze
2c961ee955abb3ac9a80babd54ed4156,114.44,1,114.44,5.0,24.0,0,0,silver
2c9a49473b30bc138d8e38e73883ec02,187.47,1,187.47,5.0,7.0,1,0,silver
2c9b76b4113203e14a84f098fc8f3012,223.26,1,223.26,5.0,6.0,0,0,silver
2c9c8443555c879ffeb2de737fb91d74,221.34,1,221.34,2.0,4.0,1,0,silver
2cadb76aacfa6da3ace580c24e895364,522.74,1,522.74,5.0,8.0,0,0,gold
2caf50a5b8ef9fb80ef39e54fb8c9f68,77.75,1,77.75,5.0,7.0,1,0,bronze
2cbb27285e259123d5b9aac321b7085e,216.58,1,216.58,4.0,2.0,1,0,silver
2cbd0beb1dd4199ac66be37f3a4421dc,89.72,1,89.72,5.0,8.0,1,0,bronze
2cc21e396d4d9768018db92b43ba7a4a,28.41,1,28.41,5.0,3.0,0,0,bronze
2cc2e745d9e0162ee1bdae89bfa116f9,95.48,1,95.48,5.0,1.0,0,0,bronze
2cda69b359e382ab2ab1e41665dc8db2,35.0,1,35.0,5.0,55.0,0,0,bronze
2cdea5548dc91c876f311a4530c75f1e,125.2,1,125.2,5.0,8.0,0,0,silver
2ce0650b500ba0f95e44b3481d435520,94.21,1,94.21,4.0,8.0,0,0,bronze
2ce5ab213c50be66dd4b323e0cdd09ef,61.75,1,61.75,5.0,6.0,0,0,bronze
2ce9290b706807b05e2cfd40c3d6ffe8,70.44,1,70.44,5.0,10.0,0,0,bronze
2cec43a244a9f58f29ddcd0a951dec3a,219.23,1,219.23,5.0,17.0,0,0,silver
2ced79abf967d8e317c032eed8d66d86,190.38,1,190.38,4.0,14.0,1,0,silver
2cf396c9e24e7627ff042cccb209b9e6,237.16,1,237.16,5.0,6.0,1,0,silver
2d05971ed0ee989dbaeaf117c1db3034,212.28,1,212.28,4.0,39.0,1,0,silver
2d07a93ef92e366b7591ca1ee99da5dc,502.23,1,502.23,4.0,13.0,1,0,gold
2d08cf8331dd8d9ba58db3241820a623,126.12,1,126.12,5.0,9.0,1,0,silver
2d0a1ec21a4f50a208963991a3bdc979,77.66,1,77.66,5.0,8.0,1,0,bronze
2d0d69cb131ce9922d4b8684f3fdc720,62.33,1,62.33,5.0,3.0,0,0,bronze
2d176518dbb1640107fd0f8b1349148e,353.51,1,353.51,1.0,,0,0,gold
2d1bf256227e4d22d10ea6c0b81809d7,117.79,1,117.79,5.0,6.0,1,0,silver
2d200dbe180dbd034616da1fced3e949,93.92,1,93.92,5.0,11.0,0,0,bronze
2d2616826443ccc5be23aa13edf2fe23,112.43,1,112.43,4.0,11.0,1,0,silver
2d2b42b5afdd4aef166806ef0c564c47,149.69,1,149.69,5.0,13.0,1,0,silver
2d2dbe464c4901500b3a3ca4efcb3425,117.46,1,117.46,5.0,8.0,0,0,silver
2d33bad29d9ecc797cf7ee8a8dd11a9d,164.26,1,164.26,5.0,16.0,0,0,silver
2d38423803c18db71ffaabc1915d98cf,112.71,1,112.71,5.0,6.0,0,0,silver
2d41142e093ad573a73f96ae4e0f8ead,119.99,1,119.99,5.0,8.0,1,0,silver
2d415b8cfcec2aa6686bb9e74e3970c4,144.37,1,144.37,4.0,15.0,0,0,silver
2d48cce6ed77d4963cbf11a7bbc979df,1116.69,1,1116.69,5.0,8.0,1,0,platinum
2d4ae260c92aac1d323cb1a872eb9c20,187.6,1,187.6,5.0,8.0,1,0,silver
2d511553aed478aab7c9c1d8041e4be8,426.96,1,426.96,5.0,6.0,0,0,gold
2d5e5796e7901464c00407e69739c6db,117.17,1,117.17,5.0,10.0,1,0,silver
2d62e67e4f6fb00ceb8114c26bf1dc5f,122.22,1,122.22,2.0,12.0,0,0,silver
2d649136dd000a41bc7d1799c0d39249,176.87,1,176.87,3.0,13.0,1,0,silver
2d70122b10e149b79bd68eb134e692cd,258.2,1,258.2,3.0,13.0,1,0,silver
2d76a299ed106e5d6c3ad726c1397376,1022.65,1,1022.65,5.0,25.0,1,0,platinum
2d7730d34247040e79db147306415d8e,374.64,1,374.64,4.0,15.0,0,0,gold
2d7de7145810cade01105007a51fc5b7,126.69,1,126.69,5.0,9.0,0,0,silver
2d7f8c99a4a402e38681f31b05518dfc,43.68,1,43.68,5.0,9.0,1,0,bronze
2d88f41123c35ee8ce8dadc83bbd8650,40.0,1,40.0,4.0,13.0,1,0,bronze
2d89bbad23022327249553dc4fc8cb9f,82.78,1,82.78,4.0,11.0,1,0,bronze
2d8a21423efd8bf9a64b30d88f87529b,115.62,1,115.62,5.0,7.0,1,0,silver
2d9f3f772e5a33007b6c9fcd31e36535,24.87,1,24.87,5.0,2.0,0,0,bronze
2da006a79e9f6a9811c630ea4c9fd031,35.22,1,35.22,5.0,18.0,0,0,bronze
2daa09f922fad73e8c273da266ab8366,83.65,1,83.65,5.0,3.0,0,0,bronze
2dad8f2b565b14983d2792369429b34f,66.82,1,66.82,1.0,,0,0,bronze
2db60a76a1976f100c4e94c915a04683,138.24,1,138.24,1.0,13.0,1,0,silver
2db8aae1759be06242d5199c61fa7706,268.84,1,268.84,4.0,5.0,0,0,silver
2dbb34111f2ad2b0e47bbb8ee29a5b6f,235.04,1,235.04,5.0,5.0,1,0,silver
2dc553d9197a0a15adb09a0a47b916a0,62.99,1,62.99,5.0,13.0,0,0,bronze
2dc8656cd6899d986974fab7ecf1fd74,58.95,1,58.95,3.0,4.0,1,0,bronze
2de02fb5e57b59a6027451cf321658e0,83.41,1,83.41,5.0,17.0,0,0,bronze
2df613e4e741e4bce91c2a61b4b67c41,140.16,1,140.16,5.0,25.0,1,0,silver
2dfcda64e46be800718fe18177836760,250.84,1,250.84,5.0,14.0,1,0,silver
2dfcf246b58dae24a063c8e0cc3cf309,83.23,1,83.23,5.0,10.0,1,0,bronze
2dfff05905c7875d752fb21d8824226e,175.46,1,175.46,5.0,10.0,0,0,silver
2e032d5109c25b1969dc3252a563745b,40.23,1,40.23,5.0,7.0,1,0,bronze
2e0a2166aa23da2472c6a60c4af6f7a6,299.53,2,149.765,5.0,13.0,1,1,silver
2e0b805455260cd1f7de32b1b5235337,114.85,1,114.85,4.0,5.0,1,0,silver
2e13521a3aa391873c485943bae0adb6,111.77,1,111.77,5.0,9.0,1,0,silver
2e156aa1eecc9c15a722dba0edd977a7,321.91,1,321.91,4.0,23.0,1,0,gold
2e18d8181381796d850be346aac98e9b,41.02,1,41.02,5.0,7.0,0,0,bronze
2e1b1231ac9b6f371971b8ec7b9d0fcd,386.46,1,386.46,5.0,7.0,1,0,gold
2e3c051a9f6e30c8e6d7d45feb4be118,68.74,1,68.74,1.0,48.0,0,0,bronze
2e4172f7fd898dac91afe1173e9cfc37,336.99,1,336.99,3.0,13.0,1,0,gold
2e48db33cae072a2306535cb04780dfc,64.42,1,64.42,1.0,32.0,1,0,bronze
2e4a58e5806f654199b348347a7efdeb,24.0,1,24.0,5.0,14.0,1,0,bronze
2e5fb502adb87cf265468f4d2096d724,81.12,1,81.12,1.0,,0,0,bronze
2e61a8d70f5bd8fa8dd742ed198aceaa,257.02,1,257.02,5.0,6.0,0,0,silver
2e61eefc516ee26837d29fd3d76530fa,122.02,1,122.02,5.0,9.0,1,0,silver
2e65ee196632087d6595b3396bb5fddd,137.67,1,137.67,5.0,2.0,1,0,silver
2e6a42a9b5cbb0da62988694f18ee295,47.59,1,47.59,3.0,3.0,0,0,bronze
2e73f2a365d0f54d1f7743f110dd7dee,264.72,1,264.72,4.0,19.0,1,0,silver
2e758775ee3076238416f0968c441225,50.1,1,50.1,5.0,5.0,0,0,bronze
2e7a4f041b8e0880988ef4bd95cbc183,107.46,1,107.46,5.0,1.0,1,0,silver
2e7bb3aad177a6e3bf8abd2de27c2a09,90.28,1,90.28,3.0,12.0,0,0,bronze
2e7c9e1f1d86b290483b5493046f22d7,46.0,1,46.0,5.0,14.0,0,0,bronze
2e87695ef69b7236c17c1f1e021ed36a,201.96,1,201.96,5.0,9.0,1,0,silver
2e8d63c85a0d45c8b37a87809609cdf1,56.88,1,56.88,5.0,3.0,0,0,bronze
2e904e9e68adf360c4d9c4a82621c28a,580.07,1,580.07,1.0,,0,0,gold
2e91962621989ec97198ac27456145fa,79.98,1,79.98,4.0,9.0,0,0,bronze
2e9399fc2fe209771a6f719e14bdb6fe,88.0,1,88.0,5.0,6.0,1,0,bronze
2e973f38b1835e15c2894c806ea1b947,40.69,1,40.69,5.0,24.0,1,0,bronze
2e9a4479b5b973a6def2a583770d0dba,125.8,1,125.8,4.0,9.0,1,0,silver
2ea0d4aef3699b453927c6e10886ba95,352.18,1,352.18,1.0,24.0,1,0,gold
2eb6e78eac104b4a8adcdce62be40a76,37.77,1,37.77,5.0,6.0,0,0,bronze
2eb9d66d7bbb2fc1083e530b8e51dff9,102.86,1,102.86,4.0,19.0,1,0,silver
2ebaa12e88ed663cb20a5b377628c4da,38.17,1,38.17,5.0,3.0,0,0,bronze
2ec53a1b618762c17d71cba7442ad27e,115.2,1,115.2,,4.0,0,0,silver
2ec904e60190e21e22178cf6b3c44a7e,52.39,1,52.39,5.0,2.0,0,0,bronze
2ecd17bc697f188ad5408f7c675dfd08,144.4,1,144.4,5.0,6.0,0,0,silver
2edfdcf0f06e4baf2c1a9b91866c3b6e,388.01,1,388.01,5.0,7.0,1,0,gold
2ee0585a1b346d39d7fc5e6ae565a858,256.22,1,256.22,3.0,6.0,0,0,silver
2ee0d7587a1a04de482c6211ea2988bc,229.63,1,229.63,5.0,7.0,1,0,silver
2ee479e29ac6b1736028a090f8ef923c,803.92,1,803.92,1.0,21.0,0,0,gold
2ee8e4dc2718c9e0926901f05277d35b,286.17,1,286.17,4.0,11.0,1,0,silver
2ef4b953c1f651288a3373f143d478a7,215.14,1,215.14,5.0,7.0,0,0,silver
2eff60ffbc74b60b6b0c73f9c2f21a0f,183.3,1,183.3,5.0,13.0,1,0,silver
2f1ae2ed6bbc4661d04c271560570c54,59.23,1,59.23,4.0,17.0,0,0,bronze
2f2192bae640c8202bf658d11a66a9c8,243.51,1,243.51,3.0,4.0,1,0,silver
2f228227554a06f96748919f0859c46b,111.73,1,111.73,5.0,3.0,0,0,silver
2f22bd3a40b284b7bd8847f37e625c8f,27.68,1,27.68,5.0,2.0,1,0,bronze
2f2ab1b5055acca714e38c613a4f2763,138.54,1,138.54,5.0,1.0,0,0,silver
2f3193d667a19fa0ded1efecc6a24a25,171.13,1,171.13,5.0,12.0,0,0,silver
2f32f5ddea6f1e9440116370bb93b772,56.43,1,56.43,4.0,18.0,1,0,bronze
2f3456e43b33068795c95cab77201cb0,67.83,1,67.83,5.0,12.0,0,0,bronze
2f3aabaf3f5d1e8a6c49ac2fdee3cf3e,102.03,1,102.03,,7.0,0,0,silver
2f3f6dccce404d1c38be34db1fe4c34e,1020.19,1,1020.19,1.0,5.0,1,0,platinum
2f4caaa523ad6f3d695a5e698263cd05,93.26,1,93.26,5.0,9.0,1,0,bronze
2f4ff92265ac1856ca10248723703b05,27.38,1,27.38,4.0,14.0,0,0,bronze
2f53681bf01c5cff02bada5809fe302e,102.87,1,102.87,5.0,6.0,1,0,silver
2f5e406cfdbf568721aab5f28fb89ea4,35.0,1,35.0,5.0,11.0,0,0,bronze
2f5f9356cfae0215286f7daa363aa062,76.08,1,76.08,5.0,8.0,0,0,bronze
2f63dfffac168a35b6e34d677be59aae,47.0,1,47.0,3.0,12.0,0,0,bronze
2f749dd89d87f7152b35121a5693a684,334.54,1,334.54,5.0,13.0,1,0,gold
2f7597687aeb6a542aa308ee8618fc72,63.08,1,63.08,5.0,9.0,0,0,bronze
2f87ccd8d2d676d667a844ee5c6a17bd,202.76,1,202.76,3.0,14.0,0,0,silver
2f94122ccfc8816b677ce4a9b5afd2b5,69.12,1,69.12,5.0,9.0,1,0,bronze
2f99070486aafcc5dac7a979c1ed5f32,2105.57,1,2105.57,5.0,11.0,1,0,platinum
2f9942aadc90941b47564e5a71b34ad3,236.21,1,236.21,5.0,17.0,0,0,silver
2faeae5eaf2e2e108f1473280bf919f8,431.28,1,431.28,5.0,33.0,1,0,gold
2fb17d901aaf96439e259ec89ed36d32,84.12,1,84.12,5.0,7.0,1,0,bronze
2fb6dae4fb3a2f917940978144362cd2,89.03,1,89.03,5.0,8.0,0,0,bronze
2fb76804eca95a9fdcaae30febca4cd4,103.85,1,103.85,1.0,7.0,1,0,silver
2fd4cb5dce68ba1fae3ac5615bf1a3db,127.47,1,127.47,5.0,3.0,1,0,silver
2fd67196b262395b933da4c1346fd26c,225.14,1,225.14,5.0,9.0,0,0,silver
2fd8de3e5ca34f5108d291d666c1ba58,89.77,1,89.77,1.0,8.0,0,0,bronze
2fda187cd4d79d3c9f69307821499b63,37.77,1,37.77,4.0,9.0,0,0,bronze
2fdc18a80ec13de305a40c8f59b1d791,27.67,1,27.67,5.0,16.0,1,0,bronze
2fe074ea3cc24b8fd57d29effc995f8b,1011.31,1,1011.31,5.0,10.0,1,0,platinum
2fe46c401749e9e36339f1eee4f16396,659.0,1,659.0,5.0,23.0,1,0,gold
2fe5af51eacb6ecea9d47314c8e521ff,104.54,1,104.54,3.0,8.0,0,0,silver
2fe6abfe94e2959973382789b28a48f7,237.61,1,237.61,4.0,6.0,1,0,silver
2fe7af86d0ce52d2653e6936d57d266c,206.76,1,206.76,4.0,24.0,0,0,silver
2fece77e050a5fe2f55351a54c822923,114.84,1,114.84,5.0,8.0,0,0,silver
2ffb7a06b085e1816d81d1567c221127,38.58,1,38.58,5.0,10.0,0,0,bronze
300077767cbc925601b3e23098cfc69a,78.3,1,78.3,5.0,11.0,1,0,bronze
300163f9f231dc013d3594b5ce42580b,38.42,1,38.42,5.0,20.0,0,0,bronze
3005a11fceeb7ff98ab451424e581af9,70.32,1,70.32,5.0,6.0,0,0,bronze
300b4fbe132eb27cb930a4bf0b9c835d,386.17,1,386.17,5.0,8.0,0,0,gold
300e292ab8b4f69464294badedaadffa,58.79,1,58.79,5.0,15.0,0,0,bronze
301a17ed23b8bb5bfce2df8604c06cfd,133.58,1,133.58,4.0,10.0,1,0,silver
301d1ce5a76b7e1bc47e5115bf5eb6ba,529.55,1,529.55,5.0,13.0,0,0,gold
301d78467e734866587f0948c3499e91,199.73,1,199.73,1.0,56.0,0,0,silver
30228cb42efd930c08874d5f05230fc1,195.02,1,195.02,5.0,20.0,0,0,silver
3025f2b0d2fb8fc5db3586d307ae890c,92.62,1,92.62,5.0,8.0,1,0,bronze
30302a2dfcea730160616fb856eb1231,73.15,1,73.15,5.0,8.0,0,0,bronze
3040ed5657c7fa41b07a6c83dcbeeac4,164.29,1,164.29,1.0,7.0,1,0,silver
3041f5d65c4fa516eed1325d7a8657af,104.37,1,104.37,5.0,8.0,0,0,silver
3043914bf53bb5e45145e20111fb76fc,108.59,1,108.59,5.0,18.0,1,0,silver
304b16ed53cb5255cdcaf9c4087f86da,92.87,1,92.87,5.0,7.0,1,0,bronze
3053d3e616df05db30d5825ae41a6498,44.13,1,44.13,1.0,13.0,0,0,bronze
3058f1cb6f29801c908499b888b1cd0b,170.91,1,170.91,5.0,8.0,0,0,silver
305d75656a49eba060310daf4b4a9898,156.94,1,156.94,3.0,17.0,0,0,silver
3062bdce438d3d55da73b1cb60d328d3,282.62,1,282.62,5.0,10.0,1,0,silver
3069f30fbf3f30057b1b4ff36c72208e,117.85,1,117.85,3.0,8.0,0,0,silver
307364cd478081c799aac82387614b51,119.82,1,119.82,5.0,9.0,1,0,silver
30736a351f1f02d40c82f97bbf0a38fc,681.12,1,681.12,5.0,18.0,0,0,gold
307a698decf7d9581de9ef9271f1f874,97.79,1,97.79,1.0,8.0,0,0,bronze
3080dd7d098635fb30d2c61822d5c055,687.43,1,687.43,5.0,10.0,1,0,gold
30823f04e0dd2001b64a678dbf86a949,138.89,1,138.89,5.0,18.0,1,0,silver
3084108ab6a05c325f137b7cbaf6e283,48.3,1,48.3,1.0,8.0,1,0,bronze
309cefe2828348f0bba9a66189da5b26,106.31,1,106.31,4.0,6.0,1,0,silver
30a6dc54d77a1da02be5324d4eea8077,22.29,1,22.29,5.0,6.0,0,0,bronze
30a81e307f19e822e7199139fe52b1b0,43.09,1,43.09,5.0,8.0,0,0,bronze
30a8328a39c99665deea9fe8954e8339,128.48,1,128.48,5.0,11.0,1,0,silver
30b782a79466007756f170cb5bd6bbd8,38.27,1,38.27,4.0,9.0,0,0,bronze
30cc7860f832668d8fee80418948428f,20.08,1,20.08,5.0,5.0,0,0,bronze
30e4588900a8ceade11dbe60525d107e,116.34,1,116.34,5.0,26.0,0,0,silver
30e72091f438f128e3d468846df8ae34,139.61,1,139.61,5.0,12.0,0,0,silver
30f73ad216db6d159099e1022c2981bb,40.0,1,40.0,5.0,17.0,0,0,bronze
3100ac181f080ff2a7beb61813c0517e,87.38,1,87.38,4.0,8.0,1,0,bronze
310196abfa8b801362582df6b1c28030,382.39,1,382.39,5.0,7.0,1,0,gold
310334d50b302aec6d93cfb4f96afa0b,214.41,1,214.41,5.0,5.0,1,0,silver
3105d598604298481a38511105000bdd,52.68,1,52.68,1.0,181.0,0,0,bronze
310647380793836bfa5b7b6b3f518423,118.68,1,118.68,5.0,19.0,0,0,silver
3109996d4fbd9ee195129df93d759a6c,500.17,1,500.17,4.0,7.0,1,0,gold
31127406f4f4cabe57b756540218c700,524.78,1,524.78,2.0,46.0,1,0,gold
3115e354768c8b1951fab14116652fc3,145.88,1,145.88,5.0,7.0,0,0,silver
3119c7d0881db14f17f27bc80b245b48,72.67,1,72.67,5.0,20.0,1,0,bronze
311ed28cdceb4f7c87b66bb02ab5cf07,93.95,1,93.95,4.0,5.0,0,0,bronze
31211ce721363d74816326589e637b60,53.9,1,53.9,5.0,14.0,0,0,bronze
3136561f1d9af758ada21e74d3a35e81,64.45,1,64.45,1.0,2.0,0,0,bronze
313a1411e58266af71ecec9da279ad12,93.32,1,93.32,4.0,5.0,1,0,bronze
313d458d078d9c1783ef3b8b93ba56ee,45.78,1,45.78,5.0,15.0,1,0,bronze
3155854a2db52ab036649b2f31b4fb9d,155.08,1,155.08,5.0,4.0,1,0,silver
3158fc4f60ca92412de397461b64cee3,490.99,1,490.99,3.0,,0,0,gold
317078adf141dee3755559c093b13929,117.51,1,117.51,5.0,11.0,0,0,silver
3170ebd8b32a5e2102c9d75e0a7f6d74,207.65,1,207.65,5.0,5.0,0,0,silver
3171b4d88a6e5197365277f56c7a9e7c,47.62,1,47.62,5.0,30.0,0,0,bronze
31910cd60f60fc5e692c80d83841c052,225.87,1,225.87,5.0,1.0,1,0,silver
3191762c3dbb98aeb88b8f77bb2fd343,140.55,1,140.55,5.0,6.0,0,0,silver
319677a4ab8260c1c2f47e2340f326c5,44.38,1,44.38,5.0,5.0,0,0,bronze
31a243df42ab31a4d1f0a2dd6c120cbf,302.44,1,302.44,4.0,9.0,1,0,gold
31a98cf218b88e127990ae3ded21211f,20.68,1,20.68,5.0,2.0,0,0,bronze
31b5e7b0290cf70ac603e77f85efb53f,73.34,1,73.34,5.0,8.0,0,0,bronze
31b8437b83b69d714e1567144351b70f,232.71,1,232.71,5.0,11.0,0,0,silver
31b8fa2573bde01af4737e8ed29c348b,59.34,1,59.34,5.0,3.0,0,0,bronze
31c2518bb0a8ce514321a9279deeca39,65.78,1,65.78,5.0,13.0,0,0,bronze
31c733afaf6875ccb2a96b7d5cb79b64,224.2,1,224.2,5.0,4.0,1,0,silver
31c9035341cb7e0645f2f6531616efd2,112.39,1,112.39,5.0,9.0,0,0,silver
31cdd1df0a1e5ae952d89a5fe0d6eb15,76.79,1,76.79,4.0,18.0,1,0,bronze
31d027706d8229b6b9ceae61823566b8,205.56,1,205.56,4.0,18.0,1,0,silver
31d332d20895c5c0baefe55207a0fead,78.44,1,78.44,,6.0,1,0,bronze
31dbc99d6ed9ae1073af0580582cc461,108.96,1,108.96,5.0,6.0,0,0,silver
31e0eb64c5eb715aab04433200ea4ed5,100.03,1,100.03,5.0,9.0,1,0,silver
31e2a2013f74538d3ca08b0c24e7e62b,65.48,1,65.48,5.0,7.0,1,0,bronze
31e924c19d4d1cf7eb6bb1e96dc18c62,415.96,1,415.96,4.0,7.0,0,0,gold
31ecad36683b9b0ba61de1140f4857bf,238.78,1,238.78,5.0,12.0,0,0,silver
3201915c3f25b7f281e5a5e0a89fab6d,49.59,1,49.59,5.0,3.0,0,0,bronze
320e13a9e22b4e4cda8c17ed1c140ce0,45.0,1,45.0,1.0,20.0,1,0,bronze
320ff305d456d8d45a09bd6a7aaeb543,288.02,1,288.02,5.0,17.0,1,0,silver
3218ea7198e029f774a5cafef353f41a,69.9,1,69.9,5.0,8.0,0,0,bronze
321aa01a034f471dd5ee50ddc657c972,83.23,1,83.23,5.0,11.0,1,0,bronze
321e9b844556d1c6967fa890e63f12a3,130.01,1,130.01,5.0,25.0,0,0,silver
32298281712f20b7489df2967a6fed6d,68.0,1,68.0,5.0,10.0,0,0,bronze
322c79bc3dc8374b09c634fcc4e338bd,228.6,1,228.6,4.0,12.0,1,0,silver
323333d54ee35f33103ab7cce7408e6b,99.9,1,99.9,5.0,7.0,1,0,bronze
3236bf3dfd86ab2c0bcb89adf7d7c3a5,98.94,1,98.94,1.0,7.0,0,0,bronze
3236f16f98e0f258ccfa3a172cebce64,44.0,1,44.0,5.0,10.0,1,0,bronze
324060e94627a5c00178be689f358b01,365.13,1,365.13,5.0,14.0,0,0,gold
32458edbf45f89146ca6bebf9b4be256,283.79,1,283.79,5.0,5.0,1,0,silver
324668abc6c8b8b720663badf85c30ea,203.99,1,203.99,5.0,5.0,1,0,silver
3248c9e1d493588c44971693045340e7,339.12,1,339.12,1.0,13.0,1,0,gold
3248d94dedca7507cbe8d17075b39081,82.7,1,82.7,5.0,9.0,0,0,bronze
324d6b624ac5bf4d854871935c172b2c,55.04,1,55.04,5.0,7.0,1,0,bronze
32549c382e7307dce9a9932256833a17,96.36,1,96.36,4.0,9.0,1,0,bronze
32590caa4b6388ce5691bfeb1064db93,101.74,1,101.74,5.0,10.0,1,0,silver
325c0de20cb6d263ccb0d4b4ccd0bf83,388.25,1,388.25,5.0,7.0,1,0,gold
325cd8136f7faafac47864d906106957,86.75,1,86.75,5.0,15.0,0,0,bronze
3265362fcd6df41199c135b421f2a93c,157.43,1,157.43,1.0,33.0,1,0,silver
327d30e19aba5e14c5a77cd18f0f3ff0,101.86,1,101.86,4.0,10.0,1,0,silver
327f501d2d5d03cb32e6b696f28963c9,100.62,1,100.62,4.0,2.0,1,0,silver
328dd6e3fed7a5e91ed7d9aa558f0bd0,76.66,1,76.66,1.0,46.0,1,0,bronze
328ecf4ae1638481b5fd47a3d4f10501,48.69,1,48.69,5.0,34.0,1,0,bronze
3292372a55b3c98a492fb649633cad3d,153.09,1,153.09,5.0,30.0,1,0,silver
329932a796b9bc326d71e3b932182cdf,290.66,1,290.66,5.0,12.0,1,0,silver
3299a547368c58a4d2241b2a5189d7d7,129.36,1,129.36,3.0,11.0,1,0,silver
329aad6fa941f787358a07e787be91e8,148.49,1,148.49,5.0,5.0,1,0,silver
329d55bd8bbf622fed22b14b6fe4245e,20.68,1,20.68,5.0,3.0,0,0,bronze
32abc7be8597ca79733508abb1db86c9,99.26,1,99.26,1.0,27.0,1,0,bronze
32b15895df6710a7c20f648a0a2bdd10,1118.05,1,1118.05,4.0,9.0,1,0,platinum
32b1804eae0c9be2d3ae335fc78ea52d,69.24,1,69.24,4.0,10.0,1,0,bronze
32bb84e755e579f65d6a67509ecee2ee,236.28,1,236.28,2.0,,1,0,silver
32bd15f649096a45270727aa50df8460,150.89,1,150.89,5.0,12.0,1,0,silver
32c3edfee8106a1d891f93706a7d554c,71.99,1,71.99,2.0,8.0,1,0,bronze
32ca12567c820aa0b0e5c20876829bdc,118.35,1,118.35,5.0,6.0,0,0,silver
32efa507b1a360412dee7ff30905ebdc,555.67,1,555.67,4.0,4.0,1,0,gold
32f437e3704607f63d51048706ca8ef8,76.08,1,76.08,5.0,7.0,0,0,bronze
32f6a2f1bdab32a00739ef00c46cf4d4,57.53,1,57.53,,20.0,1,0,bronze
32fb60e2ce6a1f62eeccbc2d33046072,234.64,1,234.64,5.0,7.0,1,0,silver
32fd74a6ebd7c8c2eea24cee455d4cd3,26.61,1,26.61,4.0,2.0,0,0,bronze
32fddfed3518aedefbf4c69d5f1bc82e,348.78,1,348.78,2.0,7.0,1,0,gold
3306bb0fba2158eab5efeccddc6dd5e1,28.17,1,28.17,4.0,17.0,0,0,bronze
330921a962940ecdcdfc5da2f4761e9e,154.55,1,154.55,5.0,12.0,0,0,silver
330fdaa06f93c0c6ffb4af7d79c1ef12,61.16,1,61.16,1.0,7.0,0,0,bronze
33162235fe25408e12a053052136ce91,72.28,1,72.28,4.0,20.0,0,0,bronze
331a90f871396eca3dbbbaafc0f7fb39,52.68,1,52.68,5.0,3.0,1,0,bronze
332cf4e83e16004ba7dca932ce82475b,146.21,1,146.21,4.0,29.0,0,0,silver
333116644860dfd23cda707c267686b8,27.1,1,27.1,5.0,12.0,0,0,bronze
333a50f1b0313ee2d9430b2003bce15d,156.73,1,156.73,4.0,27.0,1,0,silver
333efe25a35b49fd25bca590a6b60203,71.14,1,71.14,5.0,7.0,0,0,bronze
333f7cf503c8be1d9d1918fc19099f71,35.4,1,35.4,4.0,17.0,1,0,bronze
3341514b8049f4a268e4188fb0211d34,89.56,1,89.56,5.0,5.0,1,0,bronze
3364a8146335df8b90c5b67295ecbb78,48.86,1,48.86,5.0,9.0,1,0,bronze
3364be53363f9197e8be5b225b62bf82,146.68,1,146.68,5.0,11.0,0,0,silver
337250344f38cc8a88449b5d71fd2959,124.71,1,124.71,5.0,18.0,0,0,silver
3378cb40f76a30e21ef595fd45a7d576,37.47,1,37.47,5.0,7.0,1,0,bronze
33909b7a3aadac8943ee99a62745f3ee,128.31,1,128.31,5.0,11.0,0,0,silver
3398f68dfa1b687d6d4610817c6de23d,168.2,1,168.2,4.0,29.0,1,0,silver
339f34206b47320a2fce8cb2197e13cb,113.16,1,113.16,5.0,7.0,1,0,silver
339f4919a71b0fc8390b936db62e85ae,25.0,1,25.0,4.0,22.0,0,0,bronze
339f4ca769f8240ea30f88c25c5c5f11,71.14,1,71.14,1.0,42.0,1,0,bronze
33a1c4d33a5e4da8d5919b023e732522,143.65,1,143.65,2.0,9.0,1,0,silver
33aa7fb9d2429916573aee9c36263647,137.55,1,137.55,3.0,16.0,0,0,silver
33aca86429de0f71ff7118b93bb09712,96.88,1,96.88,4.0,4.0,0,0,bronze
33b5e70d9b7805b2806caf7f5dbbd5f9,17.29,1,17.29,5.0,3.0,0,0,bronze
33cf1b4b19a21b28c7b626991208a57c,48.29,1,48.29,5.0,20.0,0,0,bronze
33d548bd0d29692e9dc471cdf65c441d,144.1,1,144.1,4.0,12.0,1,0,silver
33d6225e8b8048118b86ca866b44fbd8,43.22,1,43.22,5.0,19.0,1,0,bronze
33de0f93211d4481db59a854ece68e2b,27.29,1,27.29,4.0,4.0,1,0,bronze
33df3723e14a3be93f0b1466076b2866,94.64,1,94.64,5.0,5.0,0,0,bronze
33e2ec99a0b818a86def54a73031892a,248.76,1,248.76,1.0,33.0,1,0,silver
33e670a0bcac60875ceada1c240aa9fd,158.85,1,158.85,1.0,5.0,1,0,silver
33e87f4cf23de91419bc2b65f9052789,83.22999999999999,1,83.22999999999999,5.0,8.0,0,0,bronze
33e945a1ff162d1d25547871536d6266,84.18,1,84.18,4.0,6.0,0,0,bronze
33f0cbd496e2d17e19a39524031de5a7,37.68,1,37.68,3.0,6.0,0,0,bronze
3407935f69908e6f71fa09a2787fd2f2,52.38,1,52.38,5.0,3.0,0,0,bronze
340c5fef7687f820ccd68a7135de4402,46.0,1,46.0,4.0,5.0,0,0,bronze
34116bf8f2f4e9103edae5d6d09aa625,75.65,1,75.65,3.0,8.0,0,0,bronze
341b6946aa6278284d3986112c43def4,606.46,1,606.46,5.0,21.0,0,0,gold
3427662b7701ba498887c15b8d16ae4f,238.61,1,238.61,5.0,18.0,1,0,silver
34300cecbdb5c4d59da7bf2402413914,26.77,1,26.77,5.0,30.0,0,0,bronze
34336d34daf6f0fc2e2a594e817d773e,69.9,1,69.9,5.0,15.0,0,0,bronze
3434f88039a4e537867621960b17d7c0,28.79,1,28.79,4.0,4.0,0,0,bronze
34398e8e2a91eb4c8aa4ed7c7ac3e54e,31.98,1,31.98,5.0,15.0,0,0,bronze
3442a61b2d5bfd9d605d6943701ad650,767.84,1,767.84,1.0,5.0,1,0,gold
34466539a4aa603004fead7a3f7f7bc2,66.12,1,66.12,4.0,7.0,1,0,bronze
344abd5603ff5310fdd0aa55be719873,141.63,1,141.63,5.0,13.0,0,0,silver
344dcfca74b8df7ab46e9f1846570515,66.85,1,66.85,4.0,13.0,0,0,bronze
345759b8cb3d30586551de1ca6905df0,208.74,1,208.74,5.0,19.0,0,0,silver
345817899c325d8b41c9e88011a8ab43,54.13,1,54.13,3.0,36.0,1,0,bronze
345eeeb838c3cb47f2938c7014c31e4e,102.53,1,102.53,5.0,3.0,0,0,silver
3462632a621a8362bf4d3149b2432842,140.51,1,140.51,5.0,7.0,1,0,silver
34635d1c10e7f2f6af37f4775d5383d2,313.99,1,313.99,1.0,29.0,0,0,gold
346554e2c119539266cb49f9671dbbe2,82.98,1,82.98,5.0,5.0,0,0,bronze
346d3e83c82403f85942d3ef934ac7b4,119.25,1,119.25,5.0,12.0,0,0,silver
347daced5e2cf286c36bd727311f219a,95.92,1,95.92,5.0,3.0,1,0,bronze
3481fb2fa4580acaf2846d4a12df6ea9,114.0,1,114.0,2.0,8.0,1,0,silver
34896d5a632cd39b5f42d9a5408e1911,103.25,1,103.25,5.0,10.0,1,0,silver
348d2d19d28a3abf896ed5e58fc34069,236.54,1,236.54,3.0,20.0,1,0,silver
348d75c598a56f0f07222fbca6828970,87.64,1,87.64,5.0,10.0,1,0,bronze
3490168e3acaf7c79dc72a00dfaa500b,192.64,1,192.64,5.0,17.0,0,0,silver
34924319ad9f60296eeee62465805b71,153.64,1,153.64,3.0,7.0,1,0,silver
34955d1c0271039c8e4e737df07e7cb5,196.92,1,196.92,5.0,6.0,1,0,silver
34962563ebeec9ee2399336065fb09e0,349.57,1,349.57,4.0,2.0,1,0,gold
349996f092e332ccff93cdb57ab264a9,124.24,1,124.24,4.0,37.0,1,0,silver
34a36f20b4f26beaaaa42a050d5516d5,52.1,1,52.1,1.0,30.0,1,0,bronze
34a53ade3d760aed24b26c2c9aac8a6b,177.25,1,177.25,5.0,9.0,1,0,silver
34adb50767b04238054ca1f76ceabe58,180.71,1,180.71,5.0,8.0,1,0,silver
34b2f3c3cb07567280fa300dc3bbb4c3,59.13,1,59.13,4.0,9.0,1,0,bronze
34b42b0c307628dd0cf95863dd6387d8,102.85,1,102.85,5.0,8.0,1,0,silver
34b6869483f9c2ebecee59d3be7f6416,98.35,1,98.35,5.0,6.0,1,0,bronze
34babc28e63a02e3909092453a8b75e6,160.54,1,160.54,5.0,15.0,0,0,silver
34bac84cfbd0ba1da052e4f5b266c80a,147.06,1,147.06,3.0,14.0,0,0,silver
34bb455fd095fdf1a9964fed915c596e,342.02,1,342.02,1.0,27.0,1,0,gold
34c5e3c3e5259af15675b53c440eb96c,78.47,1,78.47,4.0,21.0,0,0,bronze
34d586f6ae1a045b64ff7a21493755fc,56.29,1,56.29,5.0,26.0,1,0,bronze
34e183eaeaed3c11d190177a1efd96d1,65.71,1,65.71,5.0,6.0,0,0,bronze
34e7f65257e2109e4668e94403ac0f89,140.67,1,140.67,5.0,6.0,0,0,silver
34e9218036622d21dadebbfade12537f,73.03,1,73.03,5.0,7.0,1,0,bronze
34f29e42f5a797ce5e5a26370440ccd7,290.84,1,290.84,5.0,6.0,1,0,silver
34f783ac3f2faa9038877834eadc3eaa,272.54,1,272.54,1.0,48.0,1,0,silver
34ff67eb3466a779b2f6b6fd56a3b953,2787.87,1,2787.87,5.0,5.0,0,0,platinum
35052a34c8cddade15549afde5580e83,62.65,1,62.65,5.0,2.0,0,0,bronze
350879f9e91bfdd2f0ce335234c07cf6,86.76,1,86.76,5.0,16.0,1,0,bronze
351748d78843cee737277f6f56fd8543,152.68,1,152.68,4.0,13.0,0,0,silver
351adc5674bb62d3b5fea28ad1d9a3cc,114.79,1,114.79,5.0,2.0,0,0,silver
3528aee5bd075d62e4c6eba9d5e97362,37.77,1,37.77,4.0,9.0,0,0,bronze
353801f49ab64d5e6ca90ba46e2e5f0f,133.85,1,133.85,5.0,6.0,0,0,silver
353a132b67fce64072f632a8bdc1b6ed,57.04,1,57.04,5.0,5.0,0,0,bronze
353f7ad01ca05be7416d4d65682a0077,59.03,1,59.03,3.0,11.0,0,0,bronze
3543bfa56514a2ca65d2f2a7470e3ea7,111.43,1,111.43,5.0,18.0,1,0,silver
354d9a044fc69afda19173b3df491c92,53.6,1,53.6,5.0,30.0,1,0,bronze
3556b5dea9e633ab8709362974179286,51.84,1,51.84,4.0,8.0,1,0,bronze
355ae139c8a163fb77c065a2d1403ed9,330.55,2,165.275,5.0,6.5,2,1,gold
3563c87d2f11fb5fc1a25236cf675abe,85.85,1,85.85,2.0,20.0,1,0,bronze
35694662ee96ef8cd104c2e9e9f2156c,524.48,1,524.48,5.0,7.0,1,0,gold
357482c4e5b9b6200cc2b37b8a7b46b9,150.36,1,150.36,2.0,,1,0,silver
3577e91a3448cac21a38effb2f0bbdb7,1125.57,1,1125.57,4.0,6.0,1,0,platinum
357db15188917085133588f0fd96950e,165.04,1,165.04,5.0,10.0,1,0,silver
35825208c1a9b2d7cccd2eee08d8cbc6,31.77,1,31.77,5.0,4.0,0,0,bronze
358973fb9d5b4a20ef8306eaff96285e,47.38,1,47.38,5.0,7.0,1,0,bronze
3595d21a3d79ff7a508581144acf0ed9,126.04,1,126.04,5.0,16.0,1,0,silver
359bacb2b5c52b4287667a7bc6c7bc63,194.0,1,194.0,4.0,14.0,0,0,silver
35a2b7648173b71e6d64851f211abace,111.42,1,111.42,3.0,15.0,0,0,silver
35a382f91046bec8ef1acb7dc62b7318,398.18,1,398.18,5.0,19.0,0,0,gold
35a71ad2ea8603b9557711cf960a2efe,382.0,1,382.0,5.0,11.0,1,0,gold
35abcd93c3048cc4827af183b1cc3b03,35.68,1,35.68,5.0,10.0,0,0,bronze
35b2bbd27795a44fda466212e338e9cc,27.19,1,27.19,1.0,13.0,0,0,bronze
35b57424cb76ed9d49f250e4382f9bc1,126.33,1,126.33,2.0,22.0,0,0,silver
35b67549622f54ea9bef5df8350dc225,128.66,1,128.66,5.0,12.0,0,0,silver
35b8febc8fd46c7c7e07c29352efbfd5,23.24,1,23.24,5.0,9.0,0,0,bronze
35bab3da2062a5f0a565cc73ca72815c,31.75,1,31.75,4.0,9.0,0,0,bronze
35c00d4b28a4b3147c058bd9ed3fab0c,85.24,1,85.24,5.0,13.0,0,0,bronze
35c636d4e43216044ff512852a93fc48,155.78,1,155.78,1.0,10.0,1,0,silver
35d9487a7a829f7c76400b34195673d7,49.09,1,49.09,5.0,10.0,1,0,bronze
35da9093ca6f1782bbad4b328e31f35f,175.77,1,175.77,5.0,15.0,0,0,silver
35dd02aa966dc8f3f5d2277e0cb8fff9,95.21,1,95.21,1.0,43.0,1,0,bronze
35dd6fdbd3caca7333ef2c6675547bd1,205.65,1,205.65,4.0,12.0,1,0,silver
35dfd97c18fdac5b44db61ce1cf39704,34.85,1,34.85,1.0,21.0,0,0,bronze
35e55d54b4ad458292b297b82dd30e0e,176.65,1,176.65,4.0,16.0,1,0,silver
35ecdf6858edc6427223b64804cf028e,233.28,1,233.28,5.0,11.0,1,0,silver
35f7bcf259362c5749d5b5d5aa0b9e87,416.55,1,416.55,3.0,52.0,1,0,gold
35fd57656b4dc352e7a3049732c88bdd,147.06,1,147.06,3.0,41.0,1,0,silver
35fecbfa56f7aad0e3c1e8c639709ebf,168.36,1,168.36,5.0,12.0,1,0,silver
36016f4836f1cd1acf2b28ff2e5aeee5,108.59,1,108.59,5.0,11.0,1,0,silver
3603d5e336b125a3f5f659a1252a29c3,205.31,1,205.31,5.0,10.0,1,0,silver
36150719926e7a6629d0a4adcbb037fb,109.5,1,109.5,5.0,3.0,0,0,silver
361b5c19f63c93dd2accd5e3e001bc06,40.0,1,40.0,2.0,4.0,0,0,bronze
361def0dd6f15e919b3126a93babde1a,86.15,1,86.15,4.0,6.0,1,0,bronze
361f293b44a8217401121933a7c5f5b7,76.66,1,76.66,5.0,21.0,1,0,bronze
36205e613ed685ef7d9bce698fc86e70,157.9,1,157.9,5.0,20.0,0,0,silver
362c0d32ec8688c2b02086cded7c21f4,105.28,1,105.28,5.0,11.0,1,0,silver
364cb3e7f85cd86c84192f01f1ff996e,81.15,1,81.15,5.0,7.0,1,0,bronze
364cb4f2a41aa84eb36090a25f26060c,87.71,1,87.71,5.0,2.0,0,0,bronze
364cd8a1b36e7aeadf24976a3e7a0702,84.58,1,84.58,1.0,14.0,0,0,bronze
365330a9997b5f6100ce7f21261d2190,118.66,1,118.66,5.0,12.0,1,0,silver
366099d1fc91479a59fa878693b55efc,121.09,1,121.09,5.0,7.0,1,0,silver
36620f9fa97dadf4867e4e15e3488f48,319.09,1,319.09,5.0,7.0,1,0,gold
3666e569a456f07f6136c95943e384a2,117.62,1,117.62,4.0,21.0,0,0,silver
366f4743154ff26fa1743ae7854b5e44,117.97,1,117.97,5.0,14.0,0,0,silver
36700f03dbb05c1170c60fb2bdd80476,297.71,1,297.71,5.0,11.0,1,0,silver
3670def3112badda773d3f09d506a322,103.37,1,103.37,1.0,32.0,1,0,silver
3676e668559f922eea8635cfe72ecd8e,51.19,1,51.19,5.0,4.0,0,0,bronze
367f42733f0ea6320603ae4c8cdcb403,27.68,1,27.68,4.0,4.0,0,0,bronze
36871f028d790a41ecb6f078d05b7bd4,110.74,1,110.74,1.0,11.0,0,0,silver
368c35b244c7bafbebd6481be7a74a57,111.99,1,111.99,5.0,9.0,0,0,silver
368dd77e48ff41c5a1a9d0c2d942c1eb,280.65,1,280.65,5.0,9.0,0,0,silver
368e91ac2ee2407d82d8b02551d2cd18,184.69,1,184.69,3.0,13.0,1,0,silver
36960608076d6103c6f3a513b5123884,51.7,1,51.7,5.0,2.0,0,0,bronze
369844e2fcfbee77511d04b97fe0dc0d,172.71,1,172.71,4.0,9.0,1,0,silver
369fa40aa2f76f5f02318fcf168fb686,41.22,1,41.22,4.0,19.0,0,0,bronze
36b070a7ce61be43443f1f608fa56201,48.21,1,48.21,5.0,7.0,1,0,bronze
36b2580720d92788789073253ae6b8a1,143.46,1,143.46,5.0,8.0,1,0,silver
36bf041525639c3bc22a194fc2888de5,71.71,1,71.71,5.0,8.0,0,0,bronze
36c5770cc8e136abf9b1e5e149f75fb2,66.64,1,66.64,5.0,14.0,0,0,bronze
36c78d937ff07582adc957d4e91e8242,98.35,1,98.35,4.0,10.0,0,0,bronze
36db357344c8891e84f88e8d3ae4c538,141.32,1,141.32,4.0,22.0,1,0,silver
36e6158d57d16409e8a280e5a5681d6a,116.45,1,116.45,2.0,33.0,1,0,silver
36f8e4ca148a3c0916e6233c825b13c0,82.68,1,82.68,5.0,4.0,0,0,bronze
36f973f07dc43ed4d5fe36435d2c2d73,208.2,1,208.2,5.0,11.0,1,0,silver
36ffbbdeade73b18025564d1404420b0,39.1,1,39.1,2.0,19.0,0,0,bronze
370d03d053c21179153982555c9daf82,66.75,1,66.75,5.0,2.0,0,0,bronze
37130c6869ec1d517e07637dff2e90e3,159.76,1,159.76,4.0,22.0,1,0,silver
372fd0b0c5639c2ee48401110b6918f8,116.36,1,116.36,5.0,6.0,1,0,silver
374026021639ada6e97c12b31a997a64,100.21,1,100.21,5.0,39.0,0,0,silver
374435e2f0f48d047373cdcf1df86d8c,156.51,1,156.51,5.0,9.0,1,0,silver
374750ed3d0d0e2503872b9014cee11a,84.78,1,84.78,1.0,4.0,0,0,bronze
374c118557e479071f9f34705b3a96c1,80.6,1,80.6,3.0,34.0,1,0,bronze
376638f877256111577406a6cecb76a9,367.2,1,367.2,1.0,29.0,0,0,gold
376fc5da2c32f3f7b67de2f142d38c5f,87.55,1,87.55,5.0,13.0,1,0,bronze
37743264a183e41e3e830ab257709414,104.68,1,104.68,5.0,2.0,1,0,silver
3776c229a04a5072c6f36de7487ea5b6,76.02,1,76.02,4.0,5.0,0,0,bronze
377b9a67d0decf21cad74c2b44a13448,34.84,1,34.84,5.0,5.0,0,0,bronze
377fde5a2ed15f559c2eb21a438d7a32,25.7,1,25.7,5.0,17.0,0,0,bronze
3796a05fa0711926a786f151fe8124d1,234.61,1,234.61,2.0,22.0,0,0,silver
3798afca0bdbf833d43d27ba3211d3a5,32.69,1,32.69,5.0,4.0,1,0,bronze
3798f6fc367c34d836f29abd44c1d804,149.71,1,149.71,5.0,14.0,1,0,silver
3799155bba777b02074b6494271aa522,310.9,1,310.9,1.0,4.0,1,0,gold
379c7200a0e0a27798f9686d1a1abe2e,48.62,1,48.62,4.0,7.0,0,0,bronze
379d171e0e9e9c93992d8ad87d9f7513,314.41,1,314.41,3.0,7.0,1,0,gold
379dc6d8a6eaa0d1a09e503f29781ea2,94.4,1,94.4,5.0,3.0,0,0,bronze
37a7034bb342bbbebdc03187fe8720ed,68.82,1,68.82,5.0,4.0,1,0,bronze
37a72688e390d6518a34aba45b02e5b5,93.82,1,93.82,5.0,7.0,0,0,bronze
37a9d4e1f5d25c9632995c050fb1b1f2,56.6,1,56.6,5.0,14.0,0,0,bronze
37cb035c10492203946b0089366008b9,317.31,1,317.31,5.0,18.0,1,0,gold
37cef7fb8127b7b3f4810de5942df2cd,85.81,1,85.81,5.0,1.0,1,0,bronze
37cf7c94e4f9624b4507713dc6a58fab,349.08,1,349.08,5.0,15.0,1,0,gold
37d3dfcbb848287358251bcb27953cbc,49.32,1,49.32,5.0,5.0,0,0,bronze
37e36b040b4b82b5780f36fff4cf1f4e,54.18,1,54.18,1.0,,0,0,bronze
37eb25f30a773f6b3c11cd76face26e8,36.63,1,36.63,3.0,5.0,1,0,bronze
37f189dbcb4d9c62cf25ffc3e16c5bc0,204.88,1,204.88,3.0,26.0,1,0,silver
37fba37abc9eb3ee677e8847d6e7dacc,141.23,1,141.23,4.0,35.0,1,0,silver
3800b1b4b7cce8d8ac9fc1ed9a521baa,145.79,1,145.79,5.0,17.0,0,0,silver
3801738a5f759776df5e1ff226de8113,137.37,1,137.37,5.0,9.0,0,0,silver
3809587a22b5a1a56b173ac0ed0e9e7d,141.75,1,141.75,5.0,23.0,1,0,silver
380abe06766cb6b5de4f47b5ae50a422,64.22,1,64.22,5.0,7.0,1,0,bronze
38129f4e081e047f1253f08e46f38b5b,119.74,1,119.74,4.0,7.0,1,0,silver
3813b3c3c7ed0f7844199a64298a8adf,135.89,1,135.89,3.0,7.0,0,0,silver
381865bb5f82d4d601fa3026a283b47e,101.71,1,101.71,1.0,19.0,0,0,silver
381a91201a6359179846a3e9742fe9be,90.98,1,90.98,1.0,,0,0,bronze
38205800fd0c2ef9abfe21ac70979cb1,185.18,1,185.18,1.0,,0,0,silver
3824835f5cda1b4800195bf62aa571bb,244.45,1,244.45,5.0,11.0,1,0,silver
3827b4f204a5c9e1f7e88a20c05196d8,166.29,1,166.29,5.0,14.0,1,0,silver
382ad79426068e4ba6ed73491d4441cb,149.18,2,74.59,5.0,6.5,2,1,silver
382d87ad789873a3337747526a053bd9,124.07,1,124.07,4.0,5.0,0,0,silver
3832efdd7e69e23b2edef317d96539bc,22.75,1,22.75,1.0,19.0,0,0,bronze
383418fcb4e0dfaf7a936919830b0b67,164.69,1,164.69,3.0,14.0,1,0,silver
3839a5cbd3547a4f06c2edf6da3a8934,174.86,1,174.86,5.0,2.0,1,0,silver
384b7a59cebf268bbc2f6c9b09e2e274,105.74,1,105.74,3.0,,1,0,silver
384c891c0a8477daf165f632db186380,33.54,1,33.54,5.0,4.0,0,0,bronze
38589c29dc87cf47d66d8410af1bebbd,1232.85,1,1232.85,5.0,18.0,1,0,platinum
386484f7941e1d2632a2f1f5c597d65c,339.03,1,339.03,5.0,8.0,1,0,gold
3867198d50d68da57284e0cfec9d1902,102.56,1,102.56,1.0,32.0,1,0,silver
387ad0eaf2f2ce4c34229a5045e1e8ff,660.8,1,660.8,1.0,,1,0,gold
387b38ebe598313ef56ef3df19b192af,22.39,1,22.39,5.0,6.0,0,0,bronze
3881a31abb8e6d4da76371f0e56b6cea,146.0,1,146.0,5.0,6.0,1,0,silver
3883df9b90b31b4e1782b3b751617f78,282.31,1,282.31,5.0,7.0,1,0,silver
388bf92f949b84efb97062e6833dfab9,118.93,1,118.93,4.0,12.0,1,0,silver
388c57dd16d91ff43adb4feffe0c45fe,114.77,1,114.77,4.0,6.0,1,0,silver
388cbe464b788334e546297168f81e82,106.06,1,106.06,4.0,16.0,0,0,silver
3894553e805e7701befe17655de23870,54.22,1,54.22,3.0,9.0,1,0,bronze
38a3c2eb6f3a9c08efff963c5a551a7c,60.0,1,60.0,5.0,5.0,0,0,bronze
38bbdee49c638fb29fdcac9665c27ee6,148.75,1,148.75,2.0,21.0,1,0,silver
38c576114024f3c3e45f83e7b5ee0c56,152.7,1,152.7,5.0,13.0,1,0,silver
38cad70d154a4dcc42b598d5c01f7ef1,386.33,1,386.33,4.0,19.0,1,0,gold
38cc0262f58c61f3bb6543538b92189c,351.35,1,351.35,5.0,6.0,1,0,gold
38d09f8349a7f12fb75f41311b775cef,220.04,1,220.04,5.0,5.0,1,0,silver
38d0d143e7e1ff34ebf759e04bc258f7,60.46,1,60.46,4.0,12.0,0,0,bronze
38d1d975968b0fc361aac11b1b18ab34,231.27,1,231.27,5.0,7.0,1,0,silver
38e27af584f254dbc7dd081a3a75e80c,75.85,1,75.85,5.0,15.0,0,0,bronze
38e5765c17873bd5faff89560d38ca0d,43.87,1,43.87,5.0,7.0,1,0,bronze
38e7d9937ed558d12c1192b6aece21a6,72.83,1,72.83,4.0,10.0,0,0,bronze
38e88914df81a235886f2aec90904cc9,73.58,1,73.58,4.0,8.0,1,0,bronze
38e9ba7e543c33ae95a697ed2566dc00,88.28,1,88.28,2.0,,1,0,bronze
38ed5dcf4671ea20f3cc051857efafbe,80.2,1,80.2,3.0,15.0,0,0,bronze
38f0c53a7fd6bd2a1727f0fa0ce94a59,199.8,1,199.8,5.0,6.0,1,0,silver
38f7df2ba1b785cfb058c019ffe1def6,226.79,1,226.79,4.0,20.0,0,0,silver
38fb3a44470e308a1f68847d62cf00b7,27.69,1,27.69,3.0,13.0,0,0,bronze
38fb75ff8e5db1b3885a77beb1442f63,159.22,1,159.22,5.0,7.0,1,0,silver
38fbfbb8a36e56ac7f401e5fa76f6aac,322.17,1,322.17,5.0,18.0,1,0,gold
38ff5c0eeae7cc7b8facb23461e4f7ed,253.1,1,253.1,5.0,12.0,1,0,silver
39071f970af0c193c6349207f7d890ea,45.61,1,45.61,5.0,10.0,0,0,bronze
390ab7d275c35f0bfb2be964ff5ffbe4,99.92,1,99.92,5.0,8.0,1,0,bronze
390abc43c8b7ce11ba14b8b83ab3eb20,216.16,1,216.16,5.0,13.0,0,0,silver
390f11b0deaca217b570a5472cabf8e6,154.73,1,154.73,5.0,8.0,1,0,silver
3918bd5f8eec57b889a500537a9e725e,102.26,1,102.26,5.0,11.0,0,0,silver
391addf14a973b787a32aeded9b3ef24,658.43,1,658.43,4.0,16.0,1,0,gold
3929a54da1d2080fad9a1db8d96763a0,670.99,1,670.99,3.0,14.0,1,0,gold
392e4b94ebcbc2f1b5de86de66bbe02f,40.28,1,40.28,5.0,6.0,1,0,bronze
392edf1cf51107f71da16dcd173e68d9,414.86,1,414.86,5.0,20.0,1,0,gold
39406d5888ebe67839dc26b348c0d12f,32.24,1,32.24,5.0,4.0,0,0,bronze
394dc24b7c4c8fa4ffbd0d36ddf26477,182.72,1,182.72,1.0,24.0,1,0,silver
395f20236f5f43429dcd0ce224b9de7f,75.07,1,75.07,5.0,17.0,0,0,bronze
3967fabdddaea808d8496eb6aedc55f3,144.58,1,144.58,1.0,1.0,1,0,silver
396e89f9a8b20de569b4f649539028db,322.17,1,322.17,5.0,13.0,1,0,gold
39764cc782cd106848fa1ae25cb2ad4e,29.69,1,29.69,5.0,8.0,0,0,bronze
397f33f299dc46f1961bc7d2262a96cd,149.0,1,149.0,5.0,9.0,1,0,silver
39890dfceb33c313beef3df057896c1c,47.64,1,47.64,5.0,5.0,0,0,bronze
398a0d7341805ed8598aa95a98aa8f2a,59.4,1,59.4,5.0,15.0,0,0,bronze
3995ee80edd6d037333599d4da968829,184.99,1,184.99,4.0,15.0,1,0,silver
39a7ce86511cf4b34a90dcc0cd3157a5,101.73,1,101.73,5.0,9.0,0,0,silver
39a87369059487368c4429cbd9b75b70,62.18,1,62.18,1.0,9.0,0,0,bronze
39aa3286631ba21ef894f122508ecf1b,208.03,1,208.03,5.0,6.0,1,0,silver
39ab6384afb233546f4559b162bcba4d,187.51,1,187.51,5.0,15.0,1,0,silver
39b203f2687df866f39a7fc3438e67f8,149.86,1,149.86,1.0,31.0,1,0,silver
39b34a4c39d8914f6a4e949170c9b1de,104.47,1,104.47,5.0,7.0,1,0,silver
39bd5891db7b87eb546edc28933505c8,104.34,1,104.34,5.0,4.0,1,0,silver
39d84f98d086e195f0879818e81a6767,42.11,1,42.11,4.0,9.0,1,0,bronze
39d909e7e144641e0bc9e6e80796d6eb,94.69,1,94.69,5.0,10.0,1,0,bronze
39dd5bab7e7e62b981d41365c04d78ce,37.05,1,37.05,5.0,7.0,0,0,bronze
39e175316b8393526b40c9797b95ce92,78.1,1,78.1,4.0,16.0,1,0,bronze
39e9ca66abb0665312eb31817703476b,38.79,1,38.79,5.0,13.0,0,0,bronze
39ea1c331342690ef67ea5e6c6113e30,39.62,1,39.62,5.0,9.0,1,0,bronze
39ebd99704685006aceda30d484e2520,217.0,1,217.0,3.0,11.0,0,0,silver
39f2ac2e106f3c80b0ec0bc98380f99c,108.21,1,108.21,5.0,7.0,0,0,silver
39f949657a885fb2d3657c690eafeffe,92.19,1,92.19,3.0,12.0,0,0,bronze
39f9680fb5fdcb1c5a806b9a2acb8171,183.85,1,183.85,1.0,19.0,1,0,silver
39fd0204b0c81f3f90b8a0ec6d5b30b3,109.64,1,109.64,5.0,7.0,1,0,silver
3a01046c309a105bb4688bf2174df242,92.57,1,92.57,5.0,11.0,1,0,bronze
3a06048b2b7f9b26cc0c695dc4d153e1,50.09,1,50.09,3.0,9.0,0,0,bronze
3a0908dd47b9afa6eae2fbd1ddaf50fe,148.47,1,148.47,5.0,14.0,0,0,silver
3a0eb98df6a9dd91b05ba93312f0dc95,52.78,1,52.78,1.0,9.0,0,0,bronze
3a100431b41b505a8de0150f93a71198,116.94,1,116.94,4.0,25.0,0,0,silver
3a1a5bba121ea1fc98060d58d3c812de,23.19,1,23.19,4.0,6.0,0,0,bronze
3a1c15917afe0356607d2b4c547f74ed,103.13,1,103.13,5.0,7.0,0,0,silver
3a25052c7420cdc16ebe4b549519d8ee,44.24,1,44.24,5.0,4.0,1,0,bronze
3a29d9f6fb5aef9e5ecbf04e28540215,90.27,1,90.27,4.0,19.0,0,0,bronze
3a3820686adb2b0db7825eff823c51f1,313.53,1,313.53,1.0,5.0,1,0,gold
3a38d5fe04391bba71a05db868f1229a,131.38,1,131.38,5.0,4.0,1,0,silver
3a3bf14f1678d2dbfb886a2dc94331d2,146.23,1,146.23,5.0,16.0,1,0,silver
3a40c20f9cad0f453dce78648a2e22f3,79.98,1,79.98,3.0,11.0,1,0,bronze
3a490364604f6817e258f127c19eec63,136.6,1,136.6,5.0,13.0,1,0,silver
3a524315e7efeeb4fe2404c3a694b270,47.42,1,47.42,5.0,23.0,0,0,bronze
3a537ad954f862d23c4f6a90066ae37e,123.52,1,123.52,5.0,10.0,1,0,silver
3a56452dccc454b0a79012761fc871d3,84.23,1,84.23,5.0,7.0,1,0,bronze
3a5c7f0a36d613a96a3cef05fc890ae1,185.89,1,185.89,3.0,2.0,1,0,silver
3a619e8f1ea6373c75ad340b57acd1ab,271.43,1,271.43,5.0,20.0,1,0,silver
3a62bc7790ef04326e7016b2d3471130,84.91,1,84.91,5.0,9.0,1,0,bronze
3a69e1826b490a9a1253e94e511feb11,145.58,1,145.58,5.0,7.0,0,0,silver
3a6de17201bd68a1fca5da3603f90eb6,52.85,1,52.85,5.0,7.0,1,0,bronze
3a75fe04b67f463a4cbb5cd665321cc6,267.99,1,267.99,1.0,4.0,1,0,silver
3a776a3c70e40184d61c0ffb598203b7,66.78,1,66.78,5.0,4.0,0,0,bronze
3a7eda76f0c7ac59d5d62dac7f3446b8,50.24,1,50.24,5.0,6.0,0,0,bronze
3a8624a01ed4b667453df13648ea5676,168.03,1,168.03,1.0,20.0,1,0,silver
3a8885f72277b1a3d1dde69e1780bec8,122.49,1,122.49,5.0,8.0,1,0,silver
3a89a315936b3df814113142920a5127,669.98,1,669.98,5.0,9.0,1,0,gold
3a9919807b05327ba9e621325e65f25c,208.78,1,208.78,4.0,20.0,1,0,silver
3a9cbbf8b49fc8cab4e91ed1e3a25625,76.55,1,76.55,5.0,6.0,0,0,bronze
3aa77488dee852221d753de8f8e01285,68.7,1,68.7,5.0,3.0,0,0,bronze
3aa9d1b3bed215d6bd320754c51e7b43,86.15,1,86.15,1.0,14.0,0,0,bronze
3aaafeb4d8f3e1c48c172b1894f711c8,47.68,1,47.68,3.0,3.0,0,0,bronze
3aadf3969654672ea404b15f958db11f,201.89,1,201.89,5.0,9.0,1,0,silver
3ab0efc5b3ecd6ede7565b1f7d7516a5,126.26,1,126.26,5.0,14.0,0,0,silver
3ab4c8bb461a86a63d886817bac800be,108.03,1,108.03,4.0,8.0,1,0,silver
3ac7a309b670de83219c488edd4faa72,131.56,1,131.56,4.0,18.0,1,0,silver
3ac9c01f8a484bed9a2c023ce5b4a2d6,131.56,1,131.56,5.0,13.0,1,0,silver
3ad017bd967bfe8771b0fbf45a8596c3,34.88,1,34.88,3.0,8.0,0,0,bronze
3ad1c859a3402318242ed9871c8402a1,459.69,1,459.69,3.0,7.0,1,0,gold
3add5c1d871344f08b66ef66e1e0f392,205.99,1,205.99,5.0,12.0,1,0,silver
3ae748b0c0cf7d473b7acac5e07a05ca,300.76,1,300.76,4.0,18.0,0,0,gold
3ae8c60f0accef7157c38fccbaa4679a,65.43,1,65.43,1.0,10.0,0,0,bronze
3aea245d9232e5ed478003b4c7c0befd,66.72,1,66.72,4.0,11.0,0,0,bronze
3aec9c5f3d62cad53b6de5fe84ece768,71.64,1,71.64,5.0,11.0,0,0,bronze
3af4691c5124c444bb8c87953af3e69f,65.63,1,65.63,5.0,5.0,1,0,bronze
3afef9e1ed529afc9cb4d1360e8d13fd,43.22,1,43.22,5.0,14.0,1,0,bronze
3b030b93e05010026ff4449b9647415f,37.61,1,37.61,5.0,9.0,0,0,bronze
3b0fd4045271bcd68bbd76cd66506b74,96.24,1,96.24,5.0,7.0,1,0,bronze
3b102dbfc43b46f6ae984015e972e28d,59.01,1,59.01,4.0,5.0,1,0,bronze
3b1a33efc09a4d8df157d8c9b4968bab,207.1,1,207.1,3.0,9.0,1,0,silver
3b253518af1e74199da663e4e5be0ba8,162.29,1,162.29,3.0,41.0,1,0,silver
3b254c123d56374c540c7b3b811078f5,60.29,1,60.29,3.0,3.0,1,0,bronze
3b2ae38156cf022ebdaf8a4ead16d30a,72.1,1,72.1,1.0,13.0,1,0,bronze
3b3a25d327343af47148701d883ab92e,170.76,1,170.76,4.0,10.0,1,0,silver
3b41d1486c7683be1119e9e6a21832c6,99.33,1,99.33,5.0,8.0,0,0,bronze
3b4aa0dec50f090b3992b0541651da46,77.77,1,77.77,5.0,3.0,0,0,bronze
3b68eb6d771925a9808f61a26a22c7f5,72.05,1,72.05,5.0,5.0,0,0,bronze
3b6da25db459301fd8fa658cc847205a,175.87,1,175.87,2.0,22.0,0,0,silver
3b6fa0b51bed3d94982f9b41f8e280ce,76.05,1,76.05,1.0,7.0,1,0,bronze
3b718dafac17bbd4d4b6a6161d75f179,80.2,1,80.2,5.0,8.0,1,0,bronze
3b80b9f31884c59ab60b5534d95e20b8,90.6,1,90.6,5.0,6.0,1,0,bronze
3b87edb7be973ad80cbcddb0e561f2b8,101.63,1,101.63,4.0,5.0,1,0,silver
3b9413f9d2b6d5aa9e39ec9b906ca0d2,60.0,1,60.0,5.0,12.0,0,0,bronze
3b9a0d6e823e479d97f3642fcc157c3e,88.9,1,88.9,4.0,3.0,1,0,bronze
3ba05008f7ff203601756159a5dad8fb,102.92,1,102.92,5.0,2.0,0,0,silver
3ba794446d7dcd78767a2683f3ebcfa7,130.0,1,130.0,5.0,2.0,0,0,silver
3baa1dfebd3d28ccc8cdbf5d9faa7602,2151.29,1,2151.29,3.0,17.0,1,0,platinum
3bbf81ecb17fd43eddb6bd7ee794e094,137.99,1,137.99,5.0,6.0,1,0,silver
3bc2576ef69da2477d0c9a4b1ecf4086,87.64,1,87.64,5.0,13.0,0,0,bronze
3bcc05ddbfa78c5e5445f82ffdf4c44c,99.34,1,99.34,5.0,3.0,1,0,bronze
3bd08ce268152ada1de9eccd7d7e0911,107.78,1,107.78,1.0,25.0,1,0,silver
3bde82b4ad6c7f8eb68eb036e0258e85,132.82,1,132.82,5.0,5.0,1,0,silver
3bea379b85fffcc323633e986ad706cf,466.81,1,466.81,5.0,10.0,1,0,gold
3bec6798ceb2e8fafb2e95e06b3610b7,67.68,1,67.68,1.0,,0,0,bronze
3bee21d3f6de31be0891d0cd591f33df,338.77,1,338.77,4.0,15.0,0,0,gold
3befdc29b48b5c9416c10e0fd9ff9d79,126.34,1,126.34,4.0,14.0,1,0,silver
3bfad1f3e44d5805f8ff67c558a155f8,488.7,1,488.7,4.0,10.0,1,0,gold
3bfe058dc7556b750553ed6f6f3f80cf,51.88,1,51.88,4.0,17.0,0,0,bronze
3bfe747d54d23c0adbaec9387ad312a7,186.44,1,186.44,1.0,,1,0,silver
3c012348dd8a583262304d7e7fe9a322,193.59,1,193.59,5.0,1.0,1,0,silver
3c03928d7b8fb32a745f6a8151497808,73.41,1,73.41,5.0,10.0,1,0,bronze
3c08c0c9890175f3be7d4a99d4ef91c7,138.17,1,138.17,4.0,15.0,0,0,silver
3c0f2fac33b61ab0a9b41c081177ac4c,76.69,1,76.69,1.0,40.0,1,0,bronze
3c124b000536c40b9a1049688a465269,212.73,1,212.73,5.0,10.0,0,0,silver
3c14b7ac3a3898d1d8f9e61a72014d4b,89.88,1,89.88,4.0,18.0,0,0,bronze
3c194b4ca2219ebcfa234ba116d87954,199.14,1,199.14,1.0,,0,0,silver
3c1bed581fd6dc040ff1635dfd1b30c6,179.35,1,179.35,1.0,13.0,1,0,silver
3c1c6073be5e02b8f2c564a71d6874f3,114.78,1,114.78,5.0,4.0,1,0,silver
3c2b68df85eaf13645391c7f681708fe,117.16,1,117.16,5.0,8.0,0,0,silver
3c3a8cbb2907d3f5e9a3ff071851c271,85.24,1,85.24,5.0,9.0,1,0,bronze
3c3cb7aa7b1db23bdc1a83276f38d118,73.55,1,73.55,5.0,4.0,0,0,bronze
3c45cdc3826cfd437199cd7a5c2bf24b,56.78,1,56.78,5.0,2.0,0,0,bronze
3c464d1867af52329a4980e916b09193,150.0,1,150.0,4.0,5.0,1,0,silver
3c4dee3f55b5016ca503ca10cd98c12a,76.45,1,76.45,5.0,8.0,0,0,bronze
3c4ea9fcd7b12e53f7e4bb7ac6353f47,116.94,1,116.94,4.0,13.0,1,0,silver
3c5276d533ca5696a685494f7f686432,131.78,1,131.78,5.0,9.0,1,0,silver
3c52c4fdbf340c9319b30037df0e722f,52.0,1,52.0,5.0,32.0,0,0,bronze
3c569102e3f62b32eb0300a277e57385,556.42,1,556.42,5.0,2.0,0,0,gold
3c5e1130694632f44051b23fd86ad9e2,313.53,1,313.53,5.0,3.0,1,0,gold
3c5ff761d061ce0996eacf738795e760,73.34,1,73.34,4.0,21.0,0,0,bronze
3c6934aa81e9b87adc82413bc4617873,36.48,1,36.48,4.0,4.0,1,0,bronze
3c697899dd702127f600f0c036eb2a2c,93.52,1,93.52,5.0,4.0,1,0,bronze
3c6cdb158daff25d19a9a4e1419c46ba,99.22,1,99.22,5.0,4.0,1,0,bronze
3c7c7e752e4f4f2d4ab5c5c195ff2461,126.53,1,126.53,5.0,1.0,0,0,silver
3c7fe4530d3a53c696ebb86baf38c5d0,41.16,1,41.16,5.0,5.0,1,0,bronze
3c884190b71bbb36aab161465ff1d2c7,48.6,1,48.6,3.0,10.0,0,0,bronze
3c8b66dcc7c613938aa90c8d844b98a0,359.19,1,359.19,4.0,9.0,1,0,gold
3cb5b3b2f475ded80173ef2d4f4fde3e,57.06,1,57.06,5.0,16.0,1,0,bronze
3cbe4dacbf014deb61bf6a4b2b7e24ab,81.04,1,81.04,5.0,7.0,1,0,bronze
3cc2b0e3f6321ae48b4b5a92f7fa0af8,75.85,1,75.85,5.0,10.0,0,0,bronze
3cc4abcf6c4d8a077b3c110ac04eb272,88.2,1,88.2,5.0,7.0,0,0,bronze
3cc6f2ad495b125862d0b82af8bd7ba2,114.81,1,114.81,5.0,6.0,1,0,silver
3ccd49b60a16bd5c9572b8c84adf09da,161.37,1,161.37,1.0,,0,0,silver
3cd4207d6ce944798257ac5953640a40,174.18,2,87.09,4.0,16.5,2,1,silver
3ce1f073f23064622d54167bd161f9a8,41.26,1,41.26,5.0,4.0,0,0,bronze
3cf5f55948dea40c091af4c426ca14f6,63.23,1,63.23,5.0,12.0,0,0,bronze
3d016daf5e02a4aa9ae1d72a3224106e,75.16,1,75.16,5.0,18.0,0,0,bronze
3d01f9412759a6a68f249b76eca0de78,62.54,1,62.54,5.0,8.0,0,0,bronze
3d10ac7da0ac4aa6035a89efaeadc9ec,55.09,1,55.09,3.0,13.0,1,0,bronze
3d1a4de14cf22cdd33d99140e82f1587,134.23,1,134.23,4.0,12.0,1,0,silver
3d30c77bdcaa53cbc9918e8ba67db9a4,169.05,1,169.05,5.0,5.0,1,0,silver
3d364a7768fae99678635c4370295d20,284.71,1,284.71,5.0,9.0,1,0,silver
3d47f4368ccc8e1bb4c4a12dbda7111b,2234.66,1,2234.66,1.0,9.0,1,0,platinum
3d544f3317528a3792f01bc1edb9bb52,140.58,1,140.58,5.0,6.0,0,0,silver
3d58d1ec4b0a3513c4b9e7bc83e07921,123.87,1,123.87,4.0,9.0,1,0,silver
3d5d9a19c67d0db460c1163324f3e37f,95.99,1,95.99,3.0,9.0,0,0,bronze
3d6400baed85391c0db4ab9ff1ef95dd,40.69,1,40.69,4.0,18.0,1,0,bronze
3d69c76d4691b0003a23c63b24843d97,150.89,1,150.89,5.0,11.0,1,0,silver
3d7201a23fdbd167157b7abd027f92a7,50.35,1,50.35,5.0,5.0,0,0,bronze
3d796a13dad7b34c4c022b1be13b479b,47.8,1,47.8,5.0,9.0,0,0,bronze
3d7b664a655e81ab09be4aad1bd186a3,69.12,1,69.12,5.0,9.0,0,0,bronze
3d8a51057b28b7b5172c8bc46cb6a7f5,140.03,1,140.03,5.0,5.0,0,0,silver
3d8b5f7499ecd5b1d995bb18d9ef69fe,233.97,1,233.97,3.0,10.0,1,0,silver
3d9792f2eb1cac3a0e4c59b80198b555,340.47,1,340.47,5.0,5.0,1,0,gold
3d994d29466d67fe64db3db1da5dfa81,126.19,1,126.19,5.0,8.0,0,0,silver
3da1471d9a4c0646efd8e5809f5d25da,108.22,1,108.22,1.0,8.0,0,0,silver
3dad96d340e339f8730b01c9b679fa35,49.24,1,49.24,5.0,1.0,0,0,bronze
3db8e974539181cef99cd8a28cbac775,56.81,1,56.81,4.0,13.0,0,0,bronze
3dbb390afed2043063d358900ae05d0d,86.15,1,86.15,5.0,19.0,0,0,bronze
3dbd379ad1ac719a420c62b40867ff3e,315.11,1,315.11,1.0,11.0,0,0,gold
3dbeb69914c13ee89785281a876f5924,87.06,1,87.06,,10.0,0,0,bronze
3dbf5550a66b1e9172706dfa48e2b2ef,46.94,1,46.94,5.0,7.0,0,0,bronze
3dde25397997c85f87f7737ebf570966,172.55,1,172.55,4.0,17.0,0,0,silver
3deda78acb25da21d9e439aa39ec6ee4,416.54,1,416.54,5.0,42.0,1,0,gold
3defdac1cf5b779689353f537aa723d6,97.78,1,97.78,4.0,4.0,1,0,bronze
3dfa96a5c650beb1772d1db80b14b222,35.14,1,35.14,5.0,7.0,0,0,bronze
3e07cafe9109c34edd3ccca457aa0adf,162.68,1,162.68,3.0,12.0,1,0,silver
3e0845420cb8ea26325cda9cb7cc4d8a,55.01,1,55.01,5.0,17.0,0,0,bronze
3e0a8e2f767f96b047452d0eb7c7f76e,226.12,1,226.12,5.0,21.0,0,0,silver
3e13e5843eacac8a8ec14b42e8a7174c,28.88,1,28.88,4.0,13.0,1,0,bronze
3e19244e01ac99a81ef40477138092cb,187.47,1,187.47,2.0,,1,0,silver
3e1b36c213f60580d21d15530abd8573,81.67,1,81.67,3.0,28.0,0,0,bronze
3e1e36d456548cb715d71cfffdc2dca2,94.55,1,94.55,5.0,6.0,0,0,bronze
3e1f5ce6a6847bac4bc3f20a2c3a58d0,114.84,1,114.84,5.0,19.0,1,0,silver
3e309610ac2bde864374c18e8d8fe8f8,41.96,1,41.96,5.0,17.0,0,0,bronze
3e43e6105506432c953e165fb2acf44c,198.04999999999998,2,99.02499999999999,3.0,11.0,2,1,silver
3e465fef36c3e2a1742b5067f7a2178e,132.44,1,132.44,5.0,4.0,1,0,silver
3e4a19f91f7f77010b20bdd4d2522012,47.02,1,47.02,1.0,6.0,0,0,bronze
3e4d0419daf434e0d8bcb9fcbc9b0f3d,123.4,1,123.4,4.0,12.0,0,0,silver
3e503d8b9ecd5655a605d76456c8fa11,37.77,1,37.77,5.0,7.0,0,0,bronze
3e5306add1209e5ba184092dd1587282,54.5,1,54.5,5.0,5.0,1,0,bronze
3e627ef309be5df7f53b9dca70d51346,73.34,1,73.34,4.0,6.0,0,0,bronze
3e6bc4180ba32d44f8278f211e2231f7,95.48,1,95.48,5.0,2.0,1,0,bronze
3e720608d10c93f40324a355df2f15d8,32.37,1,32.37,4.0,10.0,0,0,bronze
3e7ac88fcebf632fb01dd58bd3522ea6,366.27,1,366.27,4.0,29.0,1,0,gold
3e8b2eb038456ea0b4ab38cb1930f464,45.09,1,45.09,5.0,12.0,0,0,bronze
3e92280b47fd6f2c3f3b59bd2375260c,195.0,1,195.0,5.0,8.0,1,0,silver
3e93369535d8f45643c5e1dc4467924d,43.86,1,43.86,5.0,5.0,0,0,bronze
3e95df0418e85431b735af1d9f25767f,125.06,1,125.06,5.0,6.0,1,0,silver
3e970efbd0047e980e384bbc61ab1341,75.53,1,75.53,3.0,17.0,0,0,bronze
3e9c196f94da349ceb80fbef9c18e870,108.77,1,108.77,5.0,5.0,0,0,silver
3ea0dc7679b16aaac1968748e60ea49e,248.02,1,248.02,5.0,8.0,0,0,silver
3ea221da0451d7a2fdb9892f427b0744,666.04,1,666.04,4.0,4.0,1,0,gold
3ea4185126195c34ed9949d8e406d570,517.25,1,517.25,5.0,6.0,1,0,gold
3ead32e6288fee05cdd24c9999238a4a,91.19,1,91.19,4.0,9.0,0,0,bronze
3eb13234cf1bb54ca10a2c8c8d13acd1,159.85,1,159.85,5.0,15.0,0,0,silver
3eb22737c9117e09ef22519ad20f4e1c,120.04,1,120.04,5.0,29.0,0,0,silver
3eb2bf49b53911703ac42b24b8737544,178.27,1,178.27,5.0,3.0,1,0,silver
3eb3fa840d4e664cfb1aaed1112df226,49.59,1,49.59,4.0,14.0,1,0,bronze
3eb7932f075743f0e50b0d9966707e6f,69.78,1,69.78,4.0,,0,0,bronze
3eb9aa5d4a4984143d749e2da9d6971d,61.09,1,61.09,5.0,11.0,1,0,bronze
3ebf883fc9d9a5dca8de826c31689e41,65.03,1,65.03,1.0,,0,0,bronze
3ec3b9e0f51059e087237fc0cb06427b,160.12,1,160.12,5.0,12.0,1,0,silver
3eddcc05abf2cf434aae2a9662597353,118.93,1,118.93,3.0,6.0,0,0,silver
3ee546e47c7da8b1914696a0d382b108,112.73,1,112.73,5.0,7.0,1,0,silver
3ee9e64ba69b67a038f3c0a28a3c784a,75.65,1,75.65,5.0,13.0,1,0,bronze
3eeb49e6442ff15d7d723a428ada5588,62.51,1,62.51,5.0,20.0,1,0,bronze
3f00e82898c6f4746ce5c78d9e29c7ce,148.88,1,148.88,1.0,7.0,0,0,silver
3f045211d80ea56994305b7e9b22db41,90.88,1,90.88,4.0,13.0,1,0,bronze
3f04877b0a3842c23e36f422abe4393b,81.82,1,81.82,5.0,4.0,1,0,bronze
3f173d9ba344efbbb7d148174af2b039,21.77,1,21.77,5.0,2.0,0,0,bronze
3f1c5888577d299fc92eb89ed8ffd381,387.67,1,387.67,2.0,29.0,1,0,gold
3f2b884de3dec8afd74690566c328abb,75.79,1,75.79,1.0,,1,0,bronze
3f3227474f0191f47a7059e032ab03ec,52.87,1,52.87,4.0,1.0,1,0,bronze
3f38b31fe873bfbe5ef77ec62fdc19fa,82.6,1,82.6,5.0,7.0,1,0,bronze
3f40b85d9ff61edac538c6092e434d77,163.21,1,163.21,5.0,7.0,1,0,silver
3f4451e0fd8a6eb5c9e0214ea989920d,69.06,1,69.06,5.0,4.0,0,0,bronze
3f44827be59813909d0dd7156a7b05d4,49.1,1,49.1,5.0,11.0,1,0,bronze
3f5534bf8c9378ee05b7dd684cb20e8a,73.15,1,73.15,5.0,11.0,1,0,bronze
3f591bdca999989260411d00a0bcd57e,70.0,1,70.0,5.0,4.0,0,0,bronze
3f62289965300b31b83ffa2f978ccb53,68.43,1,68.43,5.0,8.0,0,0,bronze
3f6735ffa524249fca1ed65e6f53992b,629.13,1,629.13,5.0,20.0,1,0,gold
3f67cd4269b8c6c43c47fc8595419fe1,76.98,1,76.98,1.0,5.0,0,0,bronze
3f67fef59c17078c2143f42c7978bdac,87.03,1,87.03,5.0,8.0,0,0,bronze
3f6a946ec3ed53c151d8b1eb1cb0336a,1373.19,1,1373.19,5.0,10.0,1,0,platinum
3f7c242174060c29fe7307fb722a6dc3,220.04,1,220.04,5.0,2.0,1,0,silver
3f7c8578ddd84c4a8fd882c6e656f7ef,75.07,1,75.07,2.0,18.0,1,0,bronze
3f81a7afc0532976d0e0f41b20adf2b0,33.36,1,33.36,3.0,15.0,1,0,bronze
3f86db7a226a23bc9ad2cbc312f665d3,249.82,1,249.82,3.0,10.0,0,0,silver
3f903ae26d5419e71b3eae9201f54c85,82.06,1,82.06,4.0,5.0,0,0,bronze
3f92cb2c68fd2cf3739143147003d165,32.43,1,32.43,5.0,13.0,0,0,bronze
3f94c1f7e2d1dfcf8a46d01efe28abc3,111.72,1,111.72,1.0,27.0,0,0,silver
3fb316b932251d79d4bf4778964c2acb,144.18,1,144.18,1.0,1.0,1,0,silver
3fc2292112ca0cfe78318b9ce6593e30,741.44,1,741.44,1.0,43.0,1,0,gold
3fcbe63cb72e63b891d14167dfb5f45e,39.26,1,39.26,5.0,8.0,0,0,bronze
3fdec2a408b9c56d7305c1d2a1986fb5,37.13,1,37.13,3.0,5.0,0,0,bronze
3fe3e628c6c7a15ae96416826a4c5952,132.03,1,132.03,5.0,1.0,1,0,silver
3fe8b1731df7e23549702e13262d1e45,147.15,1,147.15,5.0,18.0,1,0,silver
3fee181a16778a8dec8eaf2470c6cd3f,65.53,1,65.53,1.0,5.0,0,0,bronze
3ff3b854d58df986a7ec208b80a89cb3,38.28,1,38.28,5.0,5.0,1,0,bronze
3ff9132b9f4a7e46118e5347c765f77b,265.64,1,265.64,3.0,3.0,1,0,silver
3ffa6b58e047a85a07f78160132b918d,227.62,1,227.62,4.0,21.0,1,0,silver
4007a2d7f7a4fee746b203c1320c5408,63.52,1,63.52,3.0,18.0,0,0,bronze
40122235f51e359cc585c558ab783646,218.63,1,218.63,5.0,7.0,1,0,silver
4016ff368c1014abe23940f9f847674b,281.0,1,281.0,3.0,11.0,1,0,silver
401eabb874cf1d6c26a62418c186e15f,423.59,1,423.59,5.0,7.0,1,0,gold
401f04c5c71087ab774f6db7b8297068,216.64,1,216.64,5.0,25.0,0,0,silver
4024cc557c7862b59ed5b36d9e004861,21.38,1,21.38,4.0,6.0,1,0,bronze
40252e08bcaf6258ee91b34e6b16adde,113.42,1,113.42,5.0,5.0,1,0,silver
403154a2422a93ddc845eef120374d97,125.31,1,125.31,1.0,15.0,1,0,silver
403d192b27efcef2c942515c32b09d57,152.27,1,152.27,5.0,8.0,1,0,silver
4046cc9e4828038b58ee191e1f713466,63.42,1,63.42,,2.0,0,0,bronze
4046dcaec262a138a8d2e0ea01960ee4,40.52,1,40.52,5.0,5.0,1,0,bronze
404721791bd62c74b452d8518a4ed132,109.65,1,109.65,5.0,19.0,1,0,silver
40478d5c91f6793a6c880e207804ebd8,189.56,1,189.56,5.0,5.0,0,0,silver
4049ac72de67031ce1c0c59e281ef897,118.01,1,118.01,5.0,1.0,1,0,silver
40682a6bda55c041ac28f77b0818868a,66.86,1,66.86,5.0,13.0,0,0,bronze
406aefddac1b54a36022ef32ffe6ed5f,141.92,1,141.92,4.0,9.0,0,0,silver
406b3f44f5f94a0bd14d6672e0de4266,157.78,1,157.78,2.0,34.0,0,0,silver
4071d48a2d0d0bf179c06fc42b962e1f,75.67,1,75.67,3.0,24.0,0,0,bronze
407a6773db6e845737d04a6e27e653b4,156.23,1,156.23,5.0,5.0,1,0,silver
40869b13ac99c716ffdd80b9df43e110,218.08,1,218.08,5.0,13.0,1,0,silver
40a8eb09f689cfb16640682009d7403b,182.6,1,182.6,5.0,16.0,1,0,silver
40ae051016f0f531438b0bfad601ed9f,59.27,1,59.27,5.0,2.0,1,0,bronze
40ba2f93181124ee1d17d12baaea40df,92.12,1,92.12,5.0,10.0,1,0,bronze
40c0d19d1774ea7f023dd0c2c17f6e33,99.26,1,99.26,5.0,1.0,1,0,bronze
40cfeac5700ad2018ecc5c8e651afd0c,35.71,1,35.71,4.0,4.0,0,0,bronze
40d7ffcb9e5a489674dc961eba1a5535,93.3,1,93.3,5.0,14.0,1,0,bronze
40e57165f0bb1b528de29eaecb7fa245,243.24,1,243.24,4.0,18.0,1,0,silver
40e86cb7a8a261846c16f9c97222ee06,184.43,1,184.43,5.0,6.0,1,0,silver
40ef2e9398b47d1a87a70ba2f4757fdf,248.8,1,248.8,3.0,,0,0,silver
40f973c53ebd2ea74087766d3256c2b0,87.58,1,87.58,5.0,12.0,0,0,bronze
40f9d577ef0012948a599b315505ac09,340.47,1,340.47,5.0,2.0,1,0,gold
4104af1a51c2001eb1b444a8b55751e5,115.36,1,115.36,5.0,8.0,0,0,silver
4105645a2e9d4e2452957b11df3a2a04,67.77,1,67.77,4.0,9.0,1,0,bronze
410a0462acba9ae869f84450fae8a4ea,123.56,1,123.56,5.0,10.0,0,0,silver
411caacf6fb79b0dd095fe3a7beaa0db,165.65,1,165.65,3.0,16.0,0,0,silver
411e50bb0499cdfa9748d32ca6f7e92d,454.48,1,454.48,4.0,5.0,1,0,gold
411ea0a1c478941ca489be2b0c7749e9,173.85,1,173.85,5.0,11.0,1,0,silver
41242ec0f3a3e4e4af970d5564955620,87.5,1,87.5,4.0,6.0,0,0,bronze
4126f99e00fac3e1e7976b95a7319ee6,183.43,1,183.43,4.0,6.0,1,0,silver
413a80ae069bcd319f8c50b0ecc54b81,89.63,1,89.63,4.0,12.0,0,0,bronze
41513ca86fe6c43def09cdfd7467c0ff,48.69,1,48.69,5.0,21.0,0,0,bronze
4152b90e8c32c2d1333fa086aa34f58c,29.33,1,29.33,5.0,2.0,1,0,bronze
415a0a08d8f5c559724ba7f5b5309c57,72.15,1,72.15,5.0,11.0,0,0,bronze
416e6088ae45421d02c8ef8799e412fa,314.57,1,314.57,1.0,25.0,0,0,gold
416fc3e88e98c647e64b330f940ed3af,129.47,1,129.47,3.0,12.0,1,0,silver
417554820ba7654ce21af667f85cf0a2,279.59,1,279.59,5.0,8.0,1,0,silver
4177106411d91f66e786890b5e745511,35.51,1,35.51,5.0,4.0,0,0,bronze
4185a980aa805f27e1191f57e53bf2d5,134.36,1,134.36,2.0,26.0,0,0,silver
4186b96df8197e7b4982a751c1dde3b6,27.99,1,27.99,3.0,6.0,0,0,bronze
41870f4536c0b2734b7f5eac01b7fc54,225.21,1,225.21,1.0,31.0,1,0,silver
419013301b30ef6f2c7f5e9bb779bfbd,192.66,1,192.66,1.0,7.0,1,0,silver
4194c803b268f3e9fb673a45ac8a67b4,49.96,1,49.96,5.0,2.0,0,0,bronze
41995900207768dc89a07a2e3413c99b,64.13,1,64.13,5.0,6.0,1,0,bronze
419c97ceeb51b9e613885a86def7d543,71.04,1,71.04,4.0,14.0,1,0,bronze
41a8699b6fdd90adff4bfb8575e5a261,186.46,1,186.46,4.0,8.0,1,0,silver
41b4b0d7d2b9c08e9379801336b0020c,196.72,1,196.72,4.0,6.0,1,0,silver
41bde58d7d6ab7158dc9f4dff2c0d677,50.7,1,50.7,5.0,17.0,0,0,bronze
41bff18631557b1b24f17501b34a134c,43.1,1,43.1,5.0,8.0,1,0,bronze
41c164545761474b81c42602c85b42cb,141.51,1,141.51,2.0,9.0,0,0,silver
41c181facd54c753fc3f1d77b9b50002,83.33,1,83.33,5.0,74.0,1,0,bronze
41c42af2699fa844ade7aa352aba78d6,113.62,1,113.62,5.0,15.0,0,0,silver
41c644963bc416360dac20b09ec98d0a,661.43,1,661.43,4.0,7.0,1,0,gold
41cbba1500aa55481929db65437ebe4c,92.13,1,92.13,5.0,10.0,1,0,bronze
41cecba779981ac69d85d939c66f1350,76.17,1,76.17,5.0,14.0,0,0,bronze
41d2b8774ddeb697794fb7af7bc05880,43.68,1,43.68,5.0,2.0,1,0,bronze
41d4766ddc8754b5d2137187e16bfbd0,65.09,1,65.09,4.0,,0,0,bronze
41deb1284b6550426194070a1ea8ba32,1404.41,1,1404.41,5.0,16.0,0,0,platinum
41e0ca64dedeade38fc6180a11998e32,27.77,1,27.77,5.0,5.0,0,0,bronze
41f40395978d5bd6b6ab63c77ccfc03a,410.56,1,410.56,5.0,5.0,1,0,gold
41f66d4f1c1a574d1e474617387ee3cd,44.5,1,44.5,3.0,7.0,1,0,bronze
41f6c1e8220ce517e3e6d06b8aeb2c64,851.61,1,851.61,5.0,8.0,1,0,gold
41fb4efcf6fc7f18a4c273be7d1b5d07,84.32,1,84.32,4.0,14.0,1,0,bronze
41fca1fccfc3da172a2fc165122218a5,34.89,1,34.89,3.0,4.0,1,0,bronze
41fd008e55103dc513e6e17932756bea,76.11,1,76.11,5.0,10.0,1,0,bronze
421085f8ed051a5454ccdc703ccc9fe9,245.35,1,245.35,3.0,15.0,1,0,silver
42187574c3dbef60799c8b585bc3d340,90.88,1,90.88,4.0,17.0,0,0,bronze
421c83dbf0abc824b47c6cafbd3f9c6b,179.35,1,179.35,1.0,13.0,1,0,silver
4240b832942fea708e593564e8351dad,155.39,1,155.39,3.0,15.0,0,0,silver
42419e29ca3b4d326df0fb80d5936a91,37.0,1,37.0,5.0,11.0,0,0,bronze
42524391e44e8534aaebab8a9e1fbb00,92.15,1,92.15,5.0,4.0,1,0,bronze
4255da282ea330efb8c5bc902bda9c83,363.22,1,363.22,5.0,8.0,1,0,gold
425a026a2d9c37c366b7d57382940dde,225.23,1,225.23,5.0,9.0,1,0,silver
425a6965ca6d0e9ac0dfddb6e9bca83d,106.38,1,106.38,5.0,6.0,0,0,silver
425ed4a176f663ea120b0ab10cda47c9,22.66,1,22.66,5.0,2.0,0,0,bronze
42669722f592114360451dba9cfb6f49,289.41,1,289.41,4.0,12.0,1,0,silver
426f0839fbb0679c6f1ef8f80cc30c66,52.18,1,52.18,1.0,47.0,0,0,bronze
426fb970823989d24c32758dcfc93b12,142.77,1,142.77,5.0,5.0,0,0,silver
4273dbec5f99bbe7fe4003282a48c0be,83.38,1,83.38,4.0,14.0,0,0,bronze
4274c9d2313a7fbac9703456d8a788f3,158.68,1,158.68,4.0,19.0,1,0,silver
427c1afb29a173e377616eb612718d6d,80.98,1,80.98,5.0,6.0,0,0,bronze
427d1606cc7f88e69f36b21a59973eb7,32.96,1,32.96,5.0,9.0,0,0,bronze
427ea138e3dde71c2c80ff9fcf27e398,86.73,1,86.73,5.0,7.0,1,0,bronze
427ea595a12251437d2a6492bc75b668,93.82,1,93.82,5.0,3.0,0,0,bronze
42845e82cb6f10da2c4c8df163635a63,50.95,1,50.95,5.0,4.0,1,0,bronze
42912d3b8d053263270299ad59af16af,96.26,1,96.26,1.0,9.0,0,0,bronze
429528ace8a214aaaf53615c4e810f4b,168.83,1,168.83,3.0,16.0,1,0,silver
429fbf4ee20691b0ae84c84c3ebc6897,759.25,1,759.25,,,1,0,gold
42bba37bc71cbfee9ca657d3bf85eb83,102.64,1,102.64,4.0,11.0,1,0,silver
42c933d49eb9dfdf9db525156e9aa506,33.1,1,33.1,5.0,6.0,0,0,bronze
42cf3a7b1d977080526b6af130c0d7be,41.75,1,41.75,5.0,5.0,0,0,bronze
42d07f9538ceca728bff607681d046c0,210.99,1,210.99,5.0,8.0,1,0,silver
42d60475f8cf01c632ca7a63f9c5ffee,64.76,1,64.76,5.0,18.0,0,0,bronze
42dd36986ade63fd7a225c91ba318f5e,241.93,1,241.93,1.0,17.0,0,0,silver
42f1fdf511aeb359f56e375cae330892,1728.81,1,1728.81,5.0,4.0,1,0,platinum
42f763553e8eb33e42285008080c2b63,77.19,1,77.19,1.0,33.0,0,0,bronze
42fb2e9f7ed5a626f30bf47b1301d07f,56.49,1,56.49,4.0,15.0,1,0,bronze
42fbe6ab4be2d0760e5a134370da0ff5,32.83,1,32.83,5.0,10.0,1,0,bronze
430ce1ecb4ed1f869b148c20fe92a817,171.03,1,171.03,4.0,16.0,1,0,silver
4316fe2abe8f1df64b6b849823c57b49,83.24,1,83.24,4.0,12.0,0,0,bronze
432176c8ad774ad74f992357b9be4a39,510.69,1,510.69,4.0,9.0,1,0,gold
4325cfcc9d9dde5e93528832b371d88b,152.11,1,152.11,5.0,5.0,1,0,silver
4328407e44f9a9449be013e6c84d0118,84.65,1,84.65,5.0,5.0,1,0,bronze
432f0de39d1889469a635e290206a42b,47.84,1,47.84,5.0,15.0,0,0,bronze
4330a0ccfb4285690a46b1e9fe2a0994,72.43,1,72.43,5.0,14.0,0,0,bronze
4338059435dc4de9f8f3ab662f62ab01,58.1,1,58.1,5.0,17.0,1,0,bronze
4350cf84c81dc8d0fed2aaf06c683d9a,60.74,1,60.74,5.0,34.0,0,0,bronze
435615550ef4aa0b8e484c055a42808b,148.15,1,148.15,5.0,17.0,1,0,silver
43676e9993577d1991036ea6720213de,137.01,1,137.01,5.0,18.0,1,0,silver
436da367462528f45b3f6a919ae08b9b,499.69,1,499.69,4.0,15.0,1,0,gold
437a4a92d85f036aa87f87dfc0255793,180.95,1,180.95,,7.0,1,0,silver
437f0e5e32a91015c921a307fcaf8938,35.77,1,35.77,4.0,6.0,0,0,bronze
438075c81d9754683acd493b24660f76,97.86,1,97.86,5.0,1.0,0,0,bronze
43860f86362fea12550bfa19ef73015f,51.1,1,51.1,1.0,16.0,1,0,bronze
4388fb7d7e6d1b06402683cf1d1d7c80,96.41,1,96.41,5.0,2.0,0,0,bronze
438aa2b994cbb567b3a42e7c23185eed,169.31,1,169.31,5.0,16.0,1,0,silver
4394d455191db1f4b772872c358bd37e,35.38,1,35.38,5.0,5.0,1,0,bronze
4397cdacb59ba0ceee5f45401a8ba313,138.6,1,138.6,1.0,27.0,1,0,silver
43af7184f8a067a1e49b68cd97c94ddf,81.38,1,81.38,5.0,18.0,1,0,bronze
43b3eda441c82cfffecf8fbc4b9a359b,41.63,1,41.63,1.0,38.0,1,0,bronze
43c272f80acfc8b161137776e983cae3,155.72,1,155.72,5.0,16.0,0,0,silver
43c626b276eda6206691e657b858fc47,106.26,1,106.26,5.0,11.0,1,0,silver
43c73f9043398f0dd2163fc5f825e61a,86.15,1,86.15,5.0,7.0,1,0,bronze
43c7c599a65abe43e55ff9c1deca6bab,109.41,1,109.41,5.0,4.0,0,0,silver
43cb9ba51687bd819e3076bb49f3f4ef,97.78,1,97.78,5.0,20.0,0,0,bronze
43cf4a43292dc5137517632a0683d645,355.05,1,355.05,1.0,6.0,1,0,gold
43d1016933affbeab125de3eb876ed27,143.06,1,143.06,4.0,7.0,0,0,silver
43d8583b06491695df9872fa1ef418af,308.24,1,308.24,5.0,15.0,1,0,gold
43e79ecbac53ae96c80ad2ec83606201,344.74,1,344.74,4.0,16.0,1,0,gold
43ecfaf78ac785c896c7136921091fa6,28.75,1,28.75,5.0,7.0,0,0,bronze
43edb5e13058ed02b2828267451ae295,68.52,1,68.52,5.0,5.0,0,0,bronze
43ef5e7ad5bc8a0e4d8e166b74f34311,101.14,1,101.14,5.0,12.0,0,0,silver
43f7b15970f7fff0f1229e1fd4a693d9,215.01,1,215.01,4.0,4.0,0,0,silver
43fb7cd074b0c8b373505d1e46b30a07,375.25,1,375.25,1.0,23.0,0,0,gold
43fcee98a4442ab2f299df637f8e2413,220.85,1,220.85,5.0,9.0,0,0,silver
43fe8dd64f7a6328782c63d08e4d00e6,501.44,1,501.44,5.0,8.0,1,0,gold
440678e8d565a7d5ddf192711617cf50,48.34,1,48.34,5.0,10.0,0,0,bronze
4411d41c99cd32e47a60eb301e67725e,266.75,1,266.75,4.0,4.0,1,0,silver
4415028333a4be92b6f62cdfd79eac6b,128.88,1,128.88,4.0,8.0,1,0,silver
44191aeadca96c5a073edb7f09ceee05,70.07,1,70.07,5.0,7.0,0,0,bronze
441a7498e6df67512bf1821ca6504f26,69.9,1,69.9,5.0,7.0,0,0,bronze
4422586867816c6b6ca20ee11e7dc436,933.14,1,933.14,5.0,6.0,1,0,gold
44240c92e496d412b4ca322348477275,77.11,1,77.11,3.0,5.0,1,0,bronze
442634173364ecd07f5749a010e12a3e,94.96,1,94.96,5.0,4.0,0,0,bronze
442c6d640c754068dd2e714e0d1b106e,55.65,1,55.65,4.0,5.0,0,0,bronze
4434aab9872e6d0e500523f6a85829e9,38.42,1,38.42,4.0,8.0,0,0,bronze
44368ef7756ad735fe6dc9690bdaef04,427.16,1,427.16,1.0,11.0,1,0,gold
443c199c0f44e80cc90bd4ccd28fde0c,76.57,1,76.57,5.0,8.0,1,0,bronze
443ed0c23fac9e05d9726d72b9d5d6b5,43.28,1,43.28,5.0,14.0,0,0,bronze
443faddf064d14e8cf4000bbd1daa25b,79.72,1,79.72,4.0,9.0,1,0,bronze
44434a963fa4b4012dfd754e817de54e,235.41,1,235.41,5.0,8.0,1,0,silver
444946057416d7fda05d04d26e47a5cb,31.56,1,31.56,5.0,7.0,1,0,bronze
444a0d79c7eee4bb7ee9151ed15fc116,101.73,1,101.73,5.0,4.0,0,0,silver
444d0536d399ae2628da259c742cc4cb,167.58,1,167.58,5.0,2.0,1,0,silver
444d46bc5f2697364d4ea1ec0d4f759a,112.25,1,112.25,5.0,9.0,1,0,silver
445057e14b00ff360595079199cf2010,218.64,1,218.64,5.0,14.0,0,0,silver
445642b02794d88371dc24b5cd446f91,82.74,1,82.74,5.0,7.0,0,0,bronze
445fe2796a13dfb132a86c2a27ed2bed,309.41,1,309.41,3.0,1.0,1,0,gold
446480ca430fd34b345ae78cb641b30b,146.68,1,146.68,5.0,9.0,1,0,silver
4465b5c91c87e80f405456b8c3fef46c,99.35,1,99.35,4.0,12.0,1,0,bronze
44723e30324b2effd5a8247794af92c8,143.38,1,143.38,3.0,10.0,0,0,silver
4474178cac55e98fa8fb5aeb55c9a06d,47.05,1,47.05,5.0,8.0,1,0,bronze
447c7e6ba5f210f6ee5b9a915ac9f96f,61.51,1,61.51,1.0,12.0,0,0,bronze
447e2e8ba78fb1a08bd071fce27aeb8a,102.66,1,102.66,3.0,11.0,0,0,silver
447e903d4a5011a9a43407c8223cf96f,97.78,1,97.78,1.0,21.0,0,0,bronze
44834b4b8466250faf5a9e8e9568f8ec,67.94,1,67.94,5.0,6.0,0,0,bronze
4483e2d9adf752a7b9f781eea1251bca,123.68,1,123.68,5.0,2.0,0,0,silver
4485b198946c8055beb73921b88ad663,29.75,1,29.75,3.0,21.0,1,0,bronze
4486eb1d562788e5ca083a857ddd5684,111.49,1,111.49,5.0,1.0,0,0,silver
4488b467710402ee5ae26b004c68b53c,156.38,1,156.38,4.0,13.0,0,0,silver
448ceb48d9a040500505fc29078a8768,137.9,1,137.9,5.0,15.0,1,0,silver
448d786c6c504e6a34c63f67ea7401d8,222.93,1,222.93,5.0,15.0,1,0,silver
44a22a3351d7f1bb3d337d1be11b41fb,62.27,1,62.27,5.0,5.0,1,0,bronze
44ab0f851094a0f3504b6253bc076cbd,86.15,1,86.15,5.0,19.0,0,0,bronze
44ab76c25210de009b75d6fef6c02335,635.75,1,635.75,5.0,21.0,1,0,gold
44b49176f1aca9533b67f3eedab0b2de,76.55,1,76.55,4.0,28.0,1,0,bronze
44bed2515d734a3c21ed8fe864783a29,64.87,1,64.87,3.0,6.0,1,0,bronze
44c321f7e47e5e46dd08da79f48c511b,188.2,1,188.2,1.0,5.0,1,0,silver
44cac02e3604fee74faa1eaa90d94882,94.29,1,94.29,4.0,13.0,1,0,bronze
44cfd640c0a365e92c886d44849121f2,40.79,1,40.79,5.0,18.0,1,0,bronze
44dc680d8deb17f8d31ecc3ece879c0c,167.66,1,167.66,5.0,11.0,1,0,silver
44def23f0c27fbe3dd30a79b3ccdb55b,64.64,1,64.64,5.0,14.0,0,0,bronze
44e088218c7acc74f92b1adee3ee8afc,209.38,1,209.38,5.0,12.0,1,0,silver
44e288f77ca0da9c3d878d78c722101f,91.23,1,91.23,5.0,9.0,0,0,bronze
44e4a44fc7441b07d1b026ba9d786e07,56.35,1,56.35,3.0,8.0,0,0,bronze
44eca90daf8c29cb7a2c5c912b3282ac,122.49,1,122.49,5.0,10.0,1,0,silver
44ed0c448cc846105450afa7ce2573cc,169.01,1,169.01,4.0,16.0,1,0,silver
44ee631c38054bd3331b42db304a0bd5,247.93,1,247.93,5.0,3.0,1,0,silver
44f4209da2cfe8bdaa9072ac8a80858a,37.24,1,37.24,1.0,7.0,1,0,bronze
44f4b8254709fb130159912889ae1ba4,163.68,1,163.68,4.0,13.0,1,0,silver
44fffb630b6f1fe30a24335fa467d905,180.94,1,180.94,5.0,14.0,0,0,silver
450019b7e6984fac0454cdcaa3836140,108.3,1,108.3,5.0,4.0,1,0,silver
450050246ab04a3eb2778f7aceb2fefe,36.28,1,36.28,5.0,21.0,0,0,bronze
450ddb58539722f8e78bb3fc2794b99c,138.63,1,138.63,4.0,9.0,1,0,silver
4517782060db6544b81e17b8a1d76aad,99.43,1,99.43,4.0,8.0,1,0,bronze
4517fa6058766127a1754db2ed204d8a,317.85,1,317.85,5.0,15.0,1,0,gold
451910aefe018958ef7b401b88a9a171,69.73,1,69.73,5.0,19.0,0,0,bronze
451e48381edab7f1f6dbfa6d728616ff,187.57,1,187.57,4.0,18.0,1,0,silver
45223f9403f1eff331762061fd640b28,130.01,1,130.01,4.0,13.0,0,0,silver
452eaa594224ed9b3892833ce675bc9d,69.54,1,69.54,5.0,11.0,1,0,bronze
4541fbedba8c98e6418834ebc4d6dde3,51.61,1,51.61,5.0,3.0,0,0,bronze
454426cdbe8229d900b78aa314e386ba,71.81,1,71.81,5.0,4.0,0,0,bronze
4546caea018ad8c692964e3382debd19,196.11,1,196.11,1.0,14.0,1,0,silver
454cc87982cbe06ccf62af9dd154a225,121.48,1,121.48,5.0,5.0,1,0,silver
45582c7de3129a0aeff8e5e2bf045d48,121.09,1,121.09,4.0,10.0,1,0,silver
45623860763ee4a7bf3639acee57eac9,65.38,1,65.38,1.0,11.0,1,0,bronze
4565a3ba3611087c155d46bd176a6d22,266.4,1,266.4,5.0,14.0,1,0,silver
45664ab7b79dd590e00060879cc861aa,86.54,1,86.54,5.0,6.0,0,0,bronze
4566d9372163fae40e6c17b2f3d65b96,207.7,1,207.7,5.0,6.0,0,0,silver
456a2b794566e6029a193699223e52e0,187.63,1,187.63,5.0,20.0,1,0,silver
456abc432577505d26eeb707c4fecef2,40.25,1,40.25,4.0,6.0,0,0,bronze
456e41f857d9702b453cd1f1c25e7840,38.62,1,38.62,3.0,10.0,1,0,bronze
456f6d64ecda1b968375d3a68eabfb5c,350.07,1,350.07,5.0,10.0,1,0,gold
456fc2dc1c1b0340d18ef3f2d14c8e25,115.0,1,115.0,5.0,18.0,0,0,silver
4572e4b70e1c7573250c2c47aaa30210,92.57,1,92.57,3.0,19.0,1,0,bronze
4578d62c4ca82d84a7442229d96b6fc5,78.8,1,78.8,1.0,19.0,1,0,bronze
457ab5dfd477fe2ac53e051f07d4c0c8,58.59,1,58.59,1.0,41.0,0,0,bronze
459759c02362af7a218dd2fe035b3c07,382.82,1,382.82,2.5,15.0,1,0,gold
459a8cadf1f0e47aa6b299eae9864059,59.17,1,59.17,5.0,6.0,0,0,bronze
45a484fff4ed3199e9590e6a404bc771,63.35,1,63.35,5.0,21.0,1,0,bronze
45a5f0934515b45191bfe0bbfabd7097,65.01,1,65.01,5.0,6.0,1,0,bronze
45a821758a1de5040b127ce1e7523f1f,114.35,1,114.35,5.0,15.0,0,0,silver
45b74b6e12342b44df029204a0fd7c46,64.13,1,64.13,1.0,20.0,1,0,bronze
45bb5ba248ce0878c360173c73263bc7,158.07,1,158.07,5.0,5.0,1,0,silver
45be6816b42040299528f9fd812b4e10,110.13,1,110.13,5.0,8.0,0,0,silver
45ca2b8a047054e858fa92a2a09bdd59,174.72,1,174.72,4.0,5.0,1,0,silver
45cfc55a4d5073c50be858369454fc0e,321.17,1,321.17,4.0,6.0,1,0,gold
45d7843cd73eb1cdd0af569b6b6e626e,103.55,1,103.55,1.0,27.0,1,0,silver
45d7d97bd1be1aedd42ab9178b85a1be,69.03,1,69.03,5.0,16.0,1,0,bronze
45df9d71b80f651fcfd26763eebd027a,107.78,1,107.78,2.0,35.0,0,0,silver
45e5ee02a44f5afede108564a3ebbf5f,576.2,1,576.2,4.0,9.0,0,0,gold
45e8dd7b91bddaa63eb5c62fde09d5f2,42.09,1,42.09,5.0,11.0,0,0,bronze
45ebe31397060c54edb71aad7eddeb3b,90.78,1,90.78,5.0,37.0,0,0,bronze
45eda2a649bd58b167d328bc06e8dcde,164.79,1,164.79,5.0,4.0,1,0,silver
45f3d2ee6b3d8b369e210ddbdb0c3af7,174.96,1,174.96,5.0,19.0,0,0,silver
45f47dab83cadb078ce66f2445f8b521,292.92,1,292.92,5.0,5.0,1,0,silver
45f56895cb6d84638a909cfc589be011,351.96,1,351.96,4.0,15.0,1,0,gold
45f6782e5cab8c938a06f6ae56f9d6c0,105.37,1,105.37,5.0,9.0,0,0,silver
45fec378a656a14acc8905a78e477cf9,413.02,1,413.02,5.0,9.0,1,0,gold
4602b5cd6f4d8d108039d3d39208786e,70.14,1,70.14,5.0,8.0,0,0,bronze
460d6db2997a977ff628fa0d50fd603a,89.55,1,89.55,4.0,16.0,0,0,bronze
461249b7001e9a56d4f4d4c29cd4cfe0,355.76,1,355.76,3.0,11.0,1,0,gold
4612b0f777ec70e3b56ab74ef62dd2e8,95.61,1,95.61,5.0,13.0,1,0,bronze
4617687e1243576cb864646dc3c5e323,52.95,1,52.95,2.0,20.0,0,0,bronze
4619eedf5b092b15ebc4d916f8c99646,54.55,1,54.55,4.0,15.0,0,0,bronze
46201bcc68ee62ab9d2f8908f7d32a66,110.3,1,110.3,4.0,7.0,1,0,silver
4620aa87a466822bd4bd3f69e01e1d5a,107.0,1,107.0,5.0,10.0,0,0,silver
462182a167624f60fb9aab2f6139c2c7,22.99,1,22.99,5.0,17.0,1,0,bronze
462653b881bc123b46b575e760a61f05,86.64,1,86.64,3.0,3.0,1,0,bronze
4627cfcfd8c2b7d178a1ef8dfaecec95,57.51,1,57.51,5.0,3.0,0,0,bronze
4628eb5d381e37b130a6b0cb32110558,138.33,1,138.33,1.0,,1,0,silver
462acaa25ff5475ee399319e06c2f452,234.05,1,234.05,5.0,3.0,0,0,silver
462b0806c67d0246d03c7d612b244862,93.63,1,93.63,4.0,8.0,0,0,bronze
462b2c6696f784f657d2b03acb9357e1,88.9,1,88.9,5.0,5.0,1,0,bronze
462b7e5c835a073e9167eba83228f185,194.48,1,194.48,4.0,16.0,1,0,silver
462dc9ca45ccf457a3d5b152748d41f7,79.98,1,79.98,5.0,11.0,1,0,bronze
4644f1b187e390a08b4c66fb16c91364,1219.32,2,609.66,3.0,11.0,1,1,platinum
464f1dd8b46e09ffc91c93bf48237bf2,75.16,1,75.16,5.0,7.0,1,0,bronze
465245bfcd32c50c0024472220b5f46c,69.54,1,69.54,5.0,6.0,0,0,bronze
4656190b9bceacd90dcb3b30bf0ebaa0,63.01,1,63.01,4.0,8.0,0,0,bronze
4658b26bcea972ed0b86a5f8c61718be,317.2,1,317.2,3.0,34.0,1,0,gold
465e40a7403816fdf8111bec1a641b18,113.96,1,113.96,5.0,15.0,1,0,silver
465f1e1202e361c430bfd33b4f8e9dc4,542.66,1,542.66,5.0,5.0,1,0,gold
4664e264c981c09c0480426419f57c8b,153.38,1,153.38,4.0,11.0,1,0,silver
46650309632bae65395fed1019b3cfdc,171.22,1,171.22,4.0,10.0,1,0,silver
46782345bd75fa74520d674e6d50fccc,155.98,1,155.98,5.0,7.0,0,0,silver
467e5ed1441cd3bb58f41492efb75b4b,116.34,1,116.34,5.0,7.0,0,0,silver
4694564248fbec64fdb096291fbbe92f,37.95,1,37.95,5.0,1.0,0,0,bronze
46958f708ade6b6a88b2e5aca1e66de5,52.01,1,52.01,5.0,7.0,0,0,bronze
469ae55265c78502c1ce6fc929459615,35.19,1,35.19,5.0,2.0,0,0,bronze
46a1106aac449c9e3d8f973402113cde,80.45,1,80.45,3.0,7.0,1,0,bronze
46a15f021b84cca56b04ec5175dd9124,849.45,1,849.45,5.0,18.0,1,0,gold
46a23b5b38c9caebf785829998db475b,133.18,1,133.18,5.0,12.0,0,0,silver
46ad66a9f04d58e9ac03147285fe12a4,67.5,1,67.5,5.0,11.0,1,0,bronze
46b1c77198c6cac6b3b5c523763575c0,203.3,1,203.3,5.0,23.0,0,0,silver
46b2b6698ce167edda3918abe810466d,172.84,1,172.84,5.0,7.0,1,0,silver
46b40b2b51306d8ea18aa1a98453e744,88.74,1,88.74,,13.0,1,0,bronze
46b518c0803dd3f27a69b941c70a4e1c,156.1,1,156.1,3.0,8.0,1,0,silver
46b6a239a832256313fe411679bf0473,95.59,1,95.59,4.0,6.0,0,0,bronze
46b6d9653c0fb61306bad487957fe0b5,208.11,1,208.11,5.0,36.0,0,0,silver
46b7b0549a0fd88de78b58bafe90c3e5,372.75,1,372.75,3.0,15.0,1,0,gold
46baaa8dc89052125448d2e07445809e,434.26,1,434.26,4.0,6.0,0,0,gold
46bc23522a5cfc52739f59b1a7770ad5,118.79,1,118.79,5.0,6.0,0,0,silver
46bd6118d318823084331f26dcb0ae9c,68.11,1,68.11,4.0,17.0,1,0,bronze
46c51ce6e24e741e88ca37942f0926ae,56.22,1,56.22,5.0,8.0,1,0,bronze
46c66ed53217d42a41a10e6261fcf459,69.03,1,69.03,5.0,6.0,0,0,bronze
46cdc197649be5063e3e5ac996770eab,28.93,1,28.93,2.0,22.0,1,0,bronze
46dfac161b69dbb4b782ced9463b6c77,63.11,1,63.11,4.0,13.0,0,0,bronze
46e390269a061aa8e7208fdc26e5c15c,117.38,1,117.38,5.0,26.0,0,0,silver
46e9cb895f1f933fe2a905fde4e02cc6,61.01,1,61.01,4.0,25.0,0,0,bronze
46eea84161fc3fbb4040fd02b046a70c,262.35,1,262.35,,36.0,0,0,silver
46f231c09857b4aa8ab3a3b0912cf002,58.41,1,58.41,5.0,6.0,0,0,bronze
46f6d9edde823b57360186471b35d4ff,79.33,1,79.33,5.0,1.0,0,0,bronze
46fe28a37808da7649e403dc4d896d59,283.65,1,283.65,5.0,9.0,0,0,silver
4716de56a2dabba6263f78bfb5f4e605,40.22,1,40.22,1.0,30.0,1,0,bronze
472326965e0bbde0de9809c6d6415bf5,109.0,1,109.0,4.0,7.0,0,0,silver
47264e9608c5814e2a7b260f6fe154b5,223.41,1,223.41,5.0,9.0,1,0,silver
47351f35d6ead07e0f2d39a2adaf73be,41.27,1,41.27,5.0,3.0,0,0,bronze
4736edc381da3d6dc96db9e901e3c4cf,215.01,1,215.01,5.0,10.0,1,0,silver
47403791852ad9e03ae6f4d452df5d7c,415.85,1,415.85,4.0,17.0,1,0,gold
4746c99fe8b7985f53cb6885c456defd,252.38,1,252.38,5.0,7.0,1,0,silver
47489788e48f45b876c1969741483c8f,531.48,1,531.48,5.0,6.0,0,0,gold
474e6f9015656d6c09a2f572c8c64ec2,301.67,1,301.67,5.0,2.0,0,0,gold
47587b8d4fe613ff6f42a7087e3307c5,228.79,1,228.79,5.0,14.0,1,0,silver
4761391c151e10ebed80d55c187be591,41.96,1,41.96,5.0,14.0,1,0,bronze
477025a77b847be1745bd7e0c955647a,120.09,1,120.09,5.0,5.0,0,0,silver
4777ea23e9d2b713832376747e89105c,36.69,1,36.69,4.0,19.0,0,0,bronze
477ebceaf95a02964db3c4f639401008,293.36,1,293.36,5.0,13.0,0,0,silver
4782bd734cb291316f1637caa02fc38a,66.1,1,66.1,3.0,10.0,0,0,bronze
478ce3f933a0762be611698dc878dd93,52.04,1,52.04,3.0,21.0,0,0,bronze
4795256d9c0959d639c3e8cb2cf730d2,195.68,1,195.68,5.0,13.0,1,0,silver
479f918c055f351de04937dcabb3b308,334.8,1,334.8,5.0,2.0,1,0,gold
47aa2ec9320f644efa4cc134dc21c318,69.06,1,69.06,5.0,12.0,0,0,bronze
47aa51c0c41934c130a5022658fdebd9,423.59,1,423.59,4.0,9.0,1,0,gold
47af48035b043521ae27cb5061276ee1,194.48,1,194.48,5.0,1.0,1,0,silver
47b41b6b40d477ecae62afa16f4359d7,61.85,1,61.85,5.0,15.0,0,0,bronze
47bd37533335ca8fcfb008e49157199b,183.32,1,183.32,5.0,2.0,1,0,silver
47c05993d6a2369558d2f63dddabcf0e,69.22,1,69.22,4.0,14.0,0,0,bronze
47c176c5850f3c595b0b50209e861df6,387.68,1,387.68,5.0,10.0,0,0,gold
47c477e496d8ee91adb59405be7e2342,330.69,1,330.69,5.0,17.0,1,0,gold
47c5e0f72f19e85d15e62bb3cf8a4d4d,217.64,1,217.64,5.0,15.0,1,0,silver
47c9f6154b64a0e623d4a7560d32bc74,168.65,1,168.65,5.0,3.0,1,0,silver
47ce88733a38533d3cdb125bd620bb74,50.75,1,50.75,5.0,5.0,0,0,bronze
47d2b80b343a27cd4cc0f657b3235f99,38.33,1,38.33,4.0,28.0,0,0,bronze
47e521033709bb13d5e21b11028ee3bd,74.84,1,74.84,5.0,2.0,0,0,bronze
47ecd04b2dbaa149d1fa634dc8b2d8d8,200.02,1,200.02,5.0,2.0,0,0,silver
47fd2ad0d890e39c730c3d33d2ad5ffa,68.42,1,68.42,1.0,25.0,0,0,bronze
480709ddf6d0a068c9185720d0b5a183,44.21,1,44.21,5.0,11.0,1,0,bronze
4812e1a9409112e1da42427d3c8f1e18,240.82,1,240.82,5.0,29.0,0,0,silver
48241d7effad8ab734a5935f51b606dc,63.73,1,63.73,5.0,4.0,0,0,bronze
4826ee6e1e5a8779b343bd3f9ad078a5,143.43,1,143.43,5.0,11.0,0,0,silver
4831e521ed6e409038e639c3dbbc79fc,404.28,1,404.28,1.0,,1,0,gold
4835837b30a566930f3c0227935d622a,65.05,1,65.05,2.0,14.0,1,0,bronze
4846eb5112ee2e916e1a54cb10d8c689,305.63,1,305.63,5.0,14.0,1,0,gold
4849a05adbbdba9197030df910caf205,70.76,1,70.76,5.0,8.0,0,0,bronze
48533831affa935557a30dd054d1d1f3,254.42,1,254.42,1.0,16.0,0,0,silver
486c4f9b2ca35e1afa9010d23792be4f,51.03,1,51.03,5.0,15.0,1,0,bronze
4878bbbae3c355a212f5a629ff9e4576,36.5,1,36.5,1.0,25.0,0,0,bronze
487c8bf87aa8420ba0f313346dd9ad69,88.58,1,88.58,4.0,5.0,1,0,bronze
487e9e85b88b68f2fb0a84d0296936f6,251.54,1,251.54,5.0,18.0,0,0,silver
487eb5b80647af0ec6c399a4a1d1efde,139.24,1,139.24,5.0,4.0,0,0,silver
488b6351e048ce2bb695d12612dc33da,62.65,1,62.65,3.0,4.0,0,0,bronze
488f279db9261a5c5c3b765f9cb95ef6,137.09,1,137.09,5.0,2.0,1,0,silver
489811a1e379cc8a07939cfcdc43ba4b,154.05,1,154.05,1.0,,0,0,silver
489f0da019ff8bd10d0b2abb1764bcb7,204.49,1,204.49,3.0,13.0,1,0,silver
48a43a82b83f1e3b08e691ffb1d04c58,202.5,1,202.5,1.0,15.0,1,0,silver
48a91a904cbb4f4f4de08f6c74f39407,193.2,1,193.2,5.0,21.0,0,0,silver
48aa7753f2622c7b4a1bb3e59d880ebc,247.7,1,247.7,5.0,17.0,1,0,silver
48b8f663f9f79dd181687df9ddcf8603,75.25,1,75.25,5.0,18.0,1,0,bronze
48bac4226fdf502747353ae853a6cb5f,48.87,1,48.87,3.0,2.0,0,0,bronze
48bee6398cf4b03b2ae37582cbcc110a,79.09,1,79.09,5.0,18.0,0,0,bronze
48c239b2821e4f65ef32ff7ecd4ed37b,52.77,1,52.77,5.0,4.0,0,0,bronze
48c2efc910e703d1ca5a70fe634a87d4,33.77,1,33.77,5.0,3.0,0,0,bronze
48c8add58f6544df93e408ca2f7e9333,253.34,1,253.34,4.0,11.0,1,0,silver
48cb69c1578e5fc47b8bc862cdbebc09,225.03,1,225.03,4.0,7.0,1,0,silver
48ce3450c17d577bbe48dd240380f088,840.63,1,840.63,1.0,29.0,0,0,gold
48cfb1ec8875f03ad35e4b714d1450b3,160.57,1,160.57,3.0,8.0,0,0,silver
48dfb1ef4302af2fbe7327e379ac9903,48.22,1,48.22,5.0,13.0,1,0,bronze
48f0d48d1c701b6b100673a5e7666581,47.53,1,47.53,1.0,1.0,0,0,bronze
48f2f72862e37acc97f50b4484ee2af4,37.68,1,37.68,5.0,1.0,1,0,bronze
48f6d1a3068b0ae43dd16393f381b8fe,152.04,1,152.04,5.0,12.0,1,0,silver
48fa6947050cc823ed1112a81acf8c69,68.06,1,68.06,3.0,11.0,0,0,bronze
4905363e80389ad8df558452e9206216,78.97,1,78.97,4.0,17.0,1,0,bronze
490c854539b21598cfbbac518ca25788,132.19,1,132.19,5.0,2.0,1,0,silver
4910b52e18434ad073715ee8a0599f3e,37.1,1,37.1,1.0,14.0,0,0,bronze
4913641258ef99fc01ced3cd2d624d46,86.86,1,86.86,5.0,10.0,1,0,bronze
4913ffb0f9e2ab781a0ea72127d1bc84,56.15,1,56.15,4.0,2.0,0,0,bronze
491d12855e9e662e70c1a848b0a0107d,45.11,1,45.11,5.0,10.0,0,0,bronze
4935bb1bb7c09b682d4c224503e37861,44.24,1,44.24,4.0,15.0,0,0,bronze
49361d2f6bb07c3029d82b4b8eed0902,155.95,1,155.95,5.0,5.0,0,0,silver
49436a1a48001ee5d90199ab1a4e6908,62.71,1,62.71,5.0,6.0,0,0,bronze
494a52654366a12455cd9a81c6fdf542,56.5,1,56.5,5.0,13.0,1,0,bronze
494e887fef923d79982b3c0e1ab49cdd,406.67,1,406.67,4.0,13.0,1,0,gold
4950a63d32dfa1388820bfe455c7eb1a,93.28,1,93.28,4.0,13.0,0,0,bronze
495387e14ed7bcb7f9426c86970c007a,96.32,1,96.32,5.0,11.0,1,0,bronze
4959db54141eaf0a815b9ab254fcd3c5,172.44,1,172.44,4.0,17.0,0,0,silver
495ad99889726f38d2a0df657921a832,175.16,1,175.16,3.0,16.0,1,0,silver
496048de8070b6f462aab213d0f54750,208.63,1,208.63,2.0,,1,0,silver
4964b30e0f0fd6fe49698ee0f5f4fb03,226.23,1,226.23,5.0,7.0,1,0,silver
497e8562fa4beece812b61a427666392,65.43,1,65.43,5.0,4.0,0,0,bronze
4985c6f86aaf1460d9b6fdc74465a5a5,118.35,1,118.35,3.0,5.0,0,0,silver
498735d4351f24cffac0107bc64e9b40,214.11,1,214.11,5.0,5.0,0,0,silver
49941292df701801332f51cd0a3ef38f,366.73,1,366.73,5.0,6.0,1,0,gold
499e1ddbf2c2567324f4d3733eaeedeb,47.68,1,47.68,5.0,7.0,0,0,bronze
499fc778b427bbd8e1d35fc64d2e6036,164.08,1,164.08,5.0,10.0,1,0,silver
49a19cc71af5703aa8e8bc87349e4c40,87.8,1,87.8,4.0,27.0,0,0,bronze
49a46a9ac7e72f7ce9e2a6007f4d33e4,64.0,1,64.0,5.0,6.0,0,0,bronze
49b702edd43e581908cdd191e75c35da,67.76,1,67.76,3.0,7.0,0,0,bronze
49bbdba74838070fe0bdc269cf217cde,177.49,1,177.49,3.0,22.0,1,0,silver
49bf2476bcd8446a1b33728963072fad,157.13,1,157.13,1.0,39.0,1,0,silver
49c00537cb6418b95faaff96b95d596e,122.92,1,122.92,4.0,16.0,1,0,silver
49c05eb9718973be96c8f67d3bbcee59,322.96,1,322.96,5.0,22.0,1,0,gold
49c193bdbd5dcb6e0f7ac6df5ded0143,38.78,1,38.78,5.0,21.0,0,0,bronze
49c5ef1f262be01b80383cd169a74cc2,154.58,1,154.58,5.0,4.0,1,0,silver
49c680336ba57c2f860dadf26a62e038,108.81,1,108.81,3.0,4.0,1,0,silver
49c8c4575d64540960170de12edb2ff7,270.88,1,270.88,3.0,10.0,1,0,silver
49cee01774f85ef576192e1038cf9cc6,225.51,2,112.755,4.0,12.5,2,1,silver
49d0b00a8a500a6ef459945d7132f29b,607.87,1,607.87,5.0,33.0,1,0,gold
49d514de457c6c152ac88dc2636be92c,83.22,1,83.22,5.0,16.0,1,0,bronze
49d51ff1ce1a72888b883deb6c3f5a01,56.69,1,56.69,4.0,17.0,0,0,bronze
49d717e896631c2b2624dd30d8e36a2a,561.92,1,561.92,4.0,22.0,1,0,gold
49df2953f839b0897d219e25afd33772,119.25,1,119.25,5.0,10.0,0,0,silver
49e9462601934a7370db9721ac62f9ad,82.33,1,82.33,4.0,12.0,1,0,bronze
49f167a0f461317f5816aba62a1f80cd,25.84,1,25.84,1.0,10.0,0,0,bronze
49f8f0fe12795257f4c54b14c06e2f38,102.78,1,102.78,5.0,5.0,1,0,silver
4a080fbb39cea0bbc34236191a82140a,334.98,1,334.98,4.0,31.0,0,0,gold
4a0ebceb7ab1c4bb3e8de740cfa33184,370.72,1,370.72,1.0,,1,0,gold
4a18e88621a98304f29d894bba1ec1a6,87.41,1,87.41,1.0,7.0,0,0,bronze
4a1db542e9b698e15e46ff957a6cb30e,149.08,1,149.08,5.0,22.0,0,0,silver
4a2068cc616de2b18994f46cfe1a3d4d,100.34,1,100.34,1.0,,0,0,silver
4a2d9f6fc118aa66891982662c63eff3,62.17,1,62.17,5.0,6.0,0,0,bronze
4a308cdb29007edf69fdacc9b6596d5a,162.51,1,162.51,4.0,17.0,1,0,silver
4a333e04d23005c217ed0c15b132c94f,46.69,1,46.69,3.0,9.0,0,0,bronze
4a338466140e0d0a7bd02da80d904f0f,98.56,1,98.56,1.0,,0,0,bronze
4a3545dbfdf7bc14e6cee312a234b133,411.6,1,411.6,5.0,14.0,1,0,gold
4a362420541051d3d4055a777681ccbe,167.29,1,167.29,5.0,15.0,0,0,silver
4a371496a07fc9aed03d55fd43447f60,606.59,1,606.59,5.0,9.0,1,0,gold
4a37214b106fac5a660b3858d4ac9d41,514.6,1,514.6,5.0,7.0,1,0,gold
4a3db5579b3d8bcb6923779323e0189f,61.84,1,61.84,5.0,8.0,0,0,bronze
4a56c5864ec9c27869d80d07115ff36c,169.3,1,169.3,4.0,1.0,1,0,silver
4a5f75075156ce4387ea81761aa88074,60.26,1,60.26,5.0,5.0,0,0,bronze
4a6ccb379c9e5062ad3ce2324222fbf3,21.04,1,21.04,4.0,9.0,0,0,bronze
4a6fae603f245a9312b737c601aaee78,68.23,1,68.23,5.0,14.0,0,0,bronze
4a73d109e0c739126f560ce621b8657c,95.0,1,95.0,5.0,15.0,1,0,bronze
4a7b98c63e40adcaf751c0e495f36218,208.55,1,208.55,5.0,2.0,1,0,silver
4a83a15438567179272a195eee42f246,69.71,1,69.71,5.0,14.0,0,0,bronze
4a858d3e945b66b74a3b87cd245338a8,487.64,1,487.64,3.0,20.0,0,0,gold
4a87e667294a7e8c18a5656a3813e24a,56.4,1,56.4,5.0,20.0,0,0,bronze
4a8a8d16bc5a98b219793842aed843e4,65.19,1,65.19,1.0,10.0,0,0,bronze
4a8b7c8d02cad7d510a0561c724e755b,48.21,1,48.21,5.0,5.0,1,0,bronze
4a9355ff0ed03eab11feda2177573b2b,96.01,1,96.01,5.0,8.0,1,0,bronze
4a9371a7a620ff0a9d2edb76f90ac26f,49.69,1,49.69,5.0,7.0,1,0,bronze
4a9c56435351f826f9473f525c243796,143.82,1,143.82,5.0,8.0,0,0,silver
4aa1ebcfbf59d20f68d324b24450ccbc,252.38,1,252.38,3.0,8.0,0,0,silver
4aa75596b3735460eac01eb2a95a19a7,28.01,1,28.01,5.0,4.0,1,0,bronze
4aaa58570595843d3c6670516aaa3745,413.83,1,413.83,5.0,22.0,1,0,gold
4ab50a59734294a04f717d8ce2122c34,81.72,1,81.72,5.0,1.0,1,0,bronze
4ac6ef708fd5507a56c7f24f21a8c6cc,46.84,1,46.84,5.0,9.0,0,0,bronze
4ac78fd8ee70982e8f64983c856edace,73.62,1,73.62,3.0,2.0,1,0,bronze
4ac8a006e9b5c9fe3d26b345ef6484ba,118.35,1,118.35,5.0,7.0,1,0,silver
4acc0fb9699727463a16e94be5670204,177.49,1,177.49,,34.0,1,0,silver
4acd80a0670070b599405d1ba77dcf8b,33.78,1,33.78,5.0,12.0,0,0,bronze
4ad3e061e218845a11e7e6dba6e88ac0,225.99,1,225.99,5.0,13.0,1,0,silver
4ad4d9be004941fb8e0ffd31ddbf1f3c,86.25,1,86.25,5.0,13.0,0,0,bronze
4adb08de8932929dcf4fb86147020329,209.99,1,209.99,2.0,10.0,0,0,silver
4ae7d01b0aa2f9fad107ecbfb6943225,352.55,1,352.55,4.0,22.0,0,0,gold
4af0779ff4a82e7e5032c989c5cd250c,309.99,1,309.99,5.0,14.0,1,0,gold
4afd3fe608c035a0539c2974567e3bf6,73.32,1,73.32,3.0,8.0,1,0,bronze
4b0248ab9516b1c3c69cb1b9f5157014,99.95,1,99.95,5.0,11.0,0,0,bronze
4b06970bf3132cb4456b75269c592e1a,448.44,1,448.44,1.0,33.0,1,0,gold
4b0a2eb6cad52bcbb4df29d278fede29,69.15,1,69.15,5.0,20.0,0,0,bronze
4b178eb199e27660d160db227734902b,186.82,1,186.82,5.0,15.0,1,0,silver
4b2c0749955626d86742d9f8f9b099e4,67.62,1,67.62,5.0,7.0,0,0,bronze
4b35bd95d806196b9942b9e966d0e7ee,45.0,1,45.0,5.0,11.0,0,0,bronze
4b35c14a87877c1fb2186448bcf128a3,86.64,1,86.64,5.0,11.0,0,0,bronze
4b3693c5e5a7965cc854260a30ce0231,249.49,1,249.49,5.0,7.0,0,0,silver
4b3b19be62f982bdf46aee2d44aa4553,48.69,1,48.69,5.0,16.0,0,0,bronze
4b3ee9aa32764c972f18487821f0e0d6,36.28,1,36.28,5.0,7.0,0,0,bronze
4b4c2d367706e25e519323e9d57271b6,129.15,1,129.15,4.0,8.0,1,0,silver
4b4e6199c7c6bb267b2f53dbc2f2606a,88.08,1,88.08,5.0,4.0,0,0,bronze
4b4ea88a5cd986f88910d2de8725f2cb,94.67,1,94.67,5.0,20.0,1,0,bronze
4b52b581adde85cafdb0b04a130e5d6d,32.43,1,32.43,5.0,7.0,1,0,bronze
4b53ef99e7053c7a88356cd25d336283,56.43,1,56.43,4.0,18.0,1,0,bronze
4b5cf5696f983721f9bff0fc626b2872,249.41,1,249.41,3.0,2.0,1,0,silver
4b710b383b56484557d289075e303d04,159.85,1,159.85,5.0,7.0,1,0,silver
4b71d99501b75f685e69d6120790bc7b,66.22,1,66.22,5.0,7.0,0,0,bronze
4b79e4b6db0bcfb76c85b5d88649fa45,183.93,1,183.93,5.0,7.0,0,0,silver
4b7a71c96db21017913cfee51622f797,113.98,1,113.98,4.0,21.0,0,0,silver
4b7f624654e5181c5bfa4840abb208e3,217.64,1,217.64,5.0,16.0,1,0,silver
4b8096486405b8edbf0af122f4cfd283,27.4,1,27.4,1.0,,0,0,bronze
4b8906c83d801008eb28d24c80c8a59c,163.89,1,163.89,5.0,15.0,1,0,silver
4b8ebe4ffd54e53db679068cb646c7c4,56.39,1,56.39,2.0,3.0,0,0,bronze
4b949bdf1cc643e84a355b3121bb3341,215.05,1,215.05,4.0,14.0,0,0,silver
4ba104163286314a743a1e43e433e344,83.76,1,83.76,5.0,5.0,1,0,bronze
4ba3fc2bf6dd04b40cb624ad09c8cc8c,201.18,1,201.18,1.0,17.0,0,0,silver
4bac0dc665a22611249e258c819b8ec7,150.16,1,150.16,3.0,20.0,0,0,silver
4bb9e97914075938aced10f428e688b5,122.04,1,122.04,3.0,22.0,0,0,silver
4bb9eff279b892251d672d74a4272434,74.59,1,74.59,5.0,21.0,0,0,bronze
4bc066994a7f1cb1239d0e32658e368a,65.48,1,65.48,5.0,7.0,0,0,bronze
4bd7bb66afb7dd4a9e3a0579ae6d894b,98.16,1,98.16,3.0,4.0,0,0,bronze
4be8154b42b4593fae17f1b2cb375615,28.0,1,28.0,5.0,14.0,0,0,bronze
4bf09edbc9088f7b1767c07a710736d2,34.51,1,34.51,5.0,15.0,0,0,bronze
4bf3d072dcf303280e82dc697b516c6f,61.43,1,61.43,5.0,6.0,0,0,bronze
4bf966fa89fe05fa837cbf82f8d4ad62,56.37,1,56.37,2.0,8.0,1,0,bronze
4bfb2458768dbee0e7e1e04164a58abe,32.23,1,32.23,5.0,7.0,1,0,bronze
4bfdc85625e24bc269329cd2ca2bb30c,304.7,1,304.7,5.0,11.0,1,0,gold
4c0031f9334248a4d3c675b527c67b88,29.77,1,29.77,5.0,2.0,0,0,bronze
4c059c502437bcf15e8624683532e3d7,40.78,1,40.78,5.0,21.0,0,0,bronze
4c09b258e20a3330b4b49b01c6733ca0,128.24,1,128.24,5.0,32.0,1,0,silver
4c0bac678bfb8ff0becd5b393b45a884,649.14,1,649.14,4.0,15.0,0,0,gold
4c0c0aaace4f4f653104ae52e4811ec6,52.84,1,52.84,5.0,4.0,0,0,bronze
4c1bb90d126fa7126288a57161b58573,134.19,1,134.19,4.0,13.0,1,0,silver
4c1e42858be8d86c2c2b40715f28f343,372.27,1,372.27,4.0,11.0,1,0,gold
4c1f2c9958f38cb98a3913c8cb84fc0f,55.09,1,55.09,5.0,4.0,0,0,bronze
4c20cece8dea060501365d002b9e4c32,45.78,1,45.78,,31.0,0,0,bronze
4c23b91b0edcf82b1c9a5ede94ca3536,342.07,1,342.07,1.0,39.0,1,0,gold
4c2648c5850ac8a3f7105333ef641e6b,45.3,1,45.3,5.0,7.0,0,0,bronze
4c2759131ea45bbf124a6fd133ed3114,203.67,1,203.67,5.0,16.0,1,0,silver
4c2fff3d2df31cd85717420a7cf590da,47.94,1,47.94,5.0,13.0,1,0,bronze
4c42f3f25481f5a560b1caa9dddec4d6,145.01,1,145.01,5.0,13.0,1,0,silver
4c4dd694773b1fc6f0481f9221c31b79,137.99,1,137.99,5.0,11.0,1,0,silver
4c7346cf57dab3893486eb1b9225cfa0,244.52,1,244.52,4.0,9.0,1,0,silver
4c77f5ce7d9d561acbb5f33127cbd599,442.92,1,442.92,5.0,3.0,0,0,gold
4c8b8da10358565e26bfe9da92eaeba8,105.38,1,105.38,5.0,6.0,1,0,silver
4c91f30875e2482c09e9b81ef600985a,135.08,1,135.08,5.0,19.0,0,0,silver
4c93744516667ad3b8f1fb645a3116a4,282.21,1,282.21,5.0,13.0,0,0,silver
4c98acf07dd1a80055327935d55da01a,123.77,1,123.77,1.0,17.0,1,0,silver
4ca78f24f5fe67f9eb760373d100f78a,182.91,1,182.91,5.0,14.0,1,0,silver
4cad0bc3c6183fd6e851006e4f21c96b,88.84,1,88.84,5.0,7.0,0,0,bronze
4cb73f4f07d69f81e93a4345923ee3b7,95.21,1,95.21,4.0,21.0,1,0,bronze
4cba4382020c8e217faee72173ecb0fc,41.69,1,41.69,2.0,19.0,1,0,bronze
4cbafb5b3b2ea044072f8cd945843cdb,182.49,1,182.49,5.0,14.0,1,0,silver
4cbc96275e70bf9dc067d17d66a246a4,27.15,1,27.15,5.0,10.0,0,0,bronze
4cc11072c33f1b37d77d79379a70eb23,61.75,1,61.75,5.0,10.0,0,0,bronze
4cc442b5cc7d361e4da6bf55b07fe23f,98.39,1,98.39,2.0,13.0,1,0,bronze
4cc460b417f82668c7bfd1b2d8bfb189,108.21,1,108.21,5.0,5.0,1,0,silver
4ccacf05f1c687822fc379cec1a70493,87.44,1,87.44,5.0,10.0,1,0,bronze
4ccc4c69b98f35700ce5544a88221a1f,44.52,1,44.52,5.0,2.0,0,0,bronze
4cd1a7f6c61d7ef23f654bcc8d6476f1,56.92,1,56.92,5.0,14.0,0,0,bronze
4cd31b3036748096f530bd7559999565,65.13,1,65.13,4.0,17.0,1,0,bronze
4cd64dcd2c1a52cc6df6dea264c8a5c4,166.06,1,166.06,5.0,2.0,1,0,silver
4cd9c805152622cc2acd21184802873d,21.77,1,21.77,5.0,8.0,0,0,bronze
4ce423721c74231c174d0bb22367645a,178.34,1,178.34,5.0,6.0,1,0,silver
4ce4fa1b0d9f5639e79b823389f8b095,140.79,1,140.79,3.0,10.0,1,0,silver
4cec0991047084f698312a704572d52b,161.72,1,161.72,4.0,13.0,1,0,silver
4ceed192fabd028ad5ce2df4d1a50c13,49.09,1,49.09,5.0,6.0,1,0,bronze
4cf4dbc82dc5faf26d7f363ed00a4441,72.39,1,72.39,5.0,22.0,1,0,bronze
4cfa9d9ed1a4b7321fb592ce48766760,336.32,1,336.32,3.0,15.0,1,0,gold
4d046c07406ef0776be30bffb62f44d9,135.55,1,135.55,4.0,7.0,1,0,silver
4d0514f378de05fac2ff8b61bbbe75e1,143.38,1,143.38,4.0,7.0,0,0,silver
4d094dfd23064797e35aab51f129fda4,114.57,1,114.57,5.0,18.0,0,0,silver
4d1816adb92709672c1c049f8756f542,132.08,1,132.08,4.0,7.0,1,0,silver
4d27bd8d0da996a6aeeea0d9f31afb99,28.0,1,28.0,5.0,5.0,0,0,bronze
4d285c90d3a4161d1bba6feed1072244,99.95,1,99.95,1.0,3.0,0,0,bronze
4d37e2be085cfbf28651efe39cdf1469,269.75,1,269.75,3.0,10.0,1,0,silver
4d3b1d474a94887d1bde3f841e49b64b,22.38,1,22.38,3.0,3.0,1,0,bronze
4d4882fc0915bf794b1270689b2c8072,70.03,1,70.03,5.0,11.0,1,0,bronze
4d49ed305390ff5ecd6ead3bfbdbd6b2,58.46,1,58.46,5.0,15.0,0,0,bronze
4d575f2c02a1bb5802924ac4c13d66c2,102.12,1,102.12,4.0,23.0,0,0,silver
4d58eca1e53263c544120e94beb5c6c0,133.4,1,133.4,4.0,10.0,0,0,silver
4d5915fe06858abbb2ba296233c78fe9,237.48,1,237.48,5.0,4.0,1,0,silver
4d5e71a85161c235a376406c237f96aa,49.63,1,49.63,5.0,12.0,0,0,bronze
4d5e9c30fe0d640437fa60e0f25629d6,44.75,1,44.75,4.0,7.0,0,0,bronze
4d6acb02cb5c8492d36a041288091ead,223.98,1,223.98,5.0,7.0,1,0,silver
4d72e3ea2d331c774abb707030dd9ce5,64.03,1,64.03,4.0,17.0,0,0,bronze
4d7e6ee77e984de7603341c14791676c,110.69,1,110.69,5.0,2.0,0,0,silver
4d8a7a22298926d52321375e3e8bf2ca,175.19,1,175.19,5.0,8.0,1,0,silver
4d8de73bea31008a463a284851bffbd8,50.86,1,50.86,5.0,8.0,0,0,bronze
4d9f13fb85d5648e4c06dd230962e6a6,121.09,1,121.09,4.0,22.0,0,0,silver
4da5e4516dfe9be3e6c06902659e0c9c,92.19,1,92.19,1.0,,1,0,bronze
4daa117393e38a804850e13486899605,68.33,1,68.33,5.0,15.0,0,0,bronze
4dae8bfe22f589ac7f8f13566be3b24e,164.79,1,164.79,3.0,29.0,1,0,silver
4db005ae588356c526a21122bb436852,119.27,1,119.27,3.0,7.0,1,0,silver
4db04f3853752458316271e5a12f422d,64.1,1,64.1,5.0,15.0,0,0,bronze
4db837094d22e1632a19781892b37c84,373.5,1,373.5,4.0,29.0,1,0,gold
4dba78a69f5fb2d5ba4bdf9696e1eb8f,1549.41,1,1549.41,1.0,8.0,1,0,platinum
4dbc9e60ee79f8547f8a3fe7f3d02fd1,114.9,1,114.9,5.0,7.0,1,0,silver
4dbdde6e1e0a6931a1872f33d61b541d,146.68,1,146.68,1.0,11.0,1,0,silver
4dca6106df339fd0686b9b82eb784406,68.3,1,68.3,5.0,11.0,0,0,bronze
4dd43ddd16316a2f26f6e8375f2bc0a6,49.96,1,49.96,5.0,43.0,0,0,bronze
4ddd1defe4cee88c156b7406345bbb03,47.64,1,47.64,5.0,16.0,1,0,bronze
4ddd6dc00abb2bb78e0e750450886628,117.85,1,117.85,5.0,13.0,1,0,silver
4de4655b706e7d846268e0e620e3551d,525.05,1,525.05,4.0,14.0,1,0,gold
4de93895e4c385de095e271b71691f5c,278.1,1,278.1,1.0,8.0,0,0,silver
4dea948bec9bffa8e164655dfe8afaa6,110.77,1,110.77,5.0,7.0,1,0,silver
4df34699c33c9c99fc0ec9196fffaf29,146.12,1,146.12,5.0,12.0,1,0,silver
4df5d0ec15a5deb0a865846805fa3eab,442.75,1,442.75,5.0,8.0,1,0,gold
4df73e7b84846bd99d04a878464502b0,29.24,1,29.24,5.0,7.0,0,0,bronze
4dfdc2b505745b7fa2547c07f4d1d5d9,52.31,1,52.31,5.0,20.0,0,0,bronze
4dff8ebbf016e43246f4a6a16e55f849,619.34,1,619.34,5.0,9.0,1,0,gold
4e11a713ef5224c1b4e2409ed9a05e15,60.88,1,60.88,5.0,4.0,0,0,bronze
4e1554d1a2dcb38dcf22770eb7390fe1,447.68,1,447.68,1.0,,0,0,gold
4e20c9717b355a95e60353197235b58c,210.2,1,210.2,5.0,1.0,1,0,silver
4e299468155b9ba92749a364d01ecf81,45.21,1,45.21,1.0,7.0,0,0,bronze
4e2fac6a060c99fe262ee10ee56600ce,294.78,1,294.78,1.0,20.0,0,0,silver
4e345c0225c3cf47f7331d211ab27a0e,45.79,1,45.79,5.0,24.0,0,0,bronze
4e3c149b4f38ba13a692fe975d1c48c6,108.51,1,108.51,5.0,5.0,0,0,silver
4e42f5dd11f3b39f9994e12b20f10b4d,187.91,1,187.91,5.0,17.0,0,0,silver
4e43bb0db4eeaff2a2593b9d1a0afe15,248.85,1,248.85,5.0,13.0,1,0,silver
4e51fe41912be91deba264ef9b453a34,190.33,1,190.33,5.0,10.0,1,0,silver
4e530668288d2f27a921f337c492dcbd,368.92,1,368.92,5.0,9.0,1,0,gold
4e53380894a2b91871cfb7da8ea88252,38.53,1,38.53,3.0,13.0,1,0,bronze
4e58d8d67098fe492cf8f239a123c88f,192.16,1,192.16,5.0,8.0,1,0,silver
4e645a53f570db099324b8427b360c60,288.23,1,288.23,5.0,17.0,0,0,silver
4e67cc12e03d84ff4d5d51d246135778,84.92,1,84.92,3.0,,1,0,bronze
4e6bd8dd433011c38cd3b70b0677f9b9,93.44,1,93.44,5.0,20.0,1,0,bronze
4e6d32b7ea980a1f1059591c924544c1,186.7,1,186.7,5.0,9.0,1,0,silver
4e6f59096938cf1ba5b2709f6484e2f2,117.85,1,117.85,5.0,9.0,1,0,silver
4e7058c93d75bfef660be809f0cc8d2e,298.99,1,298.99,5.0,10.0,0,0,silver
4e7725faff6848ccd582b9622f5387ac,176.16,1,176.16,4.0,3.0,1,0,silver
4e7d084161eec682220d0adeec4eec8f,120.0,1,120.0,5.0,13.0,0,0,silver
4e7d90791af7ac2024f8b978fa4fc095,78.07,1,78.07,4.0,13.0,0,0,bronze
4e80f06fbdfe09aae8439ef1244e2d7f,64.56,1,64.56,5.0,6.0,0,0,bronze
4e879fd59d57eacbbf05e06cc7e96eba,175.08,1,175.08,5.0,7.0,0,0,silver
4e8ac8f8c8437c809703dac113601ca4,63.11,1,63.11,5.0,14.0,1,0,bronze
4e8debada1cdd5b40418836930296c86,56.78,1,56.78,5.0,2.0,0,0,bronze
4e97bf99d0c7b32c003e37988c768bc2,66.95,1,66.95,2.0,,1,0,bronze
4e9c22cbd4d6605c989f5cb247d46192,183.93,1,183.93,5.0,6.0,1,0,silver
4e9fed16983d17a7db116c9215ad25c0,700.53,1,700.53,1.0,14.0,1,0,gold
4ea07e24e59ceae33aeb18024919b4d8,202.5,1,202.5,1.0,19.0,1,0,silver
4ea1efc2c927f7ea12efc43e03920cc6,46.0,1,46.0,5.0,20.0,0,0,bronze
4ea6c3c0ddbe4935ab5766001f06c9e4,40.0,1,40.0,5.0,6.0,0,0,bronze
4eb193b848f56f3ca62cc044b1668597,51.0,1,51.0,4.0,13.0,1,0,bronze
4eb214caad765281839b85fc30e23113,49.78,1,49.78,3.0,23.0,1,0,bronze
4eb6fcfd481ef3c2ab3afba135ef4bcc,207.9,1,207.9,3.0,8.0,0,0,silver
4eb8e9459b5265e8d7896900ab1127e4,78.38,1,78.38,4.0,23.0,0,0,bronze
4eb91502ca0d2b27b41e246b6a704801,33.1,1,33.1,5.0,4.0,0,0,bronze
4eba70ec999c67251d9bd44141e39f4a,230.7,1,230.7,5.0,7.0,1,0,silver
4ecc3d1536d45f43dc367a3face29547,159.66,1,159.66,3.0,13.0,1,0,silver
4ecdcc06343fcc71cbd3d0905e74a45b,117.85,1,117.85,5.0,17.0,1,0,silver
4ed407615f57010083460436a955577b,27.78,1,27.78,5.0,1.0,1,0,bronze
4ed82d2c4fb7be1abe53c72f75c4e269,50.93,1,50.93,5.0,5.0,1,0,bronze
4edb41f4555044def164944f4bc31c3c,44.3,1,44.3,1.0,7.0,1,0,bronze
4edd4485b67febe51eaad746f26c0a74,137.6,1,137.6,5.0,23.0,1,0,silver
4ee589f9106af7d7ec3ec8ab8c1bd7cd,42.33,1,42.33,3.0,20.0,0,0,bronze
4ee952a26c5e8af732f1e08c163dff5f,81.68,1,81.68,1.0,8.0,0,0,bronze
4ef1b904f1f96de8003c5982e1201815,178.64,1,178.64,2.0,15.0,0,0,silver
4ef3ac5b2ceb281d80969e089bcc0374,313.5,1,313.5,5.0,12.0,1,0,gold
4ef4111e06c2a9ebbcf48e0e82da94e7,133.84,1,133.84,5.0,7.0,1,0,silver
4ef75acb45330a4164b7d732c1dfc798,78.95,1,78.95,5.0,11.0,0,0,bronze
4efe868b77400fecf7a035fe226989fc,52.59,1,52.59,5.0,26.0,0,0,bronze
4effbb87c482bdb4d034743c63a96a34,64.0,1,64.0,5.0,34.0,0,0,bronze
4f011f45db425dcd3be79d4c11e9ad05,49.18,1,49.18,5.0,19.0,1,0,bronze
4f0ae74a67e72466c530aaef5951e455,37.77,1,37.77,4.0,11.0,1,0,bronze
4f0bcf23a531b9474114b7f81b7243ee,33.33,1,33.33,5.0,2.0,0,0,bronze
4f202913eca1279994ea1a1709088921,194.2,1,194.2,5.0,5.0,1,0,silver
4f23cc21e6413746db6eb95b63b1a3f5,115.44,1,115.44,5.0,1.0,1,0,silver
4f262a3ca91e56d568fd13240c3c3652,42.59,1,42.59,5.0,6.0,1,0,bronze
4f2ab786849663f70ed0dbd4d2f5f530,276.59,1,276.59,5.0,9.0,1,0,silver
4f2ad3c906341fa7f17cb54526d34427,218.21,1,218.21,5.0,13.0,1,0,silver
4f308d513ccac2840ecef09e3f27834f,100.91,1,100.91,5.0,28.0,0,0,silver
4f33256e74e56b333e07e47064ff32fe,124.93,1,124.93,5.0,9.0,1,0,silver
4f36b8f2e592e796ecf4c62f299b7a66,57.63,1,57.63,5.0,16.0,0,0,bronze
4f3789687cd4e7a0df0a6b04d4c98f03,197.58,1,197.58,5.0,7.0,0,0,silver
4f37f28526c2b7574b3d267adbfc8555,164.54,1,164.54,3.0,7.0,1,0,silver
4f42c1f9500147ce3ec31983e207f52f,133.35,1,133.35,5.0,10.0,0,0,silver
4f471e7d7ab4372da13e7f4ae206655a,160.18,1,160.18,4.0,7.0,0,0,silver
4f47dce7aa9939667f0e44702fac1a57,89.47,1,89.47,5.0,6.0,1,0,bronze
4f50fe31bd8b72604c6df88381f54b6f,138.19,1,138.19,5.0,8.0,0,0,silver
4f548c910bbd1288f8f367c69bd8dfa0,718.95,1,718.95,5.0,11.0,1,0,gold
4f565e623a2b39b6b3d36aa1678f9e92,76.05,1,76.05,5.0,13.0,0,0,bronze
4f617439bea51df96df53800f5b19aca,70.75,1,70.75,5.0,8.0,1,0,bronze
4f6a1f3a338887dc048aef99c4be544b,30.84,1,30.84,5.0,5.0,0,0,bronze
4f6ce7be021d8ce84343af1037cf0105,39.88,1,39.88,3.0,5.0,0,0,bronze
4f6ffb01e1b1d1d4b41f87fce6759f2d,65.0,1,65.0,5.0,10.0,0,0,bronze
4f702b8f49f94571f343fddebd29fa3c,234.08,1,234.08,5.0,12.0,1,0,silver
4f707a6d68a8bf72f76ab07cfe1b108f,108.81,1,108.81,5.0,5.0,1,0,silver
4f7166ab9a95fa503e670f682487466d,156.33,1,156.33,1.0,13.0,1,0,silver
4f82e1e076d9e0a077dd3d62da608744,78.69,1,78.69,3.0,20.0,1,0,bronze
4f8602e886ab87a176e8f0a2c2e06069,340.07,1,340.07,5.0,3.0,0,0,gold
4f88e6285f805c9a823ba23291a65ca3,39.1,1,39.1,1.0,25.0,1,0,bronze
4f963f138bf8ef946e0a881236bdd7b6,42.65,1,42.65,4.0,13.0,0,0,bronze
4f9abb81a81465dfa9d717f658404d91,490.02,1,490.02,1.0,30.0,1,0,gold
4facc2e6fbc2bffab2fea92d2b4aa7e4,406.82,1,406.82,5.0,6.0,1,0,gold
4fb2e7406e0e99946ce171d6d7350e1f,45.86,1,45.86,3.0,4.0,1,0,bronze
4fbbe3e555c12c6fb7184b3e2d04fb49,209.96,1,209.96,4.0,11.0,1,0,silver
4fcf7b9d6a54ded837b9a0ff601bf7ef,134.59,1,134.59,4.0,17.0,0,0,silver
4fd108f5f7abef94264971be7542bcf6,56.31,1,56.31,5.0,6.0,1,0,bronze
4fd1a56f7500d9a023a1dc23a9e014cc,136.24,1,136.24,1.0,20.0,0,0,silver
4fd7e1b87fbbe153fa6308e6c91364e7,76.78,1,76.78,5.0,7.0,1,0,bronze
4fe67915d44791a5deab2957c2641048,21.71,1,21.71,3.0,11.0,0,0,bronze
4fea237eeffecbcf35321e9f081034a6,213.51,1,213.51,4.0,9.0,1,0,silver
4fefe0e53334d2252f3b920db8df4776,56.1,1,56.1,4.0,2.0,0,0,bronze
5000124f3b5724fd0df9cc6e8ec128c6,97.65,1,97.65,4.0,9.0,0,0,bronze
5000167827337c17dcfcd22fc2d3ced2,162.29,1,162.29,1.0,29.0,1,0,silver
5003b856d95d2b515917f71406c2e8fd,117.94,1,117.94,5.0,3.0,1,0,silver
500e7eb862f666f1b2d9072ae9678e69,176.08,1,176.08,5.0,7.0,0,0,silver
5013f16eda3d3e1d2388f4464edea370,122.42,1,122.42,5.0,8.0,1,0,silver
5017b8c71b3fe0abad1d300666eefd97,217.96,1,217.96,4.0,11.0,1,0,silver
501df7b7446ffe9136cb098343526058,229.98,1,229.98,5.0,19.0,0,0,silver
50284a22a99935cad4630ed1a81a566c,148.66,1,148.66,4.0,6.0,1,0,silver
50299c07e471b34cb381a537ac5dcb66,512.79,1,512.79,3.0,35.0,1,0,gold
502c07b7330ba7d5edd4fffe8c5ae0c3,115.71,1,115.71,5.0,7.0,1,0,silver
503183539a4cde9ff1be148be92d9fe4,64.23,1,64.23,4.0,7.0,1,0,bronze
50344414b85e2dc2ef9fc59c456aab28,276.78,1,276.78,3.0,5.0,1,0,silver
503db305589ab94ca3dbf9b63b0c20a1,367.19,1,367.19,4.0,21.0,1,0,gold
5040214474a25c6087b369cd11a3b160,148.15,1,148.15,4.0,9.0,0,0,silver
50500aaa111638b51c4c729d7a35794f,315.18,1,315.18,5.0,9.0,0,0,gold
5053321e149637b00e40aa4be14fd6a4,458.72,1,458.72,5.0,12.0,0,0,gold
505824fb4f1d7fd780d749da901eb412,927.63,1,927.63,3.0,4.0,0,0,gold
50602f98fb19ae4764267722678e0b12,168.8,1,168.8,5.0,6.0,1,0,silver
5064f24054ced092bd8c07ed763a0cfe,58.39,1,58.39,3.0,27.0,1,0,bronze
50668121fe2b136853f3db238639d4fa,151.47,1,151.47,5.0,7.0,0,0,silver
506851dc3dcb46d6d3780857def2576f,168.88,1,168.88,4.0,6.0,1,0,silver
506c5701ab4b3dd6deb38db10f66f03d,26.71,1,26.71,1.0,8.0,0,0,bronze
506e75b37532165adf8def1540e82f46,92.3,1,92.3,1.0,10.0,1,0,bronze
507867d3d755ceb1ddf5dac3932b23cc,77.57,1,77.57,5.0,9.0,1,0,bronze
507c526dc04e88f65b3348123ad2b6eb,260.5,1,260.5,5.0,5.0,0,0,silver
507f6af076decee5860e7b57d23ca4aa,81.37,1,81.37,3.0,4.0,1,0,bronze
507fce5023bb08327ad3d22108910c31,89.75,1,89.75,5.0,2.0,0,0,bronze
50819951e224f7acf9660ecf8a48180e,64.28,1,64.28,5.0,12.0,1,0,bronze
5081e3d11879158d4b56df368e9a4ae4,288.27,1,288.27,5.0,23.0,1,0,silver
50939f81b1376f994c053cf23c9e04d4,108.11,1,108.11,5.0,4.0,0,0,silver
50980b493e8da1f11b78d728aa3ac73a,138.17,1,138.17,5.0,34.0,0,0,silver
50ab585b05268c9b7aacc57681d18ff1,811.51,1,811.51,5.0,20.0,1,0,gold
50b62f99498fe219e5b1cbbb904d024e,276.47,1,276.47,4.0,10.0,1,0,silver
50b82eb0295bb83fb354bb684d530caf,89.88,1,89.88,5.0,24.0,0,0,bronze
50bd89a752ec44cac3aba8eb9960fc41,43.83,1,43.83,4.0,14.0,1,0,bronze
50bdc8000409d9bc4100c3268c9ac579,195.1,1,195.1,5.0,13.0,1,0,silver
50c78bc18b27e35a86d4b4f28cf1253a,178.27,1,178.27,5.0,18.0,0,0,silver
50cf4cf4581da5c885d489fea967bd48,136.75,1,136.75,5.0,4.0,1,0,silver
50e1b12ee1e2eab6157d9c0b035136af,31.0,1,31.0,5.0,16.0,0,0,bronze
50eab3228443cbd92f3da8c2ced092ce,79.39,1,79.39,5.0,2.0,1,0,bronze
50f0d1dd0f51d6d59c3774b9d109f0c0,38.27,1,38.27,5.0,10.0,0,0,bronze
50fd912123dd8d7699d42b504702a9ab,91.18,1,91.18,5.0,9.0,1,0,bronze
5105b52fa696cbca4cd3ddade05149fd,110.24,1,110.24,1.0,,1,0,silver
5109f7fd585cefada4f7c30a10abaace,54.83,1,54.83,4.0,14.0,0,0,bronze
510d2ad55ab5c0d2667afd44c5cfa9c4,123.85,1,123.85,5.0,7.0,1,0,silver
510ddf711d3f6a5f78d19ee895a5832b,303.19,1,303.19,5.0,6.0,1,0,gold
51123d30e274aeedc27ae7f4d1abed14,180.77,1,180.77,5.0,3.0,1,0,silver
51169b8e8a78bb508f12797454b6876d,177.24,1,177.24,5.0,4.0,1,0,silver
511901ee4553eee1c4c4be064a95aeb6,121.99,1,121.99,5.0,4.0,1,0,silver
511a0ab9cca232b6917757c2363d125b,137.56,1,137.56,5.0,7.0,0,0,silver
511b738da13de3ab1c8a4dc8fe442acb,87.32,1,87.32,1.0,6.0,1,0,bronze
51252143811075696d23d668dcb57791,254.02,1,254.02,5.0,18.0,1,0,silver
51306146642e25ee1722f7d435ce8e94,96.65,1,96.65,5.0,7.0,0,0,bronze
51378a8908cdc12c6545fdf842383c97,443.86,1,443.86,5.0,8.0,1,0,gold
513c65ee62da825036ba50177279b68d,410.91,1,410.91,5.0,10.0,1,0,gold
513c9e0028a7ec60a40cff40de4eb223,32.82,1,32.82,5.0,3.0,0,0,bronze
514f2a78d07928478ac9212b21b7acbc,21.81,1,21.81,4.0,21.0,0,0,bronze
5158d59cf009d963bc390cf5377bc35a,28.07,1,28.07,5.0,11.0,0,0,bronze
5162f7382b2fd79d28d41d3ee84eb967,90.05,1,90.05,5.0,6.0,0,0,bronze
5166dddbe02c6e2279cd1305a88b0c99,114.9,1,114.9,1.0,,1,0,silver
51750a94b6bdec1b46d8da295d3c6147,79.56,1,79.56,5.0,16.0,1,0,bronze
5178490701215c1a00d639d8456fc27f,83.39,1,83.39,3.0,45.0,0,0,bronze
517bea4cbdea6b1002177c69de0fd39d,277.7,1,277.7,4.0,5.0,1,0,silver
517da1af7abf22b5fde7d0f390606324,76.74,1,76.74,4.0,4.0,0,0,bronze
517de5133abcfdf50d234551345bf99a,35.0,1,35.0,4.0,13.0,1,0,bronze
51888dc2073cdc153ece50f699ab8ec7,23.27,1,23.27,5.0,3.0,1,0,bronze
518b0b55834d22183b3b05a5cab22ff2,239.42,1,239.42,4.0,23.0,1,0,silver
518bd6dc8b398a069309bc013fbc43a8,291.72,1,291.72,4.0,12.0,1,0,silver
518de4c3f1112cc288a2e59d9c7ea234,76.05,1,76.05,1.0,,1,0,bronze
518e3cd9ee4c8b1fa38a86815c1141ce,122.18,1,122.18,4.0,16.0,0,0,silver
519446a115f9260dd7af4dda99afd8be,136.08,1,136.08,3.0,8.0,0,0,silver
5194da8c46e3c476a0a031855604ab10,42.0,1,42.0,5.0,9.0,1,0,bronze
519f1f2c72b6d52b161e53716b1ece1d,21.94,1,21.94,4.0,2.0,0,0,bronze
51a59e5535d7248b0995d628d4e159d3,130.16,1,130.16,5.0,10.0,1,0,silver
51bd0e3271041bb294410f38f9643446,48.7,1,48.7,5.0,,1,0,bronze
51c79069e6b841c2dcda39aadd3180cb,72.17,1,72.17,5.0,6.0,1,0,bronze
51cbfa44126505de7a55fb99ba49648b,139.8,1,139.8,2.0,7.0,0,0,silver
51d91326ffc0688da14a001de38c264b,221.21,1,221.21,4.0,10.0,1,0,silver
51de7192c29bf87d3d2d8a6ca54accf1,117.41,1,117.41,5.0,14.0,0,0,silver
51e1a99e6888fce6fe3a58ef48cc8fe1,484.94,1,484.94,5.0,11.0,1,0,gold
51e44a2ff755a990daa6186a1bfb502b,77.25,1,77.25,5.0,5.0,1,0,bronze
51ee0156ab8a559f992eb7308f0063e7,70.97,1,70.97,4.0,29.0,0,0,bronze
51f145ebac223f064570d43d35dca418,154.79,1,154.79,5.0,10.0,0,0,silver
51ff8247356916c4e62abd8ec002e0c9,95.42,1,95.42,5.0,9.0,0,0,bronze
5201f2eb3d0052d8c37de85791ab48d6,72.27,1,72.27,1.0,18.0,0,0,bronze
5206a6a64eeb54d092be68b3427f3d92,67.16,1,67.16,5.0,7.0,0,0,bronze
52073a48dbde224bc02e3392ccd262c4,68.35,1,68.35,5.0,11.0,0,0,bronze
5209149e0cf2c52fb59b187ddb43416f,259.94,1,259.94,1.0,24.0,1,0,silver
521dff62e5cebad57f840cdee5577015,72.67,1,72.67,4.0,12.0,1,0,bronze
522966da6f0937c38d197c552c98438b,98.79,1,98.79,4.0,6.0,0,0,bronze
523366b9899aa70ec24c372c3ac27805,312.84,1,312.84,5.0,7.0,0,0,gold
523fcd1a45edbdbe50ac7159aeb0c43b,121.7,1,121.7,5.0,6.0,1,0,silver
524e35dd7c90f48c76141a4bd25b3d4b,55.18,1,55.18,5.0,5.0,1,0,bronze
52520bd0e61f8dd00a8e3ebc59fd5b0d,56.14,1,56.14,4.0,21.0,0,0,bronze
5254e267e74196f1e1c275f9716c89a7,124.8,1,124.8,3.0,20.0,0,0,silver
525b8e6fa72c37912e8f77312abd8591,39.23,1,39.23,5.0,8.0,1,0,bronze
525eb1a84ca6c1c0df03dcafaf9c0afc,22.29,1,22.29,5.0,2.0,0,0,bronze
526126c9f6a2a58d226b574d4d6c2278,204.08,1,204.08,4.0,22.0,1,0,silver
5267a8c9b203efd22d5bd1ee46cd25d0,20.85,1,20.85,5.0,7.0,0,0,bronze
5270cffd29ac266ad0acc6bf4261321c,1006.12,1,1006.12,5.0,10.0,0,0,platinum
528667340b590d26ffa557637ac9700b,49.11,1,49.11,5.0,6.0,0,0,bronze
528ccc4c5e065040405898258ec5d69d,24.84,1,24.84,4.0,5.0,0,0,bronze
5298137927f0af96148a4f2e05f4e419,158.13,1,158.13,5.0,9.0,0,0,silver
529d9951adf27f4afea7121d109ad61b,126.24,1,126.24,1.0,32.0,1,0,silver
52a7ee2fff9bca157d19972ad5825ed2,136.79,1,136.79,5.0,2.0,0,0,silver
52b4d6e94fb6a5a216c9df0ac0b90758,436.49,1,436.49,5.0,9.0,1,0,gold
52b7e40d53b336e18d6346d2236a5ede,379.11,1,379.11,5.0,8.0,0,0,gold
52b884c8db9a6a1f005e774e1232fdbd,65.75,1,65.75,5.0,17.0,0,0,bronze
52c7d7c1f37b0c0772bcebe5fa463b15,128.6,1,128.6,5.0,6.0,1,0,silver
52d72eb3fe4a891ea96ea1d1df1bb094,96.81,1,96.81,4.0,7.0,0,0,bronze
52dc6f0e9eb33cfcbaf3a219b463b68a,132.03,1,132.03,5.0,2.0,1,0,silver
52e864f1eeba1b08db7f43ae6d5a292f,61.96,1,61.96,4.0,27.0,1,0,bronze
52e946ce51836c6320a94afa973ad159,72.14,1,72.14,4.0,18.0,1,0,bronze
52f1bc322a63204275bf777a80fe2b18,85.72,1,85.72,5.0,7.0,0,0,bronze
53098f53860f663f96a164af5b759f8c,282.82,1,282.82,5.0,6.0,0,0,silver
53128909669e34ecf8e52bae4ecc4fd3,93.04,1,93.04,5.0,5.0,0,0,bronze
5313df9ed1227de4e30151bb156e2610,108.0,1,108.0,3.0,16.0,1,0,silver
531707a5ce57f7d05a0697fe81587687,62.28,1,62.28,5.0,18.0,1,0,bronze
5317c09d1475f22e0e3bcfa4fb04f32b,36.22,1,36.22,5.0,7.0,0,0,bronze
532576a973c55ab48fa2fa920d036e52,88.2,1,88.2,1.0,8.0,1,0,bronze
53297c94ead158f9297ab11f26446e30,79.61,1,79.61,5.0,8.0,0,0,bronze
532e63cfe1d8d3912a463ab130b1eda0,108.07,1,108.07,4.0,10.0,1,0,silver
532f7ebebe5e977e5fddcd9f39caa4f2,109.0,1,109.0,5.0,3.0,1,0,silver
5331278432c1d2f87ce463412a344d1e,156.03,1,156.03,5.0,10.0,0,0,silver
533a17479e9f1cbe8d564a3c7673ad32,107.02,1,107.02,3.0,20.0,1,0,silver
5342c7bd3198e07d663abd595061b6e1,55.01,1,55.01,3.0,10.0,0,0,bronze
5350f3081eb4ebe206765f8f56fa26ce,309.63,1,309.63,5.0,8.0,1,0,gold
535d35b2288cbdeb6a7ba74ca2173213,194.01,1,194.01,5.0,4.0,0,0,silver
5363a5cf51015b74dc3fdac330f8af9f,111.6,1,111.6,5.0,5.0,1,0,silver
53659fc28853c4a199f9ba87eabc7ec4,32.0,1,32.0,5.0,11.0,1,0,bronze
5365b76b807e5f2a23e7656bb8fc7d46,118.47,1,118.47,5.0,5.0,0,0,silver
536911eef34352fe5aadbb4a39bac190,105.6,1,105.6,5.0,4.0,1,0,silver
537568b43e7ec5203b504b97808593b4,738.65,1,738.65,1.0,27.0,1,0,gold
537c302229bfb3e664aa7c807f975cc7,51.13,1,51.13,5.0,15.0,1,0,bronze
537eaa7044e92f1ce907e98a5eeb989e,85.54,1,85.54,5.0,4.0,1,0,bronze
5381755c8bc307f642476e3168d1d826,94.3,1,94.3,3.0,17.0,0,0,bronze
5384448dd5699a577f1f4495795927f3,89.93,1,89.93,5.0,20.0,0,0,bronze
538ec2d83e6a49bb2b2f6dd8f1fd2ed1,208.51,1,208.51,4.0,14.0,0,0,silver
539d73a0159ee49e8cbe5a5bbd6fe6d7,88.58,1,88.58,4.0,4.0,0,0,bronze
53a060ac09d8a2133c6787822e77e878,253.06,1,253.06,5.0,4.0,0,0,silver
53b23661544838db9c16bad67739f072,394.16,1,394.16,5.0,19.0,1,0,gold
53b6aa6f4c77ab14adb8f7dda37dac4d,177.93,1,177.93,5.0,11.0,1,0,silver
53b79b163547934f6f13f39421e6c930,245.7,1,245.7,5.0,5.0,1,0,silver
53ceaeb850613543ea23122fc510141b,63.44,1,63.44,5.0,7.0,1,0,bronze
53d214028d0015da3ccbfed9573cde1a,87.64,1,87.64,5.0,10.0,1,0,bronze
53dac2de6062bd05ef1f80a3f60da6d2,68.64,1,68.64,5.0,10.0,0,0,bronze
53e0be8890c339b1ed51fd43fd381f98,72.38,1,72.38,5.0,6.0,0,0,bronze
53fb7617bf9783cd079d71349396140a,105.38,1,105.38,5.0,11.0,0,0,silver
53fb8b6d4deadd850e6575b70c47a9ce,44.08,1,44.08,5.0,2.0,0,0,bronze
53feb85c4073c914e22ad240338f20db,55.0,1,55.0,5.0,10.0,0,0,bronze
53ffd799951aa2546336a250954ccb12,131.0,1,131.0,5.0,8.0,0,0,silver
540dff3e8104eb36fc0da984c3ba1575,131.61,1,131.61,5.0,28.0,1,0,silver
5413ac632f2eb867ef5b32c1fbf8c6e5,137.45,1,137.45,5.0,8.0,1,0,silver
541605c030a175016e7f070836946584,576.88,1,576.88,5.0,12.0,1,0,gold
54273aee130cc988454c72e9491d1bfc,241.93,1,241.93,1.0,34.0,1,0,silver
5440e754f571e30fe2fe6a7bc9ad3776,116.45,1,116.45,5.0,14.0,1,0,silver
5447e8d5a38d0ccdda2a48152214a416,100.9,1,100.9,5.0,2.0,1,0,silver
5448fb61e525231e03356fb5769b9820,343.71,1,343.71,3.0,25.0,1,0,gold
544bd839b4e7f92a077c7bf2410f8b02,94.12,1,94.12,3.0,14.0,1,0,bronze
5451e457f0e33f281ff9214c06691cb4,53.1,1,53.1,4.0,9.0,1,0,bronze
54542a226570cfc79a4a2c1930105e1c,143.82,1,143.82,5.0,6.0,0,0,silver
545fa2ebe8244712cde860d8ad84e199,75.39,1,75.39,1.0,9.0,1,0,bronze
546ed56ed469aa89580be8bb1b51a6fc,27.68,1,27.68,5.0,10.0,0,0,bronze
546feb52e927c361cdf9abe72492e020,543.9,1,543.9,5.0,11.0,0,0,gold
5473d80ee730a2ec3551d464d93b90ce,119.02,1,119.02,2.0,3.0,1,0,silver
547ac0393388456dd921e71da2e5ce8e,935.36,1,935.36,4.0,7.0,0,0,gold
547eb5644ab32abe37807cb3b132c292,195.3,1,195.3,5.0,7.0,1,0,silver
547ef152d14479db29e8961775147a7d,115.1,1,115.1,4.0,4.0,0,0,silver
548805ac8de1ba63dc69c45bfd65c2e7,86.8,1,86.8,5.0,15.0,1,0,bronze
548a593de4bdb5951b3b06c8dbe2e106,77.16,1,77.16,1.0,23.0,0,0,bronze
54982b0c374191195d5f433c7cccae90,675.75,1,675.75,5.0,7.0,1,0,gold
549d265c22f51a2a01d787664a0bc1fb,55.69,1,55.69,5.0,12.0,0,0,bronze
54a3ba9ec6cf37d826fd98acb9f26ede,218.32,1,218.32,1.0,33.0,0,0,silver
54a6a0fcd0ef391583e754902f78bd10,354.75,1,354.75,5.0,17.0,0,0,gold
54a6ac9eafde53270240650b842f57ef,92.84,1,92.84,5.0,8.0,0,0,bronze
54b1e10e822b9b303d8ef8845cc3901d,26.79,1,26.79,5.0,1.0,0,0,bronze
54b247563a5b7bd15dd70870b6ffdc6c,341.02,1,341.02,5.0,19.0,1,0,gold
54b50d481e0c0501204f7d42446f73da,40.22,1,40.22,5.0,10.0,0,0,bronze
54b716ecf36f372ca6a585a68025e8a1,101.14,1,101.14,5.0,5.0,1,0,silver
54c665eb48d502792c20af5ed9166359,124.52,1,124.52,2.0,6.0,0,0,silver
54c75735924684d821d5b4b001ba6059,40.69,1,40.69,4.0,11.0,0,0,bronze
54cda4f6faa16b619c230cddfd5da778,116.94,1,116.94,5.0,17.0,0,0,silver
54eae13cf903f276910579af6d1351d4,146.4,1,146.4,3.0,16.0,1,0,silver
54f2421a01b0875cd5edf914947bea96,155.0,1,155.0,5.0,8.0,1,0,silver
54f2711f2fa5fa43b63e30c4092e1b0b,226.14,1,226.14,4.0,6.0,0,0,silver
54f4544f28cadcb2b350e8c84b260868,34.86,1,34.86,5.0,14.0,0,0,bronze
5505925418f2c22004cf0f5bf1f734f2,59.85,1,59.85,5.0,13.0,0,0,bronze
550be95d95acf4e2d0de916442d1435a,77.57,1,77.57,4.0,10.0,1,0,bronze
5511558799e00a6828ae95c9bd9aec98,74.16,1,74.16,5.0,11.0,0,0,bronze
55133cf96f44c834ac51d0e3b678c7a8,46.39,1,46.39,5.0,7.0,0,0,bronze
551707eb3a424c50d32faad35f2b8937,56.39,1,56.39,4.0,12.0,0,0,bronze
5527213e610f0a189308f8e404b3a88f,171.32,1,171.32,5.0,7.0,1,0,silver
552b9d839a47ed302d9135b38fe66fb8,44.0,1,44.0,4.0,11.0,0,0,bronze
5533503420b3db94f2ed0571b986edcf,107.44,1,107.44,5.0,4.0,0,0,silver
5534020cbae3531951434df7fb1786e7,206.49,1,206.49,3.0,14.0,0,0,silver
5538f4cb054b71b5525a019a47019aa0,202.82,1,202.82,4.0,13.0,1,0,silver
553ddce64bc3802244fe88160fbdbd34,264.66,1,264.66,5.0,14.0,0,0,silver
553e08d19f15562d267d0e551cbab2d0,69.03,1,69.03,5.0,8.0,1,0,bronze
555ecf6bf501a3448c741080fc5b578b,112.3,1,112.3,5.0,12.0,0,0,silver
555f450fff386b6e115543607de6bfc5,69.49,1,69.49,5.0,11.0,0,0,bronze
5564825770d4d089d6069d16c51c82c1,275.47,1,275.47,1.0,,0,0,silver
5567ff09b0607b9546948fec46fe15ad,54.18,1,54.18,5.0,13.0,1,0,bronze
556a795f0c4fc9414ad99778902016ea,72.76,1,72.76,5.0,13.0,0,0,bronze
556ae943ba81f78f9d6db9e9b7ce38d2,116.94,1,116.94,4.0,7.0,1,0,silver
558308f294848bcacb6097d28a2837d4,176.2,1,176.2,5.0,14.0,0,0,silver
558f30ef40ea639bb2a653de68b87c96,70.04,1,70.04,4.0,8.0,0,0,bronze
5590344046361f50100e9faaad848e0b,69.12,1,69.12,2.0,17.0,0,0,bronze
5595ba3152a598ad5cb09fa2e4304e0f,54.33,1,54.33,4.0,4.0,0,0,bronze
559a8ee3945ef2efb08cf74e36c8b747,98.3,1,98.3,5.0,10.0,1,0,bronze
55ac0a37e452fb828823ab5f1d974c10,108.0,1,108.0,5.0,11.0,0,0,silver
55b3654bd4275e492bdd9819db6b04f1,115.42,1,115.42,5.0,11.0,1,0,silver
55b488a273c6ec9ca293736e9a69d0b3,37.46,1,37.46,5.0,2.0,0,0,bronze
55b66f38e36f20986ecd81eb16d5dad4,21.39,1,21.39,5.0,2.0,0,0,bronze
55b6b7748226fd730c7ac5dacdcc4c17,59.08,1,59.08,5.0,3.0,1,0,bronze
55b992c01d44cb18a2bf64f4757bb99b,70.72,1,70.72,3.0,3.0,1,0,bronze
55cfb6de247440d8b6166e03ce308593,86.93,1,86.93,4.0,6.0,0,0,bronze
55cfdb1ec3c5bf60d9ccc0d5f276f8a9,260.5,1,260.5,5.0,2.0,1,0,silver
55d9dfbb0709232b92bd2781c2d03858,73.34,1,73.34,1.0,75.0,0,0,bronze
55e3628de0f0fc02c8cd3eb79de3b739,525.46,1,525.46,5.0,21.0,1,0,gold
55e63b514e461b8929512bafd0bc0735,74.51,1,74.51,5.0,7.0,0,0,bronze
55ec56570d1f469da1fcd9c28d44d569,77.69,1,77.69,5.0,3.0,0,0,bronze
55ec642b2a46b662cbfb82ef95875d9e,191.58,1,191.58,3.0,18.0,1,0,silver
5605dfe001a21496976e0a8b1047df4a,205.53,1,205.53,1.0,64.0,1,0,silver
56060d8ee85fd0c751e6a8119d8f9281,51.44,1,51.44,5.0,4.0,0,0,bronze
562b3bca5a8903b7451462b6e7aa6082,54.33,1,54.33,4.0,4.0,1,0,bronze
564733ba82fa176780516f9ff76396a3,89.46,1,89.46,5.0,7.0,0,0,bronze
564e41612fe5386af042e5f4977ffa28,77.54,1,77.54,5.0,14.0,1,0,bronze
565283fe12fa1a894ef451c4bfb391ed,58.93,1,58.93,5.0,4.0,1,0,bronze
56676df9045e84d31b95242cb0e9a344,118.35,1,118.35,4.0,6.0,0,0,silver
566d63563ccdeb800b9899c8063275b8,253.36,1,253.36,4.0,7.0,1,0,silver
5674ba4c78cc9a00b85be9af1f954e3b,72.43,1,72.43,5.0,7.0,1,0,bronze
56885c990d47feed3c93267cee4bd846,107.96,1,107.96,5.0,20.0,1,0,silver
5688ba2948d79fc61dd9931d6646929c,205.42,1,205.42,5.0,3.0,1,0,silver
5697fda4932c74e997cd7ed468d3abe0,85.15,1,85.15,4.0,14.0,0,0,bronze
56a3ba5c3703252753c2391b9ad3bafb,98.23,1,98.23,5.0,13.0,1,0,bronze
56ad93070fca7acd5e5acda9413d079c,135.49,1,135.49,5.0,17.0,0,0,silver
56b4fe70529cc49e243c4f746439cce7,329.97,1,329.97,5.0,4.0,1,0,gold
56b7b493361cf14f3bc96d81c0efbc3b,220.49,1,220.49,5.0,6.0,1,0,silver
56bd3b61d64afa6d9150c551cadd8088,71.72,1,71.72,5.0,1.0,1,0,bronze
56bf02d284b41876f8ceedda0ea1e1e9,100.53,1,100.53,3.0,11.0,0,0,silver
56c6c0d4f530ead7bf112a82eb588b62,318.4,1,318.4,4.0,13.0,1,0,gold
56d4dcda06a9c8f05cd894af56c7f423,36.75,1,36.75,5.0,9.0,0,0,bronze
56d55a86dc7b29b7bcbdbc2f07d0cfd8,103.08,1,103.08,1.0,11.0,1,0,silver
56d8657415db763795b16dd5b0a8626b,475.82,1,475.82,1.0,4.0,1,0,gold
56dfd0cb7bce1329fe8f4766746f0078,174.72,1,174.72,1.0,10.0,0,0,silver
56e3a984ef5040797608df8afcba3d75,35.77,1,35.77,5.0,5.0,0,0,bronze
56e4f649cb3c7534c9a74660a8c804fa,178.1,1,178.1,5.0,6.0,1,0,silver
56f03632a134236e519a52e8c88ce75d,238.07,1,238.07,5.0,9.0,1,0,silver
56f0db47c9ee73713767795c062fe0d8,284.9,1,284.9,1.0,9.0,0,0,silver
56f7d552ed35ce86aac29434155fff9c,69.22,1,69.22,5.0,7.0,1,0,bronze
57017bffe1b59c7da66267b6d3fcd44d,99.72,1,99.72,5.0,14.0,0,0,bronze
5702302afe17e9046f55b40552bd0e7e,60.23,1,60.23,5.0,6.0,0,0,bronze
570d69ff587dc3a79d90851c0bbc80a2,52.05,1,52.05,4.0,11.0,0,0,bronze
5712625605e436ad6f7fa517ce6e8e0b,109.31,1,109.31,5.0,5.0,1,0,silver
571b56c7c9a85b39baef2250fae008b0,169.94,1,169.94,5.0,6.0,0,0,silver
571fd0fd90da8bbbd90e58bbd11aecc6,65.5,1,65.5,4.0,15.0,0,0,bronze
573dbf27284994be3c41507aa9f093ab,922.84,1,922.84,4.0,12.0,1,0,gold
5744cb545c3e8137a49e4078190dcb2c,39.62,1,39.62,4.0,10.0,0,0,bronze
5745c77a68b16104f1a3fc9622ba0ca2,54.36,1,54.36,5.0,16.0,0,0,bronze
575605c52d041c777fd46210b3e30272,106.55,1,106.55,5.0,9.0,0,0,silver
57563c6aae64313e3825bb7f4202b6d3,97.22,1,97.22,1.0,22.0,0,0,bronze
575e8735ac3203bfb92c7d52919faf70,56.6,1,56.6,3.0,3.0,1,0,bronze
57676a65c7de0eef9c74222d306f8fdb,122.17,1,122.17,4.0,6.0,1,0,silver
576a1f3bd1b073f5a84b23075a37b90e,309.4,1,309.4,5.0,11.0,1,0,gold
577a55f3f16b2ac437efb677258f317c,125.52,1,125.52,1.0,29.0,1,0,silver
577f2e045d1fb82671fac5c14e4ab6b0,96.74,1,96.74,5.0,4.0,0,0,bronze
578619192f388708eeb68f604bf43e4c,130.59,1,130.59,4.0,14.0,1,0,silver
5788039949fe58b4028aa9b4fb850deb,54.62,1,54.62,5.0,6.0,0,0,bronze
5795e538c1a8e59459690ec5b94e02a8,69.9,1,69.9,5.0,6.0,0,0,bronze
57a276a96c34facb968c12e61604e3c6,43.0,1,43.0,5.0,17.0,0,0,bronze
57a594afa17213a35e2a12bfd70c0b1d,54.62,1,54.62,5.0,8.0,0,0,bronze
57a7e4b99d307beb7d7f0f8ca175fd84,36.75,1,36.75,4.0,14.0,0,0,bronze
57b0b8c2c522feda58822ffc4f680375,321.69,1,321.69,5.0,13.0,1,0,gold
57b1099bb38ee91578d2f1c3ee154082,103.06,1,103.06,5.0,3.0,0,0,silver
57b1f68c8d93b167ff6606951edccfeb,242.48,1,242.48,4.0,19.0,1,0,silver
57b628f46c00f9a7358e5e875d5b4dd0,67.82,1,67.82,5.0,15.0,0,0,bronze
57d2e3a4c3b277bea367027f105f1c02,122.89,1,122.89,1.0,,1,0,silver
57ddc72667e9d965552dcee37e765a09,739.79,1,739.79,4.0,14.0,0,0,gold
57decc4615bafc47183a474e8ccec7ed,133.13,1,133.13,5.0,5.0,1,0,silver
57e22b0694a02a656f0af314b1bff705,98.51,1,98.51,1.0,7.0,1,0,bronze
57f28663f0420b0a39c14f24750b3db4,116.58,1,116.58,5.0,3.0,0,0,silver
57fb7b4c9df2b76d4bd5113c667ec47a,60.1,1,60.1,5.0,9.0,0,0,bronze
5805cee6b0a24ef61240799512ddcfb9,112.82,1,112.82,5.0,17.0,1,0,silver
580ab375a0b236bb0ceb400abb2e0a63,68.23,1,68.23,5.0,16.0,0,0,bronze
580ede5a44a53752cbfe26f593e4136a,172.96,1,172.96,5.0,18.0,1,0,silver
5818716896e61882c80b6044380c0795,40.42,1,40.42,3.0,21.0,0,0,bronze
5819ea210e979b86b3cd16e2f02fbfa4,20.77,1,20.77,5.0,2.0,1,0,bronze
581a5b2be2703f51621c141635638e61,85.65,1,85.65,5.0,6.0,1,0,bronze
581b99de2e551ed8dd889935346fde3a,543.99,1,543.99,5.0,9.0,1,0,gold
5833091bd6d3920f81518b02adac60cf,106.76,1,106.76,4.0,19.0,1,0,silver
58342363392a944b31562a971498bc9d,99.43,1,99.43,5.0,5.0,0,0,bronze
5835ff2987dbde26e0482c9401acef06,267.93,1,267.93,5.0,16.0,1,0,silver
583973d1d74829deaaff6709f318737f,36.46,1,36.46,3.0,5.0,1,0,bronze
583a038af0b5874ed0570856d0468587,51.59,1,51.59,1.0,,0,0,bronze
583ac90d6f69ebdb989e08e5318d5389,949.97,1,949.97,5.0,35.0,1,0,gold
583fb3ee33cf172db8eedc575ad88d0a,190.37,1,190.37,1.0,,1,0,silver
584455f2e1e703ad4ea6618f833ff1ac,107.78,1,107.78,5.0,13.0,1,0,silver
5844cade6c591db5be80ac133b1a64b4,132.24,1,132.24,5.0,7.0,0,0,silver
585368798753fb4f57e8510b5ba471dd,378.33,1,378.33,1.0,,1,0,gold
585ba6a115792c0b0483d65e5ab1f4b6,59.6,1,59.6,5.0,20.0,0,0,bronze
585eb4f23058fdf743cacc442469e263,144.14,1,144.14,4.0,5.0,1,0,silver
586fa2f97a4ff8d144090a4fe903ee22,56.78,1,56.78,1.0,35.0,1,0,bronze
5870c4e1e8e03302e250f15c8b824305,67.85,1,67.85,4.0,47.0,1,0,bronze
587547bf360f33a6466aac68caecdde3,161.48,1,161.48,4.0,7.0,1,0,silver
587cc63b7ae3f8d06895ea937c54db43,31.94,1,31.94,3.0,6.0,0,0,bronze
587d22544f4d6f17b39a30723a53a305,93.49,1,93.49,5.0,1.0,0,0,bronze
58807da08df469f349ee480a378e8421,910.2,1,910.2,5.0,8.0,0,0,gold
5880e398144a5fc8dbcd185521e3f6bc,125.52,1,125.52,5.0,12.0,1,0,silver
5882d9af214f8e2acb3e74b94a109c62,48.1,1,48.1,1.0,,1,0,bronze
5892fddca4d0a53821598a088e1f915a,165.8,1,165.8,1.0,41.0,1,0,silver
58940d794d4a6dcff6950da89c39754d,70.89,1,70.89,1.0,39.0,0,0,bronze
58973349ab1ddeb09dd97ed337f84307,73.03,1,73.03,5.0,2.0,1,0,bronze
5899c283996ee4c68070c035065316ac,79.14,1,79.14,5.0,3.0,0,0,bronze
58a0881ac45d6c7a8bc79fa8fe2305cb,148.13,1,148.13,4.0,4.0,1,0,silver
58a5e7f5a4a92dd4a424cacdb5170a8d,52.47,1,52.47,3.0,4.0,1,0,bronze
58aa424ba24df5dc745e1a3941abc5a3,82.97,1,82.97,5.0,7.0,1,0,bronze
58b09aa5ebbdd150ccfe30d808aed1d8,130.95,1,130.95,5.0,15.0,1,0,silver
58b9df3491d94885a911b85e507c75d1,199.78,1,199.78,2.0,9.0,1,0,silver
58c0878be3d8bb2330dcf9ab5fb127c8,82.73,1,82.73,1.0,4.0,1,0,bronze
58c5b67c61ad021f18d92170dea1d75c,166.04,1,166.04,3.0,8.0,1,0,silver
58c9adbd05815ccb9c1e1ddf6a8f6124,157.44,1,157.44,5.0,1.0,1,0,silver
58d1509fa302f9334f63ca09ed674acc,70.75,1,70.75,5.0,9.0,1,0,bronze
58d4cf224e6986a2e6603e959b56c18a,37.46,1,37.46,5.0,2.0,0,0,bronze
58d513b04e154b773a1b26d3d5da1f6d,22.86,1,22.86,5.0,6.0,1,0,bronze
58e217b3560092a2aeb535376685dc18,144.21,1,144.21,4.0,12.0,1,0,silver
58e6013f75c8d79f4138ae9af0861079,196.5,1,196.5,3.0,10.0,0,0,silver
58e939e3866e12a912ff87a8d98ec105,59.24,1,59.24,4.0,7.0,0,0,bronze
58ebb0cdff831dccd8b4009111506f80,432.32,1,432.32,4.0,11.0,0,0,gold
58f814af5001d06b0d34d8a836ab18eb,956.27,1,956.27,5.0,14.0,1,0,gold
58f8465c4ee7d392af213008278698a3,271.28,1,271.28,5.0,19.0,0,0,silver
58fba8b579123690f22f1e0a8cbb8152,35.13,1,35.13,4.0,9.0,0,0,bronze
5908f8630bbd5a8d5984b25f85588168,145.66,1,145.66,4.0,4.0,1,0,silver
590a34e4c1d027bd20b9e3b5325efe09,42.59,1,42.59,4.0,11.0,0,0,bronze
590b61a3122106e7fc89dcd7c66b1593,690.0,1,690.0,5.0,2.0,0,0,gold
590d8743793b1122153681ca7eb4ebf2,45.22,1,45.22,5.0,10.0,0,0,bronze
591a6c4b641cd7cbb7598a3237fb2358,34.09,1,34.09,1.0,9.0,1,0,bronze
591dc0f2de23dca0916a96a86476dc24,173.27,1,173.27,5.0,7.0,1,0,silver
5924dbae905fc6023d7297db2d613855,20.39,1,20.39,4.0,8.0,1,0,bronze
59251275b353db9758a16206fe7d5215,76.08,1,76.08,4.0,19.0,1,0,bronze
5927213eff0fd6ff6b50b7061e5c1134,29.55,1,29.55,3.0,22.0,0,0,bronze
592f7582fefbe45dd0986a1fbbf80e13,181.62,1,181.62,5.0,14.0,1,0,silver
593b05a30b25687fb84c43cd30544b15,68.63,1,68.63,5.0,9.0,0,0,bronze
594ac9b39870a38d645e8e8171a87638,97.51,1,97.51,5.0,6.0,1,0,bronze
596136898f3e3bd5356b83632c3de121,25.78,1,25.78,4.0,1.0,0,0,bronze
5966cd8836e4b8d04f4f943ad861f90d,113.05,1,113.05,5.0,6.0,1,0,silver
5969c8096357722c5385b9b31f8fc1c5,154.73,1,154.73,5.0,8.0,0,0,silver
596e0b157917a5b967a6e847ce1cb4ce,75.62,1,75.62,2.0,10.0,0,0,bronze
5972ea2778883efe1854375034114736,127.48,1,127.48,4.0,2.0,1,0,silver
59764f9ea50cbd6dc54b1f79ec613b1c,36.75,1,36.75,5.0,7.0,1,0,bronze
5978a92263c7b1aa66c94185cad37441,273.01,1,273.01,4.0,18.0,1,0,silver
597d546d06b45654ab5bbd28b807bf71,50.68,1,50.68,4.0,19.0,0,0,bronze
597ef8cb19501376ed11206094c0f3dc,100.34,1,100.34,5.0,6.0,0,0,silver
5983e4b51909d0d1ca140ea6a2bca82d,73.38,1,73.38,5.0,7.0,0,0,bronze
598d2ad476b3ee4e37b59240df09fae8,45.09,1,45.09,4.0,11.0,1,0,bronze
59902380a334ae090df01faa8b7ee3a9,67.68,1,67.68,3.0,9.0,0,0,bronze
5992a50227b3fba205b0dc1dab14bafb,82.67,1,82.67,4.0,31.0,0,0,bronze
599d29e41a2993d9cede1df0d346ab7a,46.13,1,46.13,3.0,9.0,1,0,bronze
59a2c18c257098c550b92d28d79d7e36,102.87,1,102.87,5.0,17.0,0,0,silver
59a422d6f6e9cf5b3b61625e43683b8e,295.81,1,295.81,4.0,11.0,1,0,silver
59a51cda6d5d34bd1bc68d383921bf01,405.45,1,405.45,1.0,43.0,1,0,gold
59a61650c717d5acdfed0912e5a6e96c,510.72,1,510.72,5.0,5.0,1,0,gold
59aea6f3724d3746108354ec8312fe2d,35.77,1,35.77,4.0,15.0,1,0,bronze
59b13cb9b8e91ccce9e1195132b91909,91.26,1,91.26,5.0,4.0,0,0,bronze
59bd7b23013a81a32a1bead8996fa08b,137.99,1,137.99,5.0,22.0,0,0,silver
59bf40d8d661b01628706ada5ca977a8,105.72,1,105.72,5.0,7.0,1,0,silver
59c0b324d050ff3f4fa0312c494e2727,139.98,1,139.98,5.0,22.0,0,0,silver
59ccf65bb4997946e8cb1a7b85a75f38,254.23,1,254.23,5.0,6.0,1,0,silver
59cd6345c0d1920b6a42f672173a78fd,59.87,1,59.87,5.0,5.0,1,0,bronze
59d2db950a513645b4f625a77a6d7e02,337.5,1,337.5,5.0,17.0,0,0,gold
59d66d72939bc9497e19d89c61a96d5f,2626.07,1,2626.07,5.0,19.0,1,0,platinum
59de1c72ff3794305a1495454f6a942d,361.76,1,361.76,4.0,7.0,0,0,gold
59e6feff6b7bdc0b1b875e377e4acce0,82.48,1,82.48,4.0,7.0,0,0,bronze
59e7a0c3c4ffaa250125946deb8d534e,419.67,1,419.67,1.0,37.0,0,0,gold
59e9260732bd3ec2fbb4bebd61acbffc,212.32,1,212.32,5.0,2.0,1,0,silver
59ea36903f78d0d954b0fc11c6203542,163.98,1,163.98,4.0,30.0,0,0,silver
59f48bc039f9e698e71ff35e3c366609,242.44,1,242.44,4.0,22.0,1,0,silver
59f83de84dbeef60a402146e31d8c517,116.94,1,116.94,4.0,10.0,1,0,silver
59ff434b284682bf6133beb5ffe2b037,113.15,1,113.15,3.0,4.0,0,0,silver
5a014dabe8de0cc29621e8c8d5ebfd8e,210.64,1,210.64,5.0,12.0,1,0,silver
5a113bd934e8b75919fbddeef0f9282d,107.8,1,107.8,5.0,10.0,1,0,silver
5a134abfa8e053352d6b787c078c6c6e,65.71,1,65.71,4.0,15.0,1,0,bronze
5a217b57456380cc037f0466c4772f48,87.72,1,87.72,5.0,7.0,1,0,bronze
5a28f5bbcb11d1d48e721207fe91ee36,207.57,1,207.57,5.0,6.0,0,0,silver
5a309baa12d5c4d5de6c02eccef13046,68.43,1,68.43,5.0,7.0,0,0,bronze
5a343a06c98ea19d963edfc4a0126e76,83.22,1,83.22,5.0,10.0,0,0,bronze
5a3986f3a5162c6d34867fce3af19c9e,34.03,1,34.03,,48.0,1,0,bronze
5a494c648fde2d1ec4eb614274ea7159,1342.98,1,1342.98,1.0,14.0,0,0,platinum
5a5cba432d64c9227dee184cce3b5c38,82.79,1,82.79,5.0,5.0,0,0,bronze
5a5dd627a94c1bc236e9386eaeaa848e,37.44,1,37.44,5.0,1.0,0,0,bronze
5a6012519d0cf9a2103bd2170a81b833,255.28,1,255.28,3.0,6.0,1,0,silver
5a61458586c926813840fbc48a62112f,50.0,1,50.0,5.0,9.0,0,0,bronze
5a689ab0069d25bc6c2be47d4b3863d4,130.46,2,65.23,5.0,5.0,0,1,silver
5a6d092525ea183026c9b405b903fe0c,1119.6,1,1119.6,3.0,3.0,1,0,platinum
5a6ee664ac58f92ab168430a8d60af0d,39.0,1,39.0,5.0,6.0,1,0,bronze
5a7d9eb6ba2ea2fe7b9a7f1640dc3876,57.68,1,57.68,5.0,6.0,0,0,bronze
5a7f39c25c827a1355cd76e498b3737b,101.96,1,101.96,5.0,12.0,0,0,silver
5a8082f2f02414ee6a84c52a59f07fc8,66.6,1,66.6,1.0,7.0,1,0,bronze
5a819fa976c2a1e65fa35e5c890d4dcb,49.16,1,49.16,5.0,4.0,0,0,bronze
5a83ed9c112da985d12f9d1a3762008c,381.59,1,381.59,5.0,13.0,0,0,gold
5a8ab1842a96dae9af120723e2d051e4,251.88,1,251.88,5.0,8.0,0,0,silver
5a96f34f3afcd6af757054cdc60cb877,71.14,1,71.14,5.0,7.0,0,0,bronze
5a989673ac02813d30ffee0254885032,309.16,1,309.16,5.0,22.0,0,0,gold
5a995876f96b9c5b16c690009e92ac6b,182.11,1,182.11,5.0,4.0,1,0,silver
5a9bf3d0461db198b67ae2df9fbee11d,51.6,1,51.6,5.0,3.0,1,0,bronze
5aa3d18ff9db96075eba17606fcf9844,135.49,1,135.49,5.0,11.0,1,0,silver
5aa7ef34373fcdc118b1b3b29f663754,307.11,1,307.11,5.0,7.0,1,0,gold
5aad27a7b4f74b1c3389d56c74db1057,3782.19,1,3782.19,1.0,,1,0,platinum
5aadf276014508c111699eade2d710d6,125.33,1,125.33,1.0,,0,0,silver
5abefd60411a987e1fc6ce77d4949f7a,26.86,1,26.86,2.0,13.0,1,0,bronze
5ac793e4672aebec868e5d3795fb02fc,285.78,1,285.78,5.0,6.0,1,0,silver
5ac868e117b9ada5e11590ef74144102,145.41,1,145.41,5.0,13.0,1,0,silver
5ad2402ad280a4565016316f49c24460,178.52,1,178.52,3.0,8.0,0,0,silver
5ad373cd5632f2ecf3b23d64f5ff72f2,137.08,1,137.08,3.0,23.0,0,0,silver
5ae56834f128098943cdea758a806a42,74.16,1,74.16,5.0,23.0,0,0,bronze
5afe78282678ab518e980e51a8597e1a,64.23,1,64.23,4.0,13.0,0,0,bronze
5b09c620db60411b0be6f1817c6cbe71,150.39,1,150.39,3.0,33.0,1,0,silver
5b143240c381316b9b1dc332176b4a71,117.94,1,117.94,5.0,8.0,0,0,silver
5b16e124fa622d31637c864d2e343e4a,88.65,1,88.65,5.0,12.0,1,0,bronze
5b1702b9c8d090a3f8a64775bed6021a,87.64,1,87.64,3.0,11.0,0,0,bronze
5b170b21e7df492ffdd39962c608ce63,84.13000000000001,1,84.13000000000001,5.0,23.0,0,0,bronze
5b19b3434d9c9e51703f9b53abe7d0f6,196.02,1,196.02,3.0,32.0,1,0,silver
5b1ccb22b017dc7b926bc2de7a6ae857,113.4,1,113.4,4.0,22.0,0,0,silver
5b1e08010c71227dd7531a2defd33b33,78.18,1,78.18,3.0,7.0,1,0,bronze
5b2972e2786623d4a0b78843f7447695,158.71,1,158.71,3.0,6.0,1,0,silver
5b2b1ba630515ff8f2d4e426514e1170,86.56,1,86.56,4.0,6.0,1,0,bronze
5b38ad98107098293758a5a9a7a6aca4,40.17,1,40.17,5.0,4.0,1,0,bronze
5b3b19201bb81179198a9ce0d26ae56f,46.13,1,46.13,5.0,8.0,0,0,bronze
5b4270eb80fe2d60cde8289dc6a20fe4,51.9,1,51.9,5.0,12.0,0,0,bronze
5b4b5220f4e3dc7de8aa8bc3559268ca,80.11,1,80.11,4.0,13.0,0,0,bronze
5b4f623498134a84bdf5c3fce73df212,130.84,1,130.84,5.0,10.0,1,0,silver
5b52ba553ad97d0fc5993bdffcdcd4be,178.27,1,178.27,4.0,24.0,1,0,silver
5b5a5a59f8308236b0ed364c3a973323,113.42,1,113.42,5.0,6.0,0,0,silver
5b5c5e6acbc294d9c30645e963c2c371,125.23,1,125.23,5.0,16.0,1,0,silver
5b65c2693d8103d23aa910cd33d68daa,420.5,2,210.25,1.0,9.0,0,1,gold
5b6cd16f8b762089b7cf967550a629f0,290.86,1,290.86,5.0,7.0,1,0,silver
5b6f22dc65fcf1aee722893a006cfaa8,76.65,1,76.65,5.0,8.0,1,0,bronze
5b7716e8aa1c87067f1469f336eefebf,136.8,1,136.8,5.0,13.0,1,0,silver
5b774e23e58d4650bef6a25c84b38c1e,363.07,1,363.07,5.0,12.0,1,0,gold
5b83a6e579043f9d293af671b3fde86a,608.28,1,608.28,1.0,47.0,0,0,gold
5b84c7275083452c0610be5c120c9dae,240.87,1,240.87,4.0,10.0,1,0,silver
5b87097b1bf3d4c9234bfcef45c6c8b1,51.5,1,51.5,5.0,9.0,0,0,bronze
5b8830979a628eba896bc7638f62d926,117.94,1,117.94,4.0,7.0,1,0,silver
5b8a75e77489899ad9e6d57273aafd7f,83.23,1,83.23,5.0,8.0,1,0,bronze
5b8eac9117d8948bdadd22612055a8b1,522.62,1,522.62,4.0,12.0,1,0,gold
5b92df6945d212dcba4b6997d2fcaf24,52.57,1,52.57,4.0,4.0,0,0,bronze
5b976dd4f77ac841d7027290494b8dbe,144.0,1,144.0,5.0,7.0,1,0,silver
5b9b3022d82b12bdc1e52267db0b0f79,155.98,1,155.98,5.0,11.0,0,0,silver
5ba20615a231459a4120721fec77e635,140.08,1,140.08,1.0,5.0,1,0,silver
5ba3404c4dea10b76ed8db6f1999b012,132.6,1,132.6,5.0,11.0,1,0,silver
5ba6b74fb0741b0f6add7f5a5f7d61b6,99.65,1,99.65,5.0,5.0,1,0,bronze
5bbc03d010ac4dbcfdfa2018349c8f6e,231.79,1,231.79,4.0,12.0,1,0,silver
5bc01c59a5e53b65fe0cef8f493dbde6,123.18,1,123.18,5.0,6.0,1,0,silver
5bc58255c14d4a43b8b61865138b414d,95.3,1,95.3,3.0,15.0,1,0,bronze
5bc738a48bdb9ca1f798d56de2cce84c,353.06,1,353.06,5.0,2.0,1,0,gold
5bcad71b7324e8e45e079e34fb4d1d0b,96.44,1,96.44,4.0,11.0,0,0,bronze
5bd5fc5ccd6596309a8206953ddce7bc,63.74,1,63.74,5.0,10.0,0,0,bronze
5bd67e9507365c5d3e2687293e17dc59,114.8,1,114.8,5.0,10.0,1,0,silver
5bee2adfebafd09cb7d9f6050f9d2bc0,63.65,1,63.65,1.0,,1,0,bronze
5bf3a81ed2bd9ef25495c6cf166cd7e5,56.85,1,56.85,5.0,8.0,0,0,bronze
5bf62dde3184c792f5b6ca13a7aa746a,76.14,1,76.14,4.0,43.0,1,0,bronze
5bf64e6fed93d20d1ff62941a312e547,32.78,1,32.78,5.0,9.0,0,0,bronze
5bff7e6ba295452d98a709c9bef2bf45,435.21,1,435.21,5.0,10.0,1,0,gold
5c065ded96f2fc326cea8e740e384f59,125.53,1,125.53,4.0,12.0,1,0,silver
5c0662e09dd48f38f85fbb079ad84580,142.92,1,142.92,5.0,11.0,0,0,silver
5c09104738f3ab63154beff17cada1c3,69.44,1,69.44,3.0,9.0,0,0,bronze
5c100416976d9113369919942548bea8,118.88,1,118.88,5.0,14.0,1,0,silver
5c117c579cb98a9c6c50e1301a349f3a,76.88,1,76.88,1.0,16.0,1,0,bronze
5c1b09e90738995df546514dc1d3c91d,139.0,1,139.0,5.0,3.0,1,0,silver
5c1e822a0c38cd514cf34be29b19ceaf,343.71,1,343.71,5.0,8.0,1,0,gold
5c1f384911d84580a244b2fa4d8c950f,246.26,1,246.26,5.0,17.0,1,0,silver
5c30a2952cf3c02a6acc48746cab5635,138.55,1,138.55,1.0,6.0,0,0,silver
5c32614e4ac9a3f1c2a7eb6d3996c61c,123.18,1,123.18,5.0,22.0,0,0,silver
5c32f5f0716ba398ab390a9b024ef0b9,46.6,1,46.6,5.0,10.0,1,0,bronze
5c39739978396f94580b807060b51f20,90.28,1,90.28,5.0,30.0,0,0,bronze
5c4532e92c92ee3c58cd84d7eb15e0be,144.03,1,144.03,4.0,4.0,1,0,silver
5c4b7aa014e584d78525c38717510f01,160.44,1,160.44,5.0,12.0,1,0,silver
5c4ebb8ce7676ef6aaf26df2a48fb102,277.08,1,277.08,5.0,13.0,1,0,silver
5c4f76d4e8b8ca0dc5119acbf1052223,748.89,1,748.89,5.0,18.0,1,0,gold
5c592a4a6e10497444ac1f7c46d8c51f,136.6,1,136.6,5.0,17.0,1,0,silver
5c6e46c8c14d5afd094494168ea565ab,418.75,1,418.75,5.0,10.0,1,0,gold
5c74db72c1cdc37dc37c27542ec62542,27.6,1,27.6,3.0,24.0,0,0,bronze
5c77da09750b42091c93c331d544ab53,267.29,1,267.29,5.0,7.0,1,0,silver
5c7e38d5c0de8e798c587615164f31f8,132.17,1,132.17,5.0,5.0,1,0,silver
5c81b3f2ec597733ddbbbf183d58c844,167.52,1,167.52,5.0,11.0,1,0,silver
5c83ecb93c340986669fbe976ead71e4,58.22,1,58.22,5.0,3.0,0,0,bronze
5c88de047e539f2ed9a643b3c7522f14,112.0,1,112.0,1.0,8.0,1,0,silver
5c8a8ede9e5ca9d3276b26d56e7de37d,173.57,1,173.57,5.0,7.0,1,0,silver
5c8c5935b0473e4c5c7681b8dc75adff,162.03,1,162.03,5.0,9.0,1,0,silver
5c9513d1c3b15c7a08a6ba86ca23e487,163.38,1,163.38,5.0,2.0,0,0,silver
5c96a427e784b5e917f5a4fbf0f9e84a,64.85,1,64.85,5.0,26.0,0,0,bronze
5c97470e81d70f76f49f8906924fc577,78.19,1,78.19,5.0,1.0,0,0,bronze
5caa8fccaa325c51275da70ef323fb45,48.02,1,48.02,5.0,2.0,0,0,bronze
5cade7c0ab4c535a04b4836b7bc6c4f3,115.03,1,115.03,5.0,8.0,1,0,silver
5cb5e010562f6856f97ef2f67b223f70,102.03,1,102.03,5.0,6.0,0,0,silver
5ccd1f0926deff5a964087d56a754c35,34.22,1,34.22,5.0,15.0,0,0,bronze
5cdcf64f2091cc0e0fd58913e46d2ec4,39.08,1,39.08,1.0,2.0,0,0,bronze
5ce0fe1fb00b7bd8dcb41e207c831c82,206.54,1,206.54,5.0,19.0,0,0,silver
5cf4e0deb70db6783df2d23d7db1f9b1,161.5,1,161.5,5.0,4.0,0,0,silver
5d01ac79738d2c0486e52d4ce873ccbb,41.69,1,41.69,5.0,15.0,0,0,bronze
5d04d82dc42c00279536239a5193c10e,35.13,1,35.13,5.0,6.0,0,0,bronze
5d1822ac99dc366132875ca731223926,137.53,1,137.53,3.0,8.0,0,0,silver
5d1fde9eb27149c695624f8bb84cf6f7,1391.39,1,1391.39,5.0,13.0,0,0,platinum
5d23c71bf76c31367deeb350ec0ab6a4,112.99,1,112.99,5.0,2.0,1,0,silver
5d24e5538f4cebde02593b5e393b6138,207.73,1,207.73,5.0,15.0,0,0,silver
5d2dfd15300a557c1ddfad56a8460226,856.77,2,428.385,5.0,13.5,1,1,gold
5d33353c41e682d6ec9326aaf4fdbf01,30.02,1,30.02,5.0,4.0,0,0,bronze
5d4292a8c31a04789d6342e81e16ef94,46.64,1,46.64,5.0,7.0,1,0,bronze
5d42fb6951f785071c35e2ff65271b8e,141.86,1,141.86,4.0,7.0,0,0,silver
5d483354cd9a5cc8193a395910f51fb8,172.93,1,172.93,4.0,14.0,1,0,silver
5d4953dc6c4c521130ba62aa82c6ad85,71.75,1,71.75,3.0,11.0,0,0,bronze
5d4b42f68c328b359383c911599a9396,152.42,1,152.42,5.0,3.0,0,0,silver
5d57888771d3e856d2f6a1502135899b,280.59,1,280.59,3.0,36.0,1,0,silver
5d5df5a6244b5c3d88006045b03ec679,68.22,1,68.22,5.0,10.0,0,0,bronze
5d5fe6ce70b1d9f2163eca85df9e6f85,117.42,1,117.42,5.0,15.0,0,0,silver
5d63628c95182301765aa1482b0293aa,198.25,1,198.25,4.0,17.0,1,0,silver
5d6d845f58ded83805d69344479b27be,154.99,1,154.99,3.0,26.0,0,0,silver
5d6ebee8a8bd2d5012d04e7be94ea5e6,46.87,1,46.87,1.0,10.0,1,0,bronze
5d74ffb0743c1017e3940ab2fbdd83ee,121.97,1,121.97,5.0,18.0,0,0,silver
5d754f8207d351d98f314c7c7c1a971d,538.39,1,538.39,2.0,18.0,1,0,gold
5d8a8c7d4beb539c2bdcf74cd75902ec,14.29,1,14.29,2.0,5.0,0,0,bronze
5d9cec5f168ee6cdd275168ed54797f7,244.27,1,244.27,2.0,45.0,1,0,silver
5d9e7d998439876056905e04fd60c5b0,76.31,1,76.31,5.0,7.0,1,0,bronze
5d9f42453f12815981c981caf51a9b30,139.29,1,139.29,5.0,8.0,1,0,silver
5da04694ff3210374cfd712b61400ec3,47.68,1,47.68,4.0,6.0,1,0,bronze
5da065e6ebf3b883ab8da676c8c79b9b,130.16,1,130.16,4.0,13.0,1,0,silver
5da6bdca6491eb75bf2aa46ab41f4ff5,253.17,1,253.17,4.0,5.0,0,0,silver
5da812ba78edf4151612ede627e1192c,189.01,1,189.01,3.0,2.0,0,0,silver
5da9d990959ec62109d5430ef741f5ae,259.6,1,259.6,1.0,34.0,1,0,silver
5daad350efffb640b3c25a64ef07473a,72.99,1,72.99,5.0,8.0,0,0,bronze
5dac8a6c162461827a75f470090ac4ac,90.92,1,90.92,5.0,21.0,0,0,bronze
5dad5f94b67d63bfbb4c0286aacccab3,140.34,1,140.34,4.0,10.0,0,0,silver
5dafb1238b82de265e37a03086461d38,126.19,1,126.19,5.0,15.0,1,0,silver
5db28d027c964a6a60a2bcf77dd27cad,166.71,1,166.71,1.0,35.0,1,0,silver
5dbcb21f1c87086be75be5245226e4ab,43.05,1,43.05,5.0,5.0,0,0,bronze
5dc7a67e8f67e4a66f8e3ef6a0568997,105.41,1,105.41,5.0,10.0,0,0,silver
5dc8098e89f6852b2ab99d7b3123c27b,29.69,1,29.69,5.0,10.0,0,0,bronze
5dc9c89f4cfcb3f1fd9afd6126bb518b,118.7,1,118.7,5.0,4.0,0,0,silver
5dd2534fbe0705c26df4c13679ff20de,30.51,1,30.51,5.0,11.0,0,0,bronze
5dd53211751517b8795ffd30fb47ce00,278.47,1,278.47,4.0,9.0,1,0,silver
5dd6ace791de04fec92367219063f695,90.26,1,90.26,4.0,4.0,1,0,bronze
5de16979cd2b1a0bced0ccdc646c0491,207.24,1,207.24,5.0,4.0,1,0,silver
5de99aeb246c239dfdb3db80bd8d8379,174.21,1,174.21,1.0,6.0,1,0,silver
5df98760c5923977c84e2a09f1e46317,166.59,1,166.59,5.0,20.0,1,0,silver
5dff3703f9d82688ab5a1c92df1e4b18,2467.33,1,2467.33,1.0,7.0,1,0,platinum
5e020b18f75cea18f1475b63fbf0713a,625.24,1,625.24,5.0,3.0,1,0,gold
5e065c2ae315b9c4549a30b40277d6ad,89.28,1,89.28,5.0,13.0,1,0,bronze
5e0e14b2762cfc9bec746b44bd8a1e20,139.52,1,139.52,5.0,12.0,1,0,silver
5e0e18fbc2af5e1582f7c30d03df2cfd,148.69,1,148.69,5.0,15.0,0,0,silver
5e13680e5957293bead2ce5abb087f6c,27.19,1,27.19,4.0,4.0,0,0,bronze
5e14026973c4b71ae2e86aa64cde17bf,139.61,1,139.61,5.0,7.0,0,0,silver
5e1b969042fa231f508d5123aded9f54,102.06,1,102.06,5.0,4.0,0,0,silver
5e237c923446d52bdb73ffa484329c0e,170.76,1,170.76,5.0,7.0,1,0,silver
5e2a5e8ba51f24c1e13f99720473fa0d,137.48,1,137.48,5.0,16.0,0,0,silver
5e31c8694d793e555aff2349fb84d9ff,78.5,1,78.5,5.0,6.0,1,0,bronze
5e3d08833a705bdc7ebe3709488a00df,575.68,1,575.68,5.0,21.0,1,0,gold
5e43c9625b6743d2f97f99b4bf64d123,414.04,1,414.04,1.0,38.0,1,0,gold
5e4d57b5217587ccb9234555c17e303f,600.43,1,600.43,1.0,54.0,1,0,gold
5e52bf13fe3f774f2fb146c8096dd840,151.06,1,151.06,5.0,3.0,1,0,silver
5e55d25a9443b380fce0af5dc4f22c93,155.63,1,155.63,4.0,21.0,1,0,silver
5e5a9e721cb83187f5893a8c7109faee,2066.34,1,2066.34,4.0,14.0,1,0,platinum
5e619209a456f600c58ffe4d1efebe45,55.0,1,55.0,5.0,11.0,1,0,bronze
5e653822c6afe00340c3a70f0cbb8816,217.96,1,217.96,5.0,13.0,0,0,silver
5e6eaca0397ad423e56df0d1d751cef1,245.35,1,245.35,5.0,7.0,0,0,silver
5e6f547641154bca7e575f7e83ed136e,35.11,1,35.11,5.0,9.0,0,0,bronze
5e7b4092b484399489b25d10d7b28096,115.68,1,115.68,4.0,25.0,1,0,silver
5e809f39163aadeda694b51606b02d49,119.93,1,119.93,5.0,13.0,1,0,silver
5e9873081c002c291623b4f23d8f5ad3,38.36,1,38.36,5.0,3.0,0,0,bronze
5e99be6456fee291a84af71e58fdb40e,115.57,1,115.57,5.0,20.0,0,0,silver
5e9e03fb012cf675d96708ca2f6a0df5,372.67,1,372.67,3.0,36.0,1,0,gold
5ea60a7885845fffcd48d8aea054ec26,36.25,1,36.25,5.0,7.0,1,0,bronze
5eab965f967ddcca6df6cca6ef342c1d,65.09,1,65.09,5.0,5.0,0,0,bronze
5eaf6271955a5a88e0af33de9eb148e9,112.35,1,112.35,4.0,5.0,1,0,silver
5ebd246be48ec18bf3859966284333f8,100.23,1,100.23,3.0,35.0,0,0,silver
5ebe8ca3c0fdd3ba40a4cac58da4260c,148.28,1,148.28,5.0,10.0,1,0,silver
5ec5450f2fd590b9dcc0dc9197b6af37,91.61,1,91.61,5.0,12.0,0,0,bronze
5ec9ab6daf0fa86fead6629d515dd974,204.54,1,204.54,5.0,12.0,1,0,silver
5ed68fbea058394fe9017715f735f89e,188.8,1,188.8,4.0,6.0,1,0,silver
5edb5e94dde197f8fd914eec2975b891,24.68,1,24.68,5.0,1.0,0,0,bronze
5ee1a7e84a17bcddc784977557a7a186,96.8,1,96.8,5.0,9.0,1,0,bronze
5ef19690ca39f3aa844d99adb589f255,115.42,1,115.42,5.0,7.0,1,0,silver
5ef5ee5db0d3088844b10293c5535a95,88.86,1,88.86,4.0,28.0,0,0,bronze
5efb4e021c3da3c1dc1337c5e0c0a807,317.97,1,317.97,3.0,34.0,1,0,gold
5f057d3f8a127e93869e61bb77f9244e,139.52,1,139.52,1.0,44.0,1,0,silver
5f06c03e3868fb73b6c70ac75fac6e34,168.04,1,168.04,4.0,9.0,0,0,silver
5f102dd37243f152aec3607970aad100,56.78,1,56.78,5.0,6.0,1,0,bronze
5f14fa22610fbeb251163acdb43c4030,593.62,1,593.62,5.0,9.0,1,0,gold
5f187d7a9ce17aff3891b14692db3911,28.41,1,28.41,4.0,11.0,0,0,bronze
5f223c018eab03d15c25f83a0b61c9be,68.28,1,68.28,5.0,5.0,1,0,bronze
5f241b7659042015a3c45005ef37c0ec,139.43,1,139.43,5.0,22.0,0,0,silver
5f368cf48b83a0e72935486a7a822c51,99.43,1,99.43,1.0,2.0,1,0,bronze
5f37d46a8916fbfb4194f9c00e4761d5,42.42,1,42.42,4.0,14.0,0,0,bronze
5f39cde4a167fa96923f0b4bc705d116,233.04,1,233.04,5.0,7.0,1,0,silver
5f3c00815858edfb034def7fcccb098d,62.44,1,62.44,3.0,7.0,0,0,bronze
5f4aaa87db6bfe806d2e08bd3a782f8d,88.67,1,88.67,5.0,5.0,1,0,bronze
5f506529aa7a96a70d1ae4514757490e,217.82,1,217.82,4.0,19.0,1,0,silver
5f5072aea26091ec5d4d4ac22bd889a3,143.82,1,143.82,5.0,8.0,1,0,silver
5f543e3cd868d4be18b8764d62c2a464,336.31,1,336.31,4.0,7.0,1,0,gold
5f55921b0fe67e51a904be6a9853e632,201.61,1,201.61,1.0,,1,0,silver
5f61b10d70849d46be5643b7453e1708,625.2,1,625.2,5.0,21.0,0,0,gold
5f64321707b93bbc4a5494c5a77f3580,124.0,1,124.0,4.0,5.0,0,0,silver
5f66ee1b2e030748fdb83ab9b01a7064,151.29,1,151.29,5.0,14.0,1,0,silver
5f6ba4ab07a2facdfc2788484b1e56d4,76.89,1,76.89,5.0,16.0,0,0,bronze
5f6e8e12bdb0572251404855113d23e0,319.34,1,319.34,5.0,18.0,1,0,gold
5f6e8f4325ddb9f4872b8cd66e02d7af,172.52,1,172.52,5.0,6.0,1,0,silver
5f7424458a727f1b259fc60f68f72134,149.72,1,149.72,5.0,2.0,0,0,silver
5f7776426b25da9e5d212c3de7102003,123.49,1,123.49,5.0,7.0,0,0,silver
5f7960decfccb628cea4c3f2c4c7c370,114.42,1,114.42,4.0,24.0,0,0,silver
5f7970760d11ea84360caedb9a5a6093,195.24,1,195.24,5.0,4.0,1,0,silver
5f7c4102110986de9fa01ad289376984,155.84,1,155.84,5.0,15.0,0,0,silver
5f7e36fb1d42d0b1c408b5b41bc52bb3,144.94,1,144.94,3.0,28.0,1,0,silver
5f7e405b4198359d59deab3fb107adba,256.24,1,256.24,5.0,20.0,1,0,silver
5f7f0647671f1e4537a2274a8b8f2365,88.09,1,88.09,4.0,19.0,1,0,bronze
5f7f2f316d856064acee6f1db7c9f63f,74.17,1,74.17,1.0,4.0,0,0,bronze
5f88aa929c85ba484b884c2670662dfe,367.11,1,367.11,5.0,4.0,0,0,gold
5f890e0742a627d656f806b0f1efa27d,42.27,1,42.27,5.0,3.0,0,0,bronze
5f906880e2ce13b655bd34d324a48ea9,29.69,1,29.69,5.0,12.0,0,0,bronze
5f94af52aef02c968a2e0f01f430864e,105.28,1,105.28,4.0,17.0,1,0,silver
5f96ec83805d059fcff96db83a407338,204.78,1,204.78,5.0,9.0,1,0,silver
5f9d2e3eebc8118fe4aa8945521dae6c,132.44,1,132.44,5.0,5.0,1,0,silver
5f9d77dafcb64af05b5098aed0d3efbf,166.68,1,166.68,3.0,12.0,1,0,silver
5fa49884bcb22c65d654793db374db9a,112.13,1,112.13,2.0,2.0,1,0,silver
5fa98daffc39515dbf7e88a6d276e761,246.92,1,246.92,4.0,27.0,1,0,silver
5fadd0a075fbb60f6a94d6c38e055835,57.55,1,57.55,3.0,3.0,0,0,bronze
5fb14c674c1fbfdd44d19e43087fb6df,27.75,1,27.75,3.0,7.0,0,0,bronze
5fb4f93f6589dabf30e16f502da09944,101.37,1,101.37,5.0,5.0,1,0,silver
5fb6501e19cae6167698a7753a73f36c,19.86,1,19.86,5.0,10.0,0,0,bronze
5fb693e616b5ced7fcbcab50be1b1fdf,420.53,1,420.53,4.0,5.0,1,0,gold
5fba1267f14b938597891c1cca2aec83,69.93,1,69.93,5.0,10.0,0,0,bronze
5fbd25db0138045fc198fd215d236767,84.23,1,84.23,1.0,28.0,0,0,bronze
5fc5ae87cad7d2cc96d6a1a70a45268e,60.41,1,60.41,1.0,60.0,0,0,bronze
5fcce9584c278b76076b93720089b546,83.73,1,83.73,2.0,19.0,0,0,bronze
5fdda6aed5afe91b789efcce90de5edb,89.05,1,89.05,5.0,7.0,0,0,bronze
5fe117882be55ee9ad0d6c6c56d11019,65.43,1,65.43,1.0,10.0,0,0,bronze
5fe221ba973f287e6e225e2aab91fc20,175.5,1,175.5,,13.0,1,0,silver
5ff35578cd099e98396341404ef288f2,192.03,1,192.03,4.0,6.0,1,0,silver
5ff3b50583f44ecf55b7e7f704ca97bd,475.04,1,475.04,1.0,10.0,1,0,gold
5ff735d120cf4ec4adefd9766f703bf5,198.31,1,198.31,1.0,38.0,1,0,silver
5ffbdeaf6e351755f4816fc2068bb161,163.33,1,163.33,2.0,8.0,1,0,silver
600018d72cf104318692789408f3d46a,161.01,1,161.01,5.0,8.0,1,0,silver
6008175fe48696f52e3f767caa8b739c,115.6,1,115.6,5.0,10.0,0,0,silver
601725677c1484660662470921a9f01d,21.78,1,21.78,5.0,4.0,1,0,bronze
601939a99fb9b09770238774701505aa,116.94,1,116.94,2.0,5.0,1,0,silver
6019a3ef0b1ab2d5e36ee4de2d269758,157.3,1,157.3,1.0,13.0,0,0,silver
601d7421c2ded8c1caffb014b9f19d79,94.54,1,94.54,5.0,20.0,0,0,bronze
60209b60820af2aef218a4b271ae4bfe,181.83,1,181.83,2.0,8.0,1,0,silver
602438465b89ae09e0724d4961b7ecf1,139.93,1,139.93,5.0,11.0,1,0,silver
6025e80315175e0241fc6e35c42916a9,120.17,1,120.17,4.0,6.0,1,0,silver
60342c33a39a2e43be81ad79ab92fde9,291.19,1,291.19,1.0,59.0,1,0,silver
6035ebd6a5c9e5781524a395ddfa4632,48.95,1,48.95,5.0,11.0,0,0,bronze
603c79d4861632b8dd1557bdc063ebdc,101.35,1,101.35,5.0,7.0,0,0,silver
60582bbe2188ff969bf71485ee29f9ad,60.62,1,60.62,5.0,9.0,0,0,bronze
6059cde3ff567c063cc2af56ca7c47df,96.55,1,96.55,5.0,6.0,1,0,bronze
605c73bf98e4b9b4895b38b73c9a1415,41.1,1,41.1,5.0,6.0,0,0,bronze
605e2c9d8eab9c7e0bfddeb7be5effde,109.99,1,109.99,5.0,21.0,0,0,silver
606895478a52866c50804a43c243383f,132.05,1,132.05,5.0,7.0,0,0,silver
6077db684bfa5fae744d9a732bce623e,101.24,1,101.24,5.0,5.0,1,0,silver
607f4c2924c362edbfbb34ef76a02342,58.83,1,58.83,5.0,14.0,1,0,bronze
608ed47c0df9537adfd562832cde783f,344.05,1,344.05,5.0,7.0,1,0,gold
60ab50a68e50e803b56030bc364f0365,38.03,1,38.03,5.0,8.0,1,0,bronze
60b1b4c715a06c7120279bc8da388fd2,32.68,1,32.68,5.0,15.0,0,0,bronze
60b556b3cc0a84c4f3f26416a3f2f544,32.72,1,32.72,5.0,4.0,0,0,bronze
60c2018117669b6e6e1223f18c40c75e,63.27,1,63.27,5.0,6.0,1,0,bronze
60c21e5540a01e56a5abb3ae7158fc14,110.0,1,110.0,5.0,10.0,1,0,silver
60d2dc24e6a89bd218f646df03674e5b,50.73,1,50.73,5.0,10.0,1,0,bronze
60d6bbd1a6d5dcbaa5debc8da8a81558,35.44,1,35.44,5.0,2.0,0,0,bronze
60d7d38f337407b0fdb77599e6e7ed0f,46.78,1,46.78,4.0,4.0,0,0,bronze
60e2c1c1b1d94d1a3f157741545ffc39,34.52,1,34.52,5.0,6.0,1,0,bronze
60ec8175b75dc28e76068d138a70f36e,50.63,1,50.63,2.0,30.0,0,0,bronze
60ed768b344374346f06d81195642455,47.84,1,47.84,5.0,21.0,0,0,bronze
60fb7acefe26eb4ea30d3768f75dc13a,247.84,1,247.84,5.0,7.0,1,0,silver
6107bc2e5c7c1afd90c49aad9059322c,41.11,1,41.11,4.0,17.0,0,0,bronze
610d3e47ad4921adc40aa9fd6bbeeaa5,112.98,1,112.98,5.0,6.0,0,0,silver
610fde09a3a48292e490155f452c78b4,31.24,1,31.24,5.0,3.0,0,0,bronze
61159d186d522e45f8473cdae04f2a35,95.65,1,95.65,5.0,5.0,0,0,bronze
61194a973b4afc068e049f5317ee4468,72.17,1,72.17,5.0,17.0,1,0,bronze
611b8fe01324647fa20c6f629dfa5b6e,63.77,1,63.77,5.0,,0,0,bronze
6120fada9a5891d3f9b94a57a17da892,201.49,1,201.49,3.0,12.0,0,0,silver
6129e19fe543f8818740b4fef70c258d,200.21,1,200.21,5.0,10.0,1,0,silver
612db24bd7ec741c98823a46c73aba21,88.72,1,88.72,5.0,17.0,0,0,bronze
6132767aa5caac525394d64d61de4645,194.29,1,194.29,4.0,25.0,0,0,silver
61386166bd766432d31e37d97201eba4,51.69,1,51.69,5.0,21.0,1,0,bronze
613a2608945c46bcfd8eed5c9f520b77,77.57,1,77.57,5.0,21.0,0,0,bronze
613e666e3bca361445747f748a2980f1,52.92,1,52.92,5.0,4.0,0,0,bronze
6144b9dbdc89758b47e87e2e73f4db09,62.79,1,62.79,5.0,12.0,1,0,bronze
6145d3a55d1f273e21b9772f1c4b4542,78.1,1,78.1,5.0,6.0,0,0,bronze
615492e523c31c8d198fac0b9fa5ec72,78.51,1,78.51,3.0,7.0,1,0,bronze
615eb18afcde37c5ed09c9d4109c41fa,152.36,1,152.36,5.0,9.0,0,0,silver
616ec2f13ea3c1ec4582808ab05f3251,323.38,1,323.38,4.0,10.0,1,0,gold
6181411328cc49b514bc84fa11502752,153.32,1,153.32,1.0,20.0,0,0,silver
6185320ede320f19021cdfdcc7664c7c,92.21,1,92.21,5.0,6.0,0,0,bronze
6186dc604a01e69b4ee999759676162d,420.58,1,420.58,5.0,6.0,1,0,gold
619384cde3f360023bb190ab688f1926,111.8,1,111.8,5.0,5.0,0,0,silver
619aee9770111ae3b6eb6b8f99762136,106.84,1,106.84,5.0,19.0,1,0,silver
619c98a8b880fa1bc4636f6b3d9f21f6,48.96,1,48.96,5.0,12.0,1,0,bronze
61a4b58907f77c00708c478fa419af3e,51.56,1,51.56,5.0,7.0,0,0,bronze
61b1e7f9316e833654768a4c8cba3625,53.88,1,53.88,5.0,11.0,0,0,bronze
61bc015848fdab0d072046b3f05bffc2,141.53,1,141.53,5.0,5.0,1,0,silver
61c3f91716e12d5b61a072fff1d023cb,65.57,1,65.57,4.0,12.0,1,0,bronze
61ce0c821dcbe4af94bb523ee77f72ff,190.0,1,190.0,4.0,10.0,1,0,silver
61d4cbbc787dae7c88b2d66f665ebff4,36.35,1,36.35,4.0,14.0,0,0,bronze
61e32ff7e0509ddd8884143f08643318,89.29,1,89.29,4.0,15.0,1,0,bronze
61ec8439bd93849a13396e564c3fcaff,408.79,1,408.79,4.0,8.0,1,0,gold
61ef8f0d68325c9d33434d23239086ba,44.17,1,44.17,1.0,7.0,0,0,bronze
61f37e13b99dae825118a5003486b934,91.47,1,91.47,1.0,34.0,1,0,bronze
61f5df1a634167ff48d76d79d21226de,61.33,1,61.33,2.0,15.0,1,0,bronze
6204c4e582a95b6a350adf6988623bfb,66.78,1,66.78,5.0,8.0,0,0,bronze
620b267bdbb662197c42079245841d2a,86.02,1,86.02,5.0,7.0,0,0,bronze
620f32b6cc324a0f6b00348eed5b9f28,49.67,1,49.67,3.0,11.0,1,0,bronze
6210dedb542a2b9b7b15eee10ef1ac14,107.9,1,107.9,1.0,12.0,1,0,silver
621cda1295f19fcf9e434c7ff460747f,61.75,1,61.75,5.0,8.0,0,0,bronze
621e115832c0d4258a86adb2a4650b6e,390.77,1,390.77,1.0,8.0,1,0,gold
621eb93c6f92739b0b64dadac3d3c9aa,162.24,1,162.24,5.0,12.0,0,0,silver
62234b40911ee339711177467c343754,29.84,1,29.84,5.0,16.0,0,0,bronze
6223f9541d9787f8551b6b0152c6ebba,76.73,1,76.73,4.0,11.0,0,0,bronze
622a1ec2bc1f69eb88c6125eb82749af,144.96,1,144.96,3.0,13.0,1,0,silver
622f776c269b21b18eae6243218067c8,131.94,1,131.94,1.0,26.0,0,0,silver
6234bff8b25bd8336455555eb5f749da,109.02,1,109.02,1.0,27.0,0,0,silver
624e28ed0069a269b40e76cd2e823451,130.69,1,130.69,4.0,17.0,0,0,silver
6261da496d2a146c1f1aa2b58c21e5dc,75.74,1,75.74,5.0,6.0,1,0,bronze
6265dcf485656c1b82c02df4e54ea739,309.28,1,309.28,5.0,21.0,1,0,gold
626887d5ce4ac69f1bde59b971e7907b,63.28,1,63.28,4.0,5.0,0,0,bronze
62697622ddde70ae64064f553b4a0672,394.73,1,394.73,5.0,8.0,1,0,gold
6269a0e4ab26bb187fe72f7e9d359fad,30.27,1,30.27,1.0,,0,0,bronze
626ef16643d274cd99bb92522a5bc17e,85.81,1,85.81,5.0,1.0,1,0,bronze
6271160c90e20a760af68a8ece977a02,94.4,1,94.4,5.0,4.0,1,0,bronze
6275a8139d3cb9c2f6d1e3a4e950d5b0,216.64,1,216.64,5.0,8.0,1,0,silver
6275d1ce85a1a720874e15b7c2c731d6,124.4,1,124.4,5.0,5.0,0,0,silver
6279364f420b1e08eb33a498db5fa6bc,128.25,1,128.25,5.0,6.0,1,0,silver
6285bb238c057e39f9d4ff1fddb3a71f,227.47,1,227.47,5.0,6.0,1,0,silver
628ae8584a1c192e60498fb6983bfd9d,227.88,1,227.88,5.0,55.0,1,0,silver
628c60c3fafec90dacf2ea3618519d3a,126.66,1,126.66,5.0,7.0,0,0,silver
6293fb0fc2dc4711b1a5bd0993a9a953,283.05,1,283.05,5.0,6.0,0,0,silver
629fb99609e4613c746af4eaa455c91a,26.29,1,26.29,1.0,15.0,0,0,bronze
62a1ff98f54eeafd0e86b697194cac9b,212.58,1,212.58,5.0,10.0,1,0,silver
62a90409f4c921a01d4422c4f79a0543,40.09,1,40.09,1.0,14.0,1,0,bronze
62aed189592f119e0232b2491de646e1,102.85,1,102.85,5.0,20.0,0,0,silver
62bdd32424b656b8a1eafe5786bcdc32,65.0,1,65.0,4.0,21.0,1,0,bronze
62c485cfd5b04c8030d66cc70649d574,123.53,1,123.53,5.0,17.0,1,0,silver
62c6261a49af301b1b6238960090ff4d,64.0,1,64.0,4.0,10.0,1,0,bronze
62d824384528b8f24550482f6f1dd751,63.62,1,63.62,5.0,21.0,1,0,bronze
62de6068da9506dca753598fcfbdcd16,168.13,1,168.13,5.0,4.0,1,0,silver
62e2de03150e64b4ebe3fde98b934b72,69.33,1,69.33,4.0,10.0,1,0,bronze
630331e73a79ae9a2ba821bd326ea298,68.02,1,68.02,5.0,7.0,1,0,bronze
630a286a6eb3e39c61d6d841efc055d9,108.16,1,108.16,5.0,6.0,1,0,silver
630f415f1227cf9a63cef45b2dc16861,224.06,1,224.06,5.0,4.0,1,0,silver
6311c4311d03ba06d1e5f11aa55425b5,28.87,1,28.87,5.0,5.0,0,0,bronze
6315571ea4d67f9ced8931cd633a0d91,43.54,1,43.54,5.0,2.0,0,0,bronze
6316cfb9fc33f7962f7459a3bc144a89,92.83,1,92.83,5.0,8.0,0,0,bronze
6320163c8653234370204578f308e39f,35.86,1,35.86,1.0,26.0,1,0,bronze
632047ed3e9ff272398913dbe8183492,349.49,1,349.49,5.0,7.0,1,0,gold
63299f459ddbe79050c7094da3f69b8f,303.72,1,303.72,5.0,10.0,1,0,gold
6330940a3441244490ba1873ebadff51,562.53,1,562.53,4.0,3.0,1,0,gold
633aa358e90a435dc47a30af5a0a832d,48.23,1,48.23,5.0,5.0,1,0,bronze
633cc48640ca207ffa02e98523568283,162.16,1,162.16,4.0,8.0,1,0,silver
634420a0ea42302205032ed44ac7fccc,160.76,2,80.38,2.0,6.0,1,1,silver
6345e3b3ba5ee47685e29ec5febc8155,109.48,1,109.48,5.0,4.0,0,0,silver
634df12614ec55cc31bd986f0981dc61,254.34,1,254.34,5.0,7.0,1,0,silver
6350dd53f7e901d3c7f649a67bcd3fbb,57.38,1,57.38,5.0,6.0,0,0,bronze
6351fc41693a8af0542b0f91b983df99,41.69,1,41.69,5.0,7.0,1,0,bronze
635686613608e18aa9ffdabeebb187c6,208.2,1,208.2,1.0,11.0,0,0,silver
635c8fb5a76d4ca6467ac179f8f8e3a9,58.22,1,58.22,5.0,23.0,1,0,bronze
636443768344855307bfe5f2f2f6ba2e,43.88,1,43.88,4.0,7.0,0,0,bronze
63669b3731dcc014feec668c3d888aa0,151.55,1,151.55,5.0,7.0,1,0,silver
636accf2e5fb68ae645e01c7dcb0cbf7,106.3,1,106.3,5.0,7.0,1,0,silver
636f3c8273a58f046ed964f00f3153db,96.4,1,96.4,5.0,8.0,0,0,bronze
637cd4a8fa1c919744993c63a94aee39,88.08,1,88.08,5.0,4.0,0,0,bronze
637ce5e0131db1f083a9996a8dfc3b2b,57.6,1,57.6,3.0,18.0,1,0,bronze
637f0ad21129367d3b8636753ed1058b,33.51,1,33.51,5.0,7.0,0,0,bronze
6380e6f0cf7cc99c828d354d9bf840e5,45.0,1,45.0,3.0,8.0,0,0,bronze
638a579e184b046f9b4951bc1d6c9362,164.35,1,164.35,5.0,16.0,1,0,silver
638b18c123d3a826c0df0e677ad76f0e,83.23,1,83.23,5.0,13.0,0,0,bronze
638b990b3b08f2b36b0eb8dc89cc11f4,75.43,1,75.43,4.0,7.0,0,0,bronze
638fec0eca83b93aa7c686b2933e69f7,86.6,1,86.6,5.0,8.0,1,0,bronze
639081429b6b1419426831acd448ac38,47.8,1,47.8,5.0,33.0,0,0,bronze
639fa303243a0f5cd49697a7310144cf,112.51,1,112.51,3.0,22.0,0,0,silver
63a041eb953719e8dd981b82811f4291,143.15,1,143.15,4.0,11.0,1,0,silver
63a1a412f0d9ea81fb487dec2851d1c1,66.1,1,66.1,5.0,9.0,1,0,bronze
63a64580faf2b2f02fcf3262843d0cc9,117.58,1,117.58,1.0,13.0,1,0,silver
63b002017ea9b6a67a3fce4780dcf90f,100.77,1,100.77,1.0,21.0,0,0,silver
63b0ed2628e0284a549954901ce677e1,76.74,1,76.74,4.0,4.0,0,0,bronze
63c78253a65d7ae0ade8cf3282a2b190,1123.86,1,1123.86,4.0,16.0,0,0,platinum
63ded44f46d409896e3b7c47daa688ae,41.62,1,41.62,4.0,13.0,0,0,bronze
63df52c362d4b7183bb6a463452a8183,135.58,1,135.58,5.0,2.0,0,0,silver
63dfbd8f45b63fcf5c5aa1f023209592,148.6,1,148.6,4.0,3.0,0,0,silver
63eef04cea80cd9c94b9cbea99e5324a,69.22,1,69.22,1.0,26.0,0,0,bronze
63f802c944ae93d5572534d787304237,179.6,1,179.6,5.0,13.0,1,0,silver
63fd77570aaba60f3b4783fc531f5e71,32.69,1,32.69,4.0,8.0,0,0,bronze
63fe1f56eabeca9c62845459158c8c5a,78.48,1,78.48,5.0,6.0,1,0,bronze
63ff0bab723a94a8885b83350cd5faaa,30.13,1,30.13,4.0,8.0,1,0,bronze
640ac18151727c99757e30b92253dbc0,24.79,1,24.79,1.0,7.0,0,0,bronze
641584b3ec3027aaf8fa9c088f1a1a00,32.46,1,32.46,5.0,4.0,0,0,bronze
64172a9822a4a2b3d9bd447d67811fe0,78.36,1,78.36,1.0,28.0,1,0,bronze
64240d7b6620f8fb1126edad450064b4,126.86,1,126.86,5.0,9.0,0,0,silver
64279f54b703d1be3569d25f64dcbc6d,46.2,1,46.2,5.0,4.0,0,0,bronze
64423fdadaa5ba5ca1b957a61bbea26f,37.77,1,37.77,4.0,7.0,0,0,bronze
646139d82ff29db0e29fa5928dc5e5c1,80.19,1,80.19,5.0,7.0,1,0,bronze
6467a9dbf75a20920a74ea874c566656,261.13,1,261.13,1.0,6.0,1,0,silver
6469f99c1f9dfae7733b25662e7f1782,67.98,1,67.98,5.0,2.0,1,0,bronze
6472bdcbf7c12cef720eb284dbb68048,174.77,1,174.77,,,1,0,silver
647afdb8a120547075e55a9dfeba6bcf,260.97,1,260.97,4.0,14.0,1,0,silver
648670ff5e28673adb34b5b90733c99c,93.3,1,93.3,4.0,13.0,1,0,bronze
6495c356940c4916d758fbf139fe01bc,204.25,1,204.25,3.0,7.0,0,0,silver
64965ee4d0c0f35dee03875b616e7586,58.34,1,58.34,5.0,8.0,1,0,bronze
6499157a4bb5840e37bf1ff3b978d295,357.58,1,357.58,5.0,9.0,1,0,gold
649abf93e5d7e2c1695579caf7fc372f,127.02,1,127.02,5.0,2.0,1,0,silver
64a5301ff6bdaf1baa00058672402d7a,85.14,1,85.14,5.0,11.0,1,0,bronze
64a8ce7bdae54b98e33ce1777b230e9f,71.82,1,71.82,5.0,8.0,1,0,bronze
64ad86130d2f9c2af8c89854628a0c8b,425.06,1,425.06,5.0,7.0,0,0,gold
64af76ab0a3c046821554e75bb5420a3,325.47,1,325.47,4.0,19.0,1,0,gold
64b208f893dcb7b86cf71fc8a1149788,103.25,1,103.25,5.0,10.0,0,0,silver
64b7bea5aa47bc135dfff846a7b799b5,33.51,1,33.51,3.0,12.0,1,0,bronze
64be9b53d504bcd6fb935a4707f36118,63.1,1,63.1,5.0,10.0,1,0,bronze
64ced2d69218631420f22cea19bee4a0,85.24,1,85.24,4.0,7.0,1,0,bronze
64dab1a72ce0e8ee77887e87f73cf533,184.94,1,184.94,5.0,6.0,0,0,silver
64e18740815366a3b2ba177b9ecc8b8d,60.22,1,60.22,5.0,7.0,1,0,bronze
64e410dc546626ce977fad0c5dd47301,126.46,1,126.46,3.0,7.0,1,0,silver
64ea136678f37fcf4fffdc65f80ecf69,111.82,1,111.82,4.0,9.0,1,0,silver
64ea785aa93e3b55a36b028e1331d3a1,92.57,1,92.57,4.0,10.0,0,0,bronze
64ecbb3e69cb3f680b9b6eac89f44b34,104.1,1,104.1,4.0,20.0,0,0,silver
64ed791f8b34fec8a62e616557babea8,96.8,1,96.8,5.0,7.0,0,0,bronze
64f153180018c78a3d75afacb057b284,157.78,1,157.78,5.0,14.0,1,0,silver
64f30e1dd309856d47cba0089a338ddf,62.93,1,62.93,1.0,7.0,0,0,bronze
650f7ae068374c90be1549e3b258b886,77.57,1,77.57,5.0,17.0,0,0,bronze
651a1728146b7407dfd0d29005d848e4,135.0,1,135.0,5.0,14.0,0,0,silver
6521633c1bf78289ac3f83f40907a543,353.6,1,353.6,2.0,11.0,1,0,gold
6525a241416f8be9d26c5a51c7168052,175.02,1,175.02,2.0,7.0,0,0,silver
6525a7a9d5a867590e69cab391177e1f,71.0,1,71.0,5.0,2.0,1,0,bronze
652dd04c8aebd7a3ef12dd1f3509c253,89.63,1,89.63,5.0,6.0,0,0,bronze
6533109cc6aa8b1d99441e91632a5ced,165.66,1,165.66,4.0,7.0,0,0,silver
6537286a5400c1e8bdf18907d66ff843,394.49,1,394.49,2.0,,0,0,gold
65432db1dd83d868469ce900ecbb883b,610.59,1,610.59,4.0,16.0,0,0,gold
6546a2878d1afa6156bd0d6871b932b1,127.38,1,127.38,5.0,8.0,0,0,silver
654702436f651b2c2c1b42cbcb0ca371,138.41,1,138.41,4.0,14.0,1,0,silver
654cc929ca2960a54b79cff7bd9b319f,84.63,1,84.63,2.0,8.0,0,0,bronze
65634ec49e0efdfbe399da96940e5499,50.41,1,50.41,5.0,6.0,0,0,bronze
65673eb10bb25611b2a9eda38b0e57ff,62.19,1,62.19,5.0,11.0,0,0,bronze
656d81ab7f30a1be5709ff381e3f91f6,150.05,1,150.05,5.0,10.0,1,0,silver
6572b8069e6c5d1a2d5e8996c7e76c4c,43.95,1,43.95,4.0,8.0,0,0,bronze
6576a87aa12b4a67bb2cf60785b35615,176.38,1,176.38,3.0,9.0,1,0,silver
6578e1b112f6f1bcc70a4a99f09ffd93,32.38,1,32.38,4.0,6.0,0,0,bronze
657a35b64b54d9b754bbfaba56d255bc,337.09,1,337.09,4.0,11.0,1,0,gold
6585dba135cf88bd887690111e9f1fc9,62.82,1,62.82,5.0,6.0,0,0,bronze
65896971d33096a19ebf5cc71de71e85,436.32,1,436.32,4.0,25.0,1,0,gold
658a4b1bf3d0efc7773d6e7f996104c6,218.27,1,218.27,4.0,27.0,1,0,silver
658be5b23fa4d143e2bf2c35f9401f9b,58.14,1,58.14,5.0,7.0,0,0,bronze
658ede7e14aaa922aaff5ff2f05c1c99,190.6,1,190.6,3.0,12.0,0,0,silver
659087cf3e6aa5354adbd6d6033956e5,49.71,1,49.71,5.0,3.0,1,0,bronze
65908c12daed8110dfe2545a543e36d8,35.86,1,35.86,3.0,6.0,0,0,bronze
65998ec766d8ff89498bea626d226af4,435.44,1,435.44,5.0,2.0,1,0,gold
659b2485938ee7ff6b7914b5fed15de3,33.43,1,33.43,5.0,2.0,0,0,bronze
65acc8a15459519fe9efb12b5e74bf80,91.75,1,91.75,,6.0,1,0,bronze
65ae5594fc1cdc2166f8787adbb3c617,175.9,1,175.9,5.0,13.0,1,0,silver
65afec511846f28c3a848b24df189761,45.31,1,45.31,2.0,41.0,0,0,bronze
65b5d23882e2bae83a96fec6a722bef2,117.77,1,117.77,5.0,4.0,1,0,silver
65cc6ddba5e30243e0eb17d9a58817c1,263.59,1,263.59,4.0,1.0,0,0,silver
65ce5ba03f36434838ce04d66b622735,396.32,1,396.32,5.0,11.0,1,0,gold
65d786c10a2800d96bfb1d3051b07eb5,54.0,1,54.0,5.0,15.0,0,0,bronze
65f95ff8f1b2f2a617b558f0917da27c,232.07,1,232.07,5.0,8.0,0,0,silver
65f9921f70c022110d5cc227be50e7b7,142.89,1,142.89,5.0,11.0,1,0,silver
65fcbdbc7a49aa2464ace43850e11d6e,22.77,1,22.77,4.0,17.0,0,0,bronze
6601512778b46c301f29d2d16848cc28,76.98,1,76.98,5.0,7.0,0,0,bronze
66026cfe6ed4aeae90c27f9e1ef2e857,32.38,1,32.38,4.0,5.0,0,0,bronze
6602e7e0fd01e2fe3e09e73782847478,240.61,1,240.61,5.0,10.0,0,0,silver
6605ec930de757543bfa84fcbdd9de56,71.46,1,71.46,5.0,5.0,0,0,bronze
66188f508ca1a7cdfa3c961bed9eef92,110.42,1,110.42,3.0,6.0,1,0,silver
661d5fb4ba175a473be68268caed1651,69.71,1,69.71,5.0,6.0,1,0,bronze
6620b53e2b76b2ccf10995144d060bd6,79.09,1,79.09,5.0,10.0,0,0,bronze
66281411321f598e4de5c7057fdfa0a1,132.05,1,132.05,5.0,4.0,0,0,silver
662a6fec6786ccf6a59735dfb7979baa,95.34,1,95.34,3.0,19.0,0,0,bronze
662fca09527fb55e4d59c0560e08d00c,55.27,1,55.27,3.0,7.0,0,0,bronze
66359328632b4f86794ce0cd2596e48c,184.45,1,184.45,5.0,4.0,1,0,silver
663d5a1d3fccfad3a3c4574072794a8d,197.87,1,197.87,2.0,5.0,1,0,silver
663e0c3fcc4539ab7c6ff524727238fc,122.5,1,122.5,5.0,10.0,0,0,silver
6647d4444fa63e05f6a4e1ce7a966a20,166.63,1,166.63,5.0,7.0,1,0,silver
664fe7916cb8709c6b848383c6361dcc,306.1,1,306.1,5.0,5.0,1,0,gold
6655a87e53e4d64c199d6d52c29e4ffd,237.98,1,237.98,5.0,13.0,1,0,silver
66641d84d1be8eb3a653caf82fb40a9d,53.81,1,53.81,5.0,4.0,0,0,bronze
6664c325d22c0254b031ad0340d05c98,87.17,1,87.17,1.0,33.0,1,0,bronze
666ecb6e95229b21b765b0c7f235991c,350.18,1,350.18,5.0,11.0,0,0,gold
666ffb10cccacedbca81902616a4e09b,95.65,1,95.65,3.0,9.0,0,0,bronze
667a6c1065219df6e6b37ef29fe2bfe8,167.14,1,167.14,1.0,9.0,1,0,silver
66825e86b4e55808007214c22ebb9167,63.65,1,63.65,5.0,2.0,0,0,bronze
66847a47b031443cbaa8f9f974013f53,138.15,1,138.15,4.0,24.0,0,0,silver
668a1b9c6d03a80a1dc25b352b603103,479.77,1,479.77,4.0,14.0,1,0,gold
668ddbdd3ee99d4339eadfef21531d45,222.83999999999997,2,111.41999999999999,1.0,11.0,2,1,silver
669e24f5e9c4868fb75106f6f96dc1ef,579.22,1,579.22,2.0,2.0,1,0,gold
66b11d3157614b5cdfc21b5b083ad0a9,46.0,1,46.0,5.0,8.0,1,0,bronze
66b609f84df5b48c06e4c2fee0c1bdb1,58.31999999999999,1,58.31999999999999,5.0,13.0,0,0,bronze
66bcb5fd006123f74d979e37522b1b56,45.53,1,45.53,5.0,13.0,0,0,bronze
66bde9319d0498a39252d4572d63cab4,154.42,1,154.42,1.0,38.0,1,0,silver
66e775ac24247ce2c55890a835fb0484,511.23,1,511.23,5.0,9.0,1,0,gold
66f12d134c2a22e83415adbe796c02b5,97.79,1,97.79,4.0,12.0,0,0,bronze
66f545356c968f0aea66107cd8c2da7f,176.16,1,176.16,2.0,5.0,1,0,silver
6702ef98fc8c080a9f6d2d5725cf33bd,41.68,1,41.68,4.0,5.0,1,0,bronze
6705554fcc2578a2b76b6b1b65df2a75,164.06,1,164.06,1.0,5.0,1,0,silver
670938c07220d50e8f258eef5f3e6872,92.9,1,92.9,5.0,6.0,1,0,bronze
6718d1eb924084f94504b7a042b7678f,89.05,1,89.05,5.0,18.0,1,0,bronze
6727b0932d03a7dd420b9ddffcc51257,66.82,1,66.82,5.0,13.0,0,0,bronze
672afa8a0a510643b1be75d99ec3dab5,193.14,1,193.14,5.0,9.0,1,0,silver
672b26e7ff626fde67fe227d535780ba,67.72,1,67.72,3.0,5.0,0,0,bronze
673e1a98d359aa4eebe7722f4864c86f,1315.9,1,1315.9,4.0,16.0,0,0,platinum
6741fe058b7a7605920b9060b234294e,290.0,1,290.0,5.0,6.0,1,0,silver
67433d3ca36736e897ac66c01a8b64ee,187.41,1,187.41,5.0,17.0,0,0,silver
6747886441389831020c1833d24b162f,208.34,1,208.34,5.0,6.0,0,0,silver
6752b6a9eaae810242a2428c7b1a6699,35.0,1,35.0,5.0,16.0,0,0,bronze
676a7f78ff21f6e3794887c4ee27ca6c,307.9,1,307.9,5.0,11.0,1,0,gold
676dba30d784260b87b27020532a4627,87.76,1,87.76,1.0,,0,0,bronze
6770e2d6c610fd5a6567c313790b34df,128.11,1,128.11,5.0,2.0,1,0,silver
67819f459b103e4f6120735e1359e8c1,88.74,1,88.74,5.0,3.0,1,0,bronze
6788c2de733d940f2a56920fd7054a9c,83.0,1,83.0,2.0,6.0,1,0,bronze
67903a0796622001d5ac40144df141a4,57.27,1,57.27,5.0,21.0,0,0,bronze
679d04027a902ad4c19da1382962a420,351.27,1,351.27,5.0,32.0,0,0,gold
67a463c2018e578682a3938b14b1acaf,53.01,1,53.01,5.0,23.0,1,0,bronze
67a5e8eca251d86ff898217c9648c690,235.19,1,235.19,5.0,6.0,0,0,silver
67abac71486100eb7aa1139abf5f7be9,117.43,1,117.43,3.0,10.0,1,0,silver
67ac6cb44629d3f7b3183a375232a658,128.26,1,128.26,5.0,4.0,0,0,silver
67acaaf66f8c15f4e49d8bf661665ce2,128.3,1,128.3,5.0,11.0,1,0,silver
67bb7d09b5d053cae4d21ebe021def0e,59.24,1,59.24,5.0,16.0,1,0,bronze
67bcbb23316612ab049fe5264bd5a16c,135.48,1,135.48,1.0,46.0,1,0,silver
67be3c141900e159ddc8906888d4887a,460.87,1,460.87,4.0,7.0,1,0,gold
67cc9e01f369c13b1b2efe553ec7b349,199.15,1,199.15,5.0,4.0,1,0,silver
67cce2f1e7855cac590025a05419dc6b,144.89,1,144.89,4.0,16.0,1,0,silver
67d6a4689d69970e70ea9a37ec01b17e,60.26,1,60.26,,4.0,0,0,bronze
67e529188d2da2f4f12220e16fe2c371,73.32,1,73.32,5.0,,0,0,bronze
67e59a85e9ff085410ba377fb4226f52,289.11,1,289.11,5.0,8.0,1,0,silver
67ecbf1f06c3a1649d5d6c5e15ea1a8a,206.7,1,206.7,5.0,7.0,1,0,silver
67ef79c4785a569d7ab5511473b019ca,212.88,1,212.88,5.0,9.0,0,0,silver
67f3216febf1db6d766483d7ea9ca752,121.98,1,121.98,5.0,12.0,1,0,silver
67f9b5c523158399b3d195486f8ff93f,130.56,1,130.56,5.0,11.0,0,0,silver
67fcfe4915b93624867d350b8191ff7b,60.62,1,60.62,5.0,16.0,1,0,bronze
68007d8eb53ede6ef0c8fe8f7cfa0dd0,164.31,1,164.31,5.0,4.0,0,0,silver
6809a0e1b9eb9d98b7c4ae5370f3035d,96.8,1,96.8,1.0,9.0,0,0,bronze
680f0cd9dc55b9cbf4ab63649fafef44,38.01,1,38.01,4.0,8.0,0,0,bronze
6810764139c444da2e9d6d18659e0398,38.01,1,38.01,3.0,12.0,0,0,bronze
6829a606f6bd8cd46ca15c799d2dd71e,341.62,1,341.62,5.0,6.0,0,0,gold
682fabd9b6e611941bab89018e79182e,46.0,1,46.0,4.0,28.0,0,0,bronze
68381dd3fadb0c28e9dba80120e80344,206.87,1,206.87,3.0,11.0,1,0,silver
683aa0a880c1e5b4fe2aa8ca8b6eafd2,48.62,1,48.62,5.0,3.0,0,0,bronze
683cda1913456fb0cca302892b37a052,135.46,1,135.46,1.0,,0,0,silver
6841a34a648563ff3b3eced09d0d3633,188.94,1,188.94,5.0,6.0,0,0,silver
68454dbbc379cc4609e578fab1e0cca8,254.47,1,254.47,3.0,22.0,0,0,silver
684fda5905aa430123c7b293106a337b,67.5,1,67.5,5.0,17.0,0,0,bronze
685217c8a7f64006b29129d207c29e47,58.39,1,58.39,5.0,9.0,1,0,bronze
68549c5460dc3dac8e4f0e6f84f7b722,149.16,1,149.16,5.0,12.0,0,0,silver
685fe057427e2f584aadce80ca79dd98,93.17,1,93.17,5.0,6.0,0,0,bronze
6861be7c47819049f96ce098fa072e3a,79.38,1,79.38,3.0,25.0,1,0,bronze
68626709345049fe1e160e86baa7766b,67.24,1,67.24,5.0,10.0,0,0,bronze
68662748141dbba8076b5d0e10565c2b,117.97,1,117.97,5.0,7.0,0,0,silver
686bcb9625a425bec2ff7d8eba79c245,19.39,1,19.39,5.0,6.0,0,0,bronze
686c77bec96f5d95a5633726eb32d4a5,178.47,1,178.47,5.0,24.0,1,0,silver
6871b052a835417d6d2e11153e0d3c2c,125.06,1,125.06,5.0,6.0,1,0,silver
6873126f83a50571c29ddf214c81e9d0,187.37,1,187.37,5.0,7.0,1,0,silver
687728d2f6b44a8c1af4ec3edec6f1a0,34.86,1,34.86,4.0,10.0,0,0,bronze
687974d957a0b4ffd69c57b449238b3f,178.97,1,178.97,5.0,15.0,0,0,silver
6879d467c6969cf149a17b5813535837,63.01,1,63.01,1.0,6.0,0,0,bronze
687c8082beea27b62d88da5d0885f5fa,71.35,1,71.35,2.0,5.0,1,0,bronze
687f050960a5721fe9a456227db250e3,130.33,1,130.33,5.0,9.0,1,0,silver
68879d9986551c8c9e7bd1686195402d,108.22,1,108.22,5.0,25.0,1,0,silver
689458f1392c3090f070b00dddb2a903,105.28,1,105.28,5.0,16.0,1,0,silver
6894b2a8a74e1c7fb9452d0cb861e634,88.66,1,88.66,3.0,11.0,1,0,bronze
6897ea9a949c1009af8cc38e691f260b,128.1,1,128.1,5.0,4.0,1,0,silver
68a86584e83424bd03a1af57d79c693f,146.12,1,146.12,5.0,15.0,1,0,silver
68ae819c73eb9de8d35cd66a147f0a68,279.04,1,279.04,5.0,9.0,0,0,silver
68e7a15ebbdef8c710aece489f7b7499,130.8,1,130.8,5.0,5.0,1,0,silver
68eda43465aed52e460e912f9bb53707,100.63,1,100.63,4.0,4.0,0,0,silver
68f3a52343959c68d75e042cf82726cd,44.09,1,44.09,5.0,14.0,1,0,bronze
68f512f9bf47f2a0457f9521c4cfc45b,192.66,1,192.66,1.0,,0,0,silver
68ff795f56b9fa2dee4c346fa66c3942,209.46,1,209.46,1.0,8.0,1,0,silver
690081daddd817b7525ee7bf828319d3,70.8,1,70.8,5.0,6.0,0,0,bronze
69077f31b92af4dc538b15a98126bfae,157.21,1,157.21,4.0,7.0,1,0,silver
690dc6aeb81e9ea0606f3817c011077c,41.64,1,41.64,5.0,5.0,1,0,bronze
690ec510bf4201426e227f92a5581725,150.69,1,150.69,5.0,11.0,1,0,silver
6916bae3f7ff69e56cb6cfb3c10d5cbb,216.83,1,216.83,5.0,12.0,1,0,silver
69265054c8f3bbe54909219e9b2e6af7,475.0,1,475.0,5.0,11.0,1,0,gold
692f07e35f5f9795214a096a0acbff8c,148.32,1,148.32,1.0,5.0,1,0,silver
693343dbec3bbc6b1641ee705715a12f,137.93,1,137.93,5.0,12.0,1,0,silver
69396490c66383feb185b18b41e94bfb,86.96,1,86.96,3.0,14.0,0,0,bronze
6940e424e41600ef36c79b6d8b4a2ecd,54.77,1,54.77,4.0,2.0,1,0,bronze
69446a8db60fc5dea48ea9ec3478f36a,48.41,1,48.41,1.0,,0,0,bronze
694770a8ad05691bdaed8ffff38813e2,92.35,1,92.35,4.0,22.0,0,0,bronze
6948c3ead81cb5ad121a53836d6bd858,216.05,1,216.05,5.0,9.0,1,0,silver
6950a34bc57639c8a5c66e4022979776,39.61,1,39.61,4.0,26.0,0,0,bronze
695a55275fe6b007b1b6d782c3170530,56.78,1,56.78,5.0,4.0,1,0,bronze
695a6fa8320a8e2a9e2117e3c10848e8,90.3,1,90.3,5.0,7.0,1,0,bronze
695b1a9949ea23a94dc3ce68267c66ee,80.1,1,80.1,4.0,8.0,0,0,bronze
696a2f1950c88be3239b808d2fa0e35f,90.88,1,90.88,4.0,11.0,0,0,bronze
696a957f29ce7dd9d5ae5577cbb2e3ba,49.28,1,49.28,5.0,5.0,0,0,bronze
697452ef6f8c549b18ffecd3e0197460,107.9,1,107.9,4.0,7.0,1,0,silver
69774f3da0d25fb8a277118151f994f3,151.69,1,151.69,5.0,13.0,1,0,silver
697ec8baca2a81f1ebee54b59b1e8ec9,94.19,1,94.19,5.0,8.0,1,0,bronze
698118425f0afbd4bee557e51b6bd49b,237.24,1,237.24,1.0,22.0,0,0,silver
698a9cafcc15cac8cdbaee64adc6efbe,220.07999999999998,2,110.03999999999999,2.0,32.0,2,1,silver
698ffce09a7b0d5674f46ed3a048bb23,74.2,1,74.2,1.0,11.0,1,0,bronze
6991bf68b10037559555b50b9ec0892a,109.89,1,109.89,4.0,6.0,0,0,silver
69922cbc1f7d7d6d93b54690e035df43,350.84,1,350.84,5.0,1.0,1,0,gold
699fa17462938d7808065e2254ebae3e,312.59,1,312.59,1.0,7.0,1,0,gold
69a8def672a4f3bcb373cb689b26d656,39.04,1,39.04,3.0,11.0,0,0,bronze
69abb26d2334dc4f4c622b76a5f4f3e9,68.87,1,68.87,4.0,3.0,1,0,bronze
69b09832dc41358029209b44f47854ff,154.83,1,154.83,5.0,21.0,1,0,silver
69bca851efc5475da13b7afd0633fef0,98.14,1,98.14,1.0,9.0,0,0,bronze
69dcd2dc479281caa1feb5138428de2e,97.35,1,97.35,3.0,6.0,0,0,bronze
69de2f5d39283da764d28336701fa8e8,171.4,1,171.4,5.0,8.0,0,0,silver
69df6389e17a3ad6ce1c4a1b7fcf2d99,180.6,1,180.6,5.0,11.0,1,0,silver
69e27423d164d49d94d6be3f2d798320,190.37,1,190.37,1.0,48.0,0,0,silver
69ea286615f18c04fae5663212a5cef7,107.78,1,107.78,5.0,13.0,1,0,silver
69f209c87656328a84be38ce7813d2a1,52.57,1,52.57,5.0,8.0,0,0,bronze
69f2b91e480abdf906b7ea6c430397d4,117.26,1,117.26,3.5,27.0,1,0,silver
6a015fe2d51ae41c3a73e35aab508644,92.34,1,92.34,5.0,8.0,1,0,bronze
6a0d68294a58730f94eab8de2abcf050,99.65,1,99.65,4.0,19.0,1,0,bronze
6a104b6a3a4525c71c6eb48cff25c6a8,139.02,1,139.02,5.0,14.0,0,0,silver
6a140ba4cf08e0d893b81b5ec7264d86,96.65,1,96.65,2.0,8.0,0,0,bronze
6a1bc53ef4693bbe8605a81c7646f811,168.03,1,168.03,1.0,9.0,0,0,silver
6a26d5fa9dcccb658279cba67bf50c1f,322.84,1,322.84,3.0,9.0,1,0,gold
6a2da481aa7827b951175772a0fe8bb8,73.04,1,73.04,1.0,,0,0,bronze
6a3aeedca3ea85cf215bf10009b013af,91.29,1,91.29,4.0,6.0,0,0,bronze
6a3dabac1e1385555cd423ea8fef12c9,403.8,1,403.8,5.0,27.0,1,0,gold
6a40f754c2e8908ff6d13430e6342c29,147.39,1,147.39,1.0,,0,0,silver
6a4198de80204cda3d91dc2abf851a5f,238.5,1,238.5,4.0,13.0,1,0,silver
6a449edf2ca1d673c2f19ad18ff1f1b7,147.99,1,147.99,5.0,26.0,0,0,silver
6a49b3fc10735a82efd288521110a016,65.89,1,65.89,4.0,6.0,0,0,bronze
6a4ed801b3dc07f27715cb3075d5ace3,183.03,1,183.03,3.0,5.0,1,0,silver
6a612d163c494321a5a32bca5f558296,141.15,1,141.15,5.0,4.0,1,0,silver
6a6cea49d5f0a68c6c173ada599bfa0a,46.78,1,46.78,5.0,2.0,0,0,bronze
6a735d48c5116d8b8b182d99b3f8f304,111.74,1,111.74,4.0,7.0,1,0,silver
6a76aaea8c801ce1685fda1501bce5c8,63.15,1,63.15,5.0,26.0,0,0,bronze
6a7ab554bd7fea69443fe5794ddd1ee4,72.95,1,72.95,3.0,5.0,0,0,bronze
6a81fb4e2dc07a9b711cd73142689ee7,21.65,1,21.65,,9.0,0,0,bronze
6a8406da41b9f26292e637bff198c58e,29.75,1,29.75,4.0,11.0,0,0,bronze
6a8733ff8b8426816669b13aa1f07501,62.01,1,62.01,5.0,11.0,1,0,bronze
6a8a24e593bae849d77f65cae0afd180,46.72,1,46.72,1.0,4.0,0,0,bronze
6a8dcfadfdfb2795650598f3487d4b1d,501.5,1,501.5,5.0,15.0,0,0,gold
6a9228e8188372259d9a1db0e80b5af8,97.29,1,97.29,1.0,15.0,0,0,bronze
6aa828fc903b810472cff927dd42b500,1730.87,1,1730.87,5.0,8.0,1,0,platinum
6aaf7b14b33d2f1f51397037f629106f,33.79,1,33.79,5.0,15.0,0,0,bronze
6aafc69e80792b9414523f5c1ea0beeb,31.42,1,31.42,2.0,3.0,0,0,bronze
6adeaed123a313f1dfa85b88340eb037,49.22,1,49.22,5.0,2.0,0,0,bronze
6aeda374388a88b53009e1ed989a7c23,69.05,1,69.05,5.0,6.0,0,0,bronze
6b016ce767bbafe912ab0b8dce8e245b,98.56,1,98.56,3.0,11.0,0,0,bronze
6b05f764fe21c3c6bde59fa4d374630b,22.78,1,22.78,4.0,10.0,1,0,bronze
6b1070bfaad94d225e6cab57b47e2326,128.27,1,128.27,5.0,7.0,1,0,silver
6b18bd1ac98f8f5265594f0cfcbcb30f,858.65,1,858.65,4.0,11.0,1,0,gold
6b2135fcabed65970ffcf4421ab5696a,68.52,1,68.52,3.0,13.0,0,0,bronze
6b2d847a2beb67979c9dc075351c328e,93.87,1,93.87,5.0,9.0,1,0,bronze
6b3a47841eeaf152946111ef677b582d,46.48,1,46.48,4.0,3.0,0,0,bronze
6b3fb51dde6540257d99d154d4b38538,104.61,1,104.61,4.0,3.0,1,0,silver
6b52d3725aa7cca24203308be666308b,97.2,1,97.2,1.0,,1,0,bronze
6b595d38cb0d0c5dca0ca4de1b97b116,228.71,1,228.71,5.0,15.0,1,0,silver
6b5d264c4c5420dc3bcfeeeb6e1e9ab8,34.8,1,34.8,5.0,4.0,0,0,bronze
6b5f8b8710cf531f0468d3cb960b0806,121.09,1,121.09,4.0,14.0,0,0,silver
6b6489fcfbf65f1bd527ac3ef9bad4c3,54.35,1,54.35,5.0,15.0,0,0,bronze
6b6b1f0c96816bb7327a03cf006811be,37.53,1,37.53,5.0,8.0,1,0,bronze
6b72249ecff4348bd469e64725403973,186.1,1,186.1,4.0,12.0,0,0,silver
6b75a4b9cff608edeaaafc57e14f7b78,165.0,1,165.0,5.0,4.0,1,0,silver
6b7aef98835928c0e5483ff155dfbe59,117.96,1,117.96,5.0,1.0,0,0,silver
6b7b49faa7feb7c082a9498c2bb5f682,37.28,1,37.28,5.0,7.0,0,0,bronze
6b84d644d67c3df2d6fdb5af8519002f,453.92,1,453.92,5.0,14.0,1,0,gold
6b88a221ce37fa2bb4f67acf27e56716,364.99,1,364.99,5.0,13.0,0,0,gold
6b90870791b88e4300c3e15816b18660,125.0,1,125.0,4.0,15.0,0,0,silver
6b9144a4f711402f2a709d175c210271,115.45,1,115.45,4.0,15.0,1,0,silver
6b930bea0ffc115fcc469350bc3ad875,35.77,1,35.77,5.0,4.0,0,0,bronze
6b93b87b38cd00d88bba92e075330fc7,113.97,1,113.97,3.0,15.0,0,0,silver
6b98fe65e7c0ce4ba01c231fa7e91ae1,75.65,1,75.65,1.0,11.0,1,0,bronze
6b9f9457656ec75ef2faab619e99b9a0,119.32,1,119.32,4.0,6.0,0,0,silver
6ba1b64784112741f73ac654c4758a17,89.35,1,89.35,5.0,7.0,1,0,bronze
6ba5b2dcb81470882212da717a171539,368.04,1,368.04,4.0,12.0,1,0,gold
6ba987d564bad1f9da8e14b9d3b71c8f,58.99,1,58.99,1.0,8.0,0,0,bronze
6baaa78bcfa57252541e4714f9bcd1a6,48.71,1,48.71,5.0,2.0,0,0,bronze
6bae3d248c2fcb847d59a027b4c30c89,240.41,1,240.41,5.0,15.0,1,0,silver
6bb0bebc0758e1a834cb5bf96b6d8feb,103.99,1,103.99,5.0,4.0,0,0,silver
6bb535b0906b43e0041916897667aeed,604.51,2,302.255,3.0,15.5,2,1,gold
6bba23de837cf1e59f413f40a6541ff8,63.09,1,63.09,5.0,13.0,0,0,bronze
6bcd85a35af3d6d244b6494062b825c7,126.64,1,126.64,5.0,5.0,0,0,silver
6bd33258105ef24dbf6d82bb7e3a06b2,44.13,1,44.13,1.0,45.0,1,0,bronze
6bd3f57827bb82cb387edf931285a798,80.92,1,80.92,5.0,14.0,1,0,bronze
6bd78302ea029f16f0f8693533ee3853,162.45,1,162.45,,54.0,0,0,silver
6be6f25b5c6e48a53dbb51513ef097df,64.96,1,64.96,5.0,10.0,0,0,bronze
6be90bc12a5834bb6bbe23c4901d0dc1,270.55,1,270.55,1.0,7.0,0,0,silver
6bf245ddc29953483253de1f6fd2b538,35.34,1,35.34,5.0,3.0,0,0,bronze
6bfc0d51218c164f5d11916e1a102931,82.23,1,82.23,5.0,13.0,1,0,bronze
6bff5803c1611ebd780deaca03241950,162.25,1,162.25,5.0,6.0,1,0,silver
6c005d6d2d21634f3eabb0720c780d75,32.38,1,32.38,5.0,6.0,1,0,bronze
6c046e8d29ded86ad39d782170edf524,47.38,1,47.38,4.0,21.0,0,0,bronze
6c09a1b2276ad843fe5649cb2f92660c,430.67,1,430.67,5.0,7.0,0,0,gold
6c0f6749866571592a80c399f60fb6b7,73.34,1,73.34,5.0,5.0,1,0,bronze
6c167f1de1d190e99e780acf517180dc,77.68,1,77.68,5.0,10.0,0,0,bronze
6c1a470cc3b59370f0c874af9d0959dc,399.35,1,399.35,3.0,21.0,1,0,gold
6c20a0d058797463344295d2df549503,207.26,1,207.26,5.0,2.0,0,0,silver
6c22b9240a6b55d951f06b010cd1bcdb,61.23,1,61.23,5.0,4.0,1,0,bronze
6c24363a631b5b08a9ece392fa118f97,151.7,1,151.7,5.0,8.0,1,0,silver
6c2945276e9222a1e14e3d367b901cc7,187.41,1,187.41,2.0,53.0,1,0,silver
6c2a27c6a9e47ecc62abe7181a923c77,62.06,1,62.06,5.0,6.0,0,0,bronze
6c2e4dbc3c117549d6dc5653b53a7f2c,322.02,1,322.02,1.0,9.0,1,0,gold
6c3149b464ba67c6ce241be6d89c9a75,265.85,1,265.85,5.0,8.0,0,0,silver
6c31ede5f3fced7a46a2ed81394f74a7,53.01,1,53.01,5.0,9.0,0,0,bronze
6c44c703ec4f7ebb1b595fc4cd05a244,106.38,1,106.38,5.0,13.0,0,0,silver
6c714b014e84bfb2f117ed8429e63c9f,21.38,1,21.38,4.0,7.0,0,0,bronze
6c8972c9af5f8ec1612b9f2125ae7a6f,551.32,1,551.32,,10.0,1,0,gold
6c9588c03409d1e550705653ca2b30b2,69.24,1,69.24,5.0,11.0,1,0,bronze
6c969712f2adb433c03b309752245b3a,247.31,1,247.31,5.0,7.0,1,0,silver
6c9ad578a9b3a760bc9111c35be1ef88,228.67,1,228.67,3.0,14.0,0,0,silver
6c9b828f9149c5b438a70cc61b02c1f8,511.37,1,511.37,5.0,35.0,0,0,gold
6ca0aea69fb3cdae75e045e6e0e39b07,207.33,1,207.33,4.0,6.0,0,0,silver
6cb48842b3e037bfaf046b60186b3a49,106.16,1,106.16,5.0,9.0,1,0,silver
6cb4d7965bc47c9c8d42145db31df588,59.25,1,59.25,5.0,19.0,1,0,bronze
6cc49dacefbda29910f00542b05a0031,101.41,1,101.41,1.0,32.0,1,0,silver
6cc912d1c55264833107f685747bc658,178.52,1,178.52,5.0,10.0,1,0,silver
6cc97df6f83c4d09d9c75bc9cf2afd50,89.96,1,89.96,5.0,14.0,0,0,bronze
6ccb05a350a2e27145d56bc51cc3e40d,110.63,1,110.63,5.0,7.0,1,0,silver
6cd478432b3e6e414b3d01e54870e371,361.17,1,361.17,5.0,20.0,0,0,gold
6cd62cc4c0a89fb414ae292c6da98efc,112.96,1,112.96,5.0,5.0,1,0,silver
6cde5ed6a701131f96b598d4490ce710,74.97,1,74.97,4.0,7.0,1,0,bronze
6ce2c010b9675d72eb43d7d311d9423a,21.45,1,21.45,5.0,6.0,0,0,bronze
6cea4abf8f997010abe48d8b4ef9c5f2,41.01,1,41.01,4.0,10.0,0,0,bronze
6cea7344eaa5c7532f8b12282b4b2735,65.0,1,65.0,5.0,13.0,0,0,bronze
6ceba80b09219eea72938cca246b5339,314.3,1,314.3,5.0,1.0,1,0,gold
6cedfe5a1784562eb0b8a063d62f2c29,55.83,1,55.83,4.0,17.0,0,0,bronze
6ceff3cb853ade32dd240973b6812e62,28.13,1,28.13,5.0,11.0,0,0,bronze
6cf5a61d865d979d060812cdb48ce484,317.29999999999995,2,158.64999999999998,5.0,11.5,0,1,gold
6cf79af1832aa0475eb3a0945b792a9e,363.46,1,363.46,5.0,3.0,1,0,gold
6cf8793a63d3b4b2f8af32ac5d87ed98,36.0,1,36.0,5.0,10.0,0,0,bronze
6d06583742c138d70b952a6f5f4fd62c,192.66,1,192.66,5.0,9.0,1,0,silver
6d0845fb78d828c58be539febc4d4a8b,274.29,1,274.29,2.0,15.0,0,0,silver
6d0adae41a0776971a730b8f95be74b2,166.29,1,166.29,5.0,17.0,1,0,silver
6d0d423516a68d7b751cdab41deb0539,292.86,1,292.86,5.0,1.0,0,0,silver
6d1206f12bfcc03a5eb67892d3a6d86e,318.69,1,318.69,5.0,16.0,0,0,gold
6d1213d0a8cccfa5cdb1b693fd388055,29.49,1,29.49,2.0,33.0,0,0,bronze
6d1567ecaece28a7f2f48ddc82162aac,66.78,1,66.78,1.0,29.0,0,0,bronze
6d21443a02f0993b8262cf0da414929b,57.03,1,57.03,3.0,26.0,0,0,bronze
6d3db38fba37e90265c4c641fdcf8228,69.07,1,69.07,5.0,6.0,0,0,bronze
6d44ca47f1c510df4438031a57fe30ea,82.55,1,82.55,4.0,10.0,1,0,bronze
6d4f8f9b9520103722945bb5ddf878d2,90.6,1,90.6,5.0,17.0,0,0,bronze
6d54f758264b43d6ce8d84c33fbd73c1,103.19,1,103.19,3.0,6.0,0,0,silver
6d5bdbc8e32dd02fa1d2fa4250625af3,355.06,1,355.06,3.0,14.0,1,0,gold
6d5e4477b9757cc918e0ead36a80643e,277.08,1,277.08,5.0,12.0,1,0,silver
6d5e4aeab1ba2f977475eee031e74e9a,151.99,1,151.99,5.0,19.0,1,0,silver
6d5fb2675f2ec46c06cc8c79aff628bd,183.82,1,183.82,5.0,8.0,1,0,silver
6d6bb30745d6e09085783d23a5c2e7d6,177.6,1,177.6,5.0,10.0,1,0,silver
6d742fbb67a43981bf79c0f6a24cae38,350.26,1,350.26,5.0,4.0,1,0,gold
6d780482b7719d663ea50118c3f5ae7c,75.07,1,75.07,5.0,17.0,0,0,bronze
6d78a5a0d52c0259e73fb97d61205e54,85.49,1,85.49,5.0,5.0,0,0,bronze
6d7dcece246bf88e8ee4b1654441749f,113.82,1,113.82,3.0,9.0,1,0,silver
6d83f30c80095bf7c08b1cf438f9fb74,32.38,1,32.38,4.0,6.0,0,0,bronze
6d884f62681147d301bb0517fb0c50e2,150.54,1,150.54,1.0,6.0,0,0,silver
6d91f649550081a2a1ca1d69a71eec64,42.47,1,42.47,5.0,5.0,0,0,bronze
6d9284ebe2826c96d9be5d939fd7b1b2,43.0,1,43.0,1.0,40.0,0,0,bronze
6d9340cff66614691b64758da5a28d53,53.1,1,53.1,5.0,7.0,1,0,bronze
6d9760d712a88a72d89fe864701f1797,64.0,1,64.0,4.0,14.0,0,0,bronze
6d9ccbd8cc7ce34491c34c7ce5d03767,20.13,1,20.13,1.0,12.0,0,0,bronze
6da8c333ff27c34a89f60c3a8b8f3e34,165.04,1,165.04,5.0,3.0,1,0,silver
6da978ae0a1651e61c566f73e571f279,43.41,1,43.41,1.0,,0,0,bronze
6db237ce2f0442b62f401b0939ee970d,154.36,1,154.36,1.0,13.0,0,0,silver
6dbf7365fd4374ab42a9b0471536ea8e,178.85,1,178.85,4.0,12.0,1,0,silver
6dc8abae1493d294e5b863a73ad7c975,279.4,1,279.4,5.0,9.0,1,0,silver
6de77ffc3e5e321221ec0c1740a0503e,47.05,1,47.05,5.0,7.0,1,0,bronze
6de78a9681ca952a92d3bca63e44f9c4,69.33,1,69.33,5.0,5.0,0,0,bronze
6df09d94fdc9778210ca001e53325cff,252.59,1,252.59,5.0,6.0,1,0,silver
6df2852275aab34523dd35a3041c9378,197.5,1,197.5,4.0,11.0,1,0,silver
6dfa7ab54f2b76b30f635565a163e347,69.7,1,69.7,1.0,6.0,0,0,bronze
6e03409953396c1e3383410dad7d313a,139.0,1,139.0,3.0,3.0,1,0,silver
6e0547a3483b069df1f0fb2414669584,149.01,1,149.01,5.0,9.0,1,0,silver
6e0d94e83bae00a64c12c9497158ee1c,35.4,1,35.4,5.0,15.0,0,0,bronze
6e0e3c6485417542b5e5dc80dd6139d4,133.25,1,133.25,4.0,8.0,0,0,silver
6e0e92be4298dc2648e96d67d4a44c96,99.58,1,99.58,5.0,4.0,1,0,bronze
6e0ec378d6238f9d49e023d0567db943,70.63,1,70.63,3.0,9.0,0,0,bronze
6e135ee2582e4594c3bb59e831e86d73,242.49,1,242.49,4.0,10.0,1,0,silver
6e14116d3471123fcf057c203fd7e801,132.37,1,132.37,1.0,,1,0,silver
6e150ef7a49e637c352b99a1379fbe11,112.69,1,112.69,1.0,22.0,1,0,silver
6e1550b8966f327f29bc06b18972dbec,82.72999999999999,1,82.72999999999999,5.0,6.0,0,0,bronze
6e15afface3b405ed9f77cee4b5d2e9a,37.69,1,37.69,5.0,3.0,0,0,bronze
6e24457b3e5fbcb86beab8de6c1e9c21,331.8,1,331.8,5.0,18.0,1,0,gold
6e28e785f4011cbd0616332a9db3d1aa,491.98,1,491.98,5.0,27.0,1,0,gold
6e2c8f6010bda5e5ab4ef460f9a00b9c,100.22,1,100.22,4.0,7.0,0,0,silver
6e30911b215803b7f8666609bd0c8b54,140.89,1,140.89,4.0,30.0,0,0,silver
6e33b4c485130045873e13eac1b6cedb,87.8,1,87.8,3.0,10.0,1,0,bronze
6e34fc248820623116a0758654503707,298.5,1,298.5,5.0,16.0,1,0,silver
6e44eae728cc7202d1f6e3f5643a7977,57.68,1,57.68,5.0,6.0,0,0,bronze
6e49b8f05094ff7414bc62d284587b03,175.78,1,175.78,1.0,26.0,1,0,silver
6e4df650faf2c070fc5cbc95efd6c01a,51.7,1,51.7,1.0,5.0,1,0,bronze
6e585effe241882bc947bf1e7bff3fd3,118.17,1,118.17,2.0,15.0,1,0,silver
6e5ae65e6fe7ab42b23fd320e88ea33a,291.72,1,291.72,1.0,,1,0,silver
6e5d1583af43662a90f510c655aea105,110.2,1,110.2,5.0,22.0,1,0,silver
6e64dc929d62442c813375d68c4e0c2e,88.49,1,88.49,5.0,5.0,1,0,bronze
6e7a7fc98051aec20afe0f4559e3c114,110.98,1,110.98,5.0,6.0,0,0,silver
6e871c3bbb75ace129f8c75e006cdd86,236.23,1,236.23,5.0,9.0,1,0,silver
6e90e6c9f3c5677e9d9ce080b95eb0ca,328.14,1,328.14,1.0,8.0,1,0,gold
6e9bf221b0e8b8580e3c0acdfcdf832b,60.94,1,60.94,2.0,23.0,0,0,bronze
6e9d7c002cb4603011d3e83033b01878,65.8,1,65.8,1.0,27.0,0,0,bronze
6ea8b9c8b459ea401d6e3b50e3dd32a9,23.79,1,23.79,5.0,6.0,0,0,bronze
6eac3eae073adc25355cc57f815cd53c,214.14,1,214.14,5.0,2.0,1,0,silver
6ebecf9718a9fdd2d34ea36f36501420,137.16,1,137.16,5.0,0.0,1,0,silver
6ec20c2a8312b4a1a7497f70cc7004ac,71.14,1,71.14,5.0,22.0,0,0,bronze
6ec755d90bdc7f44bf3d9b61a095bd47,123.18,1,123.18,3.0,17.0,1,0,silver
6ecb4ff748c09778091d7cce6a1d2c0c,306.99,1,306.99,5.0,13.0,0,0,gold
6ed628057a5c2de01ff0ae9d58899352,155.45,1,155.45,5.0,15.0,1,0,silver
6ed6622087312134d9c5c2be77fd9672,67.59,1,67.59,5.0,2.0,0,0,bronze
6edb6d37f4e385515f898b31dafe8fde,78.19,1,78.19,4.0,6.0,0,0,bronze
6ee4074b0724daf14e0139782d157a27,826.29,1,826.29,5.0,13.0,1,0,gold
6ee5a0879c4bcd71bc0ae0352effd675,176.34,1,176.34,4.0,15.0,1,0,silver
6ee675c835d3c74e813ba0c547d28c38,145.14,1,145.14,4.0,31.0,0,0,silver
6eeec4347dc0ecf3acb5c845b6a51ee4,145.66,1,145.66,4.0,8.0,1,0,silver
6f019b3ae310ea52cebb131f8c4cb127,65.0,1,65.0,5.0,11.0,0,0,bronze
6f028dec6f26ff16182703be1453bfd4,150.56,1,150.56,2.0,25.0,0,0,silver
6f02dc885e257ccb161afd87a5ed4b6f,81.51,1,81.51,5.0,9.0,0,0,bronze
6f0439326aafc4f70f3a90c62e059290,435.59,1,435.59,5.0,15.0,1,0,gold
6f24ff160260946916900e65181e2ad2,84.48,1,84.48,5.0,9.0,1,0,bronze
6f2f8c29381369806e0f93391ad6812c,34.0,1,34.0,4.0,10.0,0,0,bronze
6f35424ab0a4f25807ac4e03b155832e,309.8,1,309.8,1.0,11.0,0,0,gold
6f36e0165218ac7ae521d8e44739e703,21.48,1,21.48,5.0,6.0,0,0,bronze
6f43a3caf66e172755857e20e4401c7a,347.37,1,347.37,5.0,11.0,1,0,gold
6f44e0e9c2553c98d619d8c5394f984f,65.13,1,65.13,3.0,13.0,0,0,bronze
6f4642a1b4232d126c5bff5cd2722b41,54.37,1,54.37,4.0,12.0,0,0,bronze
6f5de0a511d5e82fbd0cc9289ac9aa23,135.59,1,135.59,3.0,10.0,0,0,silver
6f5f535cc4a86eb0d1ca6a1def851039,58.27,1,58.27,3.0,27.0,0,0,bronze
6f6abab6ce3577a7a1bf6f5c6a64f9b7,125.36,1,125.36,5.0,6.0,0,0,silver
6f7737a9626f947936936b1b5b44a2f9,78.08,1,78.08,1.0,,1,0,bronze
6f820df40af70c41601be2d464c302e3,203.74,1,203.74,5.0,10.0,1,0,silver
6f84e5f81b7daece37fdddcc6cf99ad4,76.86,1,76.86,5.0,13.0,1,0,bronze
6fa6419bcefd27ea5180b5ae53b2d1e2,154.64,1,154.64,5.0,16.0,1,0,silver
6fa76b0d56f88c4685b9e12f1d8a4220,98.65,1,98.65,5.0,9.0,1,0,bronze
6fb14b8d512436392413ee0c70013680,132.38,1,132.38,1.0,37.0,1,0,silver
6fc4be26d93f94de084b9a929664c52f,27.95,1,27.95,5.0,11.0,0,0,bronze
6fcc1fbcfb53492479620eced99b191c,286.77,1,286.77,1.0,21.0,0,0,silver
6fd11ed41ea931e9ba7ef26aa9d60ebe,169.11,1,169.11,5.0,19.0,1,0,silver
6fd93c11a00e88c0ad43712cbfaa5296,153.01,1,153.01,4.0,10.0,1,0,silver
6fe26faf75fc7f7315498c9fe7eaaf4f,50.23,1,50.23,3.0,9.0,0,0,bronze
6fed7fe97f1d56bbc753e667fd8fe30c,147.64,1,147.64,4.0,2.0,1,0,silver
6ff6f2913b97c58e8c0a4c96d8de6158,37.38,1,37.38,3.0,7.0,1,0,bronze
6ffea6177ea740295d4e08a8fea2c144,116.96,1,116.96,5.0,5.0,0,0,silver
6fff1328c1b32410c5e154b8dc5fb209,211.93,1,211.93,5.0,12.0,1,0,silver
700a5f7e65dfd8b3fb6be10dff7e1065,204.2,1,204.2,1.0,31.0,0,0,silver
700bca91ce2b57d63ac40d9a28097da8,44.68,1,44.68,5.0,61.0,0,0,bronze
700e0d1f54a4261d5c8f5a310585cb23,68.57,1,68.57,5.0,6.0,0,0,bronze
701635fe6869cd63932e89043b1f192a,202.17,1,202.17,5.0,13.0,1,0,silver
7018a5e068b8fd0912fed2d02952df23,92.83,1,92.83,5.0,5.0,0,0,bronze
701aa00d300c1408d5c2411fcd14278f,159.21,1,159.21,5.0,9.0,1,0,silver
701cc8b09ef60639fe6a1ae73521bdbd,56.39,1,56.39,5.0,12.0,0,0,bronze
7030164c13386d397107bfdf15f3814f,93.65,1,93.65,4.0,10.0,0,0,bronze
70301687588c5e107bcb87aa0c217d31,54.74,1,54.74,4.0,3.0,1,0,bronze
7038565fb9bd5d66ded7e16c7ce02461,45.22,1,45.22,5.0,8.0,1,0,bronze
7038d2e4cfd7555e105bdfdd27e313f0,421.67,1,421.67,3.0,7.0,1,0,gold
703a328ef6bc82022db191222a960b19,147.37,1,147.37,5.0,17.0,1,0,silver
703cb1bb156410ae57a261ef0d0e7e1f,620.29,1,620.29,5.0,10.0,1,0,gold
703ebb717ef47804a35012c0c2231684,213.9,1,213.9,3.0,2.0,1,0,silver
7042babc504c3f7bdc6e77ad44094c6d,77.03,1,77.03,4.0,5.0,0,0,bronze
705748b59cffa9d676c096f44a227476,138.08,1,138.08,5.0,7.0,0,0,silver
70601471b692cc0879300373118041ff,11.56,1,11.56,5.0,5.0,0,0,bronze
706806c8617b39ccf0b7d8d1a7c9dbce,73.48,1,73.48,5.0,15.0,1,0,bronze
706c6cfe5101366f274a332a11671fa2,148.85,1,148.85,2.0,7.0,0,0,silver
706cdc310c7f626d1d2bc95c396202e5,50.89,1,50.89,5.0,8.0,0,0,bronze
707464f6fc1bb8238162a2ed443d226a,53.95,1,53.95,4.0,7.0,1,0,bronze
70748955e152a47ef2e75452a79e4660,270.99,1,270.99,3.0,17.0,0,0,silver
7076c8bf475d63bd8c9f25f764197e54,51.73,1,51.73,4.0,9.0,0,0,bronze
707c5b8a449863c2295db0b921143e31,84.14,1,84.14,4.0,7.0,1,0,bronze
7081f7f9be4363eefa6dcdb27fad2c28,60.19,1,60.19,5.0,8.0,1,0,bronze
708fbbcaa13e92334eede11fa5af2fe8,35.77,1,35.77,4.0,5.0,0,0,bronze
709c55160e3aa901bd65c0a59f49e61a,324.44,1,324.44,5.0,23.0,1,0,gold
709ff5911edcc0d227a46699d7842e66,169.83,1,169.83,5.0,8.0,1,0,silver
70a4250cbbffa9b3e3542eb6c84430d2,73.15,1,73.15,5.0,9.0,0,0,bronze
70afcf62dbcb85ba639147332897231a,88.37,1,88.37,5.0,1.0,1,0,bronze
70bf9fbc69f5912e6be8d044c07bf325,359.19,1,359.19,5.0,9.0,1,0,gold
70c2d396ea65224df3f901b0d0cd56c0,34.09,1,34.09,1.0,17.0,0,0,bronze
70c565c6054a5cf82f753fd1dddcd6eb,67.53,1,67.53,5.0,7.0,0,0,bronze
70c5c8376c293342409c02ca6d5e4ff0,136.14,1,136.14,4.0,186.0,1,0,silver
70c784e56dbb76f5bbbbeda25af36807,63.23,1,63.23,5.0,14.0,0,0,bronze
70c979e1f75c51572ddd307f0969ca4e,262.52,1,262.52,5.0,18.0,1,0,silver
70c98ee945d52f9457f70b10d5a6baab,29.01,1,29.01,1.0,,0,0,bronze
70cc968d94bf1dddfc2ad557945b222a,101.08,1,101.08,5.0,8.0,1,0,silver
70d9c1727c10dc6cd4187548784084bf,78.48,1,78.48,5.0,19.0,1,0,bronze
70dad00a4a0de4b6ff4e7757f3a75c9e,182.45,1,182.45,5.0,20.0,0,0,silver
70dc88c077a7a25029098b02931184a9,266.4,1,266.4,5.0,18.0,1,0,silver
70dec58f9de95bda4ee9f3449a683dde,154.19,1,154.19,1.0,,0,0,silver
70e750c49f6d47641efaaf010f906c5d,75.07,1,75.07,5.0,10.0,1,0,bronze
70ec0d94cb8fb8bebd175ffc701cf5d6,30.0,1,30.0,3.0,17.0,0,0,bronze
70f023b13072d262c2d27b022dd6e9c4,55.38,1,55.38,5.0,6.0,0,0,bronze
71048f40f553973d48d6fe35d01a3afb,122.19,1,122.19,,61.0,1,0,silver
7107fb477c1cee6a2f0e7a6e7b0ede4c,192.66,1,192.66,5.0,8.0,0,0,silver
710f38025cf5de52702ee2e4da7a71a7,96.88,1,96.88,5.0,2.0,0,0,bronze
71168dfb69f1d949ca08ba4f5474597e,219.67,1,219.67,5.0,7.0,1,0,silver
7119bf7ae87ab97626bb88f4752bf43a,1005.81,1,1005.81,1.0,4.0,1,0,platinum
711c6c5ac4008698e22fecedd6e0abad,118.17,1,118.17,1.0,50.0,0,0,silver
711f2abc1f74c977b64fb9320ff5bc64,76.57,1,76.57,3.0,7.0,0,0,bronze
71212d1db47114c75c2d8510ef4644fc,340.07,1,340.07,4.0,7.0,1,0,gold
712285b21e58e753e86b93a8358dd1a2,83.23,1,83.23,1.0,56.0,1,0,bronze
71277c015b606ecd63f5a907f91f72fb,74.18,1,74.18,4.0,20.0,0,0,bronze
712c4abfd9b054e7872aad2021a4aee3,212.73,1,212.73,5.0,10.0,0,0,silver
713110abe5de675d1513356694fe095a,285.79,1,285.79,4.0,4.0,1,0,silver
7132e82ade0e8ce5c0426005465f2216,157.79,1,157.79,4.0,6.0,0,0,silver
7148611df27dafdcc43298d60254d334,34.77,1,34.77,3.0,19.0,0,0,bronze
71495236670cf29077f9f9afa502d862,234.46,1,234.46,1.0,3.0,1,0,silver
714ffea1de3f5bb655da5a3a8294cc87,34.0,1,34.0,3.0,,0,0,bronze
715e295d8e0bf31c06df39a9b01c25e2,35.48,1,35.48,2.0,9.0,0,0,bronze
715f6660caf0cda0177b0c768b62ac2a,72.16,1,72.16,5.0,11.0,1,0,bronze
71709a152a5e4397c71820a119ac38e4,209.32,1,209.32,4.0,18.0,1,0,silver
717ab91d64dbbb8d498cd98f6f26c939,114.27,1,114.27,5.0,8.0,1,0,silver
718137069112a388a783548309399974,28.2,1,28.2,5.0,5.0,0,0,bronze
7188cc3b360062622e43e67f4baf8132,132.08,1,132.08,3.0,24.0,1,0,silver
718c13c177c807b983fe3faec307cf08,103.63,1,103.63,5.0,8.0,1,0,silver
718d5855edf637b8e2f213db87dab93d,46.0,1,46.0,5.0,12.0,0,0,bronze
718e75787e76d665818ef5b40f217c75,97.87,1,97.87,4.0,18.0,0,0,bronze
71915dcc84d0e4eb3e0328b4ae1fcbc9,251.4,1,251.4,5.0,6.0,1,0,silver
71947a56d3bc72fdbd86d24dbe55eb1e,132.62,1,132.62,1.0,,1,0,silver
719a09b8a1b5dd4f44c6f7a837476231,113.62,1,113.62,4.0,8.0,1,0,silver
719a735ece4d49f8f918d1fdd319cb2f,479.64,1,479.64,1.0,18.0,0,0,gold
71a26c172a544ccc789674f1fab9d951,53.93,1,53.93,5.0,6.0,0,0,bronze
71a5cdf7a8c5994c5845613c8c011057,46.51,1,46.51,5.0,7.0,0,0,bronze
71a9809c493b704fa3c200fbbf98aeda,39.22,1,39.22,1.0,3.0,1,0,bronze
71ae3699e3613dbb5924fac49d515223,274.61,1,274.61,5.0,8.0,0,0,silver
71b6cdf99467e93ff456a368eb86900b,132.27,1,132.27,5.0,24.0,0,0,silver
71b8dc9ce21a7ca5344bde166e117c9f,41.94,1,41.94,4.0,18.0,1,0,bronze
71b9d8684d625ae5ab4933702f75dd6d,42.12,1,42.12,5.0,7.0,1,0,bronze
71bcaf87e76aef413cd0b4bd7dbc5646,33.99,1,33.99,2.0,3.0,0,0,bronze
71bf5b23c0923703cd29d12016a2440d,95.8,1,95.8,4.0,8.0,0,0,bronze
71c353cd52aec1cf65ad15cf621d0a70,36.01,1,36.01,5.0,19.0,0,0,bronze
71ca927e948cd6ae470fa8bd89026499,87.80000000000001,1,87.80000000000001,5.0,3.0,1,0,bronze
71ce8dfcecc07b3bd169e8928252ffff,65.5,1,65.5,3.0,5.0,0,0,bronze
71d5e9bcbe05f2adfa08c33a109c12e0,72.07,1,72.07,5.0,2.0,0,0,bronze
71dbcb0126e65f6f0b396e8f36752972,52.38,1,52.38,1.0,18.0,0,0,bronze
71df425cb9aec3337bc969df451d663a,287.27,1,287.27,5.0,4.0,1,0,silver
71e2ab4ddf40cf4ad4cc322f1002ca96,96.65,1,96.65,3.0,5.0,1,0,bronze
71e55846b128ffcbd7c16b2e5c8b2218,60.95,1,60.95,4.0,14.0,0,0,bronze
71ecba3c7c26d1bc0fc74c02a74ab1ee,113.62,1,113.62,5.0,11.0,1,0,silver
71f02084baee16c46bd9e08824b785b9,92.83,1,92.83,5.0,16.0,0,0,bronze
71f331d6175ec521453ae96626ff88c9,92.9,1,92.9,4.0,13.0,0,0,bronze
71fc2f8d69ca53561f99cc2eac8395ac,61.01,1,61.01,4.0,11.0,0,0,bronze
72061fff095d8325b311ea24e2f4a2b5,517.44,1,517.44,5.0,10.0,1,0,gold
720d5375377c3a8d03a8804374decaae,117.94,1,117.94,5.0,9.0,1,0,silver
720f5cf88a42beb4ab6613a97f1c4e35,91.19,1,91.19,3.0,16.0,1,0,bronze
721406d1edfabad2de3f86155356d8e0,74.61,1,74.61,5.0,29.0,0,0,bronze
72164f83f0db7697ee731b8132bccb16,156.4,1,156.4,5.0,10.0,1,0,silver
721b54017d86a9ceb21b520a2cc14860,53.48,1,53.48,4.0,4.0,0,0,bronze
721cd98006f87bb6fb104f620fc0979c,111.57,1,111.57,1.0,5.0,1,0,silver
722f06d0d1882a157cc59c93da7e3a61,306.1,1,306.1,5.0,12.0,1,0,gold
72519c12ba1fb400c3a095f86a1c37b3,79.71,1,79.71,4.0,10.0,0,0,bronze
725342ad8f24e89e3d5c7d28e329a892,175.17000000000002,1,175.17000000000002,5.0,5.0,0,0,silver
72535bb4d0048ab6c69d0364ce0dee54,44.09,1,44.09,1.0,39.0,1,0,bronze
7254031d284f03352f779f6a00daf755,50.1,1,50.1,5.0,2.0,0,0,bronze
725ac83d391c3bb912446c52f2507295,138.03,1,138.03,5.0,9.0,1,0,silver
7263bdaf8bd8ca9e023f521f8ae50970,85.39999999999999,1,85.39999999999999,4.0,23.0,1,0,bronze
726f75b0bd5f929b06e1ab5689f6e594,31.29,1,31.29,4.0,2.0,0,0,bronze
7272e57415c0b45aacfcc713430ae98a,167.74,1,167.74,5.0,9.0,1,0,silver
7279c4c46c5b3fe9b4ae34751011a6a4,25.0,1,25.0,5.0,11.0,0,0,bronze
727a7af284480a3e04b14a527f8b09e4,173.57,1,173.57,5.0,4.0,0,0,silver
727fe706d6d39e6f4b4444ace02a3c82,243.76,1,243.76,5.0,15.0,1,0,silver
7285ee0c8f26d553acfb684caed71f5f,143.2,1,143.2,4.0,9.0,0,0,silver
7287f8ad2395a2f739bcad2fcea390a4,105.83,1,105.83,5.0,15.0,1,0,silver
7289eb6c836623d8538893307fea6475,172.84,1,172.84,4.0,8.0,1,0,silver
728c940d821dd0f5b9cb7d77cba38803,85.34,1,85.34,5.0,25.0,1,0,bronze
7295713e93df7db1a459e49cc02013ab,801.11,1,801.11,5.0,18.0,1,0,gold
729a8e5e518f1221401092b5959e42c1,184.77,1,184.77,5.0,15.0,1,0,silver
72a468fee984041a24d53066cfe95a16,94.3,1,94.3,5.0,7.0,0,0,bronze
72a7972c2583fa67b91c058b947309d8,46.3,1,46.3,5.0,11.0,0,0,bronze
72a910f3bd5bfdc2a2c34996593f5b5a,27.59,1,27.59,5.0,13.0,1,0,bronze
72b6baa5f61ff8943a39d2d59c11414b,65.33,1,65.33,1.0,8.0,0,0,bronze
72bd8ec700eb4e8b39ff2fa3b8f79de6,344.34,1,344.34,1.0,28.0,1,0,gold
72bf888b87fb63f5a23f3362b8af7e7a,34.52,1,34.52,5.0,8.0,0,0,bronze
72cdf2264908e2d1d30146e63fbb092b,148.28,1,148.28,5.0,16.0,1,0,silver
72e1dc93036a4285eecdd76ae6465ef8,131.29,1,131.29,5.0,12.0,1,0,silver
72e510469eda80d99d77d9b4945e3c97,89.66,1,89.66,3.0,8.0,1,0,bronze
72e80e590de0dcd0a184a03397c2e313,36.7,1,36.7,5.0,1.0,0,0,bronze
72f53729755c1d79da47eb9041f5f4b6,135.13,1,135.13,5.0,10.0,0,0,silver
72ff384d757b9a86b989214e8801b21f,446.9,1,446.9,4.0,5.0,0,0,gold
730302baf98f8fe7701c1f3157ce048b,52.42,1,52.42,5.0,3.0,0,0,bronze
7305430719d715992b00be82af4a6aa8,89.08,1,89.08,5.0,12.0,0,0,bronze
730573c82e04027f7691e4fe1789e2f8,192.66,1,192.66,1.0,35.0,0,0,silver
730dc8ae933c09adf0f7d56967e0c804,50.13,1,50.13,5.0,6.0,0,0,bronze
7311b47a208b4f5af09ccc62fafea9e2,324.34,1,324.34,5.0,11.0,0,0,gold
731a127666e5bc79810ebdc48eeff385,101.91,1,101.91,5.0,12.0,1,0,silver
731a7cfcd37a25cb4bbe606e4f0d2f87,87.76,1,87.76,4.0,12.0,1,0,bronze
7330a3475a2c65878c2c9b95266bef04,215.14,1,215.14,1.0,24.0,1,0,silver
7331d360e97a82b65299db5272c3538f,190.48,1,190.48,1.0,56.0,1,0,silver
733574fd64b59b451830b043017790ec,206.44,1,206.44,4.0,8.0,0,0,silver
733bff7e3e0edb2740584c4ecdd4059c,124.52,1,124.52,5.0,23.0,1,0,silver
7341bdcb6db9240e3deac79bd1bee854,215.57,1,215.57,5.0,23.0,1,0,silver
7346abb69e5a8e6df3525914dd961213,47.56,1,47.56,4.0,2.0,1,0,bronze
734a5974d44898d07e6864c9a3885d4e,59.11,1,59.11,5.0,8.0,0,0,bronze
735dd53549c3722fc6e2b61fbcf7afcc,92.5,1,92.5,4.0,11.0,0,0,bronze
736f5dd51ba596512ab19214081058a6,27.73,1,27.73,3.0,12.0,1,0,bronze
736f7df93859546941f8c66c4443162a,178.18,1,178.18,4.0,7.0,1,0,silver
73768eba15a0744371ca5521eb2e51f5,356.74,1,356.74,5.0,12.0,1,0,gold
73782acd986b766778b686b42441bf0e,64.0,1,64.0,5.0,22.0,0,0,bronze
7383306e78897df3474c1df609d64f2a,315.84,1,315.84,5.0,14.0,1,0,gold
738c80de5b70ba1cdd2d2df446d06f25,30.04,1,30.04,5.0,17.0,0,0,bronze
738ffcf1017b584e9d2684b36e07469c,153.14,1,153.14,4.0,7.0,1,0,silver
73a03e843555993655fd18215597aad5,111.55,1,111.55,5.0,9.0,1,0,silver
73a16d227b8890311f474d135afa3980,29.06,1,29.06,5.0,6.0,0,0,bronze
73a49bb375de8d5c0f577fb24eea81fc,137.93,1,137.93,5.0,2.0,0,0,silver
73adcb8cb8eebabe35641d29e7078079,119.7,1,119.7,4.0,19.0,0,0,silver
73ae4f70ede92dc7822f5c1253bc8906,275.56,1,275.56,1.0,,1,0,silver
73b3130eb63c30c507bfcd60cbee4d4a,146.47,1,146.47,1.0,26.0,1,0,silver
73b5f947969081c175393cc0779f04af,64.1,1,64.1,4.0,15.0,0,0,bronze
73b75961749c15848f0630a802097eaf,146.84,1,146.84,5.0,7.0,1,0,silver
73b8cd05f8b04f402a513776ed53f5e0,95.43,1,95.43,4.0,7.0,0,0,bronze
73bf20bb22133ed5ae8457527dcd5e4c,182.46,1,182.46,5.0,7.0,1,0,silver
73c3ed4ac4672c04a5a8441e8503a77b,207.55,1,207.55,3.0,13.0,1,0,silver
73daba56d88fe2ed55fd098a179646d0,134.18,1,134.18,1.0,19.0,1,0,silver
73ddc612bdfdbc01e6d7e37c05c38ea6,159.03,1,159.03,3.0,13.0,1,0,silver
73e879f10191d104c98f767f967b1e63,86.73,1,86.73,4.0,13.0,0,0,bronze
73ef942e57c6e44b52506f4b90943073,69.97,1,69.97,5.0,8.0,0,0,bronze
73f114d20e161efe2a16cea9855bd2be,126.9,1,126.9,5.0,7.0,0,0,silver
73f2d3f8659c11325d46a63bfd8e08bd,283.0,1,283.0,3.0,20.0,0,0,silver
7407306210b315546bffcba7d39ca5ad,42.0,1,42.0,5.0,12.0,0,0,bronze
740867e3baec7f0b535bbf7ddecc20da,458.46,1,458.46,1.0,,1,0,gold
740b08c7336227fc78a2e744b9548f23,559.06,1,559.06,3.0,2.0,1,0,gold
740c7750bdb77759e9b410eccab28793,234.63,1,234.63,5.0,8.0,1,0,silver
740da3d856993ea1b31cdf06223f9645,152.06,1,152.06,4.0,18.0,0,0,silver
74106deb9358d8a8c9fa300f1484a764,74.82,1,74.82,1.0,3.0,1,0,bronze
7411c8ffce71eae65fdba20b924fc6f1,61.51,1,61.51,5.0,16.0,1,0,bronze
7417ed92555044e46810c1e1de43aa80,57.78,1,57.78,5.0,8.0,0,0,bronze
741fbfbd28935099fea8a0088f2470e1,69.97,1,69.97,5.0,8.0,0,0,bronze
743b41f676c567a95f113207dc0379be,115.45,1,115.45,5.0,11.0,1,0,silver
743b6b21edcc4f0a9be82e591187e0a8,58.62,1,58.62,5.0,9.0,0,0,bronze
7446436ab6df28306f77c991bdf136af,87.68,1,87.68,5.0,7.0,1,0,bronze
7446cc3ba8fc5a1945175219514be4d6,74.03,1,74.03,5.0,4.0,1,0,bronze
744765d6769a9910f401086aa32a1701,159.62,1,159.62,5.0,13.0,1,0,silver
74540909522c9b94f92a87de8f400f61,628.86,1,628.86,5.0,5.0,1,0,gold
745596016d47674d833680994c86a673,37.77,1,37.77,3.0,5.0,0,0,bronze
7459c5e40af6c3ba3c1cf02eb107a2e7,38.0,1,38.0,5.0,12.0,0,0,bronze
745b43c8daa7a1dfd4a15cd2f436fecd,153.99,1,153.99,4.0,8.0,1,0,silver
745debb906ec0747d76d453d2980e42e,237.86,1,237.86,1.0,42.0,1,0,silver
745fe69e5cc0a523b9b8858053d2f824,132.17,1,132.17,5.0,3.0,0,0,silver
74635e4c481883885fbc9429b880df02,88.62,1,88.62,5.0,4.0,0,0,bronze
746d44b0711942535cf5790d5e7436d2,31.75,1,31.75,5.0,13.0,0,0,bronze
74798b1ceb57125a2fa0b088f0e811bf,37.89,1,37.89,3.0,9.0,0,0,bronze
747a3bde8936cc5b862993e65c1b5a48,135.0,1,135.0,1.0,53.0,1,0,silver
748023de9f80b6385f2873e3e492253c,42.0,1,42.0,1.0,12.0,0,0,bronze
7481797e13001bd487ac70f296b11be2,66.81,1,66.81,5.0,2.0,0,0,bronze
748d25636bb96e15d9919877f9b9095d,46.82,1,46.82,1.0,,0,0,bronze
748e35b27d24919ee124672a94380c29,44.96,1,44.96,2.0,35.0,1,0,bronze
74903da5ba3f1799f3ffa5149c4ae279,30.38,1,30.38,5.0,12.0,0,0,bronze
7490f69f14fa7dd4b577f3aee262a675,162.9,1,162.9,5.0,13.0,0,0,silver
7493d2ba4d74df409dd16aefe4f1221e,231.79,1,231.79,4.0,8.0,1,0,silver
74a63835c6e5eaef19af58cc83f663aa,1859.1,1,1859.1,1.0,29.0,1,0,platinum
74a963734d43fba60e433dd293f90d8a,24.42,1,24.42,5.0,6.0,1,0,bronze
74b0fa7a092279312fa71b1d587e48d6,114.29,1,114.29,1.0,8.0,1,0,silver
74b70f040f3977a893ed8646cce8a120,52.53,1,52.53,1.0,40.0,0,0,bronze
74b91fb33070df7709adad417fd214ec,153.3,1,153.3,5.0,8.0,0,0,silver
74bc78f8dbdf312f6b36305794c900da,39.6,1,39.6,5.0,14.0,1,0,bronze
74cb21ed97707645fbb69231f30a55ba,193.32,1,193.32,5.0,5.0,1,0,silver
74dd713d902aa050a3628a3ba12b5126,135.17,1,135.17,5.0,11.0,0,0,silver
74df77faaa4afdb46f48fe827785d220,340.13,1,340.13,4.0,6.0,1,0,gold
74e18f891a58daf76d6bc822b0dec66f,128.35,1,128.35,4.0,9.0,0,0,silver
74e1969374960636e16535249ad6ef44,102.54,1,102.54,5.0,7.0,1,0,silver
74e6464250010ac3343789eff0904ac7,519.72,1,519.72,4.0,23.0,1,0,gold
74e79d184c9d0034b5ee498813abbc7b,87.67,1,87.67,2.0,17.0,1,0,bronze
74f102b84b6d27b45d8064e329eb57de,119.89,1,119.89,4.0,,0,0,silver
74f6957797ebda73b6c3990e98cc0ad5,712.91,1,712.91,5.0,16.0,1,0,gold
74f91d83f0d90cad6bd731402aa7dee0,243.14,1,243.14,1.0,39.0,0,0,silver
74fb85f97d239be1db3d8053b5061797,198.68,1,198.68,5.0,22.0,1,0,silver
751712f584a6fdc401e61696f9f31744,546.87,1,546.87,5.0,9.0,1,0,gold
751fb06f94064c6a4b16cd407f9540a3,23.38,1,23.38,5.0,10.0,0,0,bronze
7522a2ae7299e2b07aa1b38d1234d66b,329.38,1,329.38,5.0,6.0,1,0,gold
7544ed856433bc943e510588ad0dfa49,117.2,1,117.2,5.0,12.0,1,0,silver
754e51e38387eab8bd26d5d292463fe8,190.09,1,190.09,5.0,5.0,1,0,silver
7558acce60a14d951ae5e12d0a6a7e02,62.05,1,62.05,3.0,29.0,0,0,bronze
7561488def3bf8fff43daf94df29bd85,65.05,1,65.05,5.0,8.0,1,0,bronze
7564f5c9fde0f92dfdca2a934bdae5af,35.76,1,35.76,5.0,6.0,0,0,bronze
7567734ab2f1e04aa9e315fe67ccd29a,107.03,1,107.03,5.0,14.0,0,0,silver
75724ea557ca552aa2db277f1e83d740,123.2,1,123.2,5.0,21.0,0,0,silver
7573d3c7008f7374d3d2ad1ddcf591e9,152.1,1,152.1,5.0,13.0,1,0,silver
757921c3d0047781031e9bcbaf2c393c,84.43,1,84.43,1.0,22.0,1,0,bronze
757cf3a3635b391b781c81bbc8e5b00f,107.76,1,107.76,5.0,1.0,0,0,silver
75825d106dcac42b4ca1c91000b6e0eb,34.09,1,34.09,4.0,9.0,1,0,bronze
7588c20c457369de8caad958afc1cc06,125.09,1,125.09,2.0,45.0,0,0,silver
758ccbbf8be7c6ef2efb9b4ed671e82a,87.55,1,87.55,5.0,20.0,0,0,bronze
75985e792b00342ce88a34f7b8a08fed,68.02,1,68.02,5.0,10.0,1,0,bronze
75a78c7bdba419976e9e26166045c004,43.03,1,43.03,5.0,9.0,0,0,bronze
75b371129ea83ed25e1826394511c4d6,36.36,1,36.36,5.0,2.0,0,0,bronze
75b4c054dbce43062d94114fe56bc159,104.5,1,104.5,3.0,20.0,0,0,silver
75bf2fd30af0de267a66a0e6be8c1213,49.34,1,49.34,5.0,,1,0,bronze
75c150705c14f235a16b320852a7dbad,171.29,1,171.29,5.0,16.0,0,0,silver
75c9318c59c9c05c56be1c43b06a7047,111.32,1,111.32,5.0,15.0,1,0,silver
75cfe39a0ae8e768ee71ba6021517f3d,88.94,1,88.94,5.0,14.0,0,0,bronze
75e4b658091a900167075f7e7fe1f78a,242.44,1,242.44,4.0,13.0,1,0,silver
75fe145e64986de933b893642277d8a9,127.5,1,127.5,5.0,8.0,1,0,silver
7602a5a3d9acc46b565e9c6551c8f494,37.61,1,37.61,5.0,4.0,0,0,bronze
7608e43d277f4b8c8d0e5756f6ea019e,40.96,1,40.96,3.0,11.0,0,0,bronze
7630fbd37e0acf91129ec3f07deb81ea,309.77,1,309.77,1.0,11.0,1,0,gold
763263570fef404b7201e1172dd23fde,35.69,1,35.69,5.0,15.0,0,0,bronze
763c4eafd36045a26ff9823a15527976,27.77,1,27.77,1.0,,0,0,bronze
763c8b1c9c68a0229c42c9fc6f662b93,7274.88,1,7274.88,1.0,11.0,0,0,platinum
76415e22ee395842dd2428a274776e94,76.88,1,76.88,5.0,15.0,0,0,bronze
7644ee4a8d8394614ef4d3616edbf078,66.59,1,66.59,4.0,14.0,1,0,bronze
764915981e367ff9f9c438bf3f11b539,117.5,1,117.5,5.0,10.0,1,0,silver
764d86a6a8eab18a878e2a241eae3c47,124.97,1,124.97,5.0,17.0,1,0,silver
7653c3f4b98d701843c6d9a411ff6479,41.84,1,41.84,5.0,21.0,0,0,bronze
766c81a2c833af9ca5fa917a7f1a506f,188.5,1,188.5,5.0,1.0,1,0,silver
7675ea22236da5d26f0d27950f7fd3fa,95.99,1,95.99,5.0,18.0,0,0,bronze
767bea758a58d2b420ffbf1eef7f5751,19.89,1,19.89,1.0,3.0,0,0,bronze
767f4654c72d8b9de7c937321fe1b78b,164.12,1,164.12,4.0,9.0,0,0,silver
768015096b412b9cab4b52ffc05ff059,152.72,1,152.72,4.0,7.0,1,0,silver
768b4f16e9602b6f6f92cdddf3cc582c,69.59,1,69.59,4.0,16.0,0,0,bronze
76a0491dd70c125840fa259f00dfc351,69.49,1,69.49,5.0,26.0,0,0,bronze
76a99432e54f558a374707afa8385c87,174.19,1,174.19,5.0,10.0,1,0,silver
76af04c7b5f972387c716b674ca46a00,320.53,1,320.53,5.0,19.0,0,0,gold
76b656dd5912b7792c709003c19c6d32,95.31,1,95.31,5.0,5.0,1,0,bronze
76c1e5615e108eeae2c00f69664f747c,174.4,1,174.4,5.0,20.0,1,0,silver
76cf771cab5ff219f8eadbde84f5617d,35.0,1,35.0,1.0,23.0,0,0,bronze
76d27298b0c6f62c2127b1ef01b6611a,173.88,1,173.88,5.0,12.0,1,0,silver
76d30bae29bf89152e63a088be00fde5,269.53,1,269.53,5.0,10.0,0,0,silver
76d4b39c8b588b307ded0d2952d82d3e,53.09,1,53.09,4.0,8.0,1,0,bronze
76d6c7ba0dd378d0481c5d066fc86d23,40.38,1,40.38,4.0,4.0,0,0,bronze
76e59299f66dbec2185cfe55845cc54a,19.77,1,19.77,5.0,5.0,0,0,bronze
76fbf76b56d37626f2632604536cdd61,58.13,1,58.13,5.0,6.0,0,0,bronze
76fd1df54cf7752d829f556f5e5d1827,187.15,1,187.15,4.0,16.0,1,0,silver
7713212dfe73f9d229ce336e0e67edc9,127.45,1,127.45,1.0,36.0,0,0,silver
771bc9894e3f3b1f250711c20f4aca15,110.0,1,110.0,1.0,48.0,0,0,silver
7721bc1f0b8910122bf9b46c59922fbe,777.73,1,777.73,1.0,25.0,1,0,gold
772bdafb1ee681bec8d3cccb0a900b8d,164.79,1,164.79,3.0,12.0,0,0,silver
772d34fd17482b75a4e3e1f59db60f27,164.79,1,164.79,2.0,12.0,1,0,silver
7732a45632157fea201d2d4b417a1354,60.6,1,60.6,5.0,5.0,0,0,bronze
774b824fa8861b38adafc836ccec9bcf,14.29,1,14.29,5.0,3.0,0,0,bronze
774efd8e5cc822162e0af7311d81f5c1,167.81,1,167.81,5.0,17.0,1,0,silver
7752f494eaae9a4a1b33fe6aa4d04f39,84.56,1,84.56,5.0,1.0,0,0,bronze
7753646c2db2acc96fe089f951cfc31e,170.68,1,170.68,1.0,11.0,0,0,silver
775d8a28040c23de0a923057a2733476,69.16,1,69.16,5.0,9.0,1,0,bronze
777191628636ef384e6d67247c05b97f,29.6,1,29.6,4.0,20.0,1,0,bronze
777699d40e46f8eeca71fd03e4c19997,111.89,1,111.89,5.0,6.0,1,0,silver
777e39efdb2068331411db648c09d385,51.69,1,51.69,5.0,17.0,0,0,bronze
777f49cd884e35d4f7983f59f5fc6c98,506.02,1,506.02,1.0,18.0,1,0,gold
778a607e77be028910e557f6f608611d,1289.5,1,1289.5,4.0,14.0,0,0,platinum
778d98a530462d86d9ef651947b76e6f,70.44,1,70.44,5.0,25.0,0,0,bronze
779069c1936428d7f521e4c1b8f958de,159.02,1,159.02,1.0,6.0,1,0,silver
77a0c1a957bc24577d9ebee73c3a4b12,188.38,1,188.38,5.0,11.0,1,0,silver
77a1941e1240e00af4be4e1f18b13297,227.71,1,227.71,4.0,8.0,1,0,silver
77a4b149542d3a21a4a8c02b9441220b,20.29,1,20.29,5.0,3.0,1,0,bronze
77af37be174597cb532a499351dec559,69.12,1,69.12,4.0,8.0,0,0,bronze
77b10b35bfbd93f66791b7be53346370,364.64,1,364.64,4.0,26.0,1,0,gold
77c4a4387dcb76a531043fc00e15043a,35.09,1,35.09,5.0,26.0,0,0,bronze
77c5694f38c891ca6ed31ad377fbc9e6,135.87,1,135.87,3.0,8.0,1,0,silver
77c6e9a44e36ffa7ed7327ced5e11673,79.17,1,79.17,4.0,5.0,1,0,bronze
77ca9de303d71489cdd541c373319818,50.14,1,50.14,4.0,17.0,0,0,bronze
77cd94f2618513f51ba0714c37ee335b,201.84,1,201.84,5.0,14.0,0,0,silver
77e7ed9f9f4def7f01e4213f9b1787b5,369.92,1,369.92,5.0,13.0,0,0,gold
77ece4bc1200eebeef65ecb4fe0188ff,81.61,1,81.61,1.0,3.0,0,0,bronze
7804384addbe34ce87aabfc43ad63e9e,37.61,1,37.61,5.0,2.0,0,0,bronze
780a9088ee40f66cf21b3c360646fd45,95.99,1,95.99,1.0,12.0,0,0,bronze
7818b82f258568300b10762fe0cdceb3,183.6,1,183.6,5.0,7.0,1,0,silver
781ae350edb16842380e81d7c7feb431,101.74,1,101.74,1.0,36.0,1,0,silver
781b5890a0c5604582557e2125b42ada,154.22,1,154.22,5.0,3.0,1,0,silver
7822407d4ff4275ce4e812b092cc1576,153.1,1,153.1,5.0,11.0,0,0,silver
7828008dbc4fd6aeb04ab42dddd35a74,89.02,1,89.02,1.0,44.0,1,0,bronze
782dd69026a466a6c503fd586757337d,72.72,1,72.72,5.0,6.0,0,0,bronze
78335a3ece0bd9f13a9cf2ac449dbbf5,117.75,1,117.75,5.0,6.0,0,0,silver
783649d604223aea32afa945a91dda63,425.07,1,425.07,1.0,,1,0,gold
783c5eb3d74ef5ffd44cb350a1c75a8c,35.04,1,35.04,3.0,12.0,0,0,bronze
7849336c1b7785f258ffef06aedbd216,432.18,1,432.18,4.0,7.0,0,0,gold
784aa77244307f7cb66765a4be9c49e2,104.83,1,104.83,5.0,30.0,0,0,silver
785a8a410d6fc9661d66f7218a87229d,361.27,1,361.27,5.0,25.0,1,0,gold
78681ccd3cdd568237129b2e5509eb73,67.88,1,67.88,5.0,4.0,1,0,bronze
7869ac0d544d3469667563fa66598674,157.45,1,157.45,3.0,18.0,0,0,silver
786ed6a6d920a0145c8411715ddbfd1e,71.14,1,71.14,1.0,9.0,0,0,bronze
7870e27d88fb3347f46119b17065c581,408.66,1,408.66,1.0,5.0,1,0,gold
787175d631d1cda448d5ee48ae95731f,71.85,1,71.85,5.0,17.0,0,0,bronze
7877efe160ad9103873f165c0b6a3640,143.38,1,143.38,4.0,8.0,0,0,silver
7878d477fdfe4911ac5543b953fb4162,301.44,1,301.44,4.0,5.0,0,0,gold
78791713501b5a7de9d65ff42dcdb016,136.0,1,136.0,4.0,13.0,1,0,silver
788313d21c3507fe890921f6e17aa679,343.74,1,343.74,4.0,13.0,1,0,gold
78a3329da4ebaaad05f9f49df104cce0,73.97,1,73.97,5.0,9.0,0,0,bronze
78a552cc9a5bda38b0737e4ddeade330,31.53,1,31.53,4.0,21.0,0,0,bronze
78acd50d033f80538ef65fb5c5bb07ce,204.24,1,204.24,,,1,0,silver
78ae0a75378bbc3f7e2f2877065fb874,30.7,1,30.7,5.0,6.0,0,0,bronze
78b57b8cd4fa5be49081409b92288d21,202.07,1,202.07,5.0,8.0,0,0,silver
78b6b73e92dfd09cd7bc1d5a6d46f094,32.77,1,32.77,4.0,4.0,0,0,bronze
78b6c89314a0d0133946f81adc93a57a,122.57,1,122.57,5.0,6.0,1,0,silver
78b6cbee6550f3f9aa87b40d6d6bb7b5,83.47,1,83.47,5.0,18.0,0,0,bronze
78c19d2cc2ba0be195c19ecc17182628,42.29,1,42.29,5.0,4.0,0,0,bronze
78c703ac62b5acf92db81e5a55d39d27,245.97,1,245.97,2.0,30.0,1,0,silver
78d1762e8291fc6ea2ce82c42055b78a,97.61,1,97.61,5.0,8.0,1,0,bronze
78d2387fac855bae2dc8d728314d7b65,118.9,1,118.9,4.0,33.0,0,0,silver
78d2cc1bf81bda57b69a694725880fa0,444.3,1,444.3,4.0,11.0,1,0,gold
78d3e255b3ad3aac95d3a8abc75539d1,53.95,1,53.95,4.0,8.0,0,0,bronze
78d448a4ba93427cc4455949fb162ab8,110.91,1,110.91,5.0,11.0,0,0,silver
78d665ab97fb0bfd754a20a48476c4e7,636.74,1,636.74,4.0,12.0,1,0,gold
78d6d92bab9bfd21bac41a8c4c523181,193.84,1,193.84,4.0,5.0,1,0,silver
78d807b4b2647cfe9549d647a823eb5a,184.17,1,184.17,5.0,7.0,0,0,silver
78e556184d89814929e07ffa62da5a34,76.78,1,76.78,4.0,8.0,1,0,bronze
78eedca806b2985523d1629c15738a16,29.95,1,29.95,5.0,6.0,0,0,bronze
78f389ed9b9a7b052b14ed2afd698c07,90.66,1,90.66,5.0,2.0,0,0,bronze
78fcdd841410275d44518b6b30b27809,39.42,1,39.42,5.0,3.0,0,0,bronze
7903689bafe7ce39335eaf8db300dc76,66.63,1,66.63,3.0,17.0,1,0,bronze
790418b06b177b2a7d8444ba99a6bb35,187.11,1,187.11,5.0,8.0,1,0,silver
79138ecb5d2fbbedb5b03b630b6cd6ed,316.4,1,316.4,5.0,7.0,1,0,gold
791f21713ed3038a4d418efc8e38b024,59.96,1,59.96,4.0,8.0,0,0,bronze
791f2253e254ec795277b1effec927c6,112.35,1,112.35,5.0,6.0,0,0,silver
7925dcb5128b04977f3ea47fb374a177,668.95,1,668.95,5.0,5.0,1,0,gold
792a06e921dfe3121185a0b4c1b07de1,92.28,1,92.28,5.0,12.0,1,0,bronze
79352dc7cf66eab9a3e789ae8b07078f,27.6,1,27.6,2.0,3.0,0,0,bronze
79377f2dd1a1b92c1c06fba32f1bc1eb,36.96,1,36.96,5.0,9.0,1,0,bronze
794289143465c94af43ae34479a30499,98.22,1,98.22,4.0,11.0,0,0,bronze
794307f7c4fd6c8325655fb3f7b89895,77.57,1,77.57,5.0,17.0,1,0,bronze
794b3c70649dee40ae61e72ea4c16d11,216.87,1,216.87,4.0,5.0,1,0,silver
79538aee569d709ed810606a5eab6f72,231.99,1,231.99,4.0,34.0,1,0,silver
79562ecc27202f3eb4722d854306c3a1,313.82,1,313.82,5.0,9.0,1,0,gold
795c1622cf7a53d63d324e862349d01c,99.74,1,99.74,1.0,2.0,1,0,bronze
7967e552e7585257519d2dad8c16cdba,59.69,1,59.69,4.0,12.0,0,0,bronze
7969abc13b274731b83d6eadf6bef186,90.41,1,90.41,4.0,22.0,0,0,bronze
796a0b1a21f597704057184a16ab4d71,662.62,1,662.62,5.0,11.0,1,0,gold
796cfb26da26a83ab0809f40903e1ae2,30.41,1,30.41,5.0,3.0,0,0,bronze
796ec09645a8532d92921de19a33d6ed,77.57,1,77.57,5.0,10.0,0,0,bronze
7973a6ba9c81ecaeb3d628c33c7c7c48,39.09,1,39.09,5.0,20.0,1,0,bronze
7976816fe0dc32e630bd83d0e7295a33,39.42,1,39.42,4.0,10.0,0,0,bronze
797c887aff2d09d9702725d7c8b46bde,58.11,1,58.11,1.0,35.0,0,0,bronze
79835898766e90076f8b8d49f9b725b3,51.83,1,51.83,4.0,12.0,0,0,bronze
7983fe58c2fbc0c8ef3ebd2afc39a7cd,31.77,1,31.77,1.0,4.0,0,0,bronze
798b4acd0a8a992da690fff78c5b01d8,29.84,1,29.84,5.0,25.0,1,0,bronze
79aaa40216d464f6571c1ade510d094d,73.34,1,73.34,4.0,16.0,0,0,bronze
79c3ef46b89f10777f5604a5e1ee22b5,115.94,1,115.94,5.0,13.0,1,0,silver
79c44fd9e462d343c22c4066c49b50b0,73.34,1,73.34,5.0,7.0,1,0,bronze
79c481d31d793a66a85f43af431eb745,160.12,1,160.12,5.0,27.0,1,0,silver
79cbc033cfc6d82c3fd8d1f4b2500135,88.91,1,88.91,4.0,16.0,0,0,bronze
79d38893c966642b3c3ff1fe02d76552,257.85,1,257.85,5.0,1.0,0,0,silver
79d7df7851e3a54c145338044475bb46,28.75,1,28.75,3.0,14.0,0,0,bronze
79e17b14eb9363f8e7b463efa043c894,95.34,1,95.34,1.0,15.0,0,0,bronze
79e922ce9d4f5b4deddbf56dcac14806,101.65,1,101.65,5.0,9.0,1,0,silver
79f227df52caf2b68d36e990ff3fc652,267.25,2,133.625,,37.0,2,1,silver
79f6bb4f638b4214ad8d62d60148a280,76.86,1,76.86,4.0,40.0,0,0,bronze
79fa3eb416c3933311c949121225649f,40.09,1,40.09,3.0,12.0,0,0,bronze
7a250ec45b3b94192c899e741b3231ad,267.62,1,267.62,4.0,21.0,1,0,silver
7a2dc4682890550ebe3b8befcea3d55c,105.75,1,105.75,3.0,28.0,0,0,silver
7a30c2f4ee4d9f8370e1ed8acf3eefb4,77.75,1,77.75,3.0,19.0,0,0,bronze
7a350426024a624cef97f797c408db97,172.72,1,172.72,4.0,8.0,0,0,silver
7a3556f9c5d1382d7658ffad836a838a,116.85,1,116.85,4.0,5.0,0,0,silver
7a3b43ea0ff9927eb431ce4cbf08bc01,58.16,1,58.16,4.0,5.0,1,0,bronze
7a3e8038f94725db6da2a8c6b171f880,144.26,1,144.26,1.0,34.0,1,0,silver
7a4411f897334f8415bc8bd3f2e64d78,181.95,1,181.95,5.0,24.0,1,0,silver
7a548eb1c21b3a533989d19aecb7cb80,184.69,1,184.69,4.0,13.0,1,0,silver
7a5930a54a9c0b2cfef26af870428133,44.42,1,44.42,5.0,5.0,1,0,bronze
7a5faa418faaaecd0d9b5aa9f7674b91,61.59,1,61.59,5.0,6.0,0,0,bronze
7a609acb778ba90d3443e45f010f2974,58.27,1,58.27,5.0,10.0,1,0,bronze
7a632cfbf9b2dadf717a58247dfbff22,225.03,1,225.03,4.0,7.0,1,0,silver
7a657a0efc1126c9815302cd646526db,72.3,1,72.3,5.0,17.0,0,0,bronze
7a670b6b2b72139db36206362bbf5140,69.9,1,69.9,4.0,9.0,0,0,bronze
7a6ab2a056296225a0f2fb3c16bfeb77,106.15,1,106.15,1.0,34.0,1,0,silver
7a6b4947e01039432cac229435d058ee,226.12,1,226.12,3.0,7.0,1,0,silver
7a6d185b1276f3f9ac5dc53898260709,52.34,1,52.34,5.0,4.0,0,0,bronze
7a72982960479fc3ec001e4925e1e0dc,58.82,1,58.82,5.0,10.0,0,0,bronze
7a76f872eec388119a13858df1571b2b,69.13,1,69.13,4.0,14.0,0,0,bronze
7a774055fedca2666e77244c5e50368f,47.58,1,47.58,4.0,2.0,1,0,bronze
7a7918e12ba969acbd0991630e822efa,133.19,1,133.19,1.0,48.0,1,0,silver
7a83708d2551253dd81d5453093be6b3,171.51,1,171.51,5.0,34.0,1,0,silver
7a8b629fdcb9a6e024b2ccfacbe4fd3b,116.84,1,116.84,5.0,14.0,1,0,silver
7a9563b9a426d49a86f8430a8bbb2f0a,99.9,1,99.9,5.0,15.0,0,0,bronze
7a97a2c9777166cc3b64fbee1f0fb6e6,126.92,1,126.92,5.0,7.0,0,0,silver
7a99dd0e5a924d260eaf2d8e02ac9cb7,277.2,1,277.2,5.0,30.0,0,0,silver
7a9f8e1de055e7a5fe742e4de5c28d19,46.95,1,46.95,4.0,15.0,1,0,bronze
7aa123fb08cb845c66e2d2bb3dee879c,32.94,1,32.94,5.0,4.0,1,0,bronze
7aa393c28bcf957b12c00e8586e50e10,80.81,1,80.81,4.0,9.0,0,0,bronze
7aae4a80365ca3d33b239e57884d9508,37.82,1,37.82,5.0,3.0,1,0,bronze
7ab630d037f2c14955a4b06d272501e3,173.67,1,173.67,5.0,12.0,0,0,silver
7ab8841bae70453e6b6fd543de86b90e,217.63,1,217.63,5.0,8.0,1,0,silver
7abad3ee8601e6d76a8e7d6c760f76c6,250.39,1,250.39,5.0,16.0,0,0,silver
7abae00801573274e96f3eddd4aac59b,38.09,1,38.09,3.0,8.0,1,0,bronze
7ac51a9e42528f933b21dd8be915e774,73.15,1,73.15,1.0,14.0,1,0,bronze
7ac556717358b407f895dcd15b583b1b,80.98,1,80.98,3.0,,0,0,bronze
7acfb833cd8ba1d316b560898fe0616d,53.84,1,53.84,3.0,20.0,0,0,bronze
7ad4c35f80df773844abb3ff3d6cc298,85.14,1,85.14,5.0,13.0,1,0,bronze
7adb6f043d9770e3ba73daf87f9a760b,39.28,1,39.28,4.0,8.0,0,0,bronze
7adb8d1197f85b403246c5c03fd3d221,175.77,1,175.77,5.0,11.0,1,0,silver
7adc15c4b9311265f52ff75519301a23,68.27,1,68.27,4.0,8.0,0,0,bronze
7adf4aad96e000c4727970f7919c790a,68.02,1,68.02,4.0,17.0,1,0,bronze
7ae8089a22511ba68911bbb259713c0e,104.62,1,104.62,4.0,5.0,1,0,silver
7af162f1dd9504838abdf4a5e225701b,200.35,1,200.35,5.0,7.0,1,0,silver
7af87661a92c6dd8347715433698be80,380.74,1,380.74,3.0,36.0,1,0,gold
7b00713258967aec4ca78f3c26e89a2f,187.63,1,187.63,5.0,6.0,0,0,silver
7b06939062a079425ad83f54c98eec7e,1101.83,1,1101.83,5.0,12.0,0,0,platinum
7b0a0cd8cb6f2a060679dd9bacf03fd9,104.37,1,104.37,4.0,13.0,1,0,silver
7b0cae22ae2b6cf88163a50600da4ee2,174.11,1,174.11,4.0,15.0,1,0,silver
7b0eaf68a16e4808e5388c67345033c9,449.01,1,449.01,5.0,18.0,0,0,gold
7b15d3cbd163f636a2e28c3edaea9a2b,222.87,1,222.87,5.0,25.0,1,0,silver
7b1802ed4334cd7be4c9334770461311,196.03,1,196.03,5.0,11.0,1,0,silver
7b19fe77fc6a0ff295d5e2ef841e2320,134.58,1,134.58,5.0,14.0,1,0,silver
7b1ce403289a311542395adf4cadd607,136.41,1,136.41,5.0,19.0,0,0,silver
7b226620b3a1c846ac88e2268185806c,31.28,1,31.28,,2.0,0,0,bronze
7b2c49e67ec236216ca7fd41b48de652,349.16,1,349.16,5.0,6.0,1,0,gold
7b2d1832e53dfa6d741830751c3f9629,64.1,1,64.1,3.0,7.0,1,0,bronze
7b2f661532726780d00fa5288d857219,77.6,1,77.6,3.0,31.0,1,0,bronze
7b32049d8495d56c8b27eae575921a60,79.8,1,79.8,5.0,12.0,0,0,bronze
7b3d5e9819f245927a29ccfae22ed449,77.57,1,77.57,5.0,15.0,0,0,bronze
7b3e5c612ecd15348f4ead326335ff2e,84.49,1,84.49,5.0,15.0,1,0,bronze
7b417ba87d5141370eb61b1364c50842,31.69,1,31.69,5.0,8.0,0,0,bronze
7b44e3a5d8850c01a367fae144a9f7ad,62.68,1,62.68,5.0,1.0,0,0,bronze
7b45e009442d2c0032485d3a6ab5f509,48.3,1,48.3,1.0,6.0,0,0,bronze
7b466ff1322d3d697cb6112c35f1141e,121.6,1,121.6,2.0,11.0,0,0,silver
7b48f3063678a03fac6410d127a49277,94.0,1,94.0,5.0,12.0,1,0,bronze
7b61100aad1487367e24e050bc73ea13,141.48,1,141.48,5.0,8.0,0,0,silver
7b662d846265cb0ed144db95fe0c74dc,159.83,1,159.83,5.0,12.0,1,0,silver
7b6cf676f9a88c5559a3d881a35f8a70,158.17,1,158.17,3.0,10.0,0,0,silver
7b6d07dac0a2c373d749142e920ae356,21.04,1,21.04,5.0,3.0,0,0,bronze
7b6f4a6d512f5bea2c5553d333db37e7,298.6,1,298.6,5.0,11.0,1,0,silver
7b77acd456c2fb1a1d2d58ffedd5703f,32.95,1,32.95,5.0,7.0,0,0,bronze
7b8637d830cbfdecb836c1ea12548d30,32.75,1,32.75,5.0,4.0,1,0,bronze
7b8b31516cdb407eaed1ce4f2d30c448,47.69,1,47.69,2.0,17.0,1,0,bronze
7b94f6270a059aa9b9a375c00e9cb5c4,62.82,1,62.82,5.0,19.0,1,0,bronze
7b9b082ceaa61d7bc565cdad86597669,1107.96,1,1107.96,5.0,12.0,0,0,platinum
7b9dca790407b1666af5595badfc1596,121.69,1,121.69,5.0,1.0,1,0,silver
7ba092ede07d6dcfc69de495d9c4b5d2,83.25,1,83.25,5.0,16.0,0,0,bronze
7bac6eccf7d44be2e87d13a24e1499f4,89.88,1,89.88,4.0,9.0,1,0,bronze
7bb0ef48fca18efd7c9f88bf2141f096,35.55,1,35.55,5.0,7.0,0,0,bronze
7bb13d6b4074bf6058ea0c8faf957909,39.41,1,39.41,3.0,19.0,1,0,bronze
7bbb9bb28c3a6caa6bebc1fdfd9bf032,82.73,1,82.73,5.0,6.0,1,0,bronze
7bc69a06edaaaa9d75b6950546ec94bc,126.33,1,126.33,4.0,8.0,1,0,silver
7bc7dbe918ad4e7bd68abd2479727ad6,84.59,1,84.59,5.0,21.0,0,0,bronze
7bc9c2bb11da40b84734fa5a4ccc8241,64.65,1,64.65,3.0,2.0,0,0,bronze
7bca00a02230cc689f36a6afd144d4f5,106.07,1,106.07,5.0,9.0,1,0,silver
7bd33399499350a7fa864ee37e99546d,24.0,1,24.0,5.0,10.0,0,0,bronze
7bd43abfde2d6a9a5c35da8749603fb3,179.84,1,179.84,2.0,9.0,0,0,silver
7be2664f71e8cfd2cab6c6cd4245f10d,75.62,1,75.62,1.0,6.0,0,0,bronze
7be78b85b71500b8954a179b01340bdb,250.88,1,250.88,2.0,22.0,1,0,silver
7bf3fced4decee3bc4cf1917acccbd24,61.69,1,61.69,4.0,8.0,0,0,bronze
7bf6a12a0bbfad0a1ae0b1c9f5aae2d7,336.34,1,336.34,5.0,7.0,1,0,gold
7bfc31a41c322c45f4f2121489408f44,140.3,1,140.3,1.0,40.0,1,0,silver
7c01ccb439b58048285b3615ce14d780,144.01,1,144.01,5.0,5.0,1,0,silver
7c04c69b4ac32197d04966494ed66bc8,147.69,1,147.69,4.0,9.0,0,0,silver
7c16801645ee95153e17bb6e061b57f1,211.91,1,211.91,5.0,2.0,1,0,silver
7c22a046cd18a2bfe87c79e63791c4d6,395.5,1,395.5,5.0,16.0,1,0,gold
7c269b3cde9e20886a72e4b6ad35fe23,449.33,1,449.33,5.0,4.0,1,0,gold
7c2c1fd8281b8300a609eba79e07fd29,58.22,1,58.22,5.0,2.0,0,0,bronze
7c2d3e213a3319425db45a9a5d097cad,101.34,1,101.34,4.0,23.0,1,0,silver
7c3242c62a87237715ca8abe5a6ce33a,99.22,1,99.22,5.0,2.0,0,0,bronze
7c438259d88d8eefb977be5432d761c1,168.5,1,168.5,5.0,6.0,1,0,silver
7c4b6d7739fb229acac8d8d958fe5d57,86.15,1,86.15,5.0,11.0,0,0,bronze
7c577437a54c761a5054eb23f017754f,49.82,1,49.82,3.0,17.0,0,0,bronze
7c59f9d0c2623bbf8fc60f620c5af8a1,45.73,1,45.73,3.0,12.0,0,0,bronze
7c5f9342acbf10fe530bd1af65dcd739,66.78,1,66.78,5.0,3.0,1,0,bronze
7c67f115342d01560cd438fad6346a3c,223.99,2,111.995,5.0,11.0,2,1,silver
7c6fc58a573a35da82e23588f6c0b42b,789.55,1,789.55,1.0,,0,0,gold
7c7549c421f7dfb5b3b993c83ccb1274,85.58,1,85.58,4.0,14.0,0,0,bronze
7c763d069eb3926fc65593030d5c99a3,79.71,1,79.71,2.0,6.0,1,0,bronze
7c7a1ebc5ebb56165d42fe5b9cad86a2,112.27,1,112.27,2.0,27.0,1,0,silver
7c7b2d0a713f1a40594f82b1f295a96a,81.31,1,81.31,4.0,14.0,1,0,bronze
7c805958a97aa5b569173465886f0923,123.33,1,123.33,5.0,9.0,0,0,silver
7c85b313ae73714ec9ef7ca1adcf319f,31.75,1,31.75,1.0,6.0,0,0,bronze
7c91f3745076b6ff4302cf974674fcc2,56.39,1,56.39,5.0,3.0,1,0,bronze
7c927c2454a57a0e02fcaceb99750523,110.98,1,110.98,5.0,23.0,0,0,silver
7c96505ea74fa1be1890dd349acf0eb9,147.63,1,147.63,3.0,8.0,0,0,silver
7c9fd82dc6a1d40334763e4fa70bcacc,22.37,1,22.37,5.0,5.0,0,0,bronze
7ca08b0335744e749a9427d7c380fcb0,243.35,1,243.35,5.0,8.0,0,0,silver
7cab13ac15c283902976af92cc304a08,116.0,1,116.0,4.0,37.0,1,0,silver
7cacb8e960b2e07264dac972eb1acf29,35.81,1,35.81,5.0,8.0,1,0,bronze
7cad00a24469d2a575c234ede0e1ac87,30.29,1,30.29,5.0,3.0,1,0,bronze
7cc23ec3506e4e1e67d0702da04a734c,211.91,1,211.91,4.0,10.0,1,0,silver
7cc832a90de185fa7ca3c4874d914d0b,181.92,1,181.92,5.0,1.0,1,0,silver
7ce0e38fbff86845da7b9020e0e62605,47.62,1,47.62,3.0,10.0,0,0,bronze
7ce0fcb1f95a41393a6795686e4048ce,67.63,1,67.63,5.0,12.0,0,0,bronze
7ce3ea474d923206446660775b87a34b,143.83,1,143.83,4.0,20.0,1,0,silver
7cee611a3f3c1f9850014a3e83cced13,124.69,1,124.69,5.0,7.0,1,0,silver
7d038363c65809ccc50c6027a7bd5a71,36.32,1,36.32,1.0,24.0,1,0,bronze
7d0657521defb95729f99cabedaa6625,152.21,1,152.21,4.0,4.0,1,0,silver
7d084c7095c23607a58f70560f402366,69.02,1,69.02,5.0,9.0,0,0,bronze
7d0983269f825d3112e5a64364b1258a,305.43,1,305.43,3.0,21.0,0,0,gold
7d1149b5fd07faf73b151724324cc000,40.47,1,40.47,5.0,7.0,0,0,bronze
7d12a2c663520d57f42558364063db4b,431.06,1,431.06,5.0,11.0,1,0,gold
7d185d821a11c769636247766f1fd45e,135.51,1,135.51,3.0,54.0,1,0,silver
7d26ce70719d831f901589e6ee230e7a,171.56,1,171.56,5.0,11.0,1,0,silver
7d290ad006532c0431d896763a9e5556,75.08,1,75.08,5.0,7.0,0,0,bronze
7d29e0633bda6b8a384856516e305e93,44.53,1,44.53,5.0,19.0,0,0,bronze
7d2d68621da84c1febf4179d76883c2c,43.58,1,43.58,5.0,9.0,1,0,bronze
7d2e246c38946e89eda0c9c1288fc0e3,66.64,1,66.64,4.0,18.0,1,0,bronze
7d31f8ad4005d4f7c0e91172b40dfac0,368.11,1,368.11,5.0,9.0,1,0,gold
7d382c1e3312c4812845e01dca5b6fc8,330.08,1,330.08,5.0,28.0,0,0,gold
7d3d94b4740895a17760e976797f9f0e,80.21,1,80.21,5.0,12.0,0,0,bronze
7d414b6a1cf56a6bc5035f9eb436b15d,141.4,1,141.4,5.0,8.0,1,0,silver
7d4266b26a0546c7abb0cacbeb1a19f1,161.9,1,161.9,5.0,13.0,1,0,silver
7d4dfc0bf8e640018fb91f2dc519aaf6,136.8,1,136.8,5.0,28.0,0,0,silver
7d4ed299c3c41701c0558287cad39827,63.92,1,63.92,5.0,4.0,1,0,bronze
7d5664afeae895f34b87f585edf5a3be,41.96,1,41.96,5.0,27.0,0,0,bronze
7d5a870ed0df8cb39ff13375c8bea22e,43.1,1,43.1,5.0,7.0,0,0,bronze
7d5c4bcaf5e9ce14f2ac132ed39b1bb2,263.1,1,263.1,5.0,13.0,1,0,silver
7d6dcf9223724668bb950a6c963caf7b,293.36,1,293.36,5.0,15.0,0,0,silver
7d7aa5c4be05a0443a77a744255c7b01,63.27,1,63.27,5.0,10.0,0,0,bronze
7d84470691342ca6eeef041506aa4422,178.92,1,178.92,5.0,6.0,0,0,silver
7d8d80420cca4d15cbd9b927f6b11c92,506.17,1,506.17,4.0,13.0,0,0,gold
7d8edfd1d3efadef19da57a63d21ed92,67.72,1,67.72,4.0,28.0,0,0,bronze
7d92000409c85ca917fc36293235bede,27.68,1,27.68,5.0,8.0,0,0,bronze
7d92608337b154f725e7963ae156ff9c,49.09,1,49.09,5.0,7.0,0,0,bronze
7d95fa7170950137cd6920141c9bbfce,42.27,1,42.27,5.0,15.0,0,0,bronze
7d968cb7862adb320960788e55ddda05,105.77,1,105.77,1.0,43.0,1,0,silver
7da0b6b298458b74953de3263e61adbc,40.93,1,40.93,1.0,24.0,0,0,bronze
7da3054afe371affc14d26cc2cc04358,26.38,1,26.38,4.0,5.0,0,0,bronze
7da36de856574a97acd9b048bf467adc,126.48,1,126.48,4.0,7.0,1,0,silver
7db16fffcf785af3c3a7d5f623d9be65,262.68,1,262.68,5.0,3.0,1,0,silver
7db1dd56aeb565eb3b144f4ade4d7e0e,48.99,1,48.99,4.0,6.0,0,0,bronze
7db2e770f207b919316e20d6a183ddd0,47.68,1,47.68,5.0,1.0,0,0,bronze
7db4d22fd27d6b46393385f8a951fd21,27.49,1,27.49,5.0,12.0,0,0,bronze
7dba25bfbabd35dcad9987c95f4edc36,148.15,1,148.15,4.0,7.0,1,0,silver
7dcb5dc118b501f403aceeb6d438f33f,61.11,1,61.11,1.0,33.0,0,0,bronze
7dcfcaed65b2a6870336ec483b41ea73,126.23,1,126.23,4.0,2.0,0,0,silver
7dd0031f1da839843abbcda4e9fb317b,2267.18,1,2267.18,5.0,1.0,1,0,platinum
7dd2e8827e0bb9c6e63127eafc85d9e3,84.69,1,84.69,5.0,5.0,1,0,bronze
7dd40a0e88edb7575e686a711ff07a0c,150.26,1,150.26,3.0,16.0,1,0,silver
7dd4439944853519fefef3a0c7196d30,144.76,1,144.76,5.0,16.0,1,0,silver
7dd4e8dc5ce5ee85eb05634a38402b6c,76.42,1,76.42,4.0,6.0,0,0,bronze
7de01a3b3d0ad54a01e468ca9d9b55d6,23.29,1,23.29,5.0,1.0,0,0,bronze
7de55da799876f3835e69fe484c6153d,77.57,1,77.57,1.0,25.0,0,0,bronze
7de6d654e4d5b71483c3799468bc27e6,2098.4,1,2098.4,5.0,5.0,1,0,platinum
7dedc655d3280a4f507ee70a9c34c756,162.55,1,162.55,4.0,11.0,1,0,silver
7df1b28f76c17fdb19e22e5fa4b4c483,154.15,1,154.15,5.0,2.0,0,0,silver
7df57c69d26483ecdc9965e7df563b84,149.2,1,149.2,5.0,11.0,0,0,silver
7dff45aa5970ec6fb93ef8bce6e4ac1f,168.29,1,168.29,5.0,19.0,0,0,silver
7e1013f7423cda110d3ccf6d6d544b8d,324.63,1,324.63,3.0,6.0,1,0,gold
7e152bb52633a3cb351bf4bc2a75e0bd,77.27,1,77.27,5.0,15.0,0,0,bronze
7e1681f9bb31800364869a2cdbe289db,123.89,1,123.89,1.0,27.0,0,0,silver
7e1a5ca61b572d76b64b6688b9f96473,106.81,1,106.81,5.0,18.0,0,0,silver
7e1ad66cf0b136c9348d4bcfafe77a0d,57.82,1,57.82,3.0,3.0,1,0,bronze
7e2b5ad4ce455201b8264ff03f72ab6b,35.86,1,35.86,1.0,15.0,0,0,bronze
7e2cbfaa3c4cba104bc67afb721d62ec,31.75,1,31.75,5.0,16.0,0,0,bronze
7e3ae8b934d05dfc81f8d94971f49211,66.01,1,66.01,3.0,5.0,1,0,bronze
7e3c0c5efe033210eb6cc4481a865593,87.71,1,87.71,5.0,2.0,1,0,bronze
7e410d1a869ec40ee1b4b9afe6364de8,67.39,1,67.39,5.0,2.0,0,0,bronze
7e42381962b8490f0d3a5003b769af73,31.0,1,31.0,4.0,9.0,0,0,bronze
7e53420f2126366b3489c18314f82803,126.0,1,126.0,3.0,8.0,1,0,silver
7e5641367b72c03fbc85a214e150060f,177.02,1,177.02,1.0,29.0,1,0,silver
7e57064449560b92abe8f75f92a0a9b8,82.13,1,82.13,4.0,19.0,0,0,bronze
7e676e17afba65f46a52fdfb9f382d72,114.74,1,114.74,5.0,12.0,1,0,silver
7e75aeef30d7e9d4ac860fcc8eaa8812,24.85,1,24.85,5.0,9.0,1,0,bronze
7e7730c025f8195d40ac4d0050fcf37f,71.17,1,71.17,5.0,14.0,0,0,bronze
7e77959090a7a38cc5b3acecc1f00c0b,70.98,1,70.98,4.0,8.0,0,0,bronze
7e7fc3003584df59be31abba5784d8e5,102.03,1,102.03,5.0,3.0,1,0,silver
7e8cf7d667f2dd08a061422691e05e11,86.15,1,86.15,5.0,11.0,0,0,bronze
7e9ec06fb64d5b89d182bd68226c897e,22.36,1,22.36,5.0,3.0,0,0,bronze
7ea092b63b0f76aa49ccb5f9524af893,180.37,1,180.37,5.0,4.0,0,0,silver
7ea4bec68d72e5d00c8c28e6a2c557b7,150.63,1,150.63,4.0,17.0,1,0,silver
7eaa86786b5955ab188db287f4726d79,251.28,1,251.28,5.0,9.0,1,0,silver
7eafe82893dd532dfca83b213e98981b,92.2,1,92.2,5.0,6.0,0,0,bronze
7eb7b405964ccb3e792ab1583883975d,51.5,1,51.5,5.0,19.0,1,0,bronze
7ebd452b586a9c80f3b3f02ad10b0fbb,125.38,1,125.38,5.0,8.0,1,0,silver
7ec67b7548469c09a2afb714b096be0a,133.03,1,133.03,5.0,10.0,1,0,silver
7ec86204e6aaa9e3d8118f939036545a,225.24,1,225.24,5.0,63.0,0,0,silver
7ed80b6a72fdb2ac005d4e4509deed91,22.27,1,22.27,5.0,4.0,0,0,bronze
7ee13600d2ecddb57d72a4d092189215,108.05,1,108.05,5.0,3.0,0,0,silver
7ee97a21d1cf250a5f580051d2a9a1e7,317.24,1,317.24,5.0,24.0,1,0,gold
7ef7e4cd493353520fe3df708dc1cf07,157.81,1,157.81,3.0,,1,0,silver
7efe2c3e942e0e40200f5229b6802964,68.61,1,68.61,5.0,18.0,0,0,bronze
7eff2793b08e03fb7949f498e5a9d3f0,356.54,1,356.54,5.0,6.0,1,0,gold
7f11d8cba2b0b40ef25915bf8e0c48c0,50.86,1,50.86,5.0,7.0,0,0,bronze
7f14f0141917d360c6ebab50c74ae87f,176.65,1,176.65,5.0,14.0,0,0,silver
7f190842e941467d1007a45f6a92fba8,63.06,1,63.06,5.0,2.0,1,0,bronze
7f1ffcbda3100e51936cb80d6d591de8,40.0,1,40.0,5.0,17.0,1,0,bronze
7f30495af3c648abb809b674749e4f1c,97.79,1,97.79,1.0,,1,0,bronze
7f35d55f87220867c7552d2ec257afef,84.18,1,84.18,,11.0,0,0,bronze
7f3900c3b410283fecc31825f9c4e0b6,141.63,1,141.63,5.0,7.0,1,0,silver
7f3dfd894190e75971209dc602e43cb4,284.9,1,284.9,5.0,5.0,1,0,silver
7f40151ffb4924687a0204e9af47b04f,127.92,1,127.92,5.0,14.0,1,0,silver
7f4b3e37f62fd76ce20deebe1f898718,124.98,1,124.98,5.0,19.0,1,0,silver
7f4e38baf95bcea5049ebb122df9a8ce,64.09,1,64.09,5.0,9.0,0,0,bronze
7f4f709af2fd8fea44aacd30bca46264,242.34,1,242.34,4.0,6.0,1,0,silver
7f5f43a9394964ac51bc5d1e0204ead4,224.44,1,224.44,5.0,9.0,1,0,silver
7f65f16a2290235fa5e4206ce6e59c34,152.19,1,152.19,1.0,16.0,0,0,silver
7f6611fcb714cdefe7b41d8d7ff793d6,33.13,1,33.13,4.0,6.0,0,0,bronze
7f7126b230207b8c24086dfb5f408ec3,126.68,1,126.68,1.0,34.0,0,0,silver
7f7495ab31271fa1bc8423b7db5ea274,135.08,1,135.08,3.0,13.0,1,0,silver
7f75f185743196f97139443349a006f3,773.25,1,773.25,5.0,7.0,1,0,gold
7f78ef49a3ec6ff5ca63eb05bf82fefc,584.33,1,584.33,1.0,25.0,0,0,gold
7f873e2c98b19dfcae0db3c0ba919905,167.66,1,167.66,4.0,8.0,1,0,silver
7f937270d3949282aa09dfb52c2c620d,173.53,1,173.53,3.0,10.0,0,0,silver
7fa04dfbc22880710a5b2cd2319771fa,53.76,1,53.76,5.0,4.0,0,0,bronze
7fa12ff85543277b8842b68a31eca5c2,262.24,1,262.24,3.0,7.0,0,0,silver
7fa8298b790b9bb78ffac3a59336d27b,135.6,1,135.6,5.0,7.0,0,0,silver
7faedfe7b19e29fa030059021df2a1a1,191.17,1,191.17,1.0,23.0,1,0,silver
7faff2e2df2eb442e0a8bc56327d614c,73.87,1,73.87,5.0,13.0,1,0,bronze
7fb211f99a01b4971fd1e07e3a256458,175.06,1,175.06,1.0,38.0,0,0,silver
7fbe2666270ae3bee3dc37847b15afaf,122.56,1,122.56,5.0,10.0,1,0,silver
7fc5f80feaa9ec1ed5eca61ae1442c18,51.38,1,51.38,1.0,15.0,0,0,bronze
7fd3d22b5ae0f62d7af0657204afed2d,40.86,1,40.86,5.0,6.0,1,0,bronze
7fdc7bc8acb4c2a7ea0025b571f1335d,129.95,1,129.95,3.0,11.0,1,0,silver
7fe804f9fbcd689a32012c4e4e58d710,131.73,1,131.73,4.0,4.0,0,0,silver
7feaac01dadfb6a96508d738973ca456,206.87,1,206.87,5.0,18.0,1,0,silver
7ff077542c9ad55ad5c8509ce1638f0b,67.5,1,67.5,5.0,10.0,0,0,bronze
7ff94a3b88a95eb8d8c2202a50797781,82.33,1,82.33,2.0,3.0,1,0,bronze
7ffb203f52eca80e4b0c77a6b7cd38f3,134.12,1,134.12,1.0,10.0,1,0,silver
800a7e9c5b3c2b14cfb2ac54097f6349,112.09,1,112.09,5.0,2.0,0,0,silver
801b0d06f80f85c5b7da52b025bf90e9,65.79,1,65.79,4.0,12.0,1,0,bronze
801be759d8867e392827a1fa5bac26d7,70.97,1,70.97,1.0,8.0,0,0,bronze
801d8cb0dfd3a8000f08987e46890a84,79.58,1,79.58,1.0,39.0,0,0,bronze
801e6d205ff6ea1f0ac9132ccecba63b,43.29,1,43.29,5.0,2.0,1,0,bronze
8020122f905630db7791d7f176b7982e,88.06,1,88.06,5.0,9.0,0,0,bronze
8026ec946c27bc09c707cbeedc0ab774,57.6,1,57.6,4.0,4.0,0,0,bronze
80282a1a77281692a0339c2a08d0e6af,34.0,1,34.0,1.0,45.0,0,0,bronze
803370695e05d515d9e3b347a425d2da,349.49,1,349.49,5.0,5.0,0,0,gold
8038505867c69488c5dbba1ebf144739,141.78,1,141.78,5.0,6.0,1,0,silver
803c530613f5c4ee03502be0d6894de0,131.64,1,131.64,4.0,8.0,0,0,silver
803c7901a46efc90aec32e744c008b4a,418.58,1,418.58,5.0,2.0,1,0,gold
804f67315cabb9737efa7e3a046f4fd1,148.14,1,148.14,1.0,18.0,0,0,silver
805816ad3561d6a86cf4b4700f4c89cf,136.26,1,136.26,4.0,16.0,0,0,silver
806ab9e6d7c897da7e3b6104dadadc34,102.08,1,102.08,5.0,11.0,0,0,silver
807444dfb525ec7867f28babad34503f,117.94,1,117.94,5.0,13.0,1,0,silver
80768413a59684f1e4c68a4e85feac9d,99.9,1,99.9,5.0,12.0,0,0,bronze
807c1f920ed66cd5304366cf432d11fa,101.25,1,101.25,5.0,13.0,1,0,silver
80858bc1ad0b7a63c5b87b3baf4fe309,21.39,1,21.39,2.0,8.0,1,0,bronze
808942bbefc6f873eddfc7821ef89a6a,83.25,1,83.25,5.0,14.0,0,0,bronze
808a74ffa0381f16a4a15cc3ee7007f7,65.13,1,65.13,5.0,15.0,0,0,bronze
808d9dcd8a4a433f61e54ac54d8e275d,42.05,1,42.05,4.0,26.0,1,0,bronze
809123b7426128f66b2549071a4c72d1,268.13,1,268.13,1.0,38.0,1,0,silver
80956442c9929b662ab7991d96772385,94.49,1,94.49,4.0,6.0,1,0,bronze
809988e0e5fdc4bf04b87fbfdeb9d249,26.0,1,26.0,5.0,17.0,0,0,bronze
809ce1ac1085b68cba28dcc31e08ac22,158.91,1,158.91,1.0,35.0,0,0,silver
809ea1c56f165109936fe5c51003fbfb,113.62,1,113.62,5.0,2.0,1,0,silver
80a18d7c92a893bcc6cab134034a698e,246.19,1,246.19,4.0,,0,0,silver
80ac9b7155f022c3478998f6f0cd8043,64.29,1,64.29,5.0,1.0,0,0,bronze
80b348fc644e8f8eb47443a3bd3a0ae0,56.78,1,56.78,3.0,14.0,1,0,bronze
80b802cd88ff70ff813c1c7ce62084f5,82.73,1,82.73,4.0,11.0,1,0,bronze
80bba7ff944c475b0d217e1e5f1c0488,190.37,1,190.37,4.0,13.0,0,0,silver
80be8115b1239a9756aa538b49235bb6,169.82,1,169.82,5.0,11.0,1,0,silver
80c7e517a93815d31d9c3e679d99e823,165.8,1,165.8,1.0,35.0,1,0,silver
80cd449260daad10832de001429d6908,92.39,1,92.39,3.0,7.0,0,0,bronze
80d1acba72cc1dd62e91c5858bed0ef2,138.12,1,138.12,5.0,17.0,1,0,silver
80d1ea0d2b7efed97c0d9f71a5033e7e,43.17,1,43.17,4.0,8.0,0,0,bronze
80ebd337ccd5c89fc974009d8249c539,73.15,1,73.15,5.0,15.0,0,0,bronze
80f505b0ab9486093e9789665e9457c1,37.99,1,37.99,5.0,8.0,0,0,bronze
80f8d3be7359e4a36255ab2a192dab51,77.5,1,77.5,2.0,9.0,0,0,bronze
810e198d3e6241909f2a752c5c113c9c,203.38,1,203.38,5.0,23.0,1,0,silver
8111e35251e270e133f321c2c39b2a9e,47.69,1,47.69,4.0,25.0,1,0,bronze
81173dfefc72d08cc9b859fa647edd0a,126.2,1,126.2,5.0,5.0,0,0,silver
8117e61e5a8fdc71acf2b0b25cab6b3d,57.99,1,57.99,5.0,4.0,1,0,bronze
81238d4299b66d04234593c4a832773e,1629.33,1,1629.33,5.0,22.0,0,0,platinum
812c63822d11a2c1c88e722078a02c23,90.14,1,90.14,5.0,4.0,0,0,bronze
8135e96bb0e82094802dde158bd00988,95.37,1,95.37,5.0,7.0,1,0,bronze
814462b6ef17ba288ac561e8990aeb56,78.42,1,78.42,5.0,4.0,0,0,bronze
814731ee4842ca7c10b5cb589ebd24fa,41.88,1,41.88,5.0,6.0,0,0,bronze
815feac81c8a02aa182a1a1dddfb90ec,154.73,1,154.73,5.0,6.0,0,0,silver
81605c01eb9bc8b880b23a3a06173423,153.2,1,153.2,1.0,22.0,0,0,silver
816093dd2f12bff6689df8bbd77f5989,79.02,1,79.02,5.0,26.0,0,0,bronze
8162d9416ce46917802d7d5beca1ca48,44.38,1,44.38,5.0,22.0,0,0,bronze
8165d1d25f74386543d08fe9fa82e3e3,71.04,1,71.04,5.0,8.0,1,0,bronze
816d452bdeca0063091c23848e0bd403,64.71,1,64.71,5.0,4.0,0,0,bronze
8170c6e6d010d22195bcd959f5de1ea5,83.16,1,83.16,5.0,3.0,0,0,bronze
81727e86a8b8a9d9dcc84e67cd824a5f,54.34,1,54.34,5.0,5.0,0,0,bronze
8176f8d3aa645c27e575e8809c2dd122,143.12,1,143.12,5.0,7.0,1,0,silver
817e5716f6422034866ebf8ca98df738,266.49,1,266.49,5.0,8.0,1,0,silver
81886a904fd1466adf8129fc130982af,97.85,1,97.85,2.0,9.0,0,0,bronze
818977c72a9a9db58e112e4704137f91,34.84,1,34.84,1.0,26.0,1,0,bronze
818980106a51173e54f72529c04f6b53,221.79,1,221.79,4.0,21.0,1,0,silver
818a621cfb53334cdca627e59f0eaa65,80.27,1,80.27,4.0,5.0,1,0,bronze
8196065b637800456cce287e207e76e1,111.82,1,111.82,5.0,9.0,1,0,silver
81969213c0db697f2a6da4a4eaad1bf9,239.64,1,239.64,,7.0,0,0,silver
81a42a5e9b85c39c9dcf8087bb3d1341,180.62,1,180.62,5.0,16.0,1,0,silver
81a79f384f8602573644b70698bab3b1,1028.3,1,1028.3,5.0,19.0,0,0,platinum
81acf66173bb80d6988f3aa37d56176b,160.68,1,160.68,1.0,,1,0,silver
81b133c3f4e30a14a6585a2f20ff150f,85.18,1,85.18,5.0,6.0,0,0,bronze
81bd8eafd9a96d3e52b7254f4d383b81,140.0,1,140.0,5.0,14.0,1,0,silver
81c05f239c6616452f843cbd2131c90f,114.73,1,114.73,5.0,21.0,1,0,silver
81c3d02a8bdd43a185097b22a3f8cd41,123.37,1,123.37,4.0,10.0,1,0,silver
81d2a8a1c5bf51b0655b68e07f15e08b,291.66,1,291.66,3.0,12.0,0,0,silver
81d6253f213c5061ff0cfe8820997b59,30.58,1,30.58,5.0,10.0,0,0,bronze
81d863988b3c9126207c8fc282c503fc,60.44,1,60.44,5.0,10.0,1,0,bronze
81dafc2d9616f0d5673120d0318b5de5,206.84,1,206.84,2.0,36.0,1,0,silver
81e1a781cd5925decbbd918b8cb5fd24,205.51,1,205.51,5.0,10.0,0,0,silver
81f99d4137bdfcb71918514503904cef,40.1,1,40.1,3.0,10.0,0,0,bronze
81fb5f4000696bb902c28b0ca0d8fadc,117.76,1,117.76,5.0,10.0,0,0,silver
81fcb1b3fcc6236b3ea0f8a4683cd1d1,104.32,1,104.32,5.0,7.0,1,0,silver
81fd3fd3cb3c6feb4d681fdc6996d896,78.62,1,78.62,1.0,16.0,0,0,bronze
820e78bf5449cb1bafbc56095ceb77a7,194.32,1,194.32,5.0,3.0,0,0,silver
820fdd31b7c5630cecb51be081a686ac,229.78,1,229.78,5.0,17.0,0,0,silver
821af681d12f9cd66b20cd1d1e7c02ce,48.69,1,48.69,2.0,16.0,0,0,bronze
822db05746574009191b5c68d455cff0,65.63,1,65.63,4.0,3.0,0,0,bronze
823166bc0cc518f6b1b0e9de80c691b6,274.56,1,274.56,3.0,18.0,1,0,silver
8234e6c1f994bc829649de4ac248ed0f,72.92,1,72.92,3.0,22.0,1,0,bronze
8241424764e0bfa6bfcb3c6cda391ac8,487.55,1,487.55,4.0,7.0,1,0,gold
824409ad239e3bda3436d53b4b4ed0cf,109.16,1,109.16,5.0,13.0,1,0,silver
82550d862db88ffac284571dc04b8497,55.0,1,55.0,5.0,13.0,0,0,bronze
8256d76e17831256264dd7ac35024705,158.26,1,158.26,1.0,17.0,0,0,silver
8257caefd0d3ed59fd4e00770b7da2ba,380.4,1,380.4,1.0,7.0,1,0,gold
825d3949166e60c38be0fa30394176a0,398.85,1,398.85,1.0,10.0,1,0,gold
827b19392982299876c0aca1f92208c2,132.95,1,132.95,5.0,42.0,1,0,silver
828a8eb27198a85e88b5bd7721a550b4,129.91,1,129.91,4.0,17.0,1,0,silver
828f1ae2f85035cc0bc40cc8d2ec9208,146.92,1,146.92,5.0,8.0,0,0,silver
828f2457cc5cc3bb2b26c271bd6193d1,101.27,1,101.27,3.0,21.0,1,0,silver
8291b8ed19153d9a5963404db18ece91,79.33,1,79.33,1.0,2.0,1,0,bronze
829d6e7a43080e1e26d649f475b9288b,184.26,1,184.26,,14.0,1,0,silver
82a1a712d8738a8320082f86f2cad79f,84.82,1,84.82,5.0,12.0,0,0,bronze
82a30c3a0cda2a7c36585ee82de291fc,237.07,1,237.07,5.0,14.0,0,0,silver
82a78b7fe9c0c1a662b2d7116c203d36,164.54,1,164.54,5.0,2.0,0,0,silver
82a8c37d57e84d839d4f387111a5bd91,86.25,1,86.25,5.0,15.0,0,0,bronze
82ab7d52a677122ad223dc866567678d,380.3,1,380.3,2.0,24.0,1,0,gold
82af14f8016b232e088146dc208b60af,27.69,1,27.69,3.0,,0,0,bronze
82b10cac246970ffdf60e1d93a9a9816,77.57,1,77.57,3.0,18.0,0,0,bronze
82b2c7e623ab782bc767791920cc36a7,94.4,1,94.4,5.0,1.0,1,0,bronze
82b6bf4a12cb4cacd01c660e419ddf36,36.24,1,36.24,5.0,7.0,0,0,bronze
82b6d31baa9c3905f4d3a9ec67db715b,143.24,1,143.24,5.0,3.0,1,0,silver
82c01a7c6ad994bc5b31f5443d568463,97.14,1,97.14,5.0,4.0,0,0,bronze
82c3aa6d37a37196566ae332ad18880f,35.41,1,35.41,5.0,2.0,0,0,bronze
82cd1430e178da05410ba24d05139573,96.02,1,96.02,5.0,20.0,1,0,bronze
82d91aee09cea7c887f0188b783b97ea,83.45,1,83.45,5.0,6.0,0,0,bronze
82dfa15e138ccec1896ca84a3151248d,79.98,1,79.98,5.0,7.0,0,0,bronze
82e1a1e7c48fe142617f3cff6c5bfef3,138.75,1,138.75,5.0,7.0,1,0,silver
82e6a6e5f39a19a28f7f98a4fcf1024c,29.38,1,29.38,1.0,2.0,1,0,bronze
82e8a807d0dbd790eb24dd815a2c0998,738.16,1,738.16,2.0,27.0,1,0,gold
82e974b142d5542642c9336e02ad52b7,121.38,1,121.38,2.0,11.0,0,0,silver
82ed7c6aebdb7721e9426f254e4677bb,83.72,1,83.72,3.0,10.0,1,0,bronze
82f1af5e0fd73888403066c873494894,51.09,1,51.09,1.0,14.0,0,0,bronze
82f41c4dd4139c7e9f486245bf6294db,112.19,1,112.19,5.0,8.0,1,0,silver
82f62c72ea40104e50dc613f6fc5a784,130.01,1,130.01,5.0,10.0,1,0,silver
82f80356fc402cc18b069e2328fc440c,201.74,1,201.74,4.0,8.0,1,0,silver
82f899571674ff6479053e8e24b17e5f,119.66,1,119.66,5.0,16.0,0,0,silver
82fc16a18a1d9ca6b49dc067f206fb2b,40.04,1,40.04,5.0,10.0,0,0,bronze
83011c7d99294a16a97db805038e9e9e,135.4,1,135.4,5.0,9.0,0,0,silver
8305beba9229336efc837417f8d659ab,178.92,1,178.92,5.0,8.0,0,0,silver
830aeedd501a65614f802f58f187bac7,116.84,1,116.84,5.0,12.0,1,0,silver
830c4fabc12e6fecebe876391f445025,40.1,1,40.1,5.0,10.0,0,0,bronze
830d5b7aaa3b6f1e9ad63703bec97d23,0.0,1,0.0,1.0,54.0,0,0,
831519a1435b5ad9276f918e6dea9325,52.63,1,52.63,5.0,1.0,0,0,bronze
8329985f1dee7a65c9111793c4b98f5c,141.86,1,141.86,5.0,10.0,1,0,silver
8333f31092757a5fa6b917de74955d97,152.77,1,152.77,5.0,18.0,1,0,silver
833fdc9a07eb87df2bf3424fba6fa7d0,75.07,1,75.07,5.0,19.0,1,0,bronze
83424549593093baf504ac260d4615e7,127.44,1,127.44,4.0,6.0,1,0,silver
8346b40f1e2e67c7d3512301d49e350b,105.18,1,105.18,5.0,6.0,0,0,silver
834d38a7d116877744264152f8cbb4f9,65.0,1,65.0,1.0,11.0,0,0,bronze
8355cff9b50ff80ef5775d734a0fcd6e,27.84,1,27.84,3.0,25.0,0,0,bronze
8355ffaf81d1796a851153ae6804fdde,107.22,1,107.22,5.0,4.0,1,0,silver
8356af66c0132c203bc366a3d6720ca2,67.44,1,67.44,5.0,5.0,0,0,bronze
835e7854d4c6aced3451a4cfe1ec5864,36.29,1,36.29,5.0,3.0,0,0,bronze
8367b52b2f70e145740d307e3383e6dd,32.65,1,32.65,5.0,2.0,0,0,bronze
83713f647f81aaccd6a0826b0f8d5b93,932.54,1,932.54,4.0,6.0,0,0,gold
8373cc590948654ebaca5318074397ba,190.37,1,190.37,3.0,5.0,0,0,silver
837525782a99405a7e8d6f3795240da8,54.11,1,54.11,4.0,9.0,0,0,bronze
8378cdfa8ea82daf322af788c4daddb6,354.52,1,354.52,5.0,11.0,0,0,gold
837a2bc40e70b541094e51aff3cce3bc,56.01,1,56.01,5.0,13.0,0,0,bronze
837b720668354ad30a5da42792f4c0a7,68.61,1,68.61,4.0,16.0,0,0,bronze
838aa2f09ee5cbf0fb2ca07b1cc2c5e4,135.6,1,135.6,1.0,15.0,0,0,silver
839a04051a2c347397fd425d01fc3eb2,378.38,1,378.38,5.0,15.0,1,0,gold
83ad84ada96d58cded17e914b6ebf2fb,98.7,1,98.7,1.0,22.0,0,0,bronze
83b4a40f95e870ed87dab271eaa053c2,96.93,1,96.93,5.0,6.0,1,0,bronze
83bbc81472296b7b0d3e4e40675b084d,313.53,1,313.53,5.0,7.0,1,0,gold
83c079de3b4108878cfd7b2c16154e82,84.79,1,84.79,4.0,14.0,0,0,bronze
83c6df0d47130de38c99cebe96521e8a,108.43,1,108.43,1.0,10.0,1,0,silver
83c7278a2af7e5f3338b1c1aaae608ab,38.09,1,38.09,5.0,5.0,1,0,bronze
83c76475c52e94b39f6240b68ffec54a,676.74,1,676.74,5.0,11.0,1,0,gold
83d4f03665f228247540e9d373cbc65d,38.63,1,38.63,5.0,5.0,0,0,bronze
83e811b31fe3effd03a4ef8fe588469d,190.37,1,190.37,4.0,16.0,1,0,silver
83e8281db92841314f911511c67f6e20,231.88,1,231.88,4.0,8.0,1,0,silver
83fedaa94a3d2091af6271cab8e48f39,92.67,1,92.67,5.0,6.0,0,0,bronze
840739182853bbdd69938b37f6d87c1e,125.53,1,125.53,5.0,12.0,1,0,silver
8408a1407d6f4f6e65e2e655f3c31492,67.83,1,67.83,5.0,24.0,1,0,bronze
841491836b155cea10133828ca4a600b,136.71,1,136.71,5.0,14.0,1,0,silver
842086dd425ca0aae2a88988a0eac805,347.05,1,347.05,4.0,10.0,1,0,gold
842c82a05fe60d689e341d5c9f33f73a,133.76,1,133.76,5.0,21.0,0,0,silver
8430dde1b71b7ed69c6fb3936e77157b,104.7,1,104.7,5.0,11.0,0,0,silver
843d97fcd6ec5e0c26577d2f9fe3a9f4,194.0,1,194.0,4.0,9.0,1,0,silver
8445873bcdd92958ac21038876888f88,105.94,1,105.94,5.0,6.0,1,0,silver
8445cabde6891268c2c444bf7fda0c8f,105.65,1,105.65,4.0,8.0,0,0,silver
84468ede9a32c976e901d309f7b75143,405.03,1,405.03,5.0,1.0,1,0,gold
8463acc278a8687036190453074efb4c,87.36,1,87.36,5.0,7.0,0,0,bronze
846faea83a00b2cf670d94cf9df84e70,32.42,1,32.42,5.0,6.0,0,0,bronze
84720447172b234e7504da52ee639435,157.22,1,157.22,5.0,3.0,0,0,silver
8483380368f794011993cbca25afc573,127.01,1,127.01,5.0,8.0,1,0,silver
8485723ea4c23f245f2bad68833199ae,41.29,1,41.29,5.0,6.0,0,0,bronze
84a970f5003150a26ba0cec70be40102,103.55,1,103.55,5.0,6.0,0,0,silver
84ab84c176061542731d809158c20bbf,178.38,1,178.38,1.0,,0,0,silver
84b4f0f5eb612956673c0c444b448713,43.27,1,43.27,3.0,8.0,0,0,bronze
84b6060d044cc7456db328c95b75ffcf,1301.01,1,1301.01,5.0,28.0,0,0,platinum
84ba6dec9aff1642cca06ff595a6d86c,98.32,1,98.32,5.0,35.0,1,0,bronze
84ba85d792b2744be79a7e535724a9c3,98.35,1,98.35,3.0,13.0,0,0,bronze
84c2b9cf0cc05f748d6ef32a0507dd2d,153.54,1,153.54,2.0,3.0,0,0,silver
84d416694948fd681e59f5c6fb216999,210.55,1,210.55,3.0,8.0,0,0,silver
84dfd767031aa71218737ef85c85bc12,48.3,1,48.3,2.0,5.0,1,0,bronze
84e13ef722e424b9f6ed3533f1996aec,45.0,1,45.0,2.0,26.0,0,0,bronze
84e18b88a4ed69a43b25a89d1b2178d0,126.02,1,126.02,4.0,8.0,0,0,silver
84e982d7487a6fc6b049fa740ab4deee,137.6,1,137.6,4.0,7.0,0,0,silver
84e9df8e35a1fd235c646df2c4f7cfcf,41.75,1,41.75,4.0,10.0,1,0,bronze
84ef2720b33d4ca5e5d547bef1bd2973,179.41,1,179.41,1.0,,0,0,silver
84fb192d3e2a577896b041f08d125457,107.78,1,107.78,4.0,20.0,0,0,silver
84ffccc982f51cfd250f56d09d870cd1,139.88,1,139.88,1.0,,1,0,silver
8503a6f694706c9dd1c3b567ab0e3a19,122.37,1,122.37,4.0,10.0,1,0,silver
8517e2c5ace53a0e3d4667489276306b,20.87,1,20.87,5.0,7.0,1,0,bronze
8522849f103f0c4f01ff87fa53bcf2ab,154.44,1,154.44,5.0,3.0,1,0,silver
85234917cd71e079f2cb073da6f28fdb,73.34,1,73.34,5.0,8.0,1,0,bronze
8537b738200120f21bfa4dea14b3e7d5,49.59,1,49.59,5.0,7.0,0,0,bronze
853ba75a0b423722ccf270eea3b4cfe4,108.12,1,108.12,1.0,46.0,1,0,silver
85419cb194ff68aacff9ab02562f6ab2,22.37,1,22.37,5.0,10.0,1,0,bronze
854653f952d2f4226c01355a42daa1ea,70.89,1,70.89,5.0,9.0,0,0,bronze
854a44ab9b7ec8fb28c539c51ae16725,50.86,1,50.86,2.0,5.0,0,0,bronze
854c37b10f4e835f6bc91355c9a7346c,98.68,1,98.68,5.0,11.0,1,0,bronze
854c92cd9e0bcac4eb1ba8876a1c7907,120.13,1,120.13,5.0,4.0,1,0,silver
85559e6e6b4a10fd8171a9ad0de5be67,258.87,1,258.87,4.0,7.0,1,0,silver
855d32ca5e45bf54e4d88c29c65cea0b,1367.23,1,1367.23,5.0,12.0,1,0,platinum
855e730893171da01614bf6347acaa9c,221.88,1,221.88,5.0,11.0,0,0,silver
856b96cff746b8cd17367dcc72189a14,214.13,1,214.13,4.0,4.0,1,0,silver
85866cae87362a09bd14acb45e1e8d79,241.76,1,241.76,5.0,13.0,1,0,silver
85963fd37bfd387aa6d915d8a1065486,879.4399999999999,1,879.4399999999999,5.0,14.0,1,0,gold
8597b390850fe72e108d53f42ca64846,221.16,1,221.16,4.0,11.0,0,0,silver
859e6dcbe7240d1465c094366131b28b,97.51,1,97.51,5.0,5.0,1,0,bronze
85a310508f84217a21efdb16eb7ff5fe,115.79,1,115.79,4.0,15.0,0,0,silver
85b33fdcff5e20584ac9ec8e3c559ea3,125.94,1,125.94,5.0,21.0,0,0,silver
85b483b4f7f7bb9fe94d3ece0a3cab93,1778.01,1,1778.01,5.0,14.0,1,0,platinum
85bde71f3e119a4c4e32107d54f6c7b4,240.92,1,240.92,4.0,12.0,1,0,silver
85bef48ea3240619e6971a9c676d7807,713.55,1,713.55,1.0,23.0,1,0,gold
85c9cc82766d61484d4014b8f1d62dd9,246.24,1,246.24,5.0,5.0,0,0,silver
85cbd4848d88ce531526c50a0139c35e,26.85,1,26.85,5.0,9.0,0,0,bronze
85d19aee7a7697db24f8e1b24222507b,171.62,1,171.62,4.0,24.0,0,0,silver
85e2d284523511fe8f6cd5488ac07751,65.0,1,65.0,4.0,16.0,0,0,bronze
85f0c98eb4f9479f80ffb3f389e409ba,74.05,1,74.05,3.0,24.0,0,0,bronze
85f43d7bf17a5b212fc13da627ee0150,34.0,1,34.0,5.0,4.0,0,0,bronze
8602c08b123ac1a71b34df72647854fe,42.94,1,42.94,5.0,7.0,0,0,bronze
86085586aaa8c5f47ed0b400da64c59d,85.81,1,85.81,5.0,5.0,0,0,bronze
860ea7467ce162456f5fc8bb3ece3425,124.42,1,124.42,5.0,3.0,0,0,silver
860f75391be5698f015d3b234e7576d6,46.19,1,46.19,5.0,14.0,0,0,bronze
8610d4722d4bcdaf55f53cbeb8cf3c14,30.09,1,30.09,1.0,,1,0,bronze
8611e5168d6f89edca510a62881fbb39,61.63,1,61.63,5.0,2.0,1,0,bronze
8612ff1b6f628fe9aaade60bce8c521f,98.7,1,98.7,4.0,10.0,0,0,bronze
8614ac51282d77ed22393201f26ca405,202.46,1,202.46,4.0,3.0,1,0,silver
862a1a278f6b74d312e41ce7d7363d73,63.33,1,63.33,5.0,6.0,0,0,bronze
862a31a206dd93be6ed95a70cd8b4b2d,34.27,1,34.27,5.0,7.0,0,0,bronze
862b2c6ccf4352c087cd60cdac498b48,80.14,1,80.14,5.0,12.0,1,0,bronze
862e1936729b52974099383cd4f07fab,53.870000000000005,1,53.870000000000005,3.0,4.0,0,0,bronze
86306de9fa9c8a153f26c38f65105d2f,57.69,1,57.69,3.0,3.0,0,0,bronze
8631dc0d778a550f06636525e6170b5c,104.7,1,104.7,2.0,16.0,1,0,silver
8637ac34deb9ac3edb1dd11e7680379e,267.38,1,267.38,5.0,7.0,0,0,silver
863f33ad6779954e7c3610131753e846,558.04,1,558.04,1.0,,1,0,gold
86455ab5db9281db55b12e1fa4fe7942,105.96,1,105.96,3.0,12.0,1,0,silver
864c5e4e1eb2432a0a373b4bab423ebf,31.38,1,31.38,1.0,11.0,0,0,bronze
865596c51fb15badeea1d33d62614c80,47.3,1,47.3,5.0,8.0,1,0,bronze
866c923cde750dfc8cfbcf9d5ced0ee4,186.74,1,186.74,3.0,8.0,1,0,silver
8672605892b455cfa79b6f69ca37d153,108.29,1,108.29,2.0,10.0,0,0,silver
8676422a5c30ff97f055b28adadbb506,157.97,1,157.97,5.0,5.0,0,0,silver
867ab3f8d3ca7c9a3f6795bf80f439fe,32.85,1,32.85,5.0,11.0,0,0,bronze
867fb254cc2e383ce51a38caada2a70e,196.18,1,196.18,5.0,6.0,1,0,silver
868c964d8398c4dc109d6593641cf23a,63.15,1,63.15,4.0,18.0,0,0,bronze
868c9f663c937835c57ce088c876d111,48.24,1,48.24,2.0,7.0,0,0,bronze
868e05a0868d46ae2b094037b66ae95d,130.01,1,130.01,5.0,11.0,1,0,silver
8690d9f8dc239155126a7c6fe5e7f82b,54.5,1,54.5,3.0,12.0,0,0,bronze
869d416d0e4f62034466aabe623740c8,187.65,1,187.65,4.0,10.0,1,0,silver
869e24ad7a01801912459c8729451cd3,103.58,1,103.58,5.0,8.0,1,0,silver
86a6f545207b9116f5a7e0e84e706b7b,239.42,1,239.42,5.0,1.0,0,0,silver
86af572160c0c821a358b352fe8de5f0,222.14,1,222.14,5.0,6.0,0,0,silver
86b59358310b208f822e416e59c96672,86.15,1,86.15,5.0,9.0,1,0,bronze
86c1cf9b50b98e75441353563862cd14,111.21,1,111.21,3.0,2.0,1,0,silver
86c784df61be3f1ad4d8d152011b956f,34.14,1,34.14,5.0,6.0,0,0,bronze
86c7ca0abbc14188bf9f946e10702f95,188.51,1,188.51,5.0,6.0,0,0,silver
86cc04e5bc655593599274e0dd520aa4,247.04,1,247.04,4.0,10.0,0,0,silver
86d1b878456bce15bcc9c4848207a785,191.84,1,191.84,3.0,7.0,0,0,silver
86d4dc92e6974f6b3537470b87fa120d,87.71,1,87.71,4.0,13.0,0,0,bronze
86d8261e5b348801fec7bf7ed0726e39,62.38,1,62.38,4.0,7.0,0,0,bronze
86f44dc0c704ff00e833ebe179b9641f,1002.79,1,1002.79,1.0,33.0,1,0,platinum
86f5ea139f5fb8d91a5a340d85b128e4,161.24,1,161.24,1.0,14.0,0,0,silver
86fae602a67c384fa4d64cd55fc51c52,167.64,1,167.64,3.0,29.0,0,0,silver
86fe9bdfd991105c910bd652862ab2e3,65.13,1,65.13,5.0,2.0,0,0,bronze
8704d22470c90667b52c6fb875625418,19.71,1,19.71,5.0,17.0,0,0,bronze
870c9668c304c089116a4b3a3a421887,99.52,1,99.52,5.0,7.0,1,0,bronze
871052cca53e454cad0d0ab2f52563e1,243.5,1,243.5,5.0,4.0,1,0,silver
872625584c36a248508359fb7022cd03,71.06,1,71.06,3.0,13.0,0,0,bronze
8728c766c84eeda24b3e54fe6e632051,144.26,1,144.26,5.0,20.0,1,0,silver
872954e400a8d4fbae229cc73f94a49e,140.3,1,140.3,5.0,19.0,1,0,silver
872cc08a1ec02f94f728a1eccfa7a80b,45.0,1,45.0,5.0,18.0,0,0,bronze
872cc652790b0509134cd9873aae6c83,89.32,1,89.32,5.0,25.0,0,0,bronze
8746f1ba2e19bcf8bc03a946a0923d78,253.65,1,253.65,5.0,16.0,1,0,silver
874763a0d1b43530139393ddf82c4a0f,72.48,1,72.48,3.0,8.0,1,0,bronze
8748bfe42a49ec1d8ed9108d0ad0a2a1,55.91,1,55.91,5.0,14.0,1,0,bronze
874c93d867b18eb09a5e2f071ee89458,130.85,1,130.85,4.0,7.0,0,0,silver
87566fe4966777f59b86e1313f177587,2115.05,1,2115.05,4.0,23.0,1,0,platinum
87574f1c1bce57c02b834d74d909c9f9,341.02,1,341.02,4.0,8.0,1,0,gold
87695ed086ebd36f20404c82d20fca87,107.78,1,107.78,5.0,14.0,1,0,silver
876cf92d16c913f4b884a7983badbec1,102.3,1,102.3,5.0,10.0,0,0,silver
8774ebcc57a20931b0e318d4d4396f58,34.31,1,34.31,5.0,9.0,0,0,bronze
877e4d5642cf4289c44d174be9f4ff94,49.81,1,49.81,1.0,12.0,0,0,bronze
879bef497f8db6d71cfbb3ad7993737a,208.55,1,208.55,5.0,2.0,1,0,silver
879f0badb54016c5d10cd2164e56f1ac,38.01,1,38.01,1.0,3.0,0,0,bronze
87a309826a8cbca2e5cdc9c0e60a0129,96.8,1,96.8,4.0,10.0,1,0,bronze
87a7db17f4e44fceb48191d2e5612acf,340.99,1,340.99,5.0,11.0,1,0,gold
87a806963d11bd793c835934fa8176c7,368.82,1,368.82,5.0,18.0,0,0,gold
87a87f4d218f1fdb8fe201963078b576,42.78,1,42.78,5.0,20.0,0,0,bronze
87b13b9164a289cec73d8daaa28cec41,234.78,1,234.78,4.0,12.0,1,0,silver
87b6a4306bbfd8437e64850e01823828,74.63,1,74.63,4.0,18.0,0,0,bronze
87c089e82d608010357f83dca1a9fb8f,187.89,1,187.89,5.0,6.0,1,0,silver
87c76f09e08d1ecc56a539ae8129f08a,156.22,1,156.22,5.0,6.0,0,0,silver
87c966979c823236e0d541e7618f12d1,364.91,1,364.91,1.0,42.0,1,0,gold
87d2cb1d11a2494ee3b37e2816ad442a,325.47,1,325.47,5.0,8.0,0,0,gold
87dbe9c62c041832305e9ad226d86ab7,82.33,1,82.33,5.0,4.0,0,0,bronze
87e06e0feb17254a694cb2892d0758ca,44.09,1,44.09,5.0,13.0,0,0,bronze
87e23f836bf7853cf7056d6b33ce09f4,105.26,1,105.26,5.0,2.0,0,0,silver
87e843365700cec571278edea904be15,117.57,1,117.57,5.0,14.0,0,0,silver
87e84b95aff26b8c8e22bd63b6513f0d,119.08,1,119.08,4.0,2.0,1,0,silver
87edab6661956d4d2f05e205251cf1a4,94.77,1,94.77,5.0,12.0,0,0,bronze
87f121f04b3c6456ab80f8a850001dd5,27.78,1,27.78,5.0,3.0,0,0,bronze
87f4ace763b404bb5ca765639d873a0c,39.05,1,39.05,2.0,8.0,1,0,bronze
87f837fc9fca6070996f6eb4be555b15,321.34,1,321.34,3.0,21.0,1,0,gold
87fcf527091245e44cd837c06fe0e0ce,78.77,1,78.77,,7.0,0,0,bronze
88083cd11e9ebe3f90c955770cf2bf76,204.06,1,204.06,3.0,10.0,1,0,silver
8813cd4bc7b8fa5dcd778bf3e35ad322,116.45,1,116.45,5.0,10.0,0,0,silver
88187b3d8788e30e20080606850f48cc,65.0,1,65.0,3.0,45.0,1,0,bronze
881a0a4ed61e14e4c9c138f2a1517620,77.57,1,77.57,4.0,12.0,1,0,bronze
882ec00054fec90395323a306ae89f46,75.06,1,75.06,1.0,,0,0,bronze
88388502f20df20b31ccd1a4aca9e898,56.09,1,56.09,5.0,7.0,1,0,bronze
8845265a32c8aaf62971e1cb6f260b26,46.54,1,46.54,5.0,4.0,1,0,bronze
8856412cf9cd5a3577968bad79e93bc6,168.3,1,168.3,3.0,7.0,1,0,silver
88565fb9279484fb087bff9a9912f0f2,29.1,1,29.1,5.0,7.0,0,0,bronze
88605124228c3a9f950be69ad4911e7a,36.52,1,36.52,3.0,6.0,1,0,bronze
88607ce3a266c48ee56db9695bff9dd6,161.37,1,161.37,3.0,8.0,1,0,silver
8863e8747d819c0e305d78b93d9ab775,84.87,1,84.87,1.0,9.0,0,0,bronze
8864fcd75870a545f2d3ee3008f2bf74,86.14,1,86.14,4.0,1.0,0,0,bronze
886aeeb2ed14cfff6830116322de8e4f,126.04,1,126.04,5.0,29.0,0,0,silver
886b3d18af61165d3f0bf83a61d56e01,122.62,1,122.62,5.0,3.0,1,0,silver
886c8a8c924043f8fa45387ddd9a16f7,124.02,1,124.02,5.0,13.0,0,0,silver
8873a2fb1f73b73fbd6c222b74286798,241.45,1,241.45,5.0,43.0,1,0,silver
8883bd65ed77af58a1ca676a76370203,46.61,1,46.61,5.0,5.0,0,0,bronze
888d3b72871bb77b66838b4b59a7497e,365.32,1,365.32,4.0,16.0,0,0,gold
88914cd8ecf222c3d2b5915960f5abb9,60.63,1,60.63,5.0,5.0,1,0,bronze
889a9e25aaa1d879dd16f63375d27040,59.0,1,59.0,5.0,21.0,0,0,bronze
889bb546e301bd0fddc2637900d17c6b,92.01,1,92.01,5.0,5.0,0,0,bronze
889d22055f87a5ee884ea207622044b4,431.46,1,431.46,1.0,7.0,0,0,gold
889e015ca36a78c63da1632de2f8bfcd,140.63,1,140.63,5.0,11.0,0,0,silver
889e20433bf76e2dba7d9a35c1ac4c47,83.7,1,83.7,4.0,9.0,0,0,bronze
88a8f123107a063acbdd1c90f3d8adea,126.58,1,126.58,4.0,18.0,1,0,silver
88b78cb25e6043d7b3ccbe9d88d70be0,102.13,1,102.13,4.0,16.0,1,0,silver
88baa2a0a13e63c2e2b3ebc09595e4c8,153.36,1,153.36,4.0,8.0,1,0,silver
88bc832f104b6dd684a17dbb1b76e778,114.77,1,114.77,1.0,44.0,0,0,silver
88be01ad5852aae1b5d5231e2f415475,112.43,1,112.43,1.0,53.0,1,0,silver
88c530af7d3c063519fbf3501ab4eb5e,167.63,1,167.63,5.0,11.0,1,0,silver
88c99e6b93f9e339e5d20c7bd6f34d5a,157.1,1,157.1,4.0,3.0,1,0,silver
88e0eef78a2c8acebf5e23425588e21d,92.57,1,92.57,4.0,6.0,1,0,bronze
88e3956dfc2f14425687e85ec0f53223,90.97,1,90.97,3.0,10.0,1,0,bronze
88e6b41cf1ad95a95cbb7d4e9d2a148b,206.99,1,206.99,5.0,20.0,1,0,silver
88e7bfd576fd00983d375746cdcac123,146.07,1,146.07,5.0,13.0,0,0,silver
88f4f2cc2cc3f7c3e8cd20d5e592424a,117.04,1,117.04,5.0,10.0,0,0,silver
88fa5cefa0ddcf019e8c75e50ae0c703,25.04,1,25.04,5.0,3.0,0,0,bronze
88fa6fb23f3cfe3c1fa5f1e1ce1dce6d,60.0,1,60.0,5.0,14.0,0,0,bronze
88fbae9cab186bb2bd7540d7fbaf6831,72.76,1,72.76,5.0,13.0,0,0,bronze
890428d68645fb2cbb42bc2e46ac2241,893.0,1,893.0,5.0,15.0,1,0,gold
8910eb29996c4c8905499106240ad3f9,75.75,1,75.75,5.0,2.0,0,0,bronze
8912b89ef23a547c94ffc09574c01357,71.15,1,71.15,5.0,13.0,0,0,bronze
891677cc1f44658aaa462b16a3f55477,63.11,1,63.11,3.0,6.0,1,0,bronze
891f50a1e1232cc5050e86a9a728b835,45.09,1,45.09,5.0,28.0,0,0,bronze
89232715b456747c17c31663f25e6453,27.23,1,27.23,5.0,19.0,0,0,bronze
8929ab973bbb0ecd1863021a1a6029f0,22.24,1,22.24,5.0,42.0,0,0,bronze
892ce7ef9975bdd49e0242191e51058e,156.94,1,156.94,5.0,6.0,1,0,silver
8932f078c2b6a417c4b14d3775addbeb,57.38,1,57.38,5.0,6.0,0,0,bronze
89386620c76b5a219e68896ce4c3ff08,95.34,1,95.34,3.0,16.0,0,0,bronze
89399f55afb7214d1d151832f9b1d916,85.71,1,85.71,4.0,16.0,1,0,bronze
893bcb1f52357312bb153f111912097b,86.18,1,86.18,2.0,,0,0,bronze
89451a1b261f0b56e49647b3f7782157,545.46,1,545.46,1.0,7.0,1,0,gold
894ee9f563c990def84f3aeb0d85fdb0,63.42,1,63.42,,22.0,1,0,bronze
89525cbc59ab4a7622ca666aee16560f,215.05,1,215.05,4.0,9.0,1,0,silver
8953237dbe1191529ee4acbfc8aae276,158.42,1,158.42,5.0,9.0,1,0,silver
8959d4251989df68934d67c1d32c5718,162.68,1,162.68,5.0,16.0,0,0,silver
8961b4ca2c5aceb7a78ea72c6e0c840a,213.37,1,213.37,5.0,10.0,0,0,silver
896d1de66758324ec1c3007858f1da61,36.55,1,36.55,5.0,10.0,0,0,bronze
8970ab3c1e233a3b742a8ea7909518d1,73.34,1,73.34,4.0,7.0,0,0,bronze
897df461c2a98526bebb408c8de7311a,46.53,1,46.53,3.0,28.0,0,0,bronze
8987280b085470a9fb0ee97d75342411,84.36,1,84.36,5.0,9.0,0,0,bronze
898de5da25e41e155e9232e8300dcddb,86.67,1,86.67,5.0,16.0,0,0,bronze
8997e8dac4a5c920e4102579ac0633bf,615.11,1,615.11,1.0,7.0,0,0,gold
89995a85ec4c21db428413aed387c451,181.55,1,181.55,5.0,20.0,1,0,silver
89a3260aab247205209fba1350f5d6f6,161.74,1,161.74,4.0,11.0,1,0,silver
89adb0f485715b9290d1bc3ed400d27c,493.92,1,493.92,1.0,25.0,1,0,gold
89af4a59fbd4471bfa9fa70e14803d2e,184.56,1,184.56,5.0,9.0,1,0,silver
89ba04a003c3ea6e1cb31c77a2bfb1a2,187.09,1,187.09,1.0,,1,0,silver
89bf67e3315301f332f5fbc7ea4ed749,212.0,1,212.0,5.0,3.0,1,0,silver
89c78e4dc2f9b9015997cc0d9999302c,468.53,1,468.53,1.0,29.0,1,0,gold
89c8fd00e68cd196611b48318f4b8bce,170.28,1,170.28,3.0,7.0,0,0,silver
89d2fbbea2cf6e5ac5a350af1e02cecb,51.63,1,51.63,5.0,4.0,1,0,bronze
89db8efa4b0ed567946d2bacb24c5cf4,72.14,1,72.14,4.0,8.0,0,0,bronze
89ddfc7ce3ad8a841056475bcab7665b,114.73,1,114.73,5.0,8.0,0,0,silver
89e01d672c0a04d18ed2cc070fbc842e,288.33,1,288.33,3.0,16.0,0,0,silver
89f45a94b5db6e63e09a1bfc1484d67a,184.93,1,184.93,5.0,10.0,1,0,silver
89fc88eb69c9a0b0f71febf7c7495ecb,84.14,1,84.14,5.0,11.0,1,0,bronze
89fd593957ef80a12f0588913e78b00d,55.28,1,55.28,3.0,26.0,0,0,bronze
8a04e75a04c11b76156ef03b8ea45a18,34.09,1,34.09,4.0,7.0,0,0,bronze
8a0795f19d1f3cc51debe071cf3e7870,41.84,1,41.84,4.0,14.0,0,0,bronze
8a1203467c7f64472ca1ccbb900629b2,58.88,1,58.88,5.0,11.0,0,0,bronze
8a1ab5dad60369c9b3d85ee8c2919296,59.34,1,59.34,5.0,27.0,1,0,bronze
8a1e8b556fd5feb59a63729b5341e71a,283.86,1,283.86,5.0,14.0,0,0,silver
8a222fcabf725d9bb7af3a3b12693a74,141.73,1,141.73,1.0,,0,0,silver
8a23128cf31e6dbb8c88fa635ad01b5d,309.18,1,309.18,5.0,3.0,1,0,gold
8a2a5d47165b5d564b6062d35e6efd4a,469.71,1,469.71,5.0,22.0,0,0,gold
8a2de494b1ab21895b8ebed690fa8b89,411.87,1,411.87,4.0,11.0,1,0,gold
8a2f69d7b68cb74190e11e301caecb70,174.75,1,174.75,5.0,8.0,0,0,silver
8a327802048f9909fe508e3c57088de1,76.51,1,76.51,5.0,9.0,0,0,bronze
8a4945ba37651a97cafc08c45e63986a,31.51,1,31.51,5.0,3.0,1,0,bronze
8a51de718cd2d196ee3044eeac75adba,46.52,1,46.52,5.0,4.0,1,0,bronze
8a52cb8ec2428ca203ea65c6aee5f3ce,80.79,1,80.79,5.0,8.0,0,0,bronze
8a5dd5aacea7e7652946f984c3ecb5e9,37.5,1,37.5,5.0,13.0,0,0,bronze
8a5ebddd26a21185101e42434d23de7f,105.57,1,105.57,5.0,15.0,1,0,silver
8a5fd9203379165785b1d05b786a0c44,98.79,1,98.79,2.0,16.0,1,0,bronze
8a6669c670e8a115def21587036dba30,242.98,1,242.98,1.0,4.0,1,0,silver
8a6ba6b413007e4b09dbc526503cb9d4,63.37,1,63.37,5.0,8.0,0,0,bronze
8a700eb66034af4248cb2ddc4a90cb58,72.76,1,72.76,4.0,9.0,1,0,bronze
8a7432d16aec9c2e4e40cdcbca613710,603.24,1,603.24,4.0,22.0,1,0,gold
8a75bcf1cf3c38af9dff219f4b3044f1,484.06,1,484.06,4.0,7.0,1,0,gold
8a796cf7bd37e02a20de477bd95efc58,129.25,1,129.25,5.0,35.0,0,0,silver
8a7a36ab245df09f3d998d09d47eb792,44.09,1,44.09,1.0,44.0,0,0,bronze
8a86ed4bed47bcac26f94311443b954c,178.69,1,178.69,4.0,7.0,1,0,silver
8a898880a61e551c80bacadfb4356255,36.46,1,36.46,5.0,2.0,0,0,bronze
8a89a5f322060e82525ac4509b9041a3,169.0,1,169.0,5.0,7.0,1,0,silver
8a8a31d188c3cf9dea0126d1b1049c18,53.37,1,53.37,4.0,4.0,0,0,bronze
8a8a3b96590da699865fa7e07e0e08ff,2133.69,1,2133.69,5.0,18.0,1,0,platinum
8a8dd033ec9d2eec8671243a98da24f8,116.36,1,116.36,5.0,15.0,0,0,silver
8a8fc46830cff51b8f5374e74dd21e7b,104.7,1,104.7,5.0,13.0,1,0,silver
8a90c3e2b92d45ef07713a65eaddb41e,97.79,1,97.79,1.0,4.0,0,0,bronze
8a975e5f2211cfb1b910c039421e4dfe,57.3,1,57.3,5.0,7.0,0,0,bronze
8aa802da0f525a68e7fae5e67929ebdd,90.23,1,90.23,1.0,,0,0,bronze
8aaa1627d1c9bc4c067ea189493a5205,175.3,1,175.3,1.0,11.0,0,0,silver
8aae2f3fde12cb89d92051ea937d4793,278.63,1,278.63,5.0,5.0,1,0,silver
8aaf8580719c71df507c102643a8e323,252.19,1,252.19,5.0,14.0,1,0,silver
8abc71015fc29ed9233e71a9c0bdb451,398.8,1,398.8,5.0,5.0,1,0,gold
8abf287fd0381307da2c53e8c117d6bb,40.1,1,40.1,5.0,14.0,0,0,bronze
8ac6c35ef908a91c443c7e5c65c338fa,167.15,1,167.15,5.0,7.0,0,0,silver
8ad100bc542bf49fb222d70f6b0953db,103.02,1,103.02,5.0,10.0,1,0,silver
8ae811f1cb9bdf616b018c95f923b3cf,37.0,1,37.0,5.0,11.0,0,0,bronze
8ae9cd0694b0ccb8ef3bb8571f97c264,47.01,1,47.01,5.0,12.0,0,0,bronze
8af05f9f21aa83ea29eb90d9cbc3c996,43.22,1,43.22,5.0,13.0,0,0,bronze
8af17078122640cfb1a03b9514b1b971,222.44,1,222.44,5.0,3.0,1,0,silver
8afaf1b7859bb5b215d1053bb9ab3dd1,107.0,1,107.0,4.0,4.0,0,0,silver
8afe6e31f63f36732766138fb463064c,85.12,1,85.12,5.0,18.0,1,0,bronze
8affef1a9da1b5d0e18b9defcbb34f2b,171.12,1,171.12,5.0,7.0,1,0,silver
8b071492904201b500fd79962f197043,115.45,1,115.45,4.0,12.0,1,0,silver
8b16d7714c9ad9e6ba763fe1d63bfddf,86.67,1,86.67,5.0,12.0,1,0,bronze
8b290fbc061d3248230cf393c55d5cb9,224.94,1,224.94,5.0,8.0,1,0,silver
8b3ce01bee97c8e4104d8e355da4f395,166.23,1,166.23,5.0,9.0,1,0,silver
8b3d50b4d35fca116d8904ad4fc1d96b,75.77,1,75.77,5.0,11.0,0,0,bronze
8b40beacd6dbd71939f080775399202a,113.44,1,113.44,5.0,10.0,1,0,silver
8b433c0e7b7d2a1f1148b4277cc673f8,189.51,1,189.51,4.0,4.0,1,0,silver
8b47b0dde4ee217c6f8193774830efad,156.44,1,156.44,5.0,26.0,0,0,silver
8b480743fbc5cbebc7c83868fa796001,48.04,1,48.04,5.0,19.0,1,0,bronze
8b4cb7273a814b7134a41abd824b6485,45.61,1,45.61,5.0,15.0,0,0,bronze
8b4dbc06f4caccae42ee7da8edd22f77,55.09,1,55.09,3.0,19.0,0,0,bronze
8b50ee8cca3616bc8601d6f4f9074e80,31.43,1,31.43,4.0,17.0,1,0,bronze
8b529b20db109479d1323f42e6ab9956,108.57,1,108.57,5.0,8.0,0,0,silver
8b5a45659215b387ebb353876141c833,183.61,1,183.61,4.0,43.0,1,0,silver
8b65dbaaed3c1f185c0d003f3d94a675,216.82,1,216.82,4.0,5.0,1,0,silver
8b66755d0ac584d14d45bc7dc6e792b7,157.22,1,157.22,5.0,12.0,1,0,silver
8b699bd48aedb9f41ea2cffecc28a443,185.84,1,185.84,4.0,15.0,1,0,silver
8b789c08cf290e40475d63308dafa12e,62.41,1,62.41,5.0,10.0,0,0,bronze
8b7cfd3ab8b53607bf49d1fb44da77d4,47.52,1,47.52,5.0,10.0,0,0,bronze
8b80399e05f96f4f96df8c99714e227c,108.2,1,108.2,2.0,17.0,1,0,silver
8b94771192b29512ed6cc0812471770e,64.23,1,64.23,3.0,20.0,1,0,bronze
8ba3299af46d0ed78e5e36d4b262232d,172.22,1,172.22,5.0,17.0,1,0,silver
8ba5855aea8e890fbb5c1bf3f5fd8d31,28.09,1,28.09,3.0,6.0,0,0,bronze
8ba8158e1d9dacde15b58ee317406e7d,216.82,1,216.82,4.0,17.0,1,0,silver
8bb910cd8c3b29e4acf2e94e3aaffbbf,111.11,1,111.11,4.0,11.0,0,0,silver
8bba1b09932dbba6f05e405be34ec7f1,23.86,1,23.86,1.0,11.0,1,0,bronze
8bbbe9dba580184aae1b7375edb53a7b,327.92,1,327.92,5.0,12.0,1,0,gold
8bc24a5f6aff334bacfd46f24430380d,56.96,1,56.96,5.0,10.0,1,0,bronze
8bc3068714502a076cdc66f2a207bb20,27.77,1,27.77,5.0,4.0,1,0,bronze
8bd063ff69f5c32673997fde76309c5f,134.01,1,134.01,4.0,26.0,1,0,silver
8bd394096fe3c0b6536a35812de0f403,36.35,1,36.35,5.0,17.0,0,0,bronze
8be0d7f2b796064b601cf9933bf6a3ff,142.92,1,142.92,3.0,6.0,1,0,silver
8be158f05b793cd72d5fde01365b5d2c,73.34,1,73.34,5.0,9.0,0,0,bronze
8be313230de40c7e4c9af757061c8719,49.51,1,49.51,5.0,12.0,1,0,bronze
8be9e2ac8cd05c487471b69ef7687b38,112.3,1,112.3,4.0,9.0,1,0,silver
8befc8a892e313fb7f53719381277c24,97.32,1,97.32,1.0,25.0,1,0,bronze
8c00773e9fcfdb04aeea00910481c865,87.96,1,87.96,3.0,11.0,1,0,bronze
8c0386035e15f02612c89d29d7694b41,267.9,1,267.9,5.0,7.0,1,0,silver
8c07686ca172213c54d3b88631e1fb5e,51.83,1,51.83,5.0,18.0,1,0,bronze
8c164db0690b983e7ab343d1cacfdb06,80.26,1,80.26,5.0,20.0,0,0,bronze
8c17fce83254376c3d3cbbea68f116d2,194.5,1,194.5,5.0,10.0,0,0,silver
8c19232ead49e981654300804a5eae9a,72.14,1,72.14,3.0,25.0,0,0,bronze
8c1f36ef68d459b06466c01063b7ec19,149.98,1,149.98,5.0,11.0,1,0,silver
8c244b759a03e6fa314733fa29feaf77,43.09,1,43.09,5.0,17.0,1,0,bronze
8c2663e10d731208f3e5b3cdf6737638,69.43,1,69.43,5.0,2.0,0,0,bronze
8c4507a51771fb461d0de12f6949cf17,104.58,1,104.58,4.0,6.0,1,0,silver
8c4eb133c4a45634289a9727130a32e1,256.79,1,256.79,5.0,8.0,1,0,silver
8c5295c7bccc9e0a03b14fe9fb76bf34,71.23,1,71.23,5.0,5.0,0,0,bronze
8c5458447e008fc2db69ca27bf5560f3,121.68,1,121.68,5.0,16.0,1,0,silver
8c5d1c8ed2e40a8dfc0842664ccebc1e,219.63,1,219.63,4.0,12.0,1,0,silver
8c5ff160a30c0aa25516abd1d185e9c3,102.08,1,102.08,1.0,7.0,0,0,silver
8c7902803287247ffaa81091b8207e7f,44.49,1,44.49,5.0,19.0,0,0,bronze
8c7be63e191ee9f0045e3b61a4d44867,79.56,1,79.56,5.0,11.0,1,0,bronze
8c99c0cb3f5f7fd22ca196e27c7f4619,367.79,1,367.79,4.0,28.0,1,0,gold
8c9e0e96e48e45cd656a4fc73993057e,98.64,1,98.64,1.0,7.0,1,0,bronze
8c9f376c4c714c1afd0255c7cd38b492,130.26,1,130.26,3.0,5.0,0,0,silver
8c9f8b4839d69680fb42ed79cb9a45f8,32.0,1,32.0,5.0,8.0,1,0,bronze
8ca35d717618d907babff962da6c5484,157.91,1,157.91,5.0,14.0,0,0,silver
8ca4019dfb727a43ec2d7671290be758,109.41,1,109.41,5.0,7.0,1,0,silver
8ca9a1c6f69824461e8116029f08b43b,77.57,1,77.57,4.0,14.0,0,0,bronze
8cb21d81689c51427852671500c8225a,165.8,1,165.8,5.0,14.0,1,0,silver
8cb9eb3a92e7bc1e9342a365a72a6fce,41.69,1,41.69,3.0,10.0,1,0,bronze
8cc9a827ed019883783b95005b741a74,93.48,1,93.48,5.0,13.0,0,0,bronze
8ccb4bbbcf37ed4f584d184a7ceab65d,41.85,1,41.85,4.0,10.0,0,0,bronze
8cd6e198e22093b0bfcd95e3e67cb77f,98.79,1,98.79,3.0,30.0,1,0,bronze
8cd6f80d3c3994e2060d46ec07ff0b0a,211.14,1,211.14,3.0,12.0,1,0,silver
8cd791781804096ed564baaefdcc722d,45.22,1,45.22,1.0,28.0,1,0,bronze
8cdf7cb8286bedec92f7d5c0000de310,34.53,1,34.53,4.0,9.0,0,0,bronze
8cdff5a3a9a6a434a81568b355873dca,74.07,1,74.07,4.0,19.0,0,0,bronze
8ce26d01214e16896a2cf2a2f38d64cb,48.31,1,48.31,5.0,11.0,0,0,bronze
8cfecfbbdad82f1281686a54caf46dbb,226.14,1,226.14,5.0,21.0,1,0,silver
8d07fe9ba5530c446135db1513c7e8b4,164.42,1,164.42,5.0,16.0,0,0,silver
8d0f0b9706204fc3c419ce5527e8beb3,221.31,1,221.31,5.0,27.0,1,0,silver
8d105f250341cd9538f795c71d94adfd,243.62,1,243.62,5.0,13.0,1,0,silver
8d16f90176ff5f123973cb5cd65c2e16,213.89,1,213.89,1.0,13.0,1,0,silver
8d203a683909b4305725d13368f1aa09,85.62,1,85.62,5.0,12.0,0,0,bronze
8d21b846e69c263edf74b4c8211d99a0,406.38,1,406.38,1.0,31.0,1,0,gold
8d2cc82dae0f2b1bb8667a2eedcd8c71,83.7,1,83.7,1.0,34.0,1,0,bronze
8d2f6695591c86f5fde13675fcc0f15e,57.69,1,57.69,3.0,8.0,0,0,bronze
8d35dc642ad984416aa918cf6a85704c,346.66,1,346.66,1.0,13.0,1,0,gold
8d384d9d49defe554f47b8186a206803,73.34,1,73.34,5.0,11.0,1,0,bronze
8d3a54507421dbd2ce0a1d58046826e0,133.46,1,133.46,1.0,27.0,1,0,silver
8d3b2ce00ba479b2d5d33d16a7d120b7,36.0,1,36.0,3.0,17.0,1,0,bronze
8d3b3afd63d7065ef1457c94351963b1,74.49,1,74.49,5.0,15.0,1,0,bronze
8d4921fbbee3fc7c3e684753390488be,135.86,1,135.86,4.0,9.0,0,0,silver
8d4d3f218fc6a54644a4c03a56e52f0e,66.67,1,66.67,5.0,15.0,0,0,bronze
8d50f5eadf50201ccdcedfb9e2ac8455,100.74000000000001,3,33.580000000000005,3.6666666666666665,1.5,0,1,silver
8d51a6326cf0a28306c1fd1f25cf9ff5,41.29,1,41.29,4.0,2.0,1,0,bronze
8d60a4803f5cf4a4275d5b69009e0e4b,76.02,1,76.02,5.0,13.0,0,0,bronze
8d615af0c7db30ffbf24bda9b5e08838,59.59,1,59.59,5.0,12.0,1,0,bronze
8d692a436fa634e911ebb1e69bb0f481,93.11,1,93.11,5.0,24.0,1,0,bronze
8d6d3cae3cded78859ef00793a6b361b,537.71,1,537.71,5.0,4.0,1,0,gold
8d6edc318022d1d2b7dad49d0053f295,27.79,1,27.79,4.0,6.0,0,0,bronze
8d80b14eea83e2ce1ad8b7b47627a20e,133.76,1,133.76,4.0,10.0,1,0,silver
8d80fd7cd5745aeb72c314664a1ec3f5,157.73,1,157.73,1.0,3.0,1,0,silver
8d83eaf05879f1f71dfb26f7027f1b74,212.38,1,212.38,5.0,9.0,0,0,silver
8d8abfd0d01a9c667c0820bb8c9185a8,94.84,1,94.84,2.0,14.0,0,0,bronze
8da4257624e455b4ade5076f589bf3c3,130.6,1,130.6,5.0,6.0,1,0,silver
8da73d471e36a4e5d8869dbafe7aa522,48.3,1,48.3,3.0,8.0,0,0,bronze
8dae54b4398643e70bb47dd33239b55d,116.88,1,116.88,5.0,8.0,0,0,silver
8db46442665a3e2c2addba356d0e8354,324.96000000000004,1,324.96000000000004,5.0,16.0,0,0,gold
8db85544764fe786ae7e91c2401ce9c1,127.24,1,127.24,5.0,3.0,0,0,silver
8dbbec2146fc038f00dd3819239dcaf6,65.09,1,65.09,5.0,11.0,0,0,bronze
8dc0d32543012e70ca0c0bc5535205f8,107.41,1,107.41,5.0,4.0,0,0,silver
8dc17b53543ee0ff19970896cfc6c750,118.17,1,118.17,5.0,13.0,1,0,silver
8dc4412f2ddf5ffee6cf50e6278b37fd,322.36,2,161.18,1.0,3.0,2,1,gold
8dc6069f6ce4934d2dfcb6439a513c93,115.7,1,115.7,5.0,4.0,0,0,silver
8dc7e009dbc26db66bc0b02a7882d208,54.09,1,54.09,5.0,16.0,0,0,bronze
8ddb2d8f41573ce2a9b798ab60117125,97.8,1,97.8,5.0,17.0,0,0,bronze
8ddbf129561e726360fd0deba9298d0e,58.09,1,58.09,5.0,18.0,0,0,bronze
8dde2ebb32007502979459f746fb1698,85.6,1,85.6,4.0,19.0,0,0,bronze
8ddfc44c98f486f469ab04fd4116f6da,250.99,1,250.99,5.0,12.0,1,0,silver
8de0790929f774d29258c29f9bc0c481,179.6,1,179.6,1.0,51.0,1,0,silver
8de0e7de3b9206260785e2801ad4174c,65.71,1,65.71,5.0,6.0,1,0,bronze
8de585ff90190c86a3316cab8e004c4d,143.21,1,143.21,4.0,2.0,0,0,silver
8df6025e7e187171192472543413b77e,303.02,1,303.02,5.0,6.0,1,0,gold
8dfa4b7004e4e9f1c9a5349f50dedaf0,102.2,1,102.2,5.0,13.0,0,0,silver
8dfae09fe8bd258650e619a48ab89a63,268.31,1,268.31,1.0,11.0,1,0,silver
8dfb9fff0eac6a63f34ed7707068e988,41.93,1,41.93,5.0,19.0,1,0,bronze
8dff0ffd4d3901995f7bb2c3ebe30608,407.8,1,407.8,5.0,8.0,1,0,gold
8dff9b4552dd014ec5d661e447fbfc4f,48.69,1,48.69,1.0,35.0,0,0,bronze
8e01028f9e35736a083d15e48ed32abf,101.5,1,101.5,5.0,5.0,1,0,silver
8e09a391443c7fa0c2781071233894d2,860.92,1,860.92,5.0,24.0,0,0,gold
8e0eae873c0019e01182099a1c497b79,723.48,1,723.48,5.0,14.0,0,0,gold
8e14c74067a1b6c2130598663b71e501,103.37,1,103.37,5.0,9.0,1,0,silver
8e1573decff799e8fb61e8c3708ad473,39.28,1,39.28,5.0,4.0,0,0,bronze
8e1dd089152c63b8853df378a109d765,167.69,1,167.69,1.0,14.0,0,0,silver
8e2492ad2e71ea5c0241909ebea89e1a,127.64,1,127.64,5.0,7.0,0,0,silver
8e4be769c1e241198b7ef3bb4cea5277,136.08,1,136.08,5.0,10.0,1,0,silver
8e4febd4468fd3dbfb6527e9982fb3b8,66.75,1,66.75,4.0,20.0,1,0,bronze
8e52214c5903765e10f948b1c062ed46,206.63,1,206.63,5.0,13.0,0,0,silver
8e5611044eee2a2bc452010de22fa131,237.59,1,237.59,5.0,12.0,0,0,silver
8e5c554c9645430ded8157382123cd23,342.39,1,342.39,5.0,5.0,1,0,gold
8e62db6f625288ad4792855f994abefd,104.11,1,104.11,5.0,7.0,0,0,silver
8e84222ad36cb6ab528b745ae6e18d11,66.67,1,66.67,5.0,15.0,1,0,bronze
8e88ad507bc0ce64d339830e4ac84fff,157.22,1,157.22,5.0,12.0,1,0,silver
8e89cddc36cd0e93c89e894c6b84126e,127.72,1,127.72,3.0,7.0,1,0,silver
8e990907b56d2383d3a39bf0cf9a3f42,185.57,1,185.57,5.0,9.0,1,0,silver
8ea127cdfebf2952bcf1314cb10ec98c,255.44,1,255.44,5.0,7.0,0,0,silver
8ea95e0fc3da49749b66835754e2062e,46.76,1,46.76,5.0,6.0,0,0,bronze
8eab6c7666c7ea3081e5d92842358b76,245.78,1,245.78,1.0,17.0,1,0,silver
8ebba27972041f432c9eb499ba66f638,48.13,1,48.13,1.0,24.0,0,0,bronze
8ec1dbe8a5e435ff67eed21bbf78b170,440.49,1,440.49,5.0,8.0,1,0,gold
8ec49be0447d11c4deb5fcdcf43407cc,163.69,1,163.69,5.0,10.0,1,0,silver
8ec9012f82e9328fcd04a5146a5a240c,103.55,1,103.55,5.0,10.0,1,0,silver
8ed2447ace7f204bf94f070f0dfffbb0,351.5,1,351.5,5.0,10.0,0,0,gold
8ee2c84bb387d1e4fbac648a5d964581,93.41,1,93.41,5.0,13.0,0,0,bronze
8ee90acbe93118f8de51f73c4f80b2df,308.3,1,308.3,5.0,9.0,1,0,gold
8ef0b77c8d0915a9288ef6ba53382ecf,192.24,1,192.24,4.0,14.0,1,0,silver
8ef694cefeef6894d4d66ccd03d2a772,146.11,1,146.11,5.0,19.0,1,0,silver
8ef9c8578c52b10e5ffcad027285d0b1,120.18,1,120.18,5.0,9.0,0,0,silver
8efc68c32e999075dd32dba3e5bc19d4,165.94,1,165.94,5.0,16.0,1,0,silver
8f060d52f9c6e9244dc0cba5951bb6ff,48.38,1,48.38,5.0,11.0,0,0,bronze
8f0eb363ad943a36b7091034f29b508e,478.56,1,478.56,5.0,9.0,1,0,gold
8f1103e442c01c9b49dbf79dfabbec6c,86.02,1,86.02,5.0,5.0,1,0,bronze
8f1794300ad248a55eae07168219ca15,65.0,1,65.0,5.0,20.0,1,0,bronze
8f20ece0099d6e5c22c1fd0c24a1e681,115.45,1,115.45,5.0,18.0,1,0,silver
8f257a3fa12c0873312984301ef06d05,26.38,1,26.38,5.0,2.0,0,0,bronze
8f26f35594e51e7c9c4617be011581fa,125.98,1,125.98,5.0,15.0,1,0,silver
8f2afd41c8f5e3862f4882dbc9f624b3,210.36,1,210.36,5.0,10.0,1,0,silver
8f2b7a41f6ae6ee1be2883d921d5426b,48.37,1,48.37,5.0,8.0,0,0,bronze
8f2da21ab83bb5c613ee719e47e931c0,25.09,1,25.09,5.0,16.0,0,0,bronze
8f30185084b07c69979b38ca65cbf6ea,62.84,1,62.84,5.0,2.0,1,0,bronze
8f3dca4306d5a89e4ae2c65c110603a2,27.04,1,27.04,5.0,13.0,1,0,bronze
8f3e2d49a5095435fe8f454dace6c354,236.29,1,236.29,4.0,11.0,0,0,silver
8f3eef80fef6d26aca45231210bcfe63,907.8,1,907.8,5.0,6.0,1,0,gold
8f472f1f1d8803147881dc45be3263a6,97.76,1,97.76,1.0,,0,0,bronze
8f4968221af78d6f248322ad465279fc,149.16,1,149.16,3.0,9.0,1,0,silver
8f4a36b13c3a5db56b71d639d333b12e,35.4,1,35.4,5.0,15.0,0,0,bronze
8f4f763b2352eb1f4dd3167ab6c609f4,269.85,1,269.85,3.0,44.0,1,0,silver
8f552e7eadcf54aff83af9009e3dd204,780.59,1,780.59,4.0,10.0,1,0,gold
8f5b9dd8e6bff17502e06b7d31e4ff68,115.5,1,115.5,5.0,10.0,1,0,silver
8f5c7b4a8c8d553a261e435fcd2d1863,44.38,1,44.38,1.0,27.0,1,0,bronze
8f5cbeb89396d69fa2bad804222a6576,33.0,1,33.0,3.0,27.0,1,0,bronze
8f5cea6168eb36b5c75205b12d5d2c5e,63.27,1,63.27,4.0,19.0,0,0,bronze
8f6893474a8fa78446db9f5e01b95c63,187.65,1,187.65,3.0,12.0,1,0,silver
8f6ce2295bdbec03cd50e34b4bd7ba0a,66.46,1,66.46,5.0,5.0,0,0,bronze
8f7005f5510a6bea428e58e80689a7f5,151.18,1,151.18,5.0,3.0,1,0,silver
8f701e9f930cac0d9df626b8e4d4e91d,236.29,1,236.29,4.0,20.0,0,0,silver
8f78bd5916f952539da6bb8bf1b8fcd3,230.75,1,230.75,5.0,24.0,1,0,silver
8f846b30f8f56368cd1bf4c89efeed74,270.45,1,270.45,3.0,,0,0,silver
8f9c0dc510c12654a35d2add7a6c5d34,77.57,1,77.57,5.0,25.0,0,0,bronze
8fa1a3e33ff386b4b49700b8256fe4b1,858.65,1,858.65,3.0,7.0,1,0,gold
8faaed9a13b8c78f9e4a589fecc2748c,42.38,1,42.38,5.0,9.0,1,0,bronze
8faed9f9905a7647bb40da044ebcd769,45.55,1,45.55,5.0,15.0,1,0,bronze
8fba6627b74dba15ad514ed7423e3e4f,273.76,1,273.76,5.0,11.0,0,0,silver
8fbf6ea3ed2dcc9a1284e74264d0c5a5,108.42,1,108.42,4.0,33.0,0,0,silver
8fc36b27f5126ceace8c8c2b659d29d9,37.24,1,37.24,2.0,7.0,0,0,bronze
8fcb8ae164a5d1c7c4534595e9bb898a,201.96,1,201.96,5.0,13.0,1,0,silver
8fcf94489d63ae96b1cfc198fd6079bc,30.84,1,30.84,5.0,7.0,0,0,bronze
8fd349bd693826a5fd911ba913456f73,70.72,1,70.72,5.0,4.0,1,0,bronze
8fd4055aceb183a5c53f6e27e4f59edb,97.51,1,97.51,5.0,6.0,1,0,bronze
8fd705314d2abacf651f82c1c0066ee9,428.08,1,428.08,5.0,24.0,0,0,gold
8fd802004eab9c8e3b1ad745f1a1ec16,62.53,1,62.53,5.0,10.0,0,0,bronze
8fe321ed17c18cda96d1010a06938f77,81.89,1,81.89,1.0,,1,0,bronze
8fe346bf2e4af73b3752f0bb1e8ea203,31.05,1,31.05,3.0,10.0,0,0,bronze
8feb5307db149a62e8bebb0702f37477,220.79,1,220.79,1.0,44.0,0,0,silver
8ff20423e83c5bbbca415e6f808e4403,70.14,1,70.14,5.0,10.0,1,0,bronze
8ff91c068769286ee5d733e37f83b61d,154.58,1,154.58,3.0,20.0,1,0,silver
8ffc2224b31ad590355943adbf22da60,411.24,1,411.24,4.0,13.0,1,0,gold
90004c3fa8ebffdf4817be64731af364,37.61,1,37.61,4.0,8.0,0,0,bronze
9001fcb415f9d7fa8acba4663dffeeb5,28.18,1,28.18,4.0,12.0,1,0,bronze
900403954518736c75167e1536f5a9a6,173.2,1,173.2,5.0,4.0,1,0,silver
90055272cfcd6e5513388ee9d98e8da8,25.96,1,25.96,5.0,6.0,0,0,bronze
9007df241fa0bca068ae4b55bdb0e18a,161.47,1,161.47,1.0,1.0,0,0,silver
900d1496ce4999f49f045b4b378ee0f3,28.75,1,28.75,5.0,6.0,0,0,bronze
900d20b0dbc4b3b72bcdcbc78931f477,43.0,1,43.0,5.0,7.0,0,0,bronze
900f8cfb56258eb3172571170c4adf3b,145.69,1,145.69,5.0,7.0,1,0,silver
90149dae3857b44597744541030794a3,27.3,1,27.3,1.0,2.0,1,0,bronze
90168a02b6a5df02639a8f31ceb5bef5,100.34,1,100.34,3.0,6.0,0,0,silver
901fc37b905e6dbb3821494b1fea97b5,35.61,1,35.61,5.0,11.0,0,0,bronze
9025915118e9f37cf8c3f480d4745d9e,81.43,1,81.43,5.0,3.0,0,0,bronze
902e696c3adb44b46a7a5f07517bb884,248.4,1,248.4,1.0,7.0,1,0,silver
90343176d1f7a39a5dbe16b545e935b6,70.97,1,70.97,4.0,8.0,1,0,bronze
9038dd32ed258ebd68e9a6c609442ba8,145.57,1,145.57,5.0,11.0,1,0,silver
9039374bda410ee8513eca78503e2ab3,66.25,1,66.25,5.0,10.0,0,0,bronze
903d8624e0d10f1a8b1567c0e543b01b,40.12,1,40.12,5.0,3.0,0,0,bronze
90432b6223fc12d096b178932f19043c,30.13,1,30.13,5.0,5.0,1,0,bronze
9046647526bd2fde5646e647a02a38dd,248.85,1,248.85,4.0,17.0,1,0,silver
904a6a8c41db7927d4bb241b306e539d,193.98,1,193.98,4.0,10.0,0,0,silver
905d91d27b7c99c5e69a9eb734c129ae,314.92,1,314.92,5.0,4.0,1,0,gold
9060b6b1f3023237c45bf25aba446795,211.51,1,211.51,1.0,6.0,1,0,silver
90616b7222bda6620dd1bfb66d1c8915,41.09,1,41.09,1.0,,0,0,bronze
906444ea56230f90c5886426dd54669a,139.41,1,139.41,1.0,14.0,1,0,silver
9065ff1d98e9831c8b9444fa2710d313,78.18,1,78.18,5.0,5.0,1,0,bronze
906a676dd8c39b51dd1ee1e8547330eb,276.18,1,276.18,3.0,13.0,0,0,silver
907111b19b041ed5ee4a9da8bf5d3fc9,165.16,1,165.16,5.0,6.0,1,0,silver
9075f7211578ba5165cbd7fb49947eba,139.22,1,139.22,1.0,,0,0,silver
9077449283dc1319d5e51fb3159b28e2,82.78,1,82.78,5.0,8.0,1,0,bronze
907c84c0e6acfc71b1265fa48a886b9b,52.34,1,52.34,3.0,7.0,0,0,bronze
9081705446f7325744a32de436236dc2,57.99,1,57.99,5.0,4.0,0,0,bronze
90879b5ecd87add418bcb7e0ecb7ce1d,133.69,1,133.69,5.0,19.0,1,0,silver
909a70f70249cb791cc5f9c5ea04d197,98.37,1,98.37,5.0,8.0,1,0,bronze
90b1c133c701d73bea3f50a1d78730ec,195.71,1,195.71,5.0,13.0,0,0,silver
90b8655cad0249a3486a2fd8c8a3f4a6,235.29,1,235.29,5.0,7.0,1,0,silver
90bca2fe011b661a21dcc4cad869f165,93.19,1,93.19,1.0,7.0,1,0,bronze
90c066c2bf4b7db62318ace373c8387f,85.14,1,85.14,1.0,34.0,0,0,bronze
90c879a6be23028dbe6a450f8d5c10c6,216.29,1,216.29,5.0,2.0,1,0,silver
90cf6edc2494d9187408de55e8db6fb4,117.97,1,117.97,5.0,6.0,0,0,silver
90d0fa4eb67598633d167ebbdecae37d,737.04,1,737.04,4.0,9.0,1,0,gold
90e1f0d98aa33c74e43fb62004a829dd,156.45,1,156.45,5.0,29.0,0,0,silver
90e4e338fa77318ca2c8de514ca4ae5e,236.2,1,236.2,5.0,7.0,0,0,silver
90e984b66a9a286e2434e1a08a9a23a3,138.62,1,138.62,5.0,3.0,1,0,silver
90ea7a4241b8ef1972e506ffa3edc740,54.58,1,54.58,5.0,2.0,0,0,bronze
90ec0facddad1491f0d57c7ae73bf427,103.55,1,103.55,,24.0,1,0,silver
90f0b71981e1b1804ce0a4e267381ca3,57.0,1,57.0,5.0,17.0,0,0,bronze
90fda9374b3c767ab5f2ed071d2a69bd,270.75,1,270.75,5.0,8.0,1,0,silver
91072c5d9631aab2b794c98dd68d2c9c,129.47,1,129.47,5.0,11.0,0,0,silver
911280528998d9751748c78944c8447b,48.21,1,48.21,5.0,6.0,0,0,bronze
911800f0c6b6d6292ba173787f3f9ac7,117.94,1,117.94,5.0,7.0,1,0,silver
911aed9658c324c08af0053e463b5953,27.79,1,27.79,5.0,5.0,1,0,bronze
911d70d16b6a072a40b2786f1b9e7b29,157.28,1,157.28,5.0,16.0,1,0,silver
9121f592f90cedc51e357b735f9bdbb0,58.78,1,58.78,4.0,3.0,0,0,bronze
91238ac9b555af75bab81ecb4a24ccca,88.83,1,88.83,5.0,8.0,0,0,bronze
91295ab5a7b86abeaa978546e3d652fc,303.72,1,303.72,5.0,15.0,1,0,gold
91352e06066eef42b60b24049ccde4fd,82.14,1,82.14,5.0,4.0,0,0,bronze
9136946b6b16453f79f2dfcef449486e,53.33,1,53.33,1.0,18.0,1,0,bronze
913e4a0664572d0652473b98b808e7b5,188.5,1,188.5,4.0,11.0,1,0,silver
9140b4ae3b7f5699dcd5d3870cf1ac4b,70.27,1,70.27,4.0,5.0,1,0,bronze
9140d8cf5d92b74fd35c00e69a94146f,27.75,1,27.75,5.0,17.0,0,0,bronze
91447a501ba52792405383556f602884,171.75,1,171.75,5.0,4.0,0,0,silver
9152263cbd33d3351e67c01bafc3afc6,150.4,1,150.4,1.0,11.0,1,0,silver
9159c04b88895d995741dd5b9b7a5f1d,227.76,1,227.76,1.0,42.0,1,0,silver
915c38522bfcdbc2684723c3ffe822e8,61.18,1,61.18,1.0,7.0,1,0,bronze
916264d8ad4f14f096a33c663343178c,24.09,1,24.09,5.0,9.0,0,0,bronze
91798cca876208ae649532488494682b,245.6,1,245.6,1.0,8.0,1,0,silver
917b380ce5d462b47faacf6f323267b1,267.99,1,267.99,5.0,7.0,1,0,silver
917de9fb824d070a7f1f4db097cbea8d,54.0,1,54.0,4.0,4.0,0,0,bronze
9187018c5b351a6debc702dc7a0c0763,119.48,1,119.48,4.0,3.0,1,0,silver
91a7d936d79504638afeba42ccfb4449,79.64,1,79.64,2.0,23.0,0,0,bronze
91b4967f242b083dd37c8e21469898ed,92.59,1,92.59,5.0,12.0,0,0,bronze
91bc9f7f35b7cd7f330c13070836aea0,100.25,1,100.25,5.0,4.0,0,0,silver
91bd1731b3e980852cf59e0309295129,101.37,1,101.37,5.0,6.0,1,0,silver
91bfbff94623bda13fddde0d65acf76a,43.09,1,43.09,5.0,14.0,1,0,bronze
91c19131147d0c5c1ef78e1a9b26cf19,91.05,1,91.05,5.0,10.0,0,0,bronze
91cf1d46a75f42788fedaa026a62de7a,480.33,1,480.33,3.0,12.0,0,0,gold
91d0082597ab40432442cc03ad3f2293,163.06,1,163.06,5.0,10.0,1,0,silver
91d3cfb7bf03075295fe5debb6f6dc3a,137.99,1,137.99,3.0,4.0,1,0,silver
91e77e0e16e7a7e4f9c077a3eb969140,53.23,1,53.23,5.0,19.0,0,0,bronze
91e896ede1ad968d626db06bf3363652,97.51,1,97.51,1.0,10.0,0,0,bronze
91f0db1a51449898b8f41e565fcffaca,106.88,1,106.88,5.0,3.0,1,0,silver
91f3a63e7a6e55e11f8a41dea6bb0505,199.4,1,199.4,1.0,14.0,1,0,silver
91f9a9a13a5c222bb480e5acf8c5d04a,310.85,1,310.85,5.0,6.0,1,0,gold
91fd93ada8ac3dabcc95769d269a5900,113.38,1,113.38,5.0,10.0,1,0,silver
92046e40af14f7f88398c748bb559cfe,64.1,1,64.1,4.0,25.0,0,0,bronze
9208f837dd343d6f6d838998110cce34,200.64,1,200.64,4.0,15.0,1,0,silver
920bd0e1c74c42bec2303941fc03374c,1373.83,1,1373.83,4.0,11.0,1,0,platinum
920d5c417ac2c46e933d1d5d2d71f7ec,52.29,1,52.29,5.0,7.0,0,0,bronze
9212ea5fc07cf5b8455722caa5d9f2ce,159.89,1,159.89,5.0,9.0,1,0,silver
92145f3d405e6497d83832c99190be5e,99.9,1,99.9,5.0,9.0,1,0,bronze
92194b068ea27de300852fd169d8bf69,288.19,1,288.19,5.0,3.0,1,0,silver
9222caaba88ea29eb30172b47f3c554c,30.0,1,30.0,4.0,20.0,0,0,bronze
9226c66cd4f63455591508fe5157a0b7,31.75,1,31.75,4.0,13.0,0,0,bronze
9234a74ab15e0578c3122dd752af538b,20.38,1,20.38,5.0,5.0,0,0,bronze
9235718f885c9bf03e05ab387f3d82cf,157.34,1,157.34,4.0,9.0,0,0,silver
92472b452d795ce6a500b01546fc33ae,93.44,1,93.44,5.0,6.0,0,0,bronze
925ec947e25969a9f589ed25c3d9ffce,166.5,1,166.5,1.0,12.0,1,0,silver
92603fb137176e599427a906f8006c3c,419.84,1,419.84,1.0,42.0,1,0,gold
9261045ee2bc2f2f061583a615d528ed,37.78,1,37.78,5.0,6.0,1,0,bronze
926387e6018cb60df81b66305d6d9829,20.03,1,20.03,5.0,12.0,0,0,bronze
92649146edafde492ace2d29a1fde6af,116.3,1,116.3,5.0,12.0,1,0,silver
9267eee401886f5bc5e6d1bbac5afa18,135.22,1,135.22,1.0,15.0,1,0,silver
927c1b4bd2d326409fd16eeedaa9ea30,171.75,1,171.75,5.0,18.0,1,0,silver
9280630f31756d3c7a7abe695a723d09,51.53,1,51.53,4.0,16.0,0,0,bronze
928abb7e0e74f50a0b0136df20196cd1,195.0,1,195.0,1.0,12.0,0,0,silver
9290136e0f30582d37e02b69f7dddc0f,61.75,1,61.75,5.0,7.0,0,0,bronze
9290e3b0f0fe3e660c4de619c1640ac9,410.38,1,410.38,5.0,11.0,1,0,gold
9293e1027b075828bdd3cee644ab667a,58.36,1,58.36,4.0,13.0,0,0,bronze
9294c7088c7a37baed4923945669de99,34.23,1,34.23,5.0,7.0,1,0,bronze
929a9d4c1dbded2d30d3f04cd0569cbb,72.68,1,72.68,,10.0,0,0,bronze
92af805fe5fb8c37dc920eb1a6e23a19,91.66,1,91.66,4.0,5.0,1,0,bronze
92b0705c6923fe44dd71b2b737687a7c,127.5,1,127.5,5.0,8.0,1,0,silver
92b41b6450ac0ce3868e77dbc6681830,507.17,1,507.17,5.0,8.0,1,0,gold
92c6ae61f41b19d98523e2d3b60351d5,27.11,1,27.11,1.0,,0,0,bronze
92d3d9f32205262f8c02d4d5f42c3d45,108.53,1,108.53,5.0,12.0,0,0,silver
92d541607b0aa66ab773d1a1b05889db,17.78,1,17.78,5.0,5.0,0,0,bronze
92e0da7e678f9544ce9a1f6119c0fc20,62.52,1,62.52,5.0,19.0,0,0,bronze
92fc4892f11581ee802e8e2fa4296433,35.09,1,35.09,5.0,11.0,0,0,bronze
92ff3fe8e3c5ada195a9f19a5f7940f9,42.78,1,42.78,4.0,9.0,0,0,bronze
9300ffeb6ecbaeb37ebdb2120a28e1aa,396.24,1,396.24,1.0,7.0,0,0,gold
93027a697145bb67a134f56e9a3f0d9a,69.45,1,69.45,5.0,14.0,0,0,bronze
930e41d28eee0e7075ba3d0ebb5d3801,104.3,1,104.3,4.0,8.0,1,0,silver
930e9f0d9455cb3951d1b2c258dfc9bc,337.44,1,337.44,4.0,26.0,1,0,gold
930ff10207a0155e4d569dc1b66714c2,50.24,1,50.24,1.0,,1,0,bronze
931a4a1a3e2cf8b4b4d33922f1469dbe,140.68,1,140.68,5.0,3.0,0,0,silver
93317aff22798636759435057f515f32,48.27,1,48.27,3.0,19.0,0,0,bronze
933187b833ec65e129ddc8cd3506d25b,217.96,1,217.96,1.0,30.0,1,0,silver
93347e9a32e3e0367b3ff01bb47f9812,53.42,1,53.42,5.0,7.0,0,0,bronze
9339ade05031453f881ef7db13a8da39,120.68,1,120.68,5.0,2.0,1,0,silver
933a3c344289b11dc67567fbe01a7eb4,150.89,1,150.89,5.0,9.0,0,0,silver
93427465b223bc8292b51bb86077b695,221.65,1,221.65,5.0,32.0,1,0,silver
934bc5960242b4b13910b02da54a6499,184.32,1,184.32,4.0,12.0,1,0,silver
93530b95a65ff2938d0dce7089566766,64.56,1,64.56,5.0,20.0,0,0,bronze
93544519e54be2943b51d251d93162a9,144.54,1,144.54,5.0,13.0,1,0,silver
935e66642fcb2baa8c1782a29570d905,33.61,1,33.61,5.0,18.0,1,0,bronze
936140a4ba9d6422baf772456da42e96,48.73,1,48.73,4.0,17.0,1,0,bronze
936f9d5a260f1f2fad57a0998efa6bf7,371.32,1,371.32,5.0,4.0,1,0,gold
936fe566bf1b0c4feee2f36ac836789d,518.15,1,518.15,5.0,8.0,1,0,gold
93733bb544b033db4a771bade8c8e70e,219.21,1,219.21,5.0,15.0,1,0,silver
937ccb37e4aff745a55e6ab4d55f1034,61.32,1,61.32,5.0,7.0,0,0,bronze
9382ef645ba8683e5afe03653e7013b9,54.99,1,54.99,3.0,25.0,1,0,bronze
938de3ec351cd89fe06cc10f75c5fb90,109.14,1,109.14,4.0,3.0,0,0,silver
938f894ba82b487c35a6a6eeb1349248,30.81,1,30.81,1.0,,0,0,bronze
939f2a61978e4e841de6b12c7840fc4b,131.47,1,131.47,4.0,19.0,0,0,silver
93aa7718a73f8be46d41f26c02abaff3,371.89,1,371.89,5.0,7.0,1,0,gold
93ae63a9d45d5def4a2fecc134ce7876,43.25,1,43.25,3.0,7.0,1,0,bronze
93aeae96eaeebae08c03f8026d30afbd,164.7,1,164.7,4.0,20.0,0,0,silver
93b298f93c123a14108dd43838ccbc8c,161.42,1,161.42,5.0,42.0,1,0,silver
93b339f348bc75a8bd53664569a3f9d9,151.49,1,151.49,5.0,15.0,1,0,silver
93b4278bf1261e2e9880fedb439a73c5,33.23,1,33.23,5.0,10.0,0,0,bronze
93cc65bcb8c6e1c21d10736b25dacfef,849.03,1,849.03,4.0,10.0,0,0,gold
93dabd0fb48bfbc6e14aca0432ed0717,62.01,1,62.01,5.0,7.0,1,0,bronze
93dbd712e976844f51218d25af826776,49.42,1,49.42,1.0,23.0,1,0,bronze
93e0446b907d0a5fc78835cc52c0f3ee,390.63,1,390.63,5.0,8.0,1,0,gold
93e5131726eede4b245f92e902b18dd4,280.59,1,280.59,4.0,10.0,1,0,silver
93efbb67e62b113be8bd07519b65545a,163.7,1,163.7,4.0,27.0,1,0,silver
93f1158544fa4075589b56a144be8041,46.75,1,46.75,5.0,13.0,0,0,bronze
93fc0adb343c8db5e0310f04859e7e82,169.51,1,169.51,5.0,13.0,1,0,silver
940220c039a36e97a4878259c02325ac,55.1,1,55.1,5.0,27.0,0,0,bronze
9412ded3c4f2d420e07bc5866fc6d25c,258.68,1,258.68,5.0,33.0,1,0,silver
941590fb8aef66b3a8352fe7c691879e,201.14,1,201.14,2.0,9.0,1,0,silver
942459328c9b0b5c15d19e9400fd0f12,54.13,1,54.13,1.0,11.0,1,0,bronze
942830bc527cd27e13dbd6e9c37f73c1,204.34,1,204.34,5.0,9.0,0,0,silver
942c87794610b49b670506def94b8f17,697.36,1,697.36,5.0,4.0,1,0,gold
942d60a6cd4807e14c25c6917c421d37,72.7,1,72.7,4.0,6.0,0,0,bronze
9433a8f8dc53df230460bbde1f7cc734,1089.96,1,1089.96,4.0,8.0,1,0,platinum
9433bf3cc7f440a9b2f40c07d14c303a,278.22,1,278.22,5.0,31.0,1,0,silver
943f97d1d9328970b78dbb3202a605ce,204.07,1,204.07,5.0,10.0,0,0,silver
944468e73ac0ec81ddd80c7f0fe4f952,74.16,1,74.16,5.0,8.0,1,0,bronze
9445e4dd2324226ebcb8a09243046a76,34.42,1,34.42,3.0,6.0,0,0,bronze
944ebaf47533d6dea79235f8a6553f6c,64.59,1,64.59,5.0,9.0,0,0,bronze
946178bfa58226df3e62cff2ccc87a48,83.13,1,83.13,1.0,35.0,0,0,bronze
9469cba934075437bf33275412b11eb6,113.77,1,113.77,3.0,7.0,0,0,silver
946a32d8d2929519878d10e6696c60ff,107.78,1,107.78,5.0,11.0,1,0,silver
946fdbb75be87b7254ba5f8a9e3704e4,263.15,1,263.15,5.0,5.0,1,0,silver
94742cd1fbac9146be7e2a139b63e13c,62.92,1,62.92,2.0,18.0,0,0,bronze
947b3a5eba30546ed3c37e0c7f1bafc6,47.25,1,47.25,5.0,4.0,0,0,bronze
947bb4afae73d38f9abf4505d5876995,166.29,1,166.29,1.0,30.0,1,0,silver
947d0bc776eba9d4dd6829457af09d78,153.75,1,153.75,5.0,17.0,1,0,silver
9483e870f9ced5c9619fce93ab9c3293,76.08,1,76.08,5.0,13.0,0,0,bronze
9484cca8fd716e613bc1a0bb17ed0172,141.65,1,141.65,5.0,27.0,1,0,silver
94a19681bf6faa3c6ce3e2df1c2d97cb,104.92,1,104.92,5.0,3.0,0,0,silver
94a9befc1bfdb4653e8afb91a8c79955,40.85,1,40.85,5.0,6.0,0,0,bronze
94ab38525c16d9d5ce977b3fe3405ab8,301.02,2,150.51,1.0,38.5,2,1,gold
94ab7b79166b804ee2c4d59e16eb3b8f,75.73,1,75.73,4.0,24.0,1,0,bronze
94b7e216737623dc935a685037d1eb21,63.27,1,63.27,5.0,9.0,1,0,bronze
94c0cc1d2ff6fbba79af9a5769d2b18d,45.0,1,45.0,1.0,,0,0,bronze
94c78fbcb30456aa60064d87f14165f6,131.46,1,131.46,5.0,8.0,1,0,silver
94dc3af7214d9d6b063c5efc5637bcdd,90.45,1,90.45,5.0,3.0,1,0,bronze
94dd49b40685c47677d891ba82313620,181.55,1,181.55,1.0,15.0,1,0,silver
94de5f7537d6020a50a292445530837e,115.39,1,115.39,,10.0,1,0,silver
94e73b46bbd2ba1dfe3c7455d6d6eafa,105.3,1,105.3,5.0,19.0,0,0,silver
94f48c018010de09d9c471e5d819ea05,32.77,1,32.77,5.0,4.0,0,0,bronze
94f785479d97796dacc40320b0e7c900,123.74,1,123.74,5.0,12.0,0,0,silver
9509830944a9ea610a02017b86d2a28a,106.97,1,106.97,1.0,18.0,1,0,silver
952419f6b962f4cae22f87eca1f0eabf,195.69,1,195.69,5.0,14.0,0,0,silver
95258696e00ac71640c49bf140e86620,153.16,1,153.16,4.0,6.0,1,0,silver
9525b958bafc01746233b6cae54a123d,188.78,1,188.78,5.0,17.0,0,0,silver
952bdd2866ddfc528203799b6b7a24e1,158.45,1,158.45,3.0,,1,0,silver
952c5cea601c077ed3c16fd51c7ab7e6,127.5,1,127.5,5.0,7.0,0,0,silver
953186d2de7ac224e520254fee9dd3a1,174.36,1,174.36,5.0,10.0,1,0,silver
9539eb678f193ad7e1af89a7cad10f6c,65.46,1,65.46,2.0,18.0,1,0,bronze
953af4227c2b89db1053da22e6339b07,78.58,1,78.58,4.0,7.0,0,0,bronze
95417d239104acddb6fe868a21aaa641,148.15,1,148.15,5.0,7.0,0,0,silver
95444597528fa4349b35f17bf9f9b6f3,72.14,1,72.14,5.0,7.0,0,0,bronze
954990f4649cdab64b745aa2534b3c05,113.85,1,113.85,4.0,11.0,0,0,silver
95503ba2ecf3a1e14d68c6599601b9ab,208.48,1,208.48,5.0,21.0,1,0,silver
9563467c58d0288dddd8ed8ba3a7e785,167.8,1,167.8,5.0,13.0,0,0,silver
95638fd4dc72dcc7800e9303a073c38d,115.34,1,115.34,5.0,8.0,0,0,silver
956a0c9b59d543a1ef28814785ca78ec,192.75,1,192.75,3.0,6.0,0,0,silver
956a5b68d7a800491cb49a2a10f00d0c,228.78,1,228.78,5.0,17.0,1,0,silver
958ac7760e5484df1496ba5833ab6117,279.3,1,279.3,5.0,7.0,1,0,silver
9592e20fd4b35eb5ec5f8ea216c7539c,130.56,1,130.56,5.0,4.0,1,0,silver
959516ad250b4c7978d15055cb9789e3,70.38,1,70.38,,31.0,1,0,bronze
9595c4a04247bc9a1930529085323033,181.82,1,181.82,5.0,13.0,1,0,silver
959f4001c949d2e995b59f384aa181ae,38.09,1,38.09,1.0,6.0,0,0,bronze
95a085448514074ff075387c6d59cdb5,69.22,1,69.22,5.0,14.0,0,0,bronze
95a21b7f1fe129295660f6d6159eb1c7,117.57,1,117.57,5.0,11.0,1,0,silver
95b1cb35aa91d54d59bc51c85b4de0a6,40.76,1,40.76,5.0,9.0,0,0,bronze
95baecb5aa54613f5f12d62b712e4ca1,51.69,1,51.69,5.0,6.0,0,0,bronze
95c673245afd9e175e46590ea80fd159,45.67,1,45.67,5.0,2.0,1,0,bronze
95ca2c58fa0c3425b47e477d1c7bb829,87.38,1,87.38,5.0,11.0,0,0,bronze
95ca7408dab85fcd5d1ead0dff351b6a,32.38,1,32.38,4.0,5.0,0,0,bronze
95d1f6f4425e77caf5dfe0329939a7d8,198.9,1,198.9,3.0,12.0,1,0,silver
95dfc7f1e187969d960313a3a0964705,50.86,1,50.86,3.0,4.0,0,0,bronze
95e7a0dd1929f9eb1be58075c99ac31e,65.45,1,65.45,4.0,15.0,1,0,bronze
95ebae49ad8c37779ee72d5acacdb679,123.16,1,123.16,3.0,11.0,0,0,silver
95f4669597b88e30179bec5da526e576,84.49,1,84.49,5.0,20.0,0,0,bronze
9601cd789a0c7e8fc3892166496c781b,64.42,1,64.42,5.0,11.0,1,0,bronze
96078e4c3a88f57ff511e2ad3ef51f72,181.19,1,181.19,3.0,29.0,1,0,silver
961555c74d50503ec14b3b5340fdb3ae,75.07,1,75.07,5.0,14.0,1,0,bronze
96189ba2e196ee0dca8a0513ecb9a39f,115.39,1,115.39,3.0,19.0,1,0,silver
961917d3393ed7ae96d4f140181f0e16,27.39,1,27.39,5.0,2.0,0,0,bronze
961e5601bd093eed69dd3e864ff4238d,322.2,1,322.2,4.0,25.0,1,0,gold
96205f597195e44b719881e1a1f62c07,243.25,1,243.25,5.0,15.0,1,0,silver
9625dbb5638f8509d01ce8a4e5708395,84.02,1,84.02,4.0,10.0,0,0,bronze
962d26025128e8e5ca4406d754e5c25f,57.09,1,57.09,5.0,8.0,0,0,bronze
96346a46813536075221b2b977b336e6,95.27,1,95.27,3.0,16.0,0,0,bronze
963d0a82132a191b74838b150186315e,145.18,1,145.18,2.0,19.0,1,0,silver
964751adbadc2423f8fc9d924239fffc,41.29,1,41.29,5.0,24.0,1,0,bronze
9649d4d542705b579e6d138b34602cdf,385.13,1,385.13,5.0,6.0,1,0,gold
964eb1b98713e4527eb11bce9a0ac1fe,142.7,1,142.7,5.0,4.0,0,0,silver
965191786b70912f793e4a777fd623cd,144.56,1,144.56,1.0,,0,0,silver
965dbf9eabd957a0a48e5b4b1b32c6b7,262.52,1,262.52,1.0,,1,0,silver
9664301d1d552e283292f25928728393,67.94,1,67.94,5.0,9.0,0,0,bronze
966991f3fb9b67695c643670dafa8c7c,98.15,1,98.15,4.0,5.0,0,0,bronze
96701d73665eab8fc6fecb9863266efe,163.69,1,163.69,5.0,4.0,0,0,silver
96849dcfacea8dbb9bde85ef21dc06ce,70.89,1,70.89,5.0,9.0,0,0,bronze
9688222138dc01bc08e07b747df6a623,75.84,1,75.84,4.0,16.0,1,0,bronze
968c2ebf038fd9f685ca4b227416b55c,106.21,1,106.21,1.0,2.0,0,0,silver
968f4bd1f9c551649e4a3a352615d43a,207.55,1,207.55,5.0,3.0,1,0,silver
9698b239844893ef4075f842c8bcee0b,234.46,1,234.46,5.0,8.0,1,0,silver
969e62a47aec03c735127e6f11ad6564,228.07,1,228.07,5.0,30.0,1,0,silver
969e70114da622b7dbf67164497a279a,195.17,1,195.17,4.0,2.0,1,0,silver
96a35e9dd5d9496820a8498a4bba0b99,21.43,1,21.43,5.0,4.0,0,0,bronze
96a65ea6d9fd11f9e6af1e991e7394cd,218.55,1,218.55,5.0,17.0,1,0,silver
96aba7659e376a8796bd19b79a1f3c46,40.13,1,40.13,5.0,11.0,0,0,bronze
96b71af61d01165163b71ae61b354b25,42.33,1,42.33,5.0,20.0,0,0,bronze
96c4b67336852f2e3307eff3db276434,276.11,1,276.11,4.0,13.0,1,0,silver
96c6a3ced23557fbd3cbd3d17e7bdfea,154.1,1,154.1,1.0,26.0,1,0,silver
96caa408e9ca13ba035233f9ad9fd15f,120.51,1,120.51,5.0,4.0,0,0,silver
96cac4721c9a7a61d574c379183c2fba,80.92,1,80.92,4.0,10.0,1,0,bronze
96cdc1ea3aa898de11cf8823cf6e1524,41.99,1,41.99,5.0,22.0,0,0,bronze
96d273145120d7121dcce519e400baf9,103.33,1,103.33,4.0,18.0,0,0,silver
96d97637a814355ed5e0913942533b21,57.23,1,57.23,3.0,8.0,1,0,bronze
96e066cab560e3bfba15de4bb84d75d6,83.41,1,83.41,5.0,7.0,1,0,bronze
96e147852028a3ce1d25c86f03032023,219.49,1,219.49,5.0,5.0,1,0,silver
96e49e6fb7d6ace2946df17e3ef14f55,73.76,1,73.76,5.0,4.0,1,0,bronze
96eb7dd5e1ac53c5ec3491022ec9f277,154.3,1,154.3,5.0,6.0,1,0,silver
96f516352e2962f2686c7fbaea51da97,147.15,1,147.15,5.0,9.0,1,0,silver
970496f821706156cc723e56404f3eeb,149.1,1,149.1,5.0,8.0,0,0,silver
97071ed6fb1ac261920c48a146e86c66,1427.04,1,1427.04,5.0,7.0,0,0,platinum
970942ba437aa919201fe7c050e9bf71,30.69,1,30.69,5.0,13.0,1,0,bronze
970cf46f7115375cd62b593635e73e28,48.62,1,48.62,5.0,7.0,0,0,bronze
970d5a05f1dd6679c374db78c839733c,308.36,1,308.36,4.0,24.0,1,0,gold
97107c892093c359b94a37cf51e09d27,72.32,1,72.32,1.0,3.0,0,0,bronze
971257d709595abf1705177bb9e1ed5c,201.65,1,201.65,5.0,18.0,0,0,silver
97144e6271856b36d5cc681eecf291ce,44.09,1,44.09,1.0,11.0,1,0,bronze
9717da853b741eaaa3b98d9f9bd48c71,132.97,1,132.97,5.0,14.0,0,0,silver
971c8befe8b1985fb6670430a411c5b5,85.6,1,85.6,5.0,11.0,0,0,bronze
9724716fc9d0ddb2116e706c2f696925,124.34,1,124.34,5.0,14.0,1,0,silver
972f2cec81a1ed8f5117550de1997853,47.01,1,47.01,5.0,29.0,0,0,bronze
9730539e3049adc2d2169bff0f508469,122.84,1,122.84,3.0,4.0,0,0,silver
9735b3d802abcb5401b48972ffb3f435,56.78,1,56.78,5.0,2.0,1,0,bronze
974cc6ff63850bfaa5cd09f7a9aed648,43.22,1,43.22,1.0,12.0,0,0,bronze
975fd7a50474637f35629c9f8028b093,91.99,1,91.99,4.0,11.0,1,0,bronze
9770456b4233cdf2363287ca2295650a,1755.35,1,1755.35,4.0,126.0,1,0,platinum
977f002d10638d866aff55166707c13b,125.94,1,125.94,5.0,17.0,1,0,silver
978dd40d16cefafe1800aaac355d0def,27.78,1,27.78,4.0,3.0,0,0,bronze
9790c90c5b3a1a5237c11433331af1cb,63.41,1,63.41,1.0,4.0,0,0,bronze
979f3bf020fee365ea741df1468b620e,55.1,1,55.1,5.0,7.0,0,0,bronze
97a74865af92ce3f784fc7df91d9470c,167.09,1,167.09,5.0,14.0,1,0,silver
97ab9ddfd685e215b635522cce6a3b21,473.84,1,473.84,4.0,12.0,1,0,gold
97ac5fe4d72f6aaca9ec00719a576068,65.32,1,65.32,5.0,9.0,0,0,bronze
97b656952c141330986da2cdc4d55b7d,116.94,1,116.94,5.0,3.0,0,0,silver
97baac352df09695ba2b2b56632ea149,341.58,1,341.58,5.0,8.0,0,0,gold
97bcf487c3a1b9c51143e8ae93a9147c,51.64,1,51.64,1.0,10.0,1,0,bronze
97c54804a67b987ca977d346b8e26ae1,146.27,1,146.27,5.0,15.0,0,0,silver
97cb5429cc1f7f15a427152a50f404c3,92.63,1,92.63,4.0,14.0,0,0,bronze
97df2663e9030b16d0e9eb25affd2c30,69.25,1,69.25,5.0,14.0,1,0,bronze
97e1761b97da48fb11d3c8e1ed9be8dc,57.44,1,57.44,5.0,6.0,0,0,bronze
97e42e3e7b1f76dd3c04a0aac41e3173,1117.99,1,1117.99,4.0,8.0,0,0,platinum
97e5501feb2532ef0e124d2dc4e86537,368.06,1,368.06,5.0,17.0,0,0,gold
97e790c3a3764f09eba946551249a459,319.25,1,319.25,5.0,34.0,1,0,gold
97f3be23cc6b23bb0909bfa26f6ccf20,91.07,1,91.07,5.0,7.0,0,0,bronze
97f97fe763e10c170a7bfb484d787f89,111.25,1,111.25,1.0,14.0,1,0,silver
97fcc22215c1b14eed7117f8ce9370cf,36.15,1,36.15,5.0,7.0,1,0,bronze
97fddff431b6f155567743240e06723f,179.54,1,179.54,5.0,3.0,1,0,silver
9808ee5ebb65190e6144a2df4c5b57fb,41.37,1,41.37,5.0,5.0,0,0,bronze
98127c719e42b8d7a589415d6649b0d8,98.43,1,98.43,5.0,4.0,0,0,bronze
98155f54fc6b0201c86091b19e295942,52.53,1,52.53,4.0,18.0,0,0,bronze
982efbf8c3668f63533fa77688dfc5c5,453.59,1,453.59,1.0,,0,0,gold
9832ae2f7d3e5fa4c7a1a06e9551bc61,178.89,1,178.89,2.0,12.0,0,0,silver
98353c61f5e4456ffbc69a29ffaff78a,60.69,1,60.69,1.0,35.0,0,0,bronze
983a584e1adcb4f3fad8211db435b162,465.23,1,465.23,5.0,17.0,0,0,gold
983ee313437d540a70970491b1552238,39.24,1,39.24,4.0,13.0,0,0,bronze
983f07294fd03fcddab80e39a2a468f5,70.25,1,70.25,4.0,9.0,0,0,bronze
985f1ef1d051a018cc11bf7ba9fd34ac,139.04000000000002,1,139.04000000000002,4.0,12.0,0,0,silver
9862e3727209fff2adf2ba40190dbe1a,76.02,1,76.02,5.0,2.0,1,0,bronze
9869013f22dd1e6b56c991ceeb8118e7,95.66,1,95.66,5.0,4.0,0,0,bronze
986d4433885f533fdcde85845bb9a39f,197.97,1,197.97,5.0,15.0,1,0,silver
987240c66392cc81f1a1fb47f54356b3,103.51,1,103.51,1.0,25.0,0,0,silver
9873d2120338fb542090bc123fe5c47f,116.21,1,116.21,5.0,33.0,1,0,silver
9876a964f3d55f09c07ab2f9d52601df,33.37,1,33.37,5.0,16.0,0,0,bronze
987a22759047f7c0daa2cc0459201b9c,157.36,1,157.36,5.0,7.0,1,0,silver
987e22eac5949e6c50b411cdc386b421,317.31,1,317.31,1.0,21.0,1,0,gold
987f4716cef1294c01c4c0cb7b275ff1,200.17,1,200.17,5.0,10.0,1,0,silver
9891a0b954b46a998dcaf4ec71b89a49,34.89,1,34.89,5.0,12.0,0,0,bronze
989318865f5926b953a92a75475e9d32,102.96,1,102.96,5.0,6.0,1,0,silver
9895459a777c96d1f180c344fc5fdefe,28.62,1,28.62,4.0,11.0,0,0,bronze
989f190ff791de092cea2eab70bdd2af,102.03,1,102.03,5.0,11.0,1,0,silver
98a6680f69a45da8df54e74a91818ff1,51.37,1,51.37,5.0,11.0,1,0,bronze
98adb74b3dc3b9109201a9f8a5d091b0,228.62,1,228.62,4.0,8.0,1,0,silver
98c438e19ccdab086f626596cbc5465c,115.32,1,115.32,3.0,16.0,1,0,silver
98c9cab8294ee99442c0419a45637f03,168.74,1,168.74,,9.0,1,0,silver
98ca5729c243f72913261f937cf5dca1,25.0,1,25.0,3.0,13.0,1,0,bronze
98cc69c83f043dde125b693786c0a7d8,21.43,1,21.43,3.0,8.0,0,0,bronze
98d2fc070f4afbd02c5788eacc6949c5,471.6,1,471.6,3.0,18.0,1,0,gold
98d337875b35ece7c34da1d4674647d6,118.28,1,118.28,4.0,5.0,0,0,silver
98e8535b4cfc39e898513803807da125,293.4,1,293.4,1.0,,1,0,silver
98e922b1918b9728bdc40fb379bc8045,149.65,1,149.65,5.0,17.0,0,0,silver
98ec8f34699b3551d97011b3fa201265,56.45,1,56.45,5.0,6.0,0,0,bronze
98f20ef61d2a7311934c67c021037eb2,134.66,1,134.66,4.0,40.0,0,0,silver
98f335f5fe7bf786efe0d23ce5d2d354,105.37,1,105.37,3.0,18.0,1,0,silver
98f361eb270ef15027c86e1105a274ef,58.13,1,58.13,5.0,23.0,0,0,bronze
98f5def9f4288281f2459b7a88d24967,52.5,1,52.5,5.0,9.0,1,0,bronze
98f757ab78a0f5d161d62ef9424cfd81,18.17,1,18.17,5.0,4.0,0,0,bronze
98f8611de8d2946b6992c022899bcbbe,55.22,1,55.22,5.0,17.0,0,0,bronze
990228d4f60cef7388323d8fc67d7169,53.37,1,53.37,5.0,6.0,0,0,bronze
990467c17e58f091ea4d6bdc020992b0,111.61,1,111.61,1.0,31.0,0,0,silver
990d8ee178bf5e1724e920166ded0c64,519.48,1,519.48,3.0,10.0,0,0,gold
9915c0d033db436c5476434b2d7bd7e2,123.78,1,123.78,5.0,3.0,1,0,silver
991669f489a5bd99e998ce6b5a90dcb5,156.22,1,156.22,5.0,19.0,1,0,silver
991a62b62d1cb282bb7d8302cd90a6cf,184.52,1,184.52,5.0,17.0,1,0,silver
991bf31517f1ad4ad10cfaf20c9d720b,120.09,1,120.09,3.0,14.0,0,0,silver
991c252d91c948d7759202f7072a85d5,62.54,1,62.54,4.0,1.0,1,0,bronze
9924287cfa47b13db94022c8a00e3386,101.84,1,101.84,5.0,14.0,0,0,silver
9926adedb498e6c15bdc22ac44560a3b,193.25,1,193.25,4.0,11.0,1,0,silver
992709d2aacbf32b7d877b9b66cbed76,31.11,1,31.11,5.0,10.0,0,0,bronze
9931e8eaf4e334645657eb529b1272a7,31.73,1,31.73,3.0,13.0,1,0,bronze
99325e89ca142975a6bd39724ffcad5f,672.41,1,672.41,3.0,15.0,0,0,gold
993bb4991e021b41449966e0991ca2a0,31.43,1,31.43,5.0,9.0,0,0,bronze
99411da41bbc717063cad61397ddf465,317.16,1,317.16,1.0,7.0,0,0,gold
99463c65dc4f7d011709ce9966da32f4,197.1,1,197.1,4.0,21.0,1,0,silver
9947c0ed8bf41cd508a78da36abc1d41,95.58,1,95.58,4.0,7.0,1,0,bronze
994aad8dfed8763cbc0123b0aed99285,256.43,1,256.43,4.0,21.0,1,0,silver
9952c3ccc4352779b44e99bbc8e8af5f,57.99,1,57.99,2.0,11.0,0,0,bronze
995707cdf9f6cc28afd73d31b48638f1,120.92,1,120.92,5.0,5.0,0,0,silver
995bb1c47d900b47cd32436d8a622593,368.69,1,368.69,1.0,7.0,0,0,gold
995dfac5a581cef9f2b3918afa42efdf,55.6,1,55.6,3.0,10.0,1,0,bronze
995e3863a393f3465e260e1ad265e7eb,44.38,1,44.38,4.0,4.0,0,0,bronze
995fe9426f030109b1614044edaf46d9,187.19,1,187.19,3.0,10.0,0,0,silver
996d5fb8a5736b0fea622c72fc1026c7,88.03,1,88.03,2.0,9.0,0,0,bronze
996fdddf8cd5bbb99b221fcaf5ba1359,131.47,1,131.47,5.0,16.0,0,0,silver
99736d563ae06d7a95361c890e6a3d1e,167.49,1,167.49,2.0,29.0,1,0,silver
99798150431ad173fa5e31d53ff08a7a,183.73,1,183.73,5.0,18.0,1,0,silver
997bdee4984cf6061062303a6a5f6c97,137.16,1,137.16,3.0,3.0,1,0,silver
9981513022a8761127f65c03c1d9d5f7,167.51,1,167.51,4.0,7.0,1,0,silver
9982b3c6a5d9b20533cf4827e3f2c0df,29.42,1,29.42,2.0,14.0,0,0,bronze
99897fc63e00fd2cdc6d2f3ab36af9a6,385.16,1,385.16,1.0,3.0,1,0,gold
998b6cba01b8f81af7ad0e068084015f,87.04,1,87.04,5.0,8.0,0,0,bronze
998c18da5d2a1ff2058f160453bb41e3,135.97,1,135.97,3.0,5.0,0,0,silver
998c6405e3b1b15e0f10ca2e8cfadd19,208.08,1,208.08,5.0,26.0,1,0,silver
998e3593995352c47e48ce9f079714ac,76.78,1,76.78,1.0,3.0,1,0,bronze
9996cefbeba123f8cc3672e76b8fa2c1,108.0,1,108.0,5.0,23.0,1,0,silver
999fa0b858f422ffbfc8a5401dd0acb4,53.96,1,53.96,5.0,9.0,0,0,bronze
99a83feac8c301cdecf5a388549f8e11,76.66,1,76.66,1.0,33.0,0,0,bronze
99a8b672dd67ab3b9fb1a94ba8a37ffe,112.99,1,112.99,5.0,4.0,0,0,silver
99a9dd526536f7f19971e4f754cbd729,98.51,1,98.51,4.0,15.0,1,0,bronze
99b3c5413ffb9d648a2f3c8156a023fa,32.01,1,32.01,3.0,,1,0,bronze
99c0c1bc2d467ab56bbbdb7977f33289,44.29,1,44.29,3.0,1.0,0,0,bronze
99c348f1ecfbffc8210314d78984d9a1,64.62,1,64.62,2.0,9.0,0,0,bronze
99d1662a52ffc2930cade986054ceb24,234.08,1,234.08,5.0,29.0,0,0,silver
99d77e2a8eae6867fb4e50b1fca4a33d,191.09,1,191.09,5.0,7.0,1,0,silver
99d964b267bf4c900ae77aa203ad2032,143.02,1,143.02,5.0,9.0,1,0,silver
99da196553d9b67b1c762a712a8caaf6,257.56,1,257.56,5.0,6.0,0,0,silver
99da47faa711959b94cc6cae8ba5ccf4,42.05,1,42.05,5.0,6.0,1,0,bronze
99e17a94840d9a36f5964d3650e59ff1,58.34,1,58.34,4.0,1.0,0,0,bronze
99e1c1df6a737fea3658ca705b8f374d,159.76,1,159.76,4.0,,0,0,silver
9a0a6a4c3386b9db003e817d3466507b,267.4,1,267.4,5.0,13.0,0,0,silver
9a0bb0e14f6107f78c1a60697395684f,140.5,1,140.5,1.0,15.0,1,0,silver
9a14a8bafa4097a68f52dd678c82aea0,36.78,1,36.78,5.0,3.0,1,0,bronze
9a16d6330d336fd7e5a9d6ec3f14d7aa,228.95,1,228.95,5.0,5.0,1,0,silver
9a174e8de7a74b61a786e3f36c04b6ca,117.16,1,117.16,5.0,9.0,1,0,silver
9a1b0020d3c4e67cbc445d839e6aef43,90.17,1,90.17,4.0,23.0,0,0,bronze
9a23e1dd0907387c8828590da70648ee,672.41,1,672.41,4.0,17.0,0,0,gold
9a35a087e9b5bc3308a27c46377e71d4,520.65,1,520.65,5.0,8.0,1,0,gold
9a376ff06ccaae65a04b1b1c5535fc75,67.93,1,67.93,4.0,15.0,0,0,bronze
9a45034c604e0dd71ed1aad487bead72,298.61,1,298.61,5.0,3.0,1,0,silver
9a4ae531d8d3d971d4c18a599afe2ca6,89.42,1,89.42,5.0,15.0,0,0,bronze
9a51a02b8d385a60eabd5606eea6ea66,46.23,1,46.23,5.0,12.0,0,0,bronze
9a532d267519fc583312ee894c9fa405,63.13,1,63.13,5.0,9.0,0,0,bronze
9a5a9f23141cee3262fae7d4215972bb,1023.44,1,1023.44,5.0,17.0,1,0,platinum
9a65dbebd1fc503bcff809884ee4639c,66.09,1,66.09,5.0,10.0,0,0,bronze
9a6cf088dc9a259ef2b7736c229a12f4,73.34,1,73.34,4.0,8.0,1,0,bronze
9a6d3775ed3c4dc33243faf14264f1a9,60.63,1,60.63,5.0,4.0,0,0,bronze
9a6f808e3b85babc574ea2f425415936,43.13,1,43.13,5.0,13.0,1,0,bronze
9a6fcde7014269861d6fa57d4719900b,63.27,1,63.27,5.0,7.0,1,0,bronze
9a74735754d42a0593bcf6356ab369e2,206.84,1,206.84,5.0,27.0,1,0,silver
9a8189578efbd707c49a4578d3406ef6,73.71,1,73.71,5.0,4.0,1,0,bronze
9a8ae5697c81ca094e4bc087022d89d9,82.24,1,82.24,5.0,12.0,0,0,bronze
9a909e39723b88c47dd3090505ce7299,53.1,1,53.1,5.0,14.0,0,0,bronze
9a93e94e2e584f30b3012a2f52b9bcd2,609.24,1,609.24,5.0,7.0,1,0,gold
9aa61c2b9ef42b2fb25755acdf647dcc,111.02,1,111.02,5.0,11.0,1,0,silver
9aa679326b151fc564c2a238f361aa7d,36.16,1,36.16,3.0,5.0,1,0,bronze
9aa77033cbc28074b161f96cbda9b7c4,199.36,1,199.36,4.0,4.0,1,0,silver
9ab2d6dbfe92be718de529c4d7ce2a6b,323.68,1,323.68,2.0,8.0,1,0,gold
9ab34e7e1538c54bd829cc5f5c9e7add,249.7,1,249.7,5.0,7.0,1,0,silver
9ab6bf6526a2012673c221eab415e362,84.31,1,84.31,5.0,5.0,0,0,bronze
9ac370ba1e5aa108afc187fd57ce9442,27.33,1,27.33,4.0,8.0,0,0,bronze
9ae7ec34cd6f3775c0410239d2565306,169.14,1,169.14,3.0,20.0,1,0,silver
9af4bfb061d2b598f4352e22dfd145bd,31.11,1,31.11,1.0,4.0,0,0,bronze
9afcd2bb0c19d4b4119e8587ee3792c3,345.18,1,345.18,3.0,3.0,0,0,gold
9affcba8e231edba53426f43d1de562b,372.06,1,372.06,5.0,29.0,0,0,gold
9b0601877ac4fa59dcd6ed4e71241dd1,135.49,1,135.49,5.0,29.0,0,0,silver
9b1104323a4038103944dfbade23eec6,132.36,1,132.36,4.0,13.0,1,0,silver
9b2e5141359d852b0a69e5ab37c7d737,78.19,1,78.19,5.0,3.0,0,0,bronze
9b3585f29d0718a63fa08474320cf272,171.22,1,171.22,5.0,11.0,1,0,silver
9b475216704f39cb18ce448648b995e1,111.65,1,111.65,4.0,11.0,0,0,silver
9b49001bc293b58c701a1538f60dff28,723.72,1,723.72,5.0,21.0,1,0,gold
9b4bf3fd44632f276b1df6a290c00ade,340.12,1,340.12,4.0,9.0,1,0,gold
9b4df2b5ac16a3e91f6aaded89eaf356,69.9,1,69.9,5.0,17.0,0,0,bronze
9b56621a497380ade46b870459f4cf8c,25.99,1,25.99,5.0,6.0,0,0,bronze
9b56c599f7c3c60d13b3dd2065e7e44d,59.34,1,59.34,5.0,7.0,1,0,bronze
9b56f71b7265dab539b7a927726d0869,44.09,1,44.09,,17.0,1,0,bronze
9b5c4a6d33668a0d610ae8b8e7331a2f,312.07,1,312.07,1.0,48.0,1,0,gold
9b6611989bb4797e0343e5340e20963a,58.17,1,58.17,5.0,4.0,1,0,bronze
9b6727e8fd9339bf060977d7165f3814,34.23,1,34.23,4.0,9.0,0,0,bronze
9b7fcfa05fb6f8b88fea3d74a6ba77d6,59.88,1,59.88,5.0,3.0,0,0,bronze
9b822290b458222b3033bf2cbd6cf4d6,145.5,1,145.5,5.0,15.0,0,0,silver
9b852dc7c56a6fbdb4de7a155f24bbb3,45.09,1,45.09,5.0,12.0,1,0,bronze
9b853ca1bfe9bc4d80443f0c3d5e2969,87.72,1,87.72,5.0,9.0,1,0,bronze
9b97ef812444a46c3eb4d21ade18bd94,99.52,1,99.52,4.0,6.0,1,0,bronze
9b9897a77c1c330dde78a7755e7da760,157.88,1,157.88,3.0,34.0,1,0,silver
9b9d638e6673129d226f92a30574911f,221.19,1,221.19,4.0,6.0,1,0,silver
9ba69e0a247c5bd5fd3fc66900939782,55.95,1,55.95,1.0,25.0,0,0,bronze
9bb4293466481f2acbc455bcdcf205a1,131.72,1,131.72,5.0,13.0,1,0,silver
9bbc240a0727f809394641071728abb4,22.77,1,22.77,5.0,9.0,0,0,bronze
9bc158770d28e135f48b0c3fb2c21d27,46.01,1,46.01,5.0,26.0,0,0,bronze
9bcde0680c919dafc624bb445db28e7c,256.47,1,256.47,4.0,5.0,1,0,silver
9bce1c481b5fb3a16f25dbcdee712603,188.73,1,188.73,5.0,13.0,0,0,silver
9bd3091ad5fac62f6389eacf9af4c571,1288.74,1,1288.74,5.0,3.0,1,0,platinum
9bdcce4628089708bc6653ff8e75dc3e,397.41,1,397.41,5.0,6.0,1,0,gold
9be8b648a3f4659c46c7edf85f538d61,43.69,1,43.69,5.0,6.0,0,0,bronze
9bf4209d9dc9f93b60d6242caf790b0e,35.7,1,35.7,5.0,19.0,0,0,bronze
9c0e3316782850f36b7d0209c5020ff8,115.33,1,115.33,3.0,11.0,0,0,silver
9c0e3b85d08c322f8cd16873942b0dea,115.44,1,115.44,,11.0,1,0,silver
9c159cc781864a35bd6148db6e364aab,914.27,1,914.27,5.0,6.0,1,0,gold
9c17da3c39b62e86f3438aee6a348a91,93.64,1,93.64,4.0,11.0,0,0,bronze
9c2922aa6d178bbf7050f821c3a3c62c,192.8,1,192.8,1.0,56.0,1,0,silver
9c2f288a383b0d36852625e0aa95e97b,124.7,1,124.7,4.0,16.0,0,0,silver
9c4abd5c7156c810c12f052f013ca0be,59.81,1,59.81,1.0,,0,0,bronze
9c5da89da1bac2267120ffb461ec86b9,47.29,1,47.29,5.0,6.0,0,0,bronze
9c5e47793b4497ef26bbf6987ec1e8c8,136.6,1,136.6,5.0,11.0,0,0,silver
9c6a2c33b3baba19503393dd4a47648f,64.63,1,64.63,5.0,14.0,1,0,bronze
9c6ca46445d3adc4370d61d8c11dc432,120.74,1,120.74,5.0,16.0,0,0,silver
9c6f374501444b54a26449766b9ac301,224.14,1,224.14,1.0,18.0,1,0,silver
9c799fbb60c13bcd545925514dcfcbad,82.73,1,82.73,5.0,9.0,1,0,bronze
9c7e78f00bcba203b8a9d4fc5be7fb72,82.12,1,82.12,5.0,16.0,0,0,bronze
9c84b59754a048e11a1412c052ede115,178.27,1,178.27,3.0,12.0,0,0,silver
9c883c141a78473b2735f2dbfe96570d,76.69,1,76.69,5.0,7.0,1,0,bronze
9c889be285e01f7e1ee6d059b1672106,94.91,1,94.91,1.0,15.0,0,0,bronze
9c8ba9b3fd6634a636ba879d594bd2bc,157.32,1,157.32,5.0,1.0,1,0,silver
9c9005459415b7174f5afb922d4a7bf1,85.24,1,85.24,1.0,20.0,0,0,bronze
9c9f02b5c53391f4313ffe0dff1ba387,98.39,1,98.39,5.0,7.0,1,0,bronze
9ca25c67e315e2a59b00eca2d4797734,100.7,1,100.7,3.0,33.0,0,0,silver
9caf7fce45f197ace0ef67476d5f0b94,76.36,1,76.36,3.0,8.0,0,0,bronze
9cb08f2e998c59c78fbd1ecce61a090f,93.5,1,93.5,4.0,8.0,1,0,bronze
9cb5b6ca9f36f66e35b55cd70fb81d12,96.65,1,96.65,2.0,11.0,1,0,bronze
9cbd468449e1b9d61bc7e5b79fc9d5c9,178.49,1,178.49,5.0,9.0,0,0,silver
9ccca5ef980fee9ab2399aa32eaa4012,24.01,1,24.01,3.0,7.0,0,0,bronze
9cd3f50e2d601bc7c5f11c16f62d83ec,119.8,1,119.8,2.0,2.0,0,0,silver
9cd889bbd0b3e67db9d57ff266c44d53,60.42,1,60.42,5.0,5.0,0,0,bronze
9cdb35f4f2f70baa06f48f639aed100e,73.83,1,73.83,4.0,19.0,0,0,bronze
9cdfa57dd6afa3d51e8a00b07ec81752,40.27,1,40.27,5.0,6.0,0,0,bronze
9ce32933559f6365bb3b20b09bda51da,30.78,1,30.78,5.0,5.0,1,0,bronze
9cebf2826bfedb8de4487a60404fbb83,61.01,1,61.01,5.0,19.0,0,0,bronze
9cfcb2c9c4423f2101d813fbc8d52331,119.74,1,119.74,5.0,3.0,0,0,silver
9d01c5cb3cc2f538dd47f5b00b993654,128.5,1,128.5,4.0,10.0,0,0,silver
9d0a6b738ed264615f676857866d3228,73.34,1,73.34,5.0,20.0,1,0,bronze
9d0ef48a7d5a1b31a2ff6a09713fc24d,353.92,1,353.92,4.0,7.0,0,0,gold
9d234cde9f3c90fad3a9ccfefa681c0b,141.11,1,141.11,5.0,3.0,0,0,silver
9d27ffc4cb7abfad74b5943d7f2c20e8,27.77,1,27.77,5.0,2.0,1,0,bronze
9d2c9a97437cf840998fdb33171edfe0,603.3,1,603.3,3.0,8.0,1,0,gold
9d31457a03125fc870787a251760315a,107.9,1,107.9,5.0,3.0,0,0,silver
9d318cda80015093e8550c6901c5c3d3,155.65,1,155.65,5.0,15.0,1,0,silver
9d3625d53272d3d3e89458c0a00c644e,37.8,1,37.8,4.0,11.0,0,0,bronze
9d36b2715d5419c3d906cd95e01c5a35,45.05,1,45.05,1.0,15.0,1,0,bronze
9d40de5a5adc41c85d3fb906c35ddf7f,152.61,1,152.61,4.0,23.0,1,0,silver
9d42d5ee226121b6dc867197ce0529cc,86.05,1,86.05,4.0,10.0,1,0,bronze
9d49060286ba1c6b51b5a0dae9e73633,87.32,1,87.32,1.0,2.0,0,0,bronze
9d605e775d4d5e73e7b4177ec85effc5,643.82,1,643.82,5.0,14.0,1,0,gold
9d6180b002fa915ed9e6f79ffa9956bb,617.94,1,617.94,5.0,12.0,1,0,gold
9d6200fb1e5ae954cd7d62fa612bfe9b,285.94,1,285.94,1.0,13.0,1,0,silver
9d6cb419413210952479e9283d9a86b2,116.94,1,116.94,5.0,9.0,1,0,silver
9d73de168a875e7b337f3d8bda8e7d7e,180.34,1,180.34,3.0,8.0,1,0,silver
9d792a9ca9595172b8d35a2428ce6c11,227.47,1,227.47,4.0,17.0,1,0,silver
9d7dd3da22e28d7941a5c82bc3ce25bd,143.78,1,143.78,5.0,21.0,0,0,silver
9d80519e08456666caea8e3d582488f2,125.51,1,125.51,5.0,9.0,1,0,silver
9d8db59b355ae2df527ee6ed8821b6f1,42.69,1,42.69,4.0,18.0,1,0,bronze
9d8dc25430137a5ab65ced93af039e14,63.42,1,63.42,4.0,16.0,0,0,bronze
9d90edd76b7414655a3283f7eeeff8fe,164.79,1,164.79,4.0,17.0,1,0,silver
9d957f062ef766f8ce47da8a47b19caf,357.81,1,357.81,3.0,18.0,1,0,gold
9d95d5b59bb358271f0999a86f02c074,396.05,1,396.05,3.0,8.0,1,0,gold
9d962709ced8c31f3b89ac1cadab00ba,171.69,1,171.69,4.0,5.0,0,0,silver
9d96ad6d5b8b75dd83e9bd2da641e9a0,82.57,1,82.57,1.0,42.0,1,0,bronze
9d9f5c03dc7ff5eb5931407d9882a3a5,148.22,1,148.22,3.0,1.0,1,0,silver
9da2133beff1d92067f766a45eb64207,248.76,1,248.76,2.0,13.0,0,0,silver
9da6da8585f6384a9a909bc3facb10a5,215.63,1,215.63,4.0,8.0,1,0,silver
9daf2e58eee25b52e58f42dd3669a0f4,97.78,1,97.78,5.0,2.0,0,0,bronze
9db4ddcbde20d5e3cda6e016bdcc762f,114.85,1,114.85,5.0,11.0,1,0,silver
9dc32085c4249c00f3b3965122395018,378.74,1,378.74,1.0,10.0,1,0,gold
9dce39da02d5d7b47a6ebb7777f96d55,157.51,1,157.51,4.0,11.0,1,0,silver
9dd1f1334f5687ab0e9196d943c5f81d,139.38,1,139.38,1.0,16.0,0,0,silver
9dd8312389efdafe80410fca099de07e,31.58,1,31.58,5.0,5.0,1,0,bronze
9ddb70ae8666b8ec147325f5b3be829b,198.07,1,198.07,4.0,11.0,0,0,silver
9ddc4fab5c2a09240c340b84c472d044,152.28,1,152.28,3.0,27.0,1,0,silver
9dec569f601fee3c623817ab3d57b844,385.86,1,385.86,5.0,16.0,1,0,gold
9dfafc5d068fcc52a9ea9f28a88bc4fc,136.5,1,136.5,5.0,8.0,0,0,silver
9dfffbf5ae6ed8a0ba6958a4adb29c8b,243.45,1,243.45,4.0,22.0,1,0,silver
9e0c06f4607e8d1c8b1bb5419446c5b9,86.05,1,86.05,5.0,3.0,0,0,bronze
9e13ead8f65867fb0aa7f2eda86eb397,116.94,1,116.94,4.0,11.0,1,0,silver
9e186910b95ff5d126d30d85ed39ff9f,88.22,1,88.22,5.0,14.0,0,0,bronze
9e1f2a2653ba997e1352dc75b338211b,92.87,1,92.87,3.0,11.0,1,0,bronze
9e3cac59332ea9fb653f78b4340d638c,57.68,1,57.68,5.0,2.0,0,0,bronze
9e40abd430fd934e5b84d89c23feca2e,94.56,1,94.56,4.0,27.0,0,0,bronze
9e527c9bc89a4228e5d8e136712ec63e,89.97,1,89.97,5.0,13.0,1,0,bronze
9e5284ac854802751a60f20a92504f7b,987.8,1,987.8,1.0,10.0,1,0,gold
9e6fc65f490950a3f8855487b200069d,88.9,1,88.9,5.0,14.0,0,0,bronze
9e70789ce737e5164397d6b042883d48,168.51,1,168.51,5.0,10.0,0,0,silver
9e77b88193d0da6a24156c12b698ade3,138.6,1,138.6,3.0,6.0,1,0,silver
9e79849b10c23aea63950a2bcce3d34e,82.4,1,82.4,5.0,17.0,1,0,bronze
9e79c9a87b14a3315487d564583b575d,96.8,1,96.8,3.0,13.0,1,0,bronze
9e7e0e529bf16fb940865ddc9b5fcad0,193.65,1,193.65,3.0,14.0,0,0,silver
9e823cb684444e4ff997099a6c110539,60.37,1,60.37,5.0,7.0,0,0,bronze
9e8396345edb2e6a17ea3090995f2805,90.66,1,90.66,5.0,3.0,1,0,bronze
9e8520b8661e749a34c1150822d60704,107.5,1,107.5,3.0,5.0,1,0,silver
9e8e26fc9721e032f74d65f8fc2d3634,35.0,1,35.0,5.0,26.0,0,0,bronze
9e98e4329d3644ac09aafdcfb03913ec,56.78,1,56.78,5.0,2.0,1,0,bronze
9ebc06ad695ee9ea7a4aa816fbd3f1e6,81.72,1,81.72,5.0,21.0,0,0,bronze
9ec142fbcde3077350f40e8f6885d5d6,215.14,1,215.14,1.0,34.0,1,0,silver
9eca552063680b7cd2ed0e8aea002b21,1482.24,1,1482.24,1.0,11.0,0,0,platinum
9ee115cbebc7010b3e6810e46d0977ff,69.93,1,69.93,5.0,5.0,0,0,bronze
9ee554a619106eea8aad534209f8b566,101.33,1,101.33,4.0,,1,0,silver
9ee8fe93d7c4700c0b81f805c9b0240e,64.44,1,64.44,3.0,11.0,1,0,bronze
9eec5f17b49f3b5648599a1dcdf0d844,89.48,1,89.48,4.0,18.0,0,0,bronze
9ef0c12fa87fd32e3dce56c5892f0964,40.96,1,40.96,5.0,8.0,0,0,bronze
9ef36d105804ed71afb4a173c0add70a,120.29,1,120.29,5.0,8.0,0,0,silver
9ef475e8950b598deac6cfba29768fd3,211.03,1,211.03,1.0,19.0,1,0,silver
9ef4905006f939a993f4794df18564c7,54.14,1,54.14,1.0,35.0,1,0,bronze
9efde9b883e5c09c03f5585ddd74fd95,371.14,1,371.14,2.0,31.0,1,0,gold
9f00345fbcc355feab6e1c3ba8e0fd46,47.8,1,47.8,4.0,9.0,0,0,bronze
9f0c5aae0debed6d7cdea5b8b54c4b91,103.68,1,103.68,5.0,5.0,1,0,silver
9f0fe68b9767ca4c4f2402bcdb084e51,43.0,1,43.0,3.0,26.0,1,0,bronze
9f10a450cddebea0e7cd86f67c894d1c,99.43,1,99.43,5.0,15.0,0,0,bronze
9f13bdb4c0f5b6a3a6b5f4cf33c0121f,101.93,1,101.93,2.0,28.0,1,0,silver
9f22fc34b3a0ddb490ca358d91062097,51.85,1,51.85,5.0,8.0,0,0,bronze
9f3370b5197872a3f83ee2862413129e,153.2,1,153.2,5.0,21.0,0,0,silver
9f37b1215df84eae065524290b66cba6,19.88,1,19.88,3.0,11.0,0,0,bronze
9f45575a536109d829284ab1d98bff59,41.86,1,41.86,5.0,6.0,1,0,bronze
9f4d01541a4f4810af5622a067a9b873,116.25,1,116.25,4.0,23.0,0,0,silver
9f52aa42e2fd7bc958a8268f0c5945d0,70.89,1,70.89,5.0,15.0,0,0,bronze
9f530e81ed3d659caa06433c94660d4d,219.4,1,219.4,5.0,7.0,1,0,silver
9f65c47cdfb0d8bd59d31c6881759086,194.12,1,194.12,3.0,21.0,0,0,silver
9f69e4adeb78574431c2512f6f91ba18,40.1,1,40.1,4.0,12.0,0,0,bronze
9f6a09ecbf082616ed3c6afd1460f6b5,186.26,1,186.26,5.0,26.0,1,0,silver
9f7422ba57a5cebbbe7d16dce355b191,208.8,1,208.8,2.0,,1,0,silver
9f78f4914f81f4221a381a7a84f48435,135.49,1,135.49,1.0,23.0,1,0,silver
9f87499f6c7ccf05c3daa03d76bfdfc0,139.59,1,139.59,2.0,12.0,1,0,silver
9f8de381fdef39745ec9329147b4541c,80.11,1,80.11,4.0,5.0,0,0,bronze
9f8e3217355bc9c67b661fa30c95ac79,30.69,1,30.69,1.0,30.0,0,0,bronze
9f977f6727f07b13fc997f1e61cbed07,48.87,1,48.87,5.0,6.0,0,0,bronze
9fa409eb1f47eff0279c31d9712eca81,112.84,1,112.84,5.0,8.0,1,0,silver
9fac43aa54264482209de2caf29b084c,112.4,1,112.4,3.0,6.0,1,0,silver
9fb3608c2b3f4758dc7fc83163379d03,114.03,1,114.03,3.0,18.0,0,0,silver
9fb7c6404965b174f9514743c2f1cdc4,71.91,1,71.91,5.0,3.0,0,0,bronze
9fb86d78b0db13b64af3089329149fd5,112.86,1,112.86,1.0,11.0,1,0,silver
9fbc6085aef8a6c39c5c177e7634c4e4,100.06,1,100.06,5.0,8.0,0,0,silver
9fbed2822de8e388b0b6d30fdf28099a,93.19,1,93.19,4.0,11.0,1,0,bronze
9fc43c595da28b6942b0f083edde2169,34.69,1,34.69,5.0,12.0,0,0,bronze
9fcc4bd5e142f49a33eaec45b270a053,114.79,1,114.79,5.0,4.0,1,0,silver
9fd7e4635ba52782e24a3faad8753eef,195.7,1,195.7,1.0,,1,0,silver
9fe5defc789a28f9554cdf81a4ccc933,142.72,1,142.72,5.0,7.0,1,0,silver
9febc9f07c093eff66ee9dae0dba9aa8,90.26,1,90.26,3.0,5.0,1,0,bronze
9fedd99d17871d39dd3a65eb45e0d792,58.61,1,58.61,5.0,9.0,0,0,bronze
9ff3ae8f4903e1f8c744a718f45ec759,67.83,1,67.83,4.0,7.0,1,0,bronze
9ff582cf8695a03e26caf77bb3cee96a,82.57,1,82.57,4.0,10.0,1,0,bronze
9ff82389742ddc09abe60d74f00ebde7,200.16,1,200.16,3.0,6.0,1,0,silver
a000803fa0a50bb296c85c77a164af77,89.3,1,89.3,5.0,15.0,0,0,bronze
a004a1f8fe9553aaf6e36fe06b52a9d7,839.49,1,839.49,5.0,12.0,0,0,gold
a005cd5aabe879cfb2c250c7e83d817c,508.77,1,508.77,4.0,13.0,1,0,gold
a007cc60b9d63f637069859037070d1d,132.03,1,132.03,5.0,3.0,1,0,silver
a008b4fd6ebc2960cd222c185dc14b66,113.25,1,113.25,5.0,10.0,1,0,silver
a00a134e5138a58ff0ea77d6248dc949,74.62,1,74.62,5.0,12.0,0,0,bronze
a00dacbc666efe1dadcc55a56a62603a,134.28,1,134.28,3.0,12.0,1,0,silver
a00e899d273cdf688c72055f31576aa6,99.7,1,99.7,5.0,14.0,0,0,bronze
a012820fbbced38a03331716e231e0ba,76.28,1,76.28,5.0,15.0,0,0,bronze
a014d7633bd0ccd53f42a643c6e43985,62.77,1,62.77,2.0,6.0,1,0,bronze
a01bba36c189d1da1a4ad875bf587a35,235.28,1,235.28,1.0,,1,0,silver
a03469e46b66c790e202428c5f39707d,115.22,1,115.22,5.0,4.0,0,0,silver
a03d515e10d0d239200d63d7954d5d3b,45.01,1,45.01,5.0,8.0,0,0,bronze
a04529eb06ba6ed6dfb3a37d28cab6fa,185.61,1,185.61,4.0,36.0,1,0,silver
a05e9daf9f1832f45a0d57975b34a028,550.26,1,550.26,1.0,,1,0,gold
a061ea87fe96fc6b177a6201161c7847,83.41,1,83.41,5.0,4.0,1,0,bronze
a0668f386d869212ec24abf9fab0bc84,35.0,1,35.0,2.0,,0,0,bronze
a0795e3e219e3081be7f7a19662daaf0,72.14,1,72.14,3.0,9.0,1,0,bronze
a08308dfb30f3ed8b21866524b6f9098,89.85,1,89.85,5.0,25.0,0,0,bronze
a08534083323be652600b0f166abead4,76.76,1,76.76,1.0,28.0,0,0,bronze
a0872c0aa5ed3ec37de9002123a9ec7a,44.09,1,44.09,2.0,11.0,0,0,bronze
a08b0a126ac4d8df5e4ee925e7d5f55e,117.94,1,117.94,5.0,10.0,0,0,silver
a0945afb4776b455a8f951b33e2dd223,250.4,1,250.4,5.0,13.0,0,0,silver
a094910c1933dcb019f14b2cbd8e89b5,77.84,1,77.84,4.0,13.0,1,0,bronze
a0988feb55f4bf6cd3643c2a0d8d3899,1024.2,1,1024.2,4.0,31.0,1,0,platinum
a09a1aed3df952e2716804bdaf2b04e2,133.49,1,133.49,3.0,10.0,1,0,silver
a09a3b1eec6b18cc3e3235d93ceeed29,107.54,1,107.54,5.0,11.0,0,0,silver
a0a261a0b673cc7dd5f7d34e80023ff2,1066.86,1,1066.86,3.0,17.0,1,0,platinum
a0a42c4599cce684b3537bb863608e9b,67.5,1,67.5,5.0,13.0,0,0,bronze
a0b06f848b718a8b6447be5d8b0d9c36,92.5,1,92.5,5.0,16.0,1,0,bronze
a0b26b4f59b8b31147d0ef639edc36b4,115.81,1,115.81,4.0,20.0,1,0,silver
a0c02e30e19b2d276b746bfbfd36cd1e,111.76,1,111.76,3.0,4.0,1,0,silver
a0c8c8164e126c94a3ef8a34fdeb7601,76.08,1,76.08,3.0,22.0,0,0,bronze
a0d44d593fe455c0ec7ed8f4715190cb,111.61,1,111.61,2.0,7.0,1,0,silver
a0dd7cab6c49d17a18981782d25466da,43.2,1,43.2,5.0,12.0,0,0,bronze
a0e1b13a3ee2d46c7de8d987ef47ec4b,139.59,1,139.59,3.0,20.0,0,0,silver
a0e5e99b85fa7db55a095f1dc2ec6f86,50.09,1,50.09,4.0,26.0,1,0,bronze
a0e913a3db2eee9d3dde90b2807fcaf8,58.37,1,58.37,5.0,6.0,0,0,bronze
a0f224083a07150c7a38e7a05fc00dc8,89.52,1,89.52,5.0,15.0,1,0,bronze
a0f575c70c2eb6e4ba6843930b50f8f5,549.7,1,549.7,4.0,8.0,1,0,gold
a10e3364f0f9b110be0712605b25cc64,37.39,1,37.39,5.0,2.0,0,0,bronze
a10ebff5171e4fbd99d9c92c8ed4bf8e,64.44,1,64.44,4.0,13.0,0,0,bronze
a10fe3c477989c968aa284bd448b1d5b,198.7,1,198.7,5.0,14.0,0,0,silver
a11ae0d97ead5323440b4b5f0cc0e135,64.74,1,64.74,5.0,7.0,0,0,bronze
a11bcde22d63d2219da518c6801ac7d5,77.47,1,77.47,5.0,10.0,1,0,bronze
a11df07f55f14cdceae5609bcf4350a4,41.75,1,41.75,4.0,4.0,1,0,bronze
a128eb4a87a5195a3a5dfbdc3426c834,50.09,1,50.09,5.0,,0,0,bronze
a12b84183bdfdda2ebc41ba135c99caf,583.3,1,583.3,5.0,30.0,0,0,gold
a1341a488875fa4db05a8fcc0e3c8ec2,61.52,1,61.52,5.0,6.0,0,0,bronze
a141cad9daad0a5e00543b930e249b48,46.85,1,46.85,5.0,6.0,1,0,bronze
a147b35c04951884b4bbd65a0085cf88,125.42,1,125.42,4.0,24.0,1,0,silver
a1501121525014a1ff9d8247bcdf1e7e,25.62,1,25.62,5.0,5.0,0,0,bronze
a1597bd71df7812cfcecba6a6e520593,135.77,1,135.77,4.0,18.0,0,0,silver
a15a39c94a1934b7e64a5e10c5f9b9d6,533.57,1,533.57,2.0,9.0,1,0,gold
a1644581211b1c1d4933064a411ad7de,185.88,1,185.88,5.0,24.0,1,0,silver
a16463c2667c5194f1ed62daab06e79c,90.18,1,90.18,3.0,13.0,0,0,bronze
a166658710b335e011ca3fc04f6de068,74.5,1,74.5,4.0,33.0,0,0,bronze
a16dd53de73ca084b5ee94e290101770,114.45,1,114.45,5.0,38.0,1,0,silver
a176378c7ad0b4cb3561692f234cecca,42.02,1,42.02,1.0,,0,0,bronze
a177dfa16a718ef23d1c12dbbc021c91,59.86,1,59.86,5.0,3.0,0,0,bronze
a1aad80f12918aa399ec076ed078e5d9,716.65,1,716.65,,36.0,0,0,gold
a1b05c826252ff73fbcc6b5ceeed99af,105.52,1,105.52,5.0,6.0,1,0,silver
a1b27fb279cf1f20c233f6f8c7d468ff,190.58,1,190.58,4.0,9.0,1,0,silver
a1b87577de4401c14e2fc4a3f8e2444e,62.86,1,62.86,2.0,16.0,1,0,bronze
a1bf02afe06f2e42599a39c4f4487831,43.38,1,43.38,5.0,6.0,0,0,bronze
a1c1665f040ebd05f327c8e9dc1cdf4f,126.64,1,126.64,4.0,9.0,1,0,silver
a1c839a978e05fedd92fec96d4ea685d,206.26,1,206.26,4.0,70.0,0,0,silver
a1cc55683fad97a9ce13c6e82f997d5b,161.67,1,161.67,5.0,15.0,0,0,silver
a1dcf2440c6b9aec47d70595ed124ad0,276.11,1,276.11,4.0,5.0,1,0,silver
a1e1b4f551c90177d6e51596d58aefcf,106.87,1,106.87,5.0,8.0,0,0,silver
a1ebfc2e850f3acc3efc6a68eb1a6e87,57.89,1,57.89,5.0,11.0,0,0,bronze
a1ee7d2abd6aba2ed5fc07cfe833d7db,27.36,1,27.36,4.0,3.0,1,0,bronze
a1efe9a98bf03a0025efa9bc56fe9d1f,35.0,1,35.0,3.0,10.0,0,0,bronze
a1f056aa9823bc1fb8206b00a9be412c,38.01,1,38.01,5.0,5.0,0,0,bronze
a1f4786315fee99e8a3c8cc9c71d54a1,43.31,1,43.31,3.0,5.0,0,0,bronze
a1fd66a5170821b74be2a153e6c567cd,142.4,1,142.4,5.0,11.0,1,0,silver
a1fecfb758d0897a9ebb83c5998f4d32,147.25,1,147.25,1.0,53.0,1,0,silver
a20a396493d66fbde2790f5e995ff20d,133.7,1,133.7,5.0,15.0,0,0,silver
a20e19f70cf92ad5bf8e1339d5ae9316,175.08,1,175.08,5.0,9.0,1,0,silver
a214b09bf06f0c3ae7f1b82be0344f24,17.68,1,17.68,3.0,2.0,0,0,bronze
a215e0e289cfc05f8e47dc0af3baffa3,125.0,1,125.0,5.0,9.0,1,0,silver
a21a8c17fb2d281bb4890748efc12200,61.21,1,61.21,4.0,18.0,0,0,bronze
a21b4531ebe87b08b4ee94cc7046175d,39.24,1,39.24,5.0,3.0,0,0,bronze
a220343cfac0d96c59aa3c46a2687c56,194.13,1,194.13,5.0,5.0,1,0,silver
a221f61bb7bb372ffdd4e72f027e66ea,412.52,1,412.52,4.0,13.0,1,0,gold
a22dc07295cb047e6807c7a5db326219,88.91,1,88.91,5.0,15.0,1,0,bronze
a239165e9cdb4caa2391755d6d61d3b7,26.77,1,26.77,5.0,7.0,0,0,bronze
a239b8e2fbce33780f1f1912e2ee5275,179.3,1,179.3,5.0,27.0,1,0,silver
a23e613e253483c976dcc6567efdddcd,266.5,1,266.5,1.0,23.0,1,0,silver
a23f32bea5b7b72d42da47dd84064251,143.28,1,143.28,3.0,11.0,0,0,silver
a24799ffe87b5934c95792755e6d688c,132.49,1,132.49,4.0,9.0,0,0,silver
a24b6a5a883426cbe71b43fd0a3d508a,205.9,1,205.9,3.0,10.0,1,0,silver
a253d10c681ebc4ee987907d2fd156ce,234.84,1,234.84,4.0,7.0,0,0,silver
a2568749dbab9767cfa063c3a390ec03,400.64,1,400.64,5.0,4.0,1,0,gold
a25732211278c068b24b7fd9ac7fa7b8,91.01,1,91.01,5.0,6.0,1,0,bronze
a2592ff872c8acbdfa3f2c6275375338,317.3,1,317.3,5.0,8.0,1,0,gold
a26863f4bec97ff62ddacb4986543e03,224.17,1,224.17,5.0,37.0,1,0,silver
a277c3e4537edd93435ab61288810da8,183.36,1,183.36,1.0,9.0,1,0,silver
a27891e144f346fc1cf62c1eb645de46,88.49,1,88.49,5.0,8.0,1,0,bronze
a278e5ab3d212b2c8285bdfa911b25a7,78.42,1,78.42,5.0,7.0,0,0,bronze
a27aeb2d1cb3032faff8766ab9c55dba,112.94,1,112.94,5.0,6.0,1,0,silver
a27b4653c3c45bbb1b1c9f12c91e6c9f,94.7,1,94.7,4.0,19.0,0,0,bronze
a280757f35720793a5ff4515aeab5229,121.2,1,121.2,5.0,11.0,1,0,silver
a2855d9221a8f1355dc22f859559a19a,167.51,1,167.51,5.0,11.0,1,0,silver
a286f8051a4e213c92f5491e48f0dfec,53.52,1,53.52,,14.0,0,0,bronze
a28dd82cfe4950491838b104faa66b75,168.23,1,168.23,5.0,14.0,0,0,silver
a297a4fdb23af830bd780bd848858017,68.43,1,68.43,3.0,7.0,0,0,bronze
a29ca82b322c504d2b21d483b91fefdb,38.01,1,38.01,5.0,7.0,0,0,bronze
a2a9e6be1091b22195b652b01a316bd5,274.74,1,274.74,5.0,18.0,1,0,silver
a2ada4fbd5341b782fc32e38b79db83b,70.07,1,70.07,1.0,10.0,1,0,bronze
a2af9f0425fce10fc7814c347a275095,73.31,1,73.31,3.0,5.0,1,0,bronze
a2b04fc2ec07fc6fbbdfbf8fd1fe5a30,65.24,1,65.24,5.0,4.0,1,0,bronze
a2b0bd17e5e3004764dfc68211ef94a3,1063.75,1,1063.75,5.0,15.0,1,0,platinum
a2b6e488aad29c0bb3621a5a9c5a9d41,83.55,1,83.55,5.0,7.0,0,0,bronze
a2c91ad99292b578186da5939a6a2f6d,87.64,1,87.64,5.0,9.0,0,0,bronze
a2dcbf95e38f40a62d78210ec47668b2,73.2,1,73.2,4.0,7.0,1,0,bronze
a2e3c9003effbb796cfab5a0f9715493,21.04,1,21.04,5.0,4.0,0,0,bronze
a2eefe752c732b4960a85852029a89e2,78.68,1,78.68,4.0,6.0,0,0,bronze
a2fa707edeeca30a8b657bac78e368b7,147.62,1,147.62,4.0,29.0,1,0,silver
a2fd22263bc1dc3be656a0f725d3866c,273.88,1,273.88,5.0,13.0,1,0,silver
a3021c629bd1d99347a8e75a9ab035d8,112.02,1,112.02,4.0,9.0,0,0,silver
a30978aee433167a339b46d2463b81b9,209.46,1,209.46,5.0,2.0,0,0,silver
a31ef19138e1e8ddad1c8c30612a044d,83.87,1,83.87,3.0,3.0,1,0,bronze
a324e032a76af91eb1bfbc44a2abe81c,56.77,1,56.77,5.0,6.0,0,0,bronze
a32fd99e791dbe323486039bce9ac35e,34.79,1,34.79,5.0,5.0,0,0,bronze
a3387855ea10598f1bfb862877bf8bdc,52.38,1,52.38,5.0,7.0,1,0,bronze
a33dd2674db89fc0fd043b7f0b5fc645,74.27,1,74.27,1.0,41.0,0,0,bronze
a3400cc98391d59d5a4a0c5a0e4ba7d4,83.17,1,83.17,5.0,7.0,0,0,bronze
a345376a6d523d2178339d26feb7f2c4,49.94,1,49.94,5.0,5.0,0,0,bronze
a354ee7ba147e604d8b6c07ab4646a14,64.09,1,64.09,5.0,9.0,0,0,bronze
a35698b8e9ba30327005b6794155ff90,168.92,1,168.92,1.0,,0,0,silver
a36e6aac0494b98f92d12383ae4194f0,116.17,1,116.17,5.0,18.0,0,0,silver
a37b2223032f618b3cb1fb9ed7a8ff33,272.99,1,272.99,5.0,25.0,1,0,silver
a37fc2f55cb2f185411e5c9b7b0f0bdf,287.0,1,287.0,4.0,7.0,1,0,silver
a387d752d46438289df416efcb368aef,236.96,1,236.96,5.0,13.0,1,0,silver
a389e9b0e5165f245353f614817b2432,158.22,1,158.22,5.0,9.0,1,0,silver
a38fcca5b3208aa7978035fbab4a3d41,96.8,1,96.8,5.0,18.0,0,0,bronze
a393318d105b41e17b2b04716731d17e,231.15,1,231.15,5.0,7.0,1,0,silver
a3946fc31434b6fb6ac26f52a2b5d107,81.24,1,81.24,5.0,9.0,0,0,bronze
a39c967d9cc336e258954dc444525d51,290.6,1,290.6,5.0,18.0,1,0,silver
a3a13167bdd112d8882befbfc80215e3,49.64,1,49.64,3.0,6.0,1,0,bronze
a3ac5058fc59aa03c2f3d63e194d5815,128.3,1,128.3,5.0,25.0,1,0,silver
a3adfb1ef257529c6abe81be7726a63f,43.87,1,43.87,5.0,7.0,0,0,bronze
a3ae42825310f54f2f8505469b71ad15,22.29,1,22.29,5.0,12.0,0,0,bronze
a3b654f459c79a941ed019528bb9f349,118.64,1,118.64,5.0,4.0,0,0,silver
a3b894ee3c49c153eaeab9afa95caf85,58.72,1,58.72,2.0,2.0,0,0,bronze
a3bb0985613cffa74e31739b234b3b2b,75.25,1,75.25,4.0,25.0,0,0,bronze
a3c22bbd3ae5d6200ac82078b67eec2a,205.84,1,205.84,5.0,4.0,1,0,silver
a3cc13aa0023dd6db1e83860494a1444,215.14,1,215.14,5.0,3.0,1,0,silver
a3d335d8dd759126b58367c6053bb20a,75.18,1,75.18,5.0,15.0,0,0,bronze
a3d85d7b7010cf4da0db5abb3a0091eb,90.88,1,90.88,5.0,4.0,1,0,bronze
a3de27ee03b2524eaad00c76e9a54a15,82.19,1,82.19,5.0,5.0,1,0,bronze
a3e0645de7adef05c1ed21b997efa4c3,103.55,1,103.55,5.0,8.0,0,0,silver
a3e45f6630ef02c9df3bf98076b01333,86.25,1,86.25,5.0,4.0,1,0,bronze
a3e4f258972f05247ceb8c995b056270,399.88,1,399.88,3.0,15.0,0,0,gold
a3eac41afdcbd1e7d0729a846cf36dac,153.39,1,153.39,5.0,10.0,1,0,silver
a3f0151d81afbfb5e90b3f977d20571a,133.18,1,133.18,5.0,8.0,1,0,silver
a3f950daf5819f8a6848e70fdf61434a,41.77,1,41.77,4.0,3.0,0,0,bronze
a3fbc36cf6e1f33fbe6d8b11238fba1b,47.43,1,47.43,5.0,3.0,1,0,bronze
a404f08e042c753353751dec5c22684b,161.34,1,161.34,4.0,4.0,1,0,silver
a40805af4228f795553dfc24a25a1aa6,129.56,1,129.56,5.0,15.0,0,0,silver
a40c49c2cd61eaff888052ee5f6867e1,55.86,1,55.86,1.0,21.0,0,0,bronze
a410644642278171ab477d7eaff0d877,160.8,1,160.8,1.0,6.0,1,0,silver
a414f74fdead2bbbb53ad994d9b013c4,166.29,1,166.29,5.0,19.0,1,0,silver
a416da5083dd27cada13aa5c7131ea59,115.22,1,115.22,5.0,4.0,1,0,silver
a419dd7dfd2ca5800069304fde68e3b9,132.95,1,132.95,5.0,8.0,1,0,silver
a4230fa91579ce60e6d6702faadb73f9,215.25,1,215.25,5.0,6.0,1,0,silver
a423d0eb6e06ef44ce8ddb0e9cb579f7,21.76,1,21.76,5.0,7.0,0,0,bronze
a4256a04a7078f478e598467d9727225,380.66,1,380.66,,9.0,1,0,gold
a429cfdb54daea01eb4345d16d5ec680,85.95,1,85.95,5.0,13.0,0,0,bronze
a43149b43ab4253753f89fb6909d1371,31.77,1,31.77,4.0,6.0,0,0,bronze
a43a8246e8f5df31aa1a3bfbdda686ab,88.12,1,88.12,5.0,2.0,0,0,bronze
a44d8c451b62aee20189cf53906c9b40,67.5,1,67.5,5.0,23.0,0,0,bronze
a45398b4871a8c038a31cc8c64a52625,24.38,1,24.38,5.0,2.0,0,0,bronze
a461c83c918c7aa6db361bb88114d3b3,35.44,1,35.44,5.0,2.0,0,0,bronze
a46ae738be98cfe3a3459bd915ceffc9,127.92,1,127.92,1.0,33.0,0,0,silver
a482e030e2517ddbf0f93d8798d8cd48,126.02,1,126.02,5.0,15.0,1,0,silver
a48616b0798c3f1d5cae097c18180be8,106.29,1,106.29,4.0,37.0,1,0,silver
a48719101510da79aee51f11b1cd9a82,92.57,1,92.57,4.0,10.0,1,0,bronze
a490d5875edefe9bb8f5101ec2f6b56f,160.46,1,160.46,5.0,8.0,1,0,silver
a4924e835eb827cc2f0a779e32a6d0a6,49.77,1,49.77,4.0,9.0,1,0,bronze
a4931ede16fa41135066b3c7f054e287,154.9,1,154.9,5.0,2.0,1,0,silver
a4a93dbdbc00ea73647d9f0ff9754b2d,87.1,1,87.1,1.0,41.0,1,0,bronze
a4b06188937c8e27e5a51c37f7c90a3f,146.11,1,146.11,5.0,7.0,0,0,silver
a4b357709fff755b2816f24acf4852cb,55.26,1,55.26,5.0,7.0,1,0,bronze
a4b4827ae7bcc15149ae31e25fbe1f95,208.12,1,208.12,1.0,,0,0,silver
a4b49136fdbfe77c71fe152e2c45f30a,95.3,1,95.3,5.0,10.0,0,0,bronze
a4bb1f3a5f96157e9b6e053acd4adb70,102.66,1,102.66,5.0,7.0,0,0,silver
a4bdd0ff2e35ee74e8482600c5c0db53,166.01,1,166.01,5.0,36.0,1,0,silver
a4bfe05c0977b521c31704c8aa540c39,188.72,1,188.72,5.0,7.0,0,0,silver
a4c52e5db22de71bff4d45444508f3f5,61.75,1,61.75,2.0,20.0,0,0,bronze
a4c6daf94bccd97601f8a793df390c50,526.93,1,526.93,4.0,21.0,1,0,gold
a4cf1b712d67ebba4ec2f4136458ed2d,106.85,1,106.85,5.0,4.0,0,0,silver
a4d4a76b47ccec27db5ea63da11debf5,313.23,1,313.23,4.0,23.0,0,0,gold
a4d6f5e61e07e006e41e7ec382f3db1b,35.77,1,35.77,5.0,4.0,1,0,bronze
a4f4a1d0758fd671e5883fb263b085f8,45.0,1,45.0,5.0,22.0,0,0,bronze
a4f5ad1d5cd5d106aa02621eef8dd48b,37.0,1,37.0,4.0,14.0,0,0,bronze
a4f5d1cac58182ce1e57621d84b9e000,134.75,1,134.75,5.0,3.0,1,0,silver
a4fc6f506c43912724a730dbdf6155a4,87.96,1,87.96,4.0,28.0,0,0,bronze
a4fe9f117e2dbd6bb0cf4e4ce35d34df,153.7,1,153.7,5.0,12.0,1,0,silver
a5015e9d8815045c474ccbdc0a55e6e0,68.0,1,68.0,5.0,9.0,1,0,bronze
a50a18d0f932c1cf1dec68cc1d281d8a,31.69,1,31.69,5.0,9.0,0,0,bronze
a50a83f0da93ec0a5f462b3b8c5644f0,63.39,1,63.39,3.0,14.0,0,0,bronze
a50c1032c3f5635519c65a8cc84c6171,184.93,1,184.93,5.0,20.0,0,0,silver
a51ad6d24ddff4eb2277385801cc4962,159.71,1,159.71,5.0,10.0,1,0,silver
a52327252e5d68739d85eadb7dd461e4,171.72,1,171.72,4.0,10.0,0,0,silver
a54334127fc03ecd25d634d4be01027b,99.65,1,99.65,5.0,8.0,0,0,bronze
a55e19719dab7efad8d5b7b0bedf5326,172.92000000000002,1,172.92000000000002,5.0,6.0,1,0,silver
a55f0e5987ccdedc5fd36bf3a4d8b37d,62.84,1,62.84,5.0,12.0,1,0,bronze
a560432116ab4d14c43564e6ea2cba7c,132.94,1,132.94,5.0,14.0,1,0,silver
a5649030a6a7f0b0378708b5a342d7db,27.29,1,27.29,5.0,5.0,0,0,bronze
a568272296f24447991f33f62d7a7f0e,132.57,1,132.57,5.0,10.0,1,0,silver
a5696036698afb7df470dd3c609dea18,21.4,1,21.4,4.0,13.0,0,0,bronze
a56a69b5c5e0e105c671353ee9caa01a,153.41,1,153.41,1.0,,1,0,silver
a56b92763e6846ae24e45b788dceb938,137.22,1,137.22,5.0,13.0,0,0,silver
a56b99ab1898e429a4e4acf44617c171,89.45,1,89.45,1.0,9.0,0,0,bronze
a57ab5ea2fcccaeb61d5aeb48b7bc3e7,104.41,1,104.41,3.0,15.0,0,0,silver
a57dd66fd536be4cb7fc34159260aa28,113.44,1,113.44,5.0,11.0,1,0,silver
a57efc75b64a030eb02c4ebe7f48e45f,194.31,1,194.31,5.0,11.0,1,0,silver
a57ff048e76ea9d507d5cc93fa28c4ab,80.49,1,80.49,5.0,4.0,0,0,bronze
a587d1b554822c7be53696a31cf367e3,57.86,1,57.86,4.0,10.0,0,0,bronze
a58bfc5e8a333137df4ee8951f01a17f,119.25,1,119.25,4.0,10.0,1,0,silver
a58c3fb6af3c545575b2d93dd050aec9,150.5,1,150.5,5.0,13.0,1,0,silver
a590fdd68e210fa5f42764a2493f6223,70.91,1,70.91,4.0,24.0,0,0,bronze
a59129ed35da4c3e3f2a005b4c6582fc,128.9,1,128.9,3.0,11.0,1,0,silver
a5966062368b4e1681923442b5ba7ca2,221.79,1,221.79,5.0,11.0,1,0,silver
a5995073c37303b62da4ae07928f0688,163.5,1,163.5,4.0,21.0,0,0,silver
a5a49fe1cf2e41c91453fc0f95ea43e4,209.3,1,209.3,5.0,10.0,0,0,silver
a5a4dda10a759bf8a54f75817f7f6fcd,314.82,1,314.82,5.0,10.0,1,0,gold
a5a768a369279102b048fb1a0a6462b8,68.03,1,68.03,1.0,12.0,0,0,bronze
a5ab01d672d5b6076a01da21446543f2,215.37,1,215.37,4.0,9.0,0,0,silver
a5ad2403eb313ee26919d8a3ad85448b,643.33,1,643.33,5.0,15.0,1,0,gold
a5afb1cd8d3b8126d2d39a7a29880c09,487.27,1,487.27,5.0,13.0,0,0,gold
a5b002dd1d73428332e6679c7a98f1d8,137.04,1,137.04,4.0,10.0,0,0,silver
a5b09cb8e59497b5e685ce55f7fbfe66,75.62,1,75.62,4.0,5.0,0,0,bronze
a5bbd6eeb5346baf703a636f93182379,72.38,1,72.38,5.0,8.0,1,0,bronze
a5bbe790d7da0b6ddeaf6f31ffc664a9,175.19,1,175.19,5.0,12.0,0,0,silver
a5c62e7e896b7e6ed95d39714f51304a,37.68,1,37.68,4.0,13.0,0,0,bronze
a5c773eb6e74749ab5fea064053a2d58,150.67,1,150.67,3.0,14.0,1,0,silver
a5c93e7b12545f61cbf92efa2d77f1f3,89.57,1,89.57,1.0,32.0,0,0,bronze
a5c9660af607788526f45b6774ac2594,143.83,1,143.83,4.0,11.0,1,0,silver
a5d802afa1d094ec8861e4a911c328e5,128.8,1,128.8,5.0,,0,0,silver
a5dfe1ead2966c2523a57096d8611171,158.98,1,158.98,1.0,,1,0,silver
a5e783156c30ef47a0209fe04f0c8f73,63.27,1,63.27,5.0,9.0,0,0,bronze
a5e903dd1104eac0c60b4ae4f61256be,139.8,1,139.8,5.0,11.0,1,0,silver
a6037690d0e7234cd7d735ab9f3c23b9,157.3,1,157.3,1.0,10.0,0,0,silver
a6067b8524c5ace8872e34f87a37c3f1,568.0,1,568.0,1.0,14.0,0,0,gold
a60cbbc2873fbaf6a94248a58c646a43,38.38,1,38.38,5.0,7.0,0,0,bronze
a615447488b8537b2ea3f981c8481fa3,137.48,1,137.48,5.0,7.0,1,0,silver
a61c90260897c58b7365e7b2e664c93e,619.44,1,619.44,5.0,14.0,1,0,gold
a62033e1eac3f078e0bbd44b09e3153a,263.55,1,263.55,1.0,25.0,1,0,silver
a624e99e0b6e7d2fe09452b5fa7517fc,33.51,1,33.51,5.0,11.0,1,0,bronze
a62f8fe9d5dca0dfb914de5fe07762e2,777.0,1,777.0,5.0,12.0,1,0,gold
a635e8b3829057ed83b1ba0e60fffb94,24.66,1,24.66,3.0,9.0,1,0,bronze
a63a8ec617c37e99ab2c48af8b442ac6,98.14,1,98.14,5.0,6.0,1,0,bronze
a63dd805e228fc1eead58609c7e7e830,373.88,1,373.88,5.0,26.0,1,0,gold
a64012382321fce9efe25476d026d290,164.55,1,164.55,5.0,7.0,0,0,silver
a64afb855585c221c098e84459135d22,76.86,1,76.86,5.0,16.0,0,0,bronze
a667c69a33cd6139f833eb4d80904f7b,107.85,1,107.85,5.0,20.0,1,0,silver
a67a9b9782f80f708535927a808797c2,79.05,1,79.05,4.0,3.0,1,0,bronze
a6803342249d71fd2b56f1d97cec475a,103.13,1,103.13,5.0,19.0,1,0,silver
a68173346451e2a238f65dbb1d912c79,43.3,1,43.3,5.0,9.0,0,0,bronze
a68366a33b3fb472b124bba255416bea,691.0,1,691.0,4.0,10.0,1,0,gold
a68aa5b6d22ffe2ac0fc2cb41a383072,63.41,1,63.41,5.0,4.0,0,0,bronze
a68ad412c53f45ccc69644d62568224f,241.89,1,241.89,5.0,4.0,0,0,silver
a68c9c34242f5364df4ff3e06debd8c7,206.43,1,206.43,5.0,15.0,1,0,silver
a68d01bf2636a79c30090ce28ac96329,57.8,1,57.8,5.0,9.0,0,0,bronze
a692c9e28a1437550e1ba407ebdf47d9,154.45,1,154.45,4.0,16.0,1,0,silver
a692e89154bf411e9abcc1061e615a50,51.78,1,51.78,5.0,16.0,1,0,bronze
a69774cf9758fc590d8cd63a1192f717,35.03,1,35.03,5.0,2.0,0,0,bronze
a69bb540f6071238ab453eefa0bde4e2,123.05,1,123.05,4.0,5.0,0,0,silver
a6a0c904d529993ad1b94441eb5dfce7,73.74,1,73.74,3.0,3.0,1,0,bronze
a6a3a82d6240ae56dbc4cb1a2eec8661,52.85,1,52.85,5.0,10.0,1,0,bronze
a6a6d562bb27eda786a3df935060248e,179.0,1,179.0,4.0,15.0,1,0,silver
a6aa1df65dedcad75c34bbc175e5a068,197.92,1,197.92,5.0,7.0,0,0,silver
a6abe15d926391d0b739f4f60ae20b43,63.12,1,63.12,5.0,2.0,0,0,bronze
a6ae95cd207c7cb963b4b6e444434bfb,102.03,1,102.03,5.0,12.0,0,0,silver
a6b905ecdd6cb0eabfb3e8f780e9c733,55.58,1,55.58,5.0,5.0,1,0,bronze
a6d6c8aad5761dbe22ec672effe1e1a0,44.3,1,44.3,5.0,14.0,0,0,bronze
a6d6dab6de8299bb568680147535cafd,90.39,1,90.39,4.0,10.0,0,0,bronze
a6d9bf9bd00ca98f44894adab0578a6f,258.33,1,258.33,5.0,6.0,1,0,silver
a6e9adceab96d69b41eab3ed3f466a81,188.2,1,188.2,5.0,16.0,1,0,silver
a6ef5389c39bf0bc6bce36232eab586a,86.02,1,86.02,4.0,4.0,1,0,bronze
a6f05f77ad475fa43a454923be0c97e8,38.36,1,38.36,5.0,7.0,0,0,bronze
a706a810e0ff6e7542c465e3dbf63f70,179.6,1,179.6,4.0,23.0,0,0,silver
a711da5d6a3189eec1929905f25513b2,130.06,1,130.06,5.0,10.0,1,0,silver
a714aca54537fffe0b3bb96dd4f468c2,145.1,1,145.1,5.0,19.0,0,0,silver
a72a04723f900a300c568b4182f46697,72.61,1,72.61,5.0,5.0,1,0,bronze
a72a2d4e19868dba726c0e6f49198c7e,414.91,2,207.455,2.5,11.5,2,1,gold
a72b72235f0266c1b2eefbf2037c523f,56.57,1,56.57,5.0,6.0,0,0,bronze
a730ad9267cedcf638ac302cb101dc1c,54.6,1,54.6,5.0,5.0,1,0,bronze
a738981ccf873509c2efdcbaf1de28ac,204.17,1,204.17,3.0,32.0,1,0,silver
a738c21ad87105ec4bcf95afff07f224,46.22,1,46.22,5.0,15.0,0,0,bronze
a7395d034f7f5bd854915da5b5888f81,25.38,1,25.38,4.0,2.0,0,0,bronze
a73a341aa868b255594a9857c8e59772,216.26,1,216.26,5.0,30.0,1,0,silver
a73c5464692d3bc09d64e3edefae9015,99.28999999999999,2,49.644999999999996,5.0,5.5,1,1,bronze
a73e6eaba2c6686e1816deb945415e1e,56.78,1,56.78,4.0,4.0,1,0,bronze
a745d59b0280432d80221b750b1e61fb,69.12,1,69.12,5.0,3.0,0,0,bronze
a748aca2d90096157cad166dbfd7b4b1,36.77,1,36.77,5.0,9.0,0,0,bronze
a74cca5b53aa3fb9a6841f847033dcc1,87.18,1,87.18,5.0,8.0,0,0,bronze
a75a727ecfe8c0296c2c816633e64fc2,115.45,1,115.45,5.0,8.0,0,0,silver
a75dd89fc517f31bf5e3854155d78fdb,190.43,1,190.43,5.0,10.0,1,0,silver
a76152dbe2324e3cf2eccf32c2db1ad4,27.15,1,27.15,5.0,13.0,0,0,bronze
a76db88dcbdb1cd9c74b6c2c30b2b89a,121.58,1,121.58,5.0,11.0,1,0,silver
a7740806da4b66c8c4f1c8521c29399d,130.65,1,130.65,3.0,12.0,1,0,silver
a776fa09b1b0a5b40d46bc4c9b91906d,341.88,1,341.88,5.0,9.0,0,0,gold
a788172add6687bb50270e11f931c199,99.27,1,99.27,1.0,25.0,1,0,bronze
a78c7a68877d33bacf81b01bc4a4d2f2,12.22,1,12.22,5.0,,0,0,bronze
a78cd8b8b1792a9c8751bef58542ceec,228.32,1,228.32,3.0,11.0,1,0,silver
a7932218ab192b7c1dac7e7a847ab21d,67.5,1,67.5,5.0,18.0,0,0,bronze
a79db9e03312a30d890143cd75563a91,225.6,1,225.6,5.0,12.0,0,0,silver
a79f018f214e99a7551fd6efea6e2c4d,59.59,1,59.59,5.0,15.0,0,0,bronze
a7a0957145cc150bf9949f3b4b44d8d0,61.59,1,61.59,5.0,13.0,0,0,bronze
a7a55071159ec47b5a820b95ed5cad13,75.16,1,75.16,5.0,13.0,1,0,bronze
a7a6d8b62390ec8014d5a46ee36644c4,39.4,1,39.4,4.0,5.0,1,0,bronze
a7aa43bfb35e39fb77b26123d0effbbb,73.34,1,73.34,5.0,12.0,0,0,bronze
a7b492ef62514922d96164555734bf38,38.68,1,38.68,1.0,8.0,0,0,bronze
a7b5f908c796ad17ce9339238ef15a87,89.58,1,89.58,4.0,10.0,0,0,bronze
a7c0915b5359ea4388eaed4ac4f40c46,189.13,1,189.13,5.0,17.0,1,0,silver
a7cb9da1fe114c942eb64741d9bd8284,67.3,1,67.3,5.0,11.0,1,0,bronze
a7ccc365cfd2ab4b8dfefd507b3e9efb,52.1,1,52.1,3.0,12.0,0,0,bronze
a7d306c8bdd41372856f5368c150bc48,57.07,1,57.07,5.0,8.0,0,0,bronze
a7d9ac6a56705e3c7e6fd345d233f472,193.72,1,193.72,4.0,9.0,1,0,silver
a7dd9e5cb1bcae5f6386297d6f97d0e9,106.19,1,106.19,4.0,5.0,0,0,silver
a7de0c8480d07cef1e8f55f8c61f548f,150.5,1,150.5,1.0,16.0,0,0,silver
a7e209496245738381849003d3958ba4,92.3,1,92.3,5.0,6.0,1,0,bronze
a7e5802a8d0e82cde29de6c7833dac22,468.63,1,468.63,4.0,8.0,1,0,gold
a7e9f3d12067b5c80bf46afa2c950de3,424.55,1,424.55,2.0,8.0,1,0,gold
a7ef7f9f55eaa90c2336a637ed2a561c,70.72,1,70.72,3.0,20.0,0,0,bronze
a7f2cacf4eb2fda5ec74b375eb73ba1c,47.77,1,47.77,1.0,6.0,0,0,bronze
a8013fd4e4acf9c0c679bda6d572eeee,296.64,1,296.64,1.0,35.0,1,0,silver
a817de74218405ce5976d862b0b2fb04,62.37,1,62.37,5.0,4.0,0,0,bronze
a826e173df23e6620170be7da0233ef5,492.36,1,492.36,1.0,31.0,1,0,gold
a82fb477d798277c3ee72e0d1c7606ba,34.75,1,34.75,5.0,9.0,1,0,bronze
a8333c0243253bb6d89193af79807384,196.9,1,196.9,5.0,9.0,1,0,silver
a83d56cc6f2defc82388a7dd029d9f92,32.72,1,32.72,5.0,4.0,0,0,bronze
a83f20d50b465aa027f8a60d98b044ee,166.98,1,166.98,2.0,7.0,1,0,silver
a841a5e7147983b977e25fd23766863c,105.49,1,105.49,5.0,2.0,1,0,silver
a84784bb897aa066e5ab29eddb7f1937,26.39,1,26.39,1.0,11.0,0,0,bronze
a84c2369d0550329ec9509ed225e210f,54.09,1,54.09,5.0,11.0,0,0,bronze
a8536e72851311b3102b544254fdac0b,115.46,1,115.46,4.0,15.0,1,0,silver
a85a504784568b5a41c18d3c22926d61,65.0,1,65.0,5.0,5.0,0,0,bronze
a85e43f9661b9c623b37e1952ba80f00,109.7,1,109.7,5.0,7.0,0,0,silver
a864194c3b6f6af182c6c59543ad040e,206.31,1,206.31,2.0,11.0,1,0,silver
a865a3f8b39809ab1ba53cd0e8122999,103.07,1,103.07,5.0,9.0,0,0,silver
a8682c0f1c575484ebae6e5e962f6965,117.42,1,117.42,5.0,3.0,0,0,silver
a86e7932474e3d1beab035cc165f9302,71.14,1,71.14,5.0,9.0,1,0,bronze
a8740d7426332c519fac38aaab37dd26,65.95,1,65.95,5.0,3.0,0,0,bronze
a888fd5ece4a4f56d7c625ac4eb3bfff,123.52,1,123.52,5.0,14.0,0,0,silver
a89231cb8f92c83bd6ab5f5ba97e10fc,69.49,1,69.49,4.0,20.0,0,0,bronze
a89c1b6ce77fa159fa11e282c1f48299,172.85,1,172.85,5.0,5.0,1,0,silver
a8a4b78e12c61a5be194c3a120679d22,128.09,1,128.09,5.0,7.0,1,0,silver
a8b09ecd3d5ef2e377010bf53001130e,190.0,1,190.0,4.0,3.0,1,0,silver
a8b63082839705d865544076498d86d3,78.65,1,78.65,1.0,15.0,0,0,bronze
a8bdae2504a475cda8ef805c65f48e3b,142.2,1,142.2,3.0,13.0,0,0,silver
a8bdc0d9ea28636ee0ada5b9ccb430c9,51.07,1,51.07,3.0,16.0,0,0,bronze
a8c5fbdb72764bd6d1829fa26a132cd6,117.06,1,117.06,4.0,2.0,1,0,silver
a8c6090d9d8904b70c2a29726ffea041,69.97,1,69.97,5.0,13.0,0,0,bronze
a8d0c736f4749b8c5a670a7b867d3c98,110.91,1,110.91,4.0,4.0,0,0,silver
a8d5a736f4170bac7347f216bf803053,54.61,1,54.61,5.0,11.0,1,0,bronze
a8d6e32507de96713d398ba0fe214d7e,177.25,1,177.25,5.0,9.0,1,0,silver
a8d9996df2746151fe72bc5beca5ae24,39.23,1,39.23,5.0,8.0,1,0,bronze
a8dd81392e5eee5d979c629a76abec2a,66.44,1,66.44,5.0,,0,0,bronze
a8ddc9e97b6c7e9062e82bb9da52a402,452.33,1,452.33,4.0,6.0,1,0,gold
a8e08d4f5f9bbf0b7834866de94b6aee,51.56,1,51.56,4.0,6.0,1,0,bronze
a8e372a8df64d1e9250c093bd71f4cf0,171.49,1,171.49,4.0,15.0,0,0,silver
a8e4ef0240d9bf6aeceb1fa07f98b7bb,91.03,1,91.03,5.0,7.0,1,0,bronze
a8e575eaef83ccd79ac729f1007e8d3f,160.37,1,160.37,5.0,9.0,1,0,silver
a8e7fb5fe211f44e99406f12c2c2a1ef,242.02,1,242.02,5.0,11.0,1,0,silver
a8f99afaf1e6db5d6ab8d43d4f5b18df,75.53,1,75.53,5.0,27.0,0,0,bronze
a9088d439d83c94aef38ee4846e31559,104.62,1,104.62,5.0,7.0,0,0,silver
a90a0376ae36782a3717853cb03e37e6,149.14,1,149.14,5.0,14.0,1,0,silver
a90a584ee146a7d150651b37c0c635f4,38.68,1,38.68,1.0,,0,0,bronze
a90cf5a43a177612976f70bdccffbd0e,263.89,1,263.89,5.0,6.0,1,0,silver
a90d5eb21d1ee630c63f984b78210dc7,344.61,1,344.61,5.0,20.0,1,0,gold
a915c8d4e27f573bb89c9bac9064290d,31.38,1,31.38,4.0,14.0,1,0,bronze
a924d6ff7212a2815d130666e69cf915,77.66,1,77.66,5.0,8.0,0,0,bronze
a935b95ae613a940c4a6dba690d21f3c,179.32,1,179.32,5.0,2.0,1,0,silver
a93a36ca041983ea058179dfb0eb0275,96.8,1,96.8,5.0,8.0,0,0,bronze
a942204dbe5292ccb73d3171b6d03d54,33.09,1,33.09,5.0,16.0,0,0,bronze
a946422d424207ce09f24ce4b10ec2e4,155.73,1,155.73,1.0,34.0,0,0,silver
a95b58f9bb7c6a32049eb15a977b6756,122.99,1,122.99,5.0,16.0,0,0,silver
a95f5d1a093f55b0771e5d6212540ecc,320.9,1,320.9,1.0,21.0,1,0,gold
a960ac1ec9a5f42103d26ba41537826a,57.93,1,57.93,4.0,14.0,0,0,bronze
a963d9fa0caa15d435d12b3ae907b1de,77.21,1,77.21,2.0,,0,0,bronze
a96b50f7f0b331655a1b2f9f5ea86251,108.44,1,108.44,5.0,4.0,1,0,silver
a971d4970461ba6d68a0400134c80bf2,73.42999999999999,1,73.42999999999999,4.0,7.0,0,0,bronze
a9747b164275fabdd901a9fc169c5251,69.9,1,69.9,5.0,10.0,0,0,bronze
a982bd0fec12d781fecd9f1e17cb81bf,134.25,1,134.25,5.0,21.0,0,0,silver
a99131aa4ede565c3792806fb9334498,46.28,1,46.28,4.0,14.0,1,0,bronze
a991e97aea32cb2adefcb9d34968c97b,53.68,1,53.68,4.0,3.0,0,0,bronze
a996968a17a2817d8adc4209d42ee72d,158.72,1,158.72,2.0,8.0,1,0,silver
a9aaadd25b8c9effb6bf0bac1c1d157b,114.13,1,114.13,5.0,4.0,1,0,silver
a9ad39b80ace826baa900d906d27975f,36.09,1,36.09,4.0,5.0,0,0,bronze
a9b9b7f95590117e0c486b4eeeff141d,194.3,1,194.3,5.0,15.0,0,0,silver
a9c34d981273dca06c1bb6ef0beb45a4,65.69,1,65.69,5.0,10.0,1,0,bronze
a9c5e655e836bdbf3127b90a32cd9182,255.26,1,255.26,5.0,7.0,1,0,silver
a9c74d2b6946f64aaf6fe3cf203de960,190.98,1,190.98,1.0,37.0,1,0,silver
a9d133bb6c236fdcafea8b3edd7cc446,479.79,1,479.79,1.0,41.0,1,0,gold
a9de4efb940367eb09af3c9a4f184a76,67.31,1,67.31,4.0,4.0,1,0,bronze
a9e4348b76f85861ada324e72dc92aca,108.86,1,108.86,5.0,9.0,1,0,silver
a9e548f8d73f58feb2aa94dc33f67fcf,81.71,1,81.71,1.0,10.0,0,0,bronze
a9ed06e13fc37cc915f5ecb904fbe34d,77.18,1,77.18,1.0,51.0,0,0,bronze
a9f1e855e2fc26d78311ecb425b64dc2,216.07,1,216.07,5.0,12.0,1,0,silver
a9f2ee3ac6f8aeb670c23effec238de2,155.17,1,155.17,4.0,3.0,1,0,silver
a9f4fbc878a70927bf1f47612987c8ab,130.21,1,130.21,5.0,2.0,0,0,silver
a9f9523aa0bd6cb09e4335790b7426e4,195.5,1,195.5,5.0,22.0,1,0,silver
a9fa874c06644dd6933dc79aff70540f,113.34,1,113.34,5.0,6.0,1,0,silver
aa01e4499023e8a410adc9476261ce02,108.96,1,108.96,5.0,10.0,1,0,silver
aa054b070684f5298f6fcde3a4513b31,494.1,1,494.1,5.0,5.0,1,0,gold
aa066d2f1b34dec7497b3287462f16aa,67.98,1,67.98,5.0,4.0,0,0,bronze
aa1c9c908a46198cf8b8fdc5c8037688,36.96,1,36.96,1.0,4.0,1,0,bronze
aa2c08c0b09ede35fb9169eadcf31622,257.3,1,257.3,5.0,7.0,1,0,silver
aa323e33d8e4117c993934571fd9e59f,71.82,1,71.82,5.0,13.0,0,0,bronze
aa36422413a4f36d85ac4952e85925d7,85.94,1,85.94,5.0,5.0,1,0,bronze
aa36550268e01de2536999cd0add273c,501.61,1,501.61,5.0,4.0,1,0,gold
aa36dbb653e613a2b3871f8660c396f3,194.99,1,194.99,5.0,10.0,0,0,silver
aa3d117e569361959283b1e267bb785d,228.65,1,228.65,3.0,23.0,1,0,silver
aa411b1b95daaed55e37c9e3e60222a1,64.09,1,64.09,5.0,7.0,0,0,bronze
aa4418ff6da1335a7d1391f8b81e100d,128.88,1,128.88,4.0,10.0,1,0,silver
aa45ad6fcba95488ece6beda576c7106,70.6,1,70.6,5.0,9.0,1,0,bronze
aa49fa5ad040ec164d65366640004fa5,147.07,1,147.07,5.0,6.0,1,0,silver
aa4baf893fa81bf5c57a380869bb4cdb,167.86,1,167.86,5.0,9.0,1,0,silver
aa4d91884f930e5087b72f64ad0157b3,230.34,1,230.34,5.0,10.0,1,0,silver
aa591348866497ba6bf83de62e4f8813,40.0,1,40.0,4.0,11.0,1,0,bronze
aa59643509bd48204e382a171e715290,137.28,1,137.28,4.0,15.0,0,0,silver
aa5cdee8983dd08a8aad86ded1459971,103.99,1,103.99,5.0,11.0,0,0,silver
aa5d1892e01f044ece40066386d02c14,182.91,1,182.91,4.0,9.0,1,0,silver
aa5dd0414c0e9ad24f22e06bec1dc805,87.52,1,87.52,5.0,8.0,0,0,bronze
aa5e2294ec2da9775d6333a5ce111835,51.77,1,51.77,5.0,2.0,0,0,bronze
aa67457bb07fde4e952d67b038135bee,71.14,1,71.14,5.0,16.0,0,0,bronze
aa682fe324897a3a7e73bf2591ffc4ba,73.34,1,73.34,4.0,4.0,1,0,bronze
aa6c1d42efc1e9ff16ec83d91cc16b43,38.01,1,38.01,4.0,1.0,0,0,bronze
aa7d65c5fe2077f8939817d6e0b4f3da,163.71,1,163.71,5.0,13.0,1,0,silver
aa819d3931d5810f7310bc3e322d52c0,68.34,1,68.34,5.0,14.0,0,0,bronze
aa819ffd42a7a52ddfaee53f024fafdd,68.66,1,68.66,4.0,24.0,1,0,bronze
aa82933f768db939fbacb46f2e4a6f5c,438.51,1,438.51,5.0,9.0,0,0,gold
aa89c9ffe0bd4f4795c3ea49b59b7be0,100.92,1,100.92,5.0,5.0,1,0,silver
aa8ec62e689529fbe400d32f40f6e0d9,129.14,1,129.14,4.0,3.0,0,0,silver
aaa42eb92a24abceefe71575b6042643,62.16,1,62.16,3.0,3.0,1,0,bronze
aaae63dbead9bc974a1e993f47271f5a,85.84,1,85.84,3.0,12.0,0,0,bronze
aaaf358226ca4a9f20077806de76473f,216.74,1,216.74,3.0,5.0,0,0,silver
aaba095fa2a2258b9deca8d73264320e,199.2,1,199.2,4.0,10.0,1,0,silver
aabfe4bed1559f2d0db606df41c670e5,275.4,1,275.4,5.0,5.0,1,0,silver
aac5520514c03a4fb4b45c93b6aff2b1,46.0,1,46.0,4.0,15.0,1,0,bronze
aace59eb5e6e0849953e1bdb841e1997,163.52,1,163.52,1.0,,1,0,silver
aad99270bc43606a7af9647b7a7de9e4,320.31,1,320.31,1.0,14.0,0,0,gold
aadb2d99f86a86e69e981e1ea6393f3f,151.84,1,151.84,5.0,14.0,1,0,silver
aae91676c73c7f793f1ebaba4f9cd7d2,113.45,1,113.45,2.0,22.0,0,0,silver
aaeb615657f69f571ffa90d2bd471914,80.1,1,80.1,5.0,30.0,0,0,bronze
aaebb8c7afcdabf86258d26301d4ee06,81.0,1,81.0,1.0,17.0,0,0,bronze
aaee6dae69f1e71e7721c05992fe77b4,211.6,1,211.6,3.0,40.0,0,0,silver
aaef5201f2e9de753152176e39ad419b,585.32,1,585.32,1.0,13.0,1,0,gold
aaf19344c14447167191cdd3d7530acb,137.6,1,137.6,3.0,27.0,0,0,silver
aaf42127a0270cf3994499c494bdc4cc,52.58,1,52.58,5.0,5.0,0,0,bronze
aaf4524283dd8ca4c10416322ffcc499,50.79,1,50.79,3.0,82.0,0,0,bronze
ab017161bffa67a5a68d762fc993a35d,196.92,1,196.92,5.0,7.0,1,0,silver
ab02d0d9a0f7e86cf2a3895842c579ba,383.31,1,383.31,5.0,8.0,0,0,gold
ab0346c6a304480b94e622b3cf1c5482,232.71,1,232.71,5.0,18.0,1,0,silver
ab05837da015d47b4a9d06b1ee6d1b73,95.99,1,95.99,5.0,19.0,1,0,bronze
ab11b5d596ebdebaaf525b451d159297,35.79,1,35.79,1.0,9.0,0,0,bronze
ab1396beb942dfd3e0f7ac83938bbbd1,85.57,1,85.57,5.0,24.0,1,0,bronze
ab1a8c30f3d91e7877ef0b7fa004f65b,395.46,1,395.46,5.0,8.0,1,0,gold
ab28b75b64cb61b5247aea7f391778cd,220.66,1,220.66,5.0,15.0,0,0,silver
ab2cb7bb06f35fc8568291b0ca36ef82,151.49,1,151.49,4.0,10.0,0,0,silver
ab36bad140cc97acdd3e70a623d72819,150.74,1,150.74,5.0,6.0,1,0,silver
ab58f2fb5f71caac6366303095c0cd41,174.26,1,174.26,5.0,6.0,1,0,silver
ab6bff1069c7a985a00a92e7d1f0f321,170.29,1,170.29,5.0,10.0,1,0,silver
ab744045d2445f5bae53b57a4b99bfbf,56.78,1,56.78,4.0,2.0,0,0,bronze
ab7ede4bd5b3e2165e7712ae5f45c6c4,286.65,1,286.65,4.0,17.0,1,0,silver
ab8464826de904f7996d12e32b2e45a4,114.67,1,114.67,5.0,3.0,1,0,silver
ab86d0ea77cf9d0aaf098bf20d5bcb19,245.89,1,245.89,1.0,29.0,1,0,silver
ab8e23b541656451d44079e20347f571,84.24,1,84.24,5.0,22.0,0,0,bronze
ab93b5411d105681f97717263e92d917,175.94,1,175.94,2.0,21.0,0,0,silver
ab93d7d728d1dfe693c9b5d38f7334d4,176.09,1,176.09,5.0,8.0,1,0,silver
ab9cd31e298f4b5ff05c8a4c8e5af9c0,139.61,1,139.61,5.0,13.0,1,0,silver
ab9fe867ee752de5eab4b3293460a31f,77.03,1,77.03,5.0,9.0,0,0,bronze
aba5e6574122629e4f00bff233170a3b,88.08,1,88.08,2.0,6.0,0,0,bronze
aba8a07dff4f1c805ede7a75d6f34423,54.42,1,54.42,5.0,7.0,0,0,bronze
abb248e062ac0172f20687bc019bed89,142.27,1,142.27,5.0,22.0,0,0,silver
abb921fd52b3004d27bfbbf14a8e0ae4,27.39,1,27.39,5.0,3.0,0,0,bronze
abb9723eb9abc628514b570baf005c8e,73.83,1,73.83,5.0,20.0,0,0,bronze
abbbc29d7ef71aed05639fb309cc2a1a,190.98,1,190.98,5.0,11.0,1,0,silver
abc3c9ce7f7a422194fc8e0f2c837ac4,239.96,1,239.96,5.0,10.0,1,0,silver
abc44d14ce112d264ff9637967e98106,112.62,1,112.62,5.0,14.0,0,0,silver
abc853552e95734cac245aba12b01de7,101.92,1,101.92,2.0,,1,0,silver
abcc1acad252e7151488e83f2da0ab20,52.69,1,52.69,1.0,46.0,1,0,bronze
abd56bffbdeff412b6d29ef953dab556,116.16,1,116.16,5.0,9.0,0,0,silver
abd84878fc14079ab3b561fa01189254,1019.34,1,1019.34,4.0,7.0,1,0,platinum
abf8bb9089238fccdaa852c1e5a9f5d9,316.26,1,316.26,5.0,12.0,0,0,gold
ac0651cf284cc653d37a4d2178ccbca2,254.95,1,254.95,4.0,7.0,1,0,silver
ac0dbe4690cc1531621c13593ca9e4fd,130.26,1,130.26,1.0,28.0,0,0,silver
ac13a41fc49bcb3bdcd86142b8ffc0f0,24.27,1,24.27,4.0,1.0,0,0,bronze
ac153167ab6f04e46a986df3afcdbd13,131.62,1,131.62,5.0,2.0,0,0,silver
ac1557bbab86fbf70838e4b2b2d00bd8,59.84,1,59.84,2.0,33.0,1,0,bronze
ac1693bc8be40d9b685a670055bf3344,322.89,1,322.89,4.0,15.0,1,0,gold
ac229c12dbb2086d76e9365e2fb9d6ee,201.82,1,201.82,5.0,6.0,1,0,silver
ac26525bb6db7ffd62267c99d0d30401,85.14,1,85.14,4.0,37.0,1,0,bronze
ac28016be4a1388484adf6576b9eb426,70.97,1,70.97,1.0,9.0,1,0,bronze
ac2d52270dbb9f12953d40dd318aa45d,92.57,1,92.57,5.0,10.0,1,0,bronze
ac30e70f913fcde716dc2ec4c3e7094a,116.9,1,116.9,5.0,21.0,1,0,silver
ac3dcee918e6c96eb2ab467158143697,256.24,1,256.24,4.0,,0,0,silver
ac43eb575838c88069e068dd164dd392,51.52,1,51.52,5.0,9.0,0,0,bronze
ac4b7bdf34250c11948586efbb0f16d6,158.09,1,158.09,5.0,6.0,0,0,silver
ac4d022503458e95583fe83aabb2f0ea,194.48,1,194.48,5.0,8.0,0,0,silver
ac5bde7ba901060a8b99255449df7eff,163.69,1,163.69,1.0,27.0,1,0,silver
ac5c80edeb6db099ebffbf3e53ddcd69,43.28,1,43.28,4.0,8.0,0,0,bronze
ac5e2c0c69290b3fb44f7c584ff3af2f,128.88,1,128.88,5.0,2.0,1,0,silver
ac66801a88ed2ab3440df7d0e6edfa7c,40.25,1,40.25,5.0,7.0,0,0,bronze
ac717072fca4b6f228e8465cc5e7231f,152.09,1,152.09,5.0,10.0,0,0,silver
ac7716a3100088932ba7e11bdc113783,99.9,1,99.9,5.0,8.0,0,0,bronze
ac83cba9a4d13c1a9be33e7240f7c9db,102.98,1,102.98,5.0,2.0,1,0,silver
ac89190189fb23a046fd58537d10846a,112.42,1,112.42,5.0,8.0,1,0,silver
aca551d9c63da497cc6652575e9aea57,56.78,1,56.78,1.0,,0,0,bronze
acaaaf3c264707b8563c243c40481d0a,163.79,1,163.79,4.0,19.0,0,0,silver
acb28dd0017c3391f5e328a033f0def7,65.1,1,65.1,5.0,16.0,0,0,bronze
acb3d7949a3ea9e1e5b4bfcf837115e6,193.65,1,193.65,4.0,7.0,1,0,silver
acb53107044b53b7296cc1f2e4f73c5e,218.55,1,218.55,5.0,28.0,0,0,silver
acbb1fa87c4225ec3b82510a59f77d7c,185.84,1,185.84,4.0,28.0,1,0,silver
accb880b583394bc2442bd69b532118b,20.27,1,20.27,5.0,4.0,0,0,bronze
accdbc82114c2b7158a39d5a2d5e0f8c,30.59,1,30.59,5.0,12.0,0,0,bronze
acd86b11bd4adbca626c750bb51d5f48,242.02,1,242.02,5.0,12.0,0,0,silver
acdb729157837a904d393ed571aa60cd,87.32,1,87.32,1.0,,1,0,bronze
acdc891424230535bd0833a2ac9e4c2f,159.08,1,159.08,5.0,4.0,1,0,silver
ace0749d3f5aa3da6928601476742f55,140.56,1,140.56,5.0,10.0,1,0,silver
ace259aed18f4a7887e030f630565460,49.05,1,49.05,4.0,8.0,1,0,bronze
acea13a79aeaf715ba68122e9deb330a,144.54,1,144.54,5.0,13.0,1,0,silver
acea6bd29b8c1e3c6a8b266a8fb4475e,71.05,1,71.05,4.0,15.0,0,0,bronze
acf7725997583e25aa37d8dd1977ea12,59.72,1,59.72,5.0,8.0,0,0,bronze
acfed6b9e693acfa8936a2238d5e31e0,156.85,1,156.85,5.0,8.0,1,0,silver
ad025c560160b103fa526e237381ece7,276.18,1,276.18,5.0,11.0,0,0,silver
ad1d6533b366cd286e6b555e348026bf,45.53,1,45.53,5.0,10.0,1,0,bronze
ad1d97ae7b11b3578425bce235b34058,92.19,1,92.19,4.0,18.0,0,0,bronze
ad364a72320b9cc9fa436bce66ef8184,37.44,1,37.44,5.0,10.0,1,0,bronze
ad3746717b7b8e9d0fba89de1c6d20c9,306.24,1,306.24,5.0,12.0,1,0,gold
ad3fc343cff9150f99b9528be457a6e1,37.23,1,37.23,5.0,9.0,0,0,bronze
ad42aaf1833e2a64136a9d9f823d77ab,224.98,2,112.49,5.0,28.0,0,1,silver
ad505a0deb9f5cbf9fa8d211da1943ef,38.22,1,38.22,5.0,7.0,0,0,bronze
ad506f1fe6f802754350355982adb067,91.28,1,91.28,5.0,11.0,0,0,bronze
ad517903c87df3a6c1e8b5fd4edfc521,67.5,1,67.5,5.0,20.0,0,0,bronze
ad5a11650a4ba035375c2de78024d338,169.05,1,169.05,3.0,9.0,1,0,silver
ad766430832b4c11e38df28f91eaeafa,68.45,1,68.45,5.0,5.0,1,0,bronze
ad7c13746d7ff7208d89765f407d40f4,199.89,1,199.89,5.0,23.0,1,0,silver
ad7c9286abfd06762b553040264bdf3d,43.55,1,43.55,5.0,2.0,0,0,bronze
ad8e98694a0e0cdedb146cf5f8e8e913,45.09,1,45.09,5.0,11.0,0,0,bronze
ad98c4b02f37dfd862e224b26f56778e,51.84,1,51.84,1.0,8.0,0,0,bronze
ad9f17317092cd1f0c69407fe5e2107d,56.78,1,56.78,5.0,3.0,1,0,bronze
ada6df32eb58762e6426f724772425b1,29.27,1,29.27,4.0,6.0,0,0,bronze
ada82f7ac72cffa92b5603a2ff0414c5,89.3,1,89.3,5.0,5.0,0,0,bronze
adab55f053f73aa95c41b67a9513cf8e,177.69,1,177.69,5.0,14.0,0,0,silver
adaee8b5d69a42a179d0aa95e6763a92,60.85,1,60.85,4.0,7.0,0,0,bronze
adb1362885e08e15f9ebb4e73416bbb3,41.72,1,41.72,5.0,25.0,1,0,bronze
adb4178cb86ee499a8aeae1f099a6bef,83.71,1,83.71,1.0,39.0,1,0,bronze
adbd6d6a556af6ed785a902dff6581ca,77.66,1,77.66,3.0,8.0,1,0,bronze
adbeeb0257c8460ca7f66b04857121fd,64.46,1,64.46,4.0,21.0,1,0,bronze
adc1efacbeecc9d4519c1e8c67e37407,201.04,1,201.04,1.0,16.0,1,0,silver
adc7533e622049e2314ed25c6df7e95d,90.88,1,90.88,3.0,29.0,0,0,bronze
adcd43b10066dcfcfef4ffeef6021d87,234.89,1,234.89,5.0,7.0,1,0,silver
adda0d6fc1c16cde6a95d6bf6041558f,237.99,1,237.99,4.0,12.0,0,0,silver
addc1082e059523e5ef2e7486d1d8905,67.3,1,67.3,5.0,6.0,1,0,bronze
addd6dba00b61f11e7f538610d557bf0,57.68,1,57.68,1.0,7.0,1,0,bronze
ade3b1e61f3ba2966b1a22324d46d3ae,128.05,1,128.05,3.0,20.0,1,0,silver
adec2cec9a5464f3db09d9742a471c6d,342.15,1,342.15,5.0,12.0,1,0,gold
adf11e81617f7bf5f61703d0ec16427e,176.09,1,176.09,3.0,13.0,0,0,silver
adfad9eabfa696c989f65d11cb7e341e,153.61,1,153.61,4.0,8.0,0,0,silver
adfc21860c222bc8b607b5ef86341153,51.01,1,51.01,5.0,7.0,1,0,bronze
ae02a8b8ea022852b09baeba181662bd,25.5,1,25.5,5.0,15.0,0,0,bronze
ae09e8b1b58f30e8e984d0d300c456ac,229.65,1,229.65,5.0,9.0,0,0,silver
ae1098f4b5a9bf52cb5cb2127082635f,137.99,1,137.99,5.0,9.0,1,0,silver
ae13e9f7baf274cfb271998626b10ee6,192.76,1,192.76,5.0,5.0,1,0,silver
ae177a2510a63a7ae57ad76a9a99b876,59.1,1,59.1,3.0,8.0,1,0,bronze
ae20947231d4d44dde1680a7ab14d90a,105.08,1,105.08,5.0,8.0,1,0,silver
ae3e64cc7bae194a4d37f3443458fc72,215.14,1,215.14,4.0,18.0,1,0,silver
ae4395be33e633d0c87010d59847e5ed,132.64,1,132.64,2.5,18.0,1,0,silver
ae44e3fd0442d02e4622641099364b99,101.99,1,101.99,1.0,78.0,1,0,silver
ae55a9f971dc788a3285d257a2abacc5,183.39,1,183.39,1.0,,0,0,silver
ae581d278d07519eee3ea947b737b64b,46.14,1,46.14,5.0,14.0,0,0,bronze
ae581eaeb4b5e8c2f194d49749aca1fa,51.79,1,51.79,3.0,11.0,0,0,bronze
ae6df562c9f3d3daad30fbbf68e47fca,41.07,1,41.07,4.0,4.0,0,0,bronze
ae73e56ba8036a8511d51039745ea8ee,288.72,1,288.72,3.0,4.0,1,0,silver
ae7cd94ae31f80797db02fbaf545e1a2,722.76,1,722.76,3.0,7.0,0,0,gold
ae7e471f70f6fb521a3dc8770cefa369,198.1,1,198.1,3.0,8.0,1,0,silver
ae806b7c5b3dc9376b49d71f26186f3c,58.59,1,58.59,1.0,8.0,1,0,bronze
ae846348b4c9821d7754c3b4d7d813f2,457.83,1,457.83,,18.0,1,0,gold
ae8f90eee944188a461e71e76c2933ac,195.4,1,195.4,5.0,9.0,0,0,silver
ae912dcdd2ca9b98cb0fef04feb2f6d3,153.1,1,153.1,5.0,9.0,0,0,silver
ae96093146108e55367c723d76ea54a9,294.42,1,294.42,5.0,15.0,1,0,silver
ae96c3169b362a4dd934aa4566327bcf,30.58,1,30.58,4.0,7.0,0,0,bronze
aea02210a2a046d12742af2aa329c82a,93.28,1,93.28,5.0,10.0,1,0,bronze
aea1294c6b907b03c670cc2ddef0e056,509.66,1,509.66,3.0,13.0,1,0,gold
aea237c2c4df22724a09c622f75633c2,163.92000000000002,1,163.92000000000002,4.0,11.0,0,0,silver
aea4d758cf1a6af26b5e7c143a99127f,55.0,1,55.0,5.0,11.0,1,0,bronze
aea7ab8a59e1b8edde8454fef6dbc12a,27.08,1,27.08,5.0,13.0,0,0,bronze
aea912932dcfd24b192a0445ccaa7f00,84.66,1,84.66,5.0,6.0,0,0,bronze
aeb03c7a39f64d39155d2195c291efc5,279.79,1,279.79,5.0,14.0,0,0,silver
aeb672c5ac0e66719da29675a8c20dc9,253.4,1,253.4,5.0,2.0,1,0,silver
aedc06c4cc3e15dd8d5098ab55c237c4,293.94,1,293.94,4.0,6.0,0,0,silver
aedcd7bb3292c0baeae60ea9e84a21e6,74.16,1,74.16,5.0,6.0,0,0,bronze
aedce1129f275db7e3f3d3900f8dbb0b,91.66,1,91.66,4.0,4.0,1,0,bronze
aee707c0ed6136caf4804406dea859de,123.82,1,123.82,5.0,20.0,1,0,silver
aeecf7bd5ed83636a9e87f36f691be93,46.63,1,46.63,5.0,18.0,1,0,bronze
aefa61baf1c23d32b178bb59785b7526,104.59,1,104.59,4.0,8.0,0,0,silver
aefbb459b35ac7289f8ed198bb4e5a18,57.06,1,57.06,4.0,23.0,0,0,bronze
aefc44b380d1ff6eed2d4237b5ae693f,103.43,1,103.43,3.0,,1,0,silver
af05dd1db4c070b2c2a3532ee0ae89bd,176.02,1,176.02,5.0,9.0,1,0,silver
af0bb9a430003f9a8601e77c6154f81e,166.98,1,166.98,5.0,5.0,1,0,silver
af0f243ebf7d42bbd0b6180bb8ba8bc7,47.4,1,47.4,5.0,10.0,0,0,bronze
af10a15ceb581a565c0f8116f8fb57cf,105.28,1,105.28,4.0,19.0,0,0,silver
af2cd67b99b50a0d167f448681d6c3a5,123.27,1,123.27,4.0,10.0,1,0,silver
af31655883e4a14a58741af9ebda6eec,57.62,1,57.62,4.0,29.0,0,0,bronze
af32e1e7796545fbce814d0a271dc824,292.72,1,292.72,5.0,8.0,1,0,silver
af32f3c7d7fd3f19c601601a36e0ee7e,274.71,1,274.71,2.0,8.0,1,0,silver
af3de24774685d8efb4d30f2879074b2,76.05,1,76.05,5.0,6.0,1,0,bronze
af40b8b8a23a2e3c5ad33aaf8508a621,55.0,1,55.0,4.0,8.0,0,0,bronze
af45bf15204ddbf0c87eb843da61a7b2,257.78,1,257.78,3.0,13.0,1,0,silver
af469468a8adc82fcdb022c251fdb79d,52.23,1,52.23,5.0,9.0,0,0,bronze
af4a0bb895d2c8c821bd955648aca24e,235.7,1,235.7,5.0,16.0,0,0,silver
af4b09c8f945b6b4eabe34296887a606,50.77,1,50.77,5.0,4.0,1,0,bronze
af4c2aa0210cae9ad7fe5e0b3fa0f69d,294.88,1,294.88,4.0,11.0,1,0,silver
af5454198a97379394cacf676e1e96cb,197.55,1,197.55,1.0,,0,0,silver
af5fd2c262af3311c430ff0bea378836,142.08,1,142.08,5.0,14.0,1,0,silver
af6a2de82194f10015a08e0def0cf911,61.0,1,61.0,5.0,6.0,0,0,bronze
af7eddc6b6c71109b0e05f9a0f49dde2,103.75,1,103.75,5.0,9.0,0,0,silver
af8588ed9e0f9707e03520b19a8db26b,45.0,1,45.0,4.0,13.0,0,0,bronze
af88b795256816e682d4e351d4dfb360,218.97,1,218.97,5.0,7.0,0,0,silver
af97d4ce03773a8f1111bac6ea2871f9,283.61,1,283.61,5.0,44.0,1,0,silver
af99d660de8f775bfb5aa3775adbc364,562.24,1,562.24,1.0,33.0,1,0,gold
af9a735e918bd45a036e1a1a4cb67416,151.05,1,151.05,5.0,8.0,1,0,silver
afa0af01c923a0df289a64fe8b7dac05,92.49,1,92.49,5.0,16.0,1,0,bronze
afa4aa82519183feb832ea0c8652e7b2,283.91,1,283.91,5.0,22.0,0,0,silver
afb42d161d7e09b95911597be583e92e,140.91,1,140.91,1.0,35.0,1,0,silver
afb873280d37423f946c4596fc7489d9,91.66,1,91.66,5.0,4.0,1,0,bronze
afc8f3a11a809a74e5eef0bda1de6b9c,2124.78,1,2124.78,5.0,13.0,1,0,platinum
afcaa603b2034ed8d7c3bd09586ff15a,78.19,1,78.19,1.0,9.0,1,0,bronze
afd014d3748c3080be33293adb915eb0,37.09,1,37.09,3.0,12.0,1,0,bronze
afdd204d84a80bf0269cd6a84eb8c274,155.14,1,155.14,5.0,15.0,1,0,silver
afe9d6d9c6f3392215b71f8b2b0c11a7,64.01,1,64.01,5.0,10.0,0,0,bronze
aff153ace84864d158f1be81c0e7c30a,43.04,1,43.04,4.0,12.0,0,0,bronze
aff1a2ccef42609734df1e8ae42feb91,148.2,1,148.2,5.0,25.0,1,0,silver
aff36bada602c50fb8964855548648d8,209.11,1,209.11,1.0,5.0,1,0,silver
b0075c2f6fc8e596a2c9bc55eca07e45,52.05,1,52.05,5.0,21.0,0,0,bronze
b009823cfeee3095f86635d366ea8b69,77.2,1,77.2,1.0,7.0,1,0,bronze
b009e495701d399eeacd523808ac3fb5,138.08,1,138.08,5.0,11.0,1,0,silver
b010c55c8b77285afc3eda1fc35f390c,104.37,1,104.37,5.0,6.0,1,0,silver
b012fc925ed2691641a07ec86d2e9805,37.77,1,37.77,5.0,4.0,0,0,bronze
b01595778cee75ac9ae774075ef11904,196.5,1,196.5,5.0,19.0,0,0,silver
b024e4d22678962774c98c7c198ea66d,118.88,1,118.88,4.0,6.0,0,0,silver
b02f8d4c8c69decddc438e6daf08982e,119.97,1,119.97,5.0,4.0,1,0,silver
b03155da610163a1626f1b99d4787774,176.56,1,176.56,5.0,11.0,1,0,silver
b032eb4f89573f4421aeee6d871f5150,67.36,1,67.36,1.0,14.0,0,0,bronze
b03497e94bc9f8e300683b602c941d60,37.82,1,37.82,4.0,19.0,0,0,bronze
b0369cc51e0e1618a76c7174132b93cc,36.1,1,36.1,4.0,18.0,1,0,bronze
b0393dd04c5516902c42d133f56fcee2,102.18,1,102.18,4.0,5.0,0,0,silver
b03aa163081830aaa95d121e90ec2e3d,237.58,1,237.58,4.0,12.0,1,0,silver
b03b3e60f7e9dedc0d57b3e8c8d26e60,88.54,1,88.54,5.0,7.0,0,0,bronze
b03e447d5432fe52a0efaaf6942178d7,35.1,1,35.1,5.0,7.0,0,0,bronze
b045295488236fa73d8d9c37dc4b03e7,96.33,1,96.33,3.0,12.0,0,0,bronze
b052fa7d7e0a1fab33e1a2633ff40252,1205.0,1,1205.0,4.0,17.0,0,0,platinum
b05d073f2741e28f818d1006b29e5416,86.39,1,86.39,1.0,14.0,1,0,bronze
b05dc8ebf6b00bda6748a2ed4a5fbcac,260.64,1,260.64,1.0,17.0,0,0,silver
b06775536f31e1f9ff708b40cc0541b2,54.09,1,54.09,5.0,18.0,1,0,bronze
b06cbcff71d24194308491c06c79592a,151.05,1,151.05,5.0,7.0,0,0,silver
b06f715187761642359df4eebb484b91,26.0,1,26.0,4.0,9.0,0,0,bronze
b08c819639360dcaa6b051252a52b6ca,196.01,1,196.01,3.0,18.0,1,0,silver
b08ca66442368a1e4f8ab6a8c756f5cc,22.36,1,22.36,4.0,5.0,0,0,bronze
b08d7c8bbee2f760ad889bcaae2bc5af,68.48,1,68.48,5.0,2.0,0,0,bronze
b08da3f26e34e80b37289b598a52aa77,126.52,1,126.52,5.0,11.0,1,0,silver
b097ca6b7c8f73187ee49ec44c234381,31.94,1,31.94,5.0,10.0,0,0,bronze
b0a10570d803b893881e3aab32c3af6a,124.4,1,124.4,2.0,14.0,0,0,silver
b0a8caa0612d8821325c4555dea6226b,103.07,1,103.07,1.0,14.0,0,0,silver
b0b219d68cb80e8440a7fccd3dab3851,240.13,1,240.13,5.0,11.0,0,0,silver
b0b877c2a1e4a87d553165a612fabcc7,205.48,1,205.48,4.0,22.0,1,0,silver
b0bcc8f488763575cc5801710e7b7586,395.74,1,395.74,1.0,4.0,1,0,gold
b0c590f3dc9c79208668a16e42ba16a2,62.61,1,62.61,4.0,11.0,1,0,bronze
b0d507d4f0e77d9e0082adf8e25a71e8,100.33,1,100.33,4.0,13.0,0,0,silver
b0dfdc982b3c158fdf0c6327dd9325a0,150.87,1,150.87,4.0,9.0,1,0,silver
b0e40d638230e7b0e8ab05319f75c50c,86.73,1,86.73,5.0,13.0,1,0,bronze
b0f3542dd4adebe4def80d0936c79948,54.1,1,54.1,5.0,7.0,1,0,bronze
b0f384c2ef52458172948439b9dd3f5f,178.21,1,178.21,4.0,4.0,1,0,silver
b0f47d39f0e55621071ec1e93ca6b74d,61.05,1,61.05,5.0,19.0,1,0,bronze
b0f933c0a1bb29276744c40aaf438239,227.27,1,227.27,4.0,12.0,1,0,silver
b1081ec8c46e21c0aceb2609aeb8c1b8,137.99,1,137.99,4.0,13.0,1,0,silver
b1154cb6531798276e4b3ef2f7060ea0,84.46,1,84.46,5.0,10.0,0,0,bronze
b118d6ef1262db7e0bf20ccff0b32432,26.83,1,26.83,1.0,,1,0,bronze
b11d1683fcfdef46a2130606418c7116,46.3,1,46.3,5.0,8.0,0,0,bronze
b131ec5e2352ee97d68e647af30a971d,103.55,1,103.55,5.0,3.0,1,0,silver
b1331b06263e887901fec3390653a469,122.17,1,122.17,5.0,13.0,0,0,silver
b1392563c59e549bb83fb81ee4a7fdb4,141.78,1,141.78,5.0,3.0,0,0,silver
b139fbdcd53f8036eb05d3023fc97580,25.96,1,25.96,1.0,,0,0,bronze
b1502798d0e249048594a2d3e708fcc6,67.22,1,67.22,5.0,33.0,0,0,bronze
b15eda2d786d63dd4fd8e2ff7b2b6e58,46.43,1,46.43,5.0,8.0,1,0,bronze
b1605f0b595c177f4f6c08f01525de34,140.67,1,140.67,3.0,14.0,1,0,silver
b16443e1ab9431cf6087f9f11090a62c,150.04,1,150.04,5.0,8.0,0,0,silver
b166ea3178b146edad444b5f18eab0d2,50.69,1,50.69,5.0,3.0,1,0,bronze
b16b187570da7495c0e617f6a59cecda,169.87,1,169.87,5.0,7.0,1,0,silver
b1717e0d57454ea7b24b1da9e7c2e4f5,279.5,1,279.5,1.0,4.0,0,0,silver
b1791d73a5c0e297a0e8f21699078c5c,1424.0,1,1424.0,4.0,12.0,0,0,platinum
b17edf8c0f122279a1160720468ebc69,67.83,1,67.83,5.0,10.0,0,0,bronze
b17fc45501128edb0442e3b966451e1c,76.08,1,76.08,5.0,23.0,0,0,bronze
b18983823f3259d8f50a36496ea84a8d,215.27,1,215.27,5.0,17.0,1,0,silver
b18b4476853080ceabd1f38444edea1f,127.14,1,127.14,5.0,5.0,1,0,silver
b18b6d40c3c5510727e0f22b568d3e1f,270.75,1,270.75,5.0,,1,0,silver
b18bd9a7d20fe6c7bfb2594647c61495,43.22,1,43.22,5.0,7.0,0,0,bronze
b18eec6c58aa40e32ca8dd522ec8ef3e,19.39,1,19.39,5.0,1.0,0,0,bronze
b1972e951abdf114b6ebc0182b3b31c6,1087.44,1,1087.44,3.0,15.0,0,0,platinum
b1a049b952fdc19b69b2865c29986b9c,50.76,1,50.76,5.0,3.0,0,0,bronze
b1a4ace9171ff6b8ce946a894208deed,53.58,1,53.58,4.0,12.0,1,0,bronze
b1a751cf325be76355d032d8e4cca557,33.94,1,33.94,5.0,2.0,0,0,bronze
b1c936c1a71a46cf4b840a9851486d86,44.08,1,44.08,5.0,6.0,1,0,bronze
b1cbc02f2581d4296235ad9a5e4ea4cb,39.75,1,39.75,4.0,19.0,0,0,bronze
b1d711eeaf05deb00e2e1259c14ef83b,349.99,1,349.99,5.0,19.0,1,0,gold
b1eebbf219187a4d9f15d147e5b74757,109.68,1,109.68,5.0,3.0,1,0,silver
b1f44bd81db24a10696e668dd607237c,69.71,1,69.71,5.0,19.0,0,0,bronze
b1f7158c4df0bdff48da16f48da5577c,451.11,1,451.11,3.0,7.0,1,0,gold
b200e74167aa19d6ac5814038e96586c,276.07,1,276.07,5.0,14.0,1,0,silver
b20a79d27fe8a421efc278c4d6367ea2,36.24,1,36.24,4.0,5.0,0,0,bronze
b21e92ccede453101ba84b121223c7f4,64.01,1,64.01,4.0,15.0,1,0,bronze
b2254159af2f807dc144313e28cb6966,487.86,1,487.86,5.0,12.0,1,0,gold
b22a0549b8ec4030adb91fa355eea83b,144.34,1,144.34,3.0,5.0,1,0,silver
b2366855280f808b630f1b10178ff5b4,73.27,1,73.27,5.0,16.0,1,0,bronze
b23ffa84f950d53d9bd788be1b65d92c,86.81,1,86.81,5.0,2.0,1,0,bronze
b2424567663c456c96cb77835f99fbe2,200.23,1,200.23,5.0,12.0,1,0,silver
b25b2c5cc0506d55792b3903d7731a42,63.41,1,63.41,4.0,5.0,0,0,bronze
b25b6528de6cd96ed8278ba7dcfc54dc,340.34,1,340.34,5.0,8.0,1,0,gold
b25e5a264626707883741c9cd9c00aa4,27.37,1,27.37,4.0,1.0,0,0,bronze
b265cccc1d91834ad1a2a2ee58fa09c8,297.27,1,297.27,5.0,21.0,0,0,silver
b26fa76ddf33e534491e4ec46f51bc64,115.0,1,115.0,5.0,8.0,0,0,silver
b279e05336c3480829c44eec89b8cf6c,180.91,1,180.91,5.0,19.0,0,0,silver
b27bb65f4dc82b2281ae2e783abdf8d3,117.58,1,117.58,5.0,6.0,1,0,silver
b286ef114fcc3e79e16ef53e6e33f7d2,252.35,1,252.35,5.0,26.0,0,0,silver
b28a2a196e0b078fa4b86885041b4ca6,26.71,1,26.71,4.0,16.0,0,0,bronze
b28b38d48d8ff217e497c8f95805d7aa,201.13,1,201.13,1.0,6.0,1,0,silver
b28b906d2e7c601ca1311dbefff7962e,117.14,1,117.14,3.0,5.0,0,0,silver
b298610969062f1695744f347006695d,283.93,1,283.93,5.0,11.0,1,0,silver
b29bd5c2f25523fa4754d058fd513707,103.55,1,103.55,5.0,2.0,0,0,silver
b2a8277624dd3a5048145024016f980f,142.1,1,142.1,5.0,2.0,0,0,silver
b2b8c30ebaecd258b046a58574474c0c,111.52,1,111.52,1.0,15.0,1,0,silver
b2beb031719c7f5386b406abda5d5d44,371.65,1,371.65,5.0,17.0,0,0,gold
b2c10a20dc7be6c0df3715ad93805bdd,235.28,1,235.28,5.0,12.0,1,0,silver
b2c6414f2d15d0d0904379c6f8ec4ccd,102.89,1,102.89,5.0,3.0,1,0,silver
b2c805d1fa2476f094b4177744ac6491,104.1,1,104.1,4.0,6.0,0,0,silver
b2c80924e40eb8711702a1b9bc2c7e58,378.86,1,378.86,5.0,11.0,1,0,gold
b2cbe4e95365283e0e782b00501d1124,82.98,1,82.98,3.0,6.0,1,0,bronze
b2cdf76962cdd5c1c1534af71e82ebeb,87.38,1,87.38,1.0,17.0,1,0,bronze
b2db866e08467e89eb6a8b6480e2cf91,88.31,1,88.31,5.0,4.0,0,0,bronze
b2e2fadc1c50fcc84b22aa326c648b83,87.44,1,87.44,1.0,41.0,1,0,bronze
b2ebb0b81ce42f1c76e8c1f100550464,90.63,1,90.63,5.0,7.0,0,0,bronze
b2ecb2a53f53a0beb130b94bbfa9709d,604.34,1,604.34,4.0,15.0,1,0,gold
b2ecd194d32a51b5aefb538169362dbf,186.92,1,186.92,5.0,3.0,0,0,silver
b305ead9694a97627d794d5550c00c7e,153.9,1,153.9,5.0,12.0,0,0,silver
b312448665a053784d8affae3782595e,74.03,1,74.03,5.0,5.0,0,0,bronze
b31a97956ee6ddae518d726ff76592d7,395.28,1,395.28,1.0,12.0,1,0,gold
b326ede7395fa05e39c71365970f85da,197.01,1,197.01,5.0,10.0,0,0,silver
b33655881531e0e8a90b2fd264c9a0f3,85.81,1,85.81,1.0,2.0,1,0,bronze
b3392d0eab758cb77860a4964de09ae6,90.18,1,90.18,5.0,20.0,1,0,bronze
b33ef69cc2695094da44ff68410a8f73,367.22,1,367.22,4.0,29.0,1,0,gold
b34bf279d8f4790939d374647d9e1678,58.59,1,58.59,5.0,2.0,0,0,bronze
b34bf81e5f1110343af6fa26710408c8,75.16,1,75.16,4.0,7.0,0,0,bronze
b354b80f821162d315ce64131d8d889d,55.23,1,55.23,5.0,6.0,0,0,bronze
b3753b55a41b61c5127498b1c3bbace9,63.15,1,63.15,5.0,3.0,1,0,bronze
b37b0c57ba17d7a0ee6a63c3cc171af3,37.37,1,37.37,4.0,1.0,0,0,bronze
b37b521e9947a4fc51cd2c7375cfc4d6,69.45,1,69.45,5.0,15.0,0,0,bronze
b37c2fd313afdae68cd1123fbacc7d15,76.08,1,76.08,3.0,18.0,0,0,bronze
b37c8b47a52b54d374678d4703a05ab9,277.02,1,277.02,5.0,3.0,1,0,silver
b38211bd797f4fdd81a98b9d1754b606,19.08,1,19.08,5.0,9.0,0,0,bronze
b385b62519a0bca70eb07f4bd41fdefd,106.38,1,106.38,4.0,10.0,0,0,silver
b38732950105417b181136c00f9fff9d,158.27,1,158.27,5.0,9.0,0,0,silver
b38a55442a8775ab33761076761b39d7,155.25,1,155.25,5.0,3.0,1,0,silver
b38b202dda56064f472bde383ef8ef36,44.0,1,44.0,5.0,9.0,0,0,bronze
b38bb7117eb1459eb63297a34a5ddff3,126.23,1,126.23,5.0,19.0,0,0,silver
b391b8f94198c52ccdf5dcd99e007a5a,58.45,1,58.45,3.0,7.0,1,0,bronze
b3933f964971e7e4286dc1bd8dafd851,192.36,1,192.36,5.0,3.0,0,0,silver
b3a1a221ad27da82c2973f1a108f939c,904.8,1,904.8,1.0,33.0,0,0,gold
b3a842ea215dc63f6094842e817f9bdb,217.01,1,217.01,5.0,1.0,1,0,silver
b3ae3171281986b8e1a4cc74983e17f7,136.54,1,136.54,4.0,18.0,1,0,silver
b3af9f9457557775c096981d34d02534,69.03,1,69.03,5.0,12.0,0,0,bronze
b3b7208a78ac75f047137484768a868d,37.49,1,37.49,5.0,17.0,0,0,bronze
b3c1bc5b24affd7cfb96752860b44640,65.14,1,65.14,5.0,11.0,0,0,bronze
b3c45ba56e29a396943783b4a80785fc,845.81,1,845.81,5.0,18.0,1,0,gold
b3d1abff5f1b7c3756990fd32ce68ba4,75.07,1,75.07,5.0,10.0,0,0,bronze
b3dab5cb596c07eaf96a4325b61f6896,71.14,1,71.14,5.0,7.0,0,0,bronze
b3e3ec0845892505e3d124a978cebf10,88.54,1,88.54,2.0,11.0,0,0,bronze
b3e7988c2d227cb7c82430c912ef60ae,132.95,1,132.95,5.0,3.0,1,0,silver
b3eebec096d31ea54f19a2bca6d08724,42.5,1,42.5,4.0,2.0,0,0,bronze
b3fc51a2057e04657dbe29f48f3ecaaa,1550.68,1,1550.68,4.0,11.0,1,0,platinum
b3ffb557ee8c20b650d5d8de016224b8,64.38,1,64.38,1.0,,0,0,bronze
b40a94dba8139b0ed8d96b180fb6fe86,28.73,1,28.73,5.0,6.0,0,0,bronze
b411890821e433a5cab92834d634f78e,62.12,1,62.12,5.0,5.0,1,0,bronze
b411e9bdf404f4a27c09df1edc8192d7,209.43,1,209.43,5.0,11.0,0,0,silver
b424dcee3a1c3fd29178ed9623a773c9,78.65,1,78.65,5.0,14.0,0,0,bronze
b4280a4f708b5e554795989590a542e8,279.7,1,279.7,2.0,4.0,1,0,silver
b4452967e6994fe014fb17c73164a493,141.91,1,141.91,5.0,13.0,1,0,silver
b4472cb7107b18e32c3cafa45d2a3e73,75.6,1,75.6,5.0,5.0,1,0,bronze
b4487f7becb51a93d4d0ef1256e60d99,131.07,1,131.07,2.0,5.0,0,0,silver
b4527423469300ee354458e1b5f961be,117.62,1,117.62,1.0,28.0,1,0,silver
b455edfdc265bf5a0f5bffd01f36b86a,28.62,1,28.62,5.0,11.0,1,0,bronze
b46143871bd7f63bcbd5acd898b5e1ee,179.83,1,179.83,1.0,,0,0,silver
b463c4bb6d538a24e61ad1c827fcde9a,243.45,1,243.45,5.0,11.0,0,0,silver
b464eecf5aa94f5c7f2a177306c00382,103.44,1,103.44,4.0,5.0,1,0,silver
b46c73397917de0e900df2adc02d1e2d,38.6,1,38.6,4.0,24.0,0,0,bronze
b47838e44cc3e864f6cc78ba3a4e740c,55.96,1,55.96,5.0,10.0,0,0,bronze
b480b292d507cfca0e1e9016ecd4dbd5,68.5,1,68.5,5.0,25.0,0,0,bronze
b48c870ee4482144b6ec4c2f90287637,94.55,1,94.55,4.0,8.0,1,0,bronze
b48f2d40175ddb7f501c6d2112e22118,81.12,1,81.12,5.0,7.0,0,0,bronze
b49039245ffe698470feceb016a8eefd,58.64,1,58.64,5.0,3.0,0,0,bronze
b49264fa6888d0902b084fafedcbc840,142.92,1,142.92,5.0,10.0,1,0,silver
b495d807ccbd38ea1be486a826c88008,33.82,1,33.82,5.0,7.0,0,0,bronze
b49b24b28a12e3d89eef761792dd3aa7,108.52,1,108.52,1.0,24.0,0,0,silver
b4a76bacd02c4823afd23c34e8ea92e4,97.99,1,97.99,4.0,13.0,1,0,bronze
b4afb55d2d38d9bbe0b83ec108c3e77e,235.19,1,235.19,5.0,2.0,1,0,silver
b4b93491c3e5b9ab873b06848b83ad3d,85.92,1,85.92,4.0,11.0,1,0,bronze
b4c0401af3cc3af9b0f47ba1c90b1ee0,46.89,1,46.89,1.0,8.0,0,0,bronze
b4c2362f3f392da944f40e99b04b004a,266.92,1,266.92,,40.0,1,0,silver
b4d1f56f68542720cc2dbe7d2a594836,44.87,1,44.87,5.0,14.0,0,0,bronze
b4d20b907a61795e8c8f3a7966c6cfb9,170.36,1,170.36,5.0,4.0,0,0,silver
b4d73a349be77426240c86f351a15c26,47.0,1,47.0,5.0,20.0,0,0,bronze
b4da3c8deec3e1c31023d39ba20bb40e,271.23,1,271.23,5.0,10.0,0,0,silver
b4e412b6ca0f5fbf612a6e6e30b10507,57.18,1,57.18,3.0,31.0,1,0,bronze
b4e4f24de1e8725b74e4a1f4975116ed,40.1,1,40.1,5.0,14.0,1,0,bronze
b4e9b707c8e4df7d8500e81c6e8b18e0,340.12,1,340.12,1.0,10.0,1,0,gold
b4eab9bf16e01917293ca9aa62a58559,24.02,1,24.02,3.0,3.0,0,0,bronze
b4fa4135930ee86f5625bcce3a2650be,141.81,1,141.81,5.0,2.0,0,0,silver
b500796aff2ccdca14cd3659f5ec4977,125.88,1,125.88,5.0,3.0,1,0,silver
b50c0066bc676e6a5d4a0abe1413023c,139.04,1,139.04,5.0,1.0,0,0,silver
b50e2c316ac14c5ad88a269716fe3662,298.77,1,298.77,5.0,5.0,1,0,silver
b512b0686fca0440147aa0709672cd9b,64.62,1,64.62,4.0,11.0,0,0,bronze
b51e45b33a49debdfd22dcb3543f453d,56.5,1,56.5,5.0,13.0,1,0,bronze
b523bbcb047483480ac0ac7ea454efb4,108.77,1,108.77,4.0,10.0,0,0,silver
b5283f89d656dd98b1376dfb0926ae2a,37.84,1,37.84,5.0,45.0,0,0,bronze
b52a4b465bfc5a1c7e9033f7b7d8f3dd,80.51,1,80.51,4.0,16.0,0,0,bronze
b530945168f12f82a3f9be3a5e243afa,38.68,1,38.68,4.0,6.0,0,0,bronze
b53a32305dcc5b178680c54604941dda,186.38,1,186.38,5.0,10.0,1,0,silver
b53ddf7792f4d98e7dad6d166668d520,289.55,1,289.55,3.0,4.0,0,0,silver
b53e90bdb9be63dcba58f88a54f7e936,391.45,1,391.45,4.0,8.0,0,0,gold
b5553bcd30cc28e403933b0295b9f245,122.17,1,122.17,5.0,5.0,1,0,silver
b55fb2799bf92225fc54fdb4cb7b82e2,33.72,1,33.72,5.0,5.0,0,0,bronze
b55ff2c643f56c30863b527e80c88688,84.61,1,84.61,5.0,10.0,1,0,bronze
b56105b59a417275e17fde4a8176f3c3,38.29,1,38.29,5.0,2.0,0,0,bronze
b5644fac32c2e169bea093b7ef916e65,671.7,1,671.7,5.0,10.0,1,0,gold
b573ce2ac3f4286014cef93b3e9c53dc,279.17,1,279.17,2.0,10.0,1,0,silver
b579f0174ebac4c6a6f4bfbdeae79770,102.03,1,102.03,3.0,29.0,1,0,silver
b57e60919a49a273cd91a34e88f9da28,207.94,1,207.94,5.0,10.0,1,0,silver
b5804d90954a35172176fc8d95c97116,75.84,1,75.84,4.0,16.0,1,0,bronze
b5929fbef4a485e47bf2102dbfadeb43,80.38,1,80.38,5.0,8.0,0,0,bronze
b5994945172eef0b73d63a7e3ff8f6e8,113.99,1,113.99,5.0,4.0,0,0,silver
b5c79cbdee6c07d236c96313f89455c7,197.02,1,197.02,5.0,14.0,1,0,silver
b5db6bae09e9f171ca16a43c5722b8ed,81.5,1,81.5,1.0,18.0,1,0,bronze
b5e04fc588d13ee10dd2257351fbb126,189.21,1,189.21,1.0,43.0,1,0,silver
b5e391181709e5196275b01b8e6e9d73,396.32,1,396.32,4.0,9.0,0,0,gold
b5f095034c3af87812f6b6c9ce626fa1,139.03,1,139.03,1.0,,0,0,silver
b6026a3e4e0e614fdfca5b00ef35ac4c,165.8,1,165.8,5.0,15.0,0,0,silver
b617fded6582af145caf2e8276e21a66,37.83,1,37.83,2.0,7.0,0,0,bronze
b619178eb4f697c3283943612910230a,79.29,1,79.29,4.0,19.0,0,0,bronze
b621cb89890e2b002aada225e7c5eaf5,77.48,1,77.48,4.0,5.0,0,0,bronze
b62557940c1bc843ea8f72ec492e31e6,39.24,1,39.24,5.0,4.0,1,0,bronze
b626a79abc5f77723f7434fcfd515b91,83.23,1,83.23,5.0,4.0,0,0,bronze
b6318d1c456eb83aac281649628c6bb2,160.86,1,160.86,3.0,6.0,0,0,silver
b63efef43750080cac3e023e0b57cd72,34.09,1,34.09,5.0,7.0,0,0,bronze
b6409a3e4fb1319aa55da4b75155eec0,147.3,1,147.3,5.0,7.0,0,0,silver
b642cb0ef1ddecffd8d89fbd90300c84,117.85,1,117.85,5.0,8.0,1,0,silver
b646eef30a884044c22e9337e16298d7,140.33,1,140.33,3.0,14.0,1,0,silver
b6497ecc6318ebd0d5c22091f702fcc8,49.55,1,49.55,5.0,8.0,0,0,bronze
b64ebaf3d11b7209fe566364cc359a51,42.77,1,42.77,4.333333333333333,3.0,1,0,bronze
b65b4e0ccf23f096b3eb8bce350a400a,114.12,1,114.12,5.0,10.0,1,0,silver
b6727511f246e3b71c4ff444623127ab,231.27,1,231.27,5.0,9.0,1,0,silver
b67ab708aff249d8fe2faafed1df5461,28.19,1,28.19,5.0,4.0,0,0,bronze
b68c725eca7bc7e69d50b9ed50165043,61.1,1,61.1,2.0,17.0,0,0,bronze
b691de7f4a7a9e6a5779f602ebe6f595,161.86,1,161.86,5.0,17.0,1,0,silver
b698379306c3fad0ab64d82a63a770a2,66.89,1,66.89,5.0,11.0,1,0,bronze
b6988e7235a00da9d9e8cddb82d34f59,45.1,1,45.1,5.0,7.0,0,0,bronze
b6a179f976ac672e4e24bc0b4379f8f2,28.13,1,28.13,1.0,7.0,0,0,bronze
b6a33694a61ce90b222b3d23d9ba5f4e,34.51,1,34.51,5.0,11.0,0,0,bronze
b6a4dc3a2b47f1aca1a7abebf31f454b,38.0,1,38.0,5.0,24.0,0,0,bronze
b6a55e2e22449db4b5df27413d36c02f,69.22,1,69.22,1.0,11.0,1,0,bronze
b6a70553f73cde17709a32cb714a40eb,1020.35,1,1020.35,1.0,29.0,1,0,platinum
b6b5367f6d344682c90126fe86594604,37.0,1,37.0,1.0,35.0,1,0,bronze
b6c083700ca8c135ba9f0f132930d4e8,97.71,1,97.71,4.0,6.0,0,0,bronze
b6c4281cbf83497c4534d0e43877178c,121.62,1,121.62,4.0,11.0,0,0,silver
b6c719d00d65f2461bfda7e80a5cc1cb,62.05,1,62.05,5.0,22.0,0,0,bronze
b6c7d9b3cf077e60a3436d742b05a717,168.65,1,168.65,5.0,2.0,1,0,silver
b6e2e472b325c10e40784bc2ec3e2c5d,136.77,1,136.77,5.0,2.0,1,0,silver
b6ea04eb4b04276bb4e9731099c85443,55.24,1,55.24,4.0,7.0,1,0,bronze
b6f0d82c95b4010de67a90cb4cf462cd,59.47,1,59.47,3.0,,1,0,bronze
b6f26635571e99563376f777d4c2f6c5,143.45,1,143.45,3.0,2.0,1,0,silver
b6f549a75631cc92442bb2ad696d8d9d,29.77,1,29.77,5.0,5.0,0,0,bronze
b6f9b37d079d046b778bef7754e5ee66,207.62,1,207.62,5.0,10.0,0,0,silver
b6fed6dcac8cbb66092059919d9b4017,45.13,1,45.13,4.0,15.0,0,0,bronze
b7177e06eec7855fd00999a6f5d6d349,30.09,1,30.09,5.0,7.0,0,0,bronze
b720bceb1eead5e8409eeed32732ea49,138.73,1,138.73,1.0,23.0,1,0,silver
b721daf5fe188f016736168c57405c7a,77.57,1,77.57,5.0,12.0,1,0,bronze
b72d001bb5fae7e4c285c94dc2d4ce0a,89.88,1,89.88,4.0,14.0,0,0,bronze
b72d743326f19757ead0ea5dc29ffda5,71.43,1,71.43,1.0,,1,0,bronze
b73a0f3ab81c23e2c6f14f27375ed040,92.8,1,92.8,4.0,5.0,1,0,bronze
b73e8f5667c0dd06b9cac079b231ee23,204.41,1,204.41,1.0,8.0,1,0,silver
b73f3c51b9dab759d34be346a30e4bc9,57.59,1,57.59,3.0,8.0,0,0,bronze
b73f9b2eb9963a26663976fff2cece8e,305.97,1,305.97,4.0,29.0,0,0,gold
b7423e030079ba9035bee9855919f420,81.36,1,81.36,5.0,23.0,0,0,bronze
b743f2beed786262f8a6f91df0705265,150.38,1,150.38,5.0,17.0,1,0,silver
b744f75c6f5b0917cd728af5c53d5258,384.14,1,384.14,4.0,9.0,1,0,gold
b7452bea1d7fbb7f378679ff5d892a53,908.43,1,908.43,5.0,8.0,1,0,gold
b7549e5ac3f748f89a217d25c16282a3,165.57,1,165.57,5.0,13.0,0,0,silver
b76eb34842f553825440c1f62e7c93e0,206.84,1,206.84,3.0,25.0,1,0,silver
b76f4e32d7b31eaaa4d3e10346845e93,165.99,1,165.99,4.0,20.0,0,0,silver
b7716bdad090fa7201fba21e32d1f4ac,145.99,1,145.99,5.0,17.0,1,0,silver
b77373c1be1866a704f28814c378b253,194.0,1,194.0,5.0,7.0,0,0,silver
b778dfee1fc0527d3dc14c5a0631bd2a,118.11,1,118.11,5.0,14.0,0,0,silver
b77c65845ceb7b1b280a7c6f137e82d4,104.3,1,104.3,5.0,9.0,0,0,silver
b786491982d80aee4c220f5b9b9c768b,148.77,1,148.77,5.0,3.0,0,0,silver
b790018858eedb8acf351b01ec841ee1,59.24,1,59.24,5.0,2.0,1,0,bronze
b7939839a65fa5d44768ed0140e6c4eb,65.36,1,65.36,5.0,13.0,1,0,bronze
b7a24d38feaeba23340ed5a670964121,172.84,1,172.84,5.0,7.0,1,0,silver
b7a9b8a565f38385bbc785eb2f5e78ce,45.69,1,45.69,5.0,12.0,0,0,bronze
b7b476ba48b5338af0be703560d5e4f9,24.69,1,24.69,3.0,10.0,0,0,bronze
b7be742fcfc8447746fe153645c1ff95,134.28,1,134.28,1.0,49.0,0,0,silver
b7c13491fd2aecd9308c75bb4de979d8,106.97,1,106.97,5.0,13.0,0,0,silver
b7c897200ac65c43a131e71b8ae3b8f3,1030.44,1,1030.44,1.0,21.0,0,0,platinum
b7cbeeeaa9007a7717c85bede2677ca6,180.55,1,180.55,4.0,21.0,1,0,silver
b7cc980888147c189d96a40756971585,24.95,1,24.95,4.0,6.0,1,0,bronze
b7cee8738797d3056f09669a12a4bea6,53.34,1,53.34,5.0,10.0,0,0,bronze
b7d12dd279b98c2d0f8b920052eb2862,62.91,1,62.91,5.0,4.0,1,0,bronze
b7d5e2a2086b55a6f106202b164484a9,72.15,1,72.15,5.0,16.0,1,0,bronze
b7e2b4e7e5bbfc11eb1b22e6d822926b,68.32,1,68.32,5.0,6.0,1,0,bronze
b7ea44d55e6a749aece828fa7192e9fb,916.5,1,916.5,5.0,4.0,1,0,gold
b7eb84f8a1ea3958ad9950235cffcd4d,133.05,1,133.05,5.0,10.0,0,0,silver
b7f1332e60b8d4d1fd404de7a9601437,221.93,1,221.93,3.0,28.0,1,0,silver
b7f170888469e5332e43c92edd77793f,32.42,1,32.42,3.0,24.0,0,0,bronze
b7feb92ce1b082979267f0b72b72ad8d,163.58,1,163.58,5.0,12.0,1,0,silver
b7fed7cf0dbf04ba939d29c82274c798,83.75,1,83.75,5.0,8.0,1,0,bronze
b7ffc070e18d037f5b99cdd828d96a2a,92.28,1,92.28,5.0,15.0,0,0,bronze
b807f720ce7d4b5cacda4de1b1c02889,83.59,1,83.59,5.0,6.0,1,0,bronze
b809eb0b4e9337cc3e17055d71d32eef,101.14,1,101.14,1.0,5.0,1,0,silver
b80f9541100e1e3389fc76ad9c6d57ee,180.91,1,180.91,4.0,5.0,0,0,silver
b81208443af1b894742a304cf0f86b9b,357.13,1,357.13,2.0,14.0,1,0,gold
b81405a1fb356507e1a51b8a56a4fcd3,149.1,1,149.1,5.0,23.0,1,0,silver
b81c447e1a3203c7ca70eb2b245dc456,57.9,1,57.9,1.0,7.0,0,0,bronze
b81dbf5ad3829774601626c643147f21,61.32,1,61.32,5.0,7.0,0,0,bronze
b830bedf28690adc283cc2fc24a61768,102.96,1,102.96,1.0,,1,0,silver
b83281d34a0f64fcd9f2a825f5a86514,130.68,1,130.68,5.0,11.0,0,0,silver
b8397f1c55e35a126a6b0bcbf2012748,19.39,1,19.39,5.0,4.0,0,0,bronze
b83c15aacd2ade90cfadb49b5b9f881f,94.4,1,94.4,5.0,12.0,1,0,bronze
b83cd264c4a0dd6f1a227daf305b8504,107.88,1,107.88,5.0,7.0,1,0,silver
b8456f460ad4d4e4038a2d59ceeac9f9,70.03,1,70.03,5.0,7.0,0,0,bronze
b849f49416bd94ee6b0a4d36fce5b3a6,176.9,1,176.9,5.0,13.0,1,0,silver
b8552e06a522be2ef1605359f3250b49,72.76,1,72.76,5.0,11.0,0,0,bronze
b855f7dba22eda6194da91c68e5ead90,32.43,1,32.43,5.0,2.0,0,0,bronze
b86b13f832d20a80daac6a473cb62457,85.23,1,85.23,5.0,13.0,1,0,bronze
b87b0071e55738a3e261aae59cf211be,107.9,1,107.9,5.0,13.0,0,0,silver
b87b4adb59a1927310f7eb20b9b622d8,60.42,1,60.42,5.0,22.0,1,0,bronze
b88703bae97dc649876fe4c9474d3357,56.1,1,56.1,5.0,8.0,1,0,bronze
b88755fc8cb1c54b76728232e4d26a8e,410.51,1,410.51,5.0,8.0,1,0,gold
b888d4e8f85e9d3de8e234db65a87cd8,90.75,1,90.75,5.0,13.0,0,0,bronze
b89723d1af7727a04d39a3a93a301a3a,180.82,1,180.82,1.0,,1,0,silver
b89ba10870f6b2ad9ffb1b2f052df62a,426.91,1,426.91,1.0,18.0,1,0,gold
b89c7082b503777ae859ad65f18ab92a,63.27,1,63.27,5.0,8.0,0,0,bronze
b89de0b6cf4e2ebd086f72ecc1b57a00,102.64,1,102.64,4.0,19.0,0,0,silver
b8a7d1929f23c02ee41c13c0119eba6d,259.6,1,259.6,5.0,9.0,1,0,silver
b8aa868bbd634205e273b8260542d652,101.34,1,101.34,5.0,28.0,1,0,silver
b8aced29a3e644673b246ee841e8e1a3,723.2,1,723.2,4.0,4.0,0,0,gold
b8ad8f9df8b6c2af329e1fd23cc77061,46.03,1,46.03,5.0,19.0,0,0,bronze
b8ae1d28b2a49a7913eab4b73ac4c00b,51.22,1,51.22,4.0,15.0,0,0,bronze
b8affe8e3a225085a972932d63116602,52.51,1,52.51,3.0,9.0,0,0,bronze
b8b3c435a58aebd788a477bed8342910,271.32,1,271.32,5.0,10.0,1,0,silver
b8b59f2f9eb5fef9d081df532265ef1a,52.61,1,52.61,4.0,8.0,0,0,bronze
b8c0e5c60a5d7cc003fa4ce10b9f52a5,339.39,1,339.39,4.0,16.0,1,0,gold
b8c37ee810b38c416022e1c9f51e740c,282.25,1,282.25,2.0,,1,0,silver
b8c64934a84e5ac575aaf1c5d50f340e,143.32,1,143.32,5.0,19.0,1,0,silver
b8d6726ff3273508665f2e2f5e389eaa,135.84,1,135.84,5.0,11.0,0,0,silver
b8d76f06a0601ac8fe3fa52e6fe8742a,35.42,1,35.42,5.0,4.0,1,0,bronze
b8def7c08f7ff258221301dd35f9005c,49.09,1,49.09,1.0,29.0,0,0,bronze
b8e1f9329cc7905afbbfb0f4d65086ba,170.76,1,170.76,4.0,5.0,1,0,silver
b8e8b6f243c848065e303792e458c2c0,45.52,1,45.52,4.0,16.0,1,0,bronze
b8ef05e60ca9c980f198a5a986fde0ab,281.96,1,281.96,3.0,30.0,1,0,silver
b8f20ea4c97c0b9d62a5c41ff89eb36b,84.2,1,84.2,5.0,7.0,0,0,bronze
b8f512b1d91257aa543d87085a22742f,342.88,1,342.88,5.0,3.0,1,0,gold
b9094a80af5d0e072d9ca833ce36c90e,89.55,1,89.55,4.0,13.0,0,0,bronze
b91103208abd5c826bd0bc26ec99c1a2,58.55,1,58.55,5.0,13.0,1,0,bronze
b9128514e102f40787b83ba482a44fae,283.18,1,283.18,5.0,7.0,1,0,silver
b9137cac4c1f714b3cfe949ba5d2f395,199.49,1,199.49,5.0,10.0,0,0,silver
b9186cea0c4fc102347b239240c75f6e,171.59,1,171.59,5.0,4.0,1,0,silver
b918dc8c18499a886486c19ee23a1b78,129.35,1,129.35,5.0,17.0,1,0,silver
b91c15fa50027f5b62e2105515a46d9c,41.75,1,41.75,5.0,11.0,1,0,bronze
b91cf7ea5c7834e1bd2fb4685061d421,147.34,1,147.34,5.0,27.0,1,0,silver
b91ed4088f3af7c9779ecab3f53d6da0,86.58,1,86.58,5.0,13.0,0,0,bronze
b9392117660d81f64190ba3c0761763a,120.47,1,120.47,5.0,13.0,0,0,silver
b93daa596df18a4a20edfb7d529ebba7,30.95,1,30.95,4.0,13.0,0,0,bronze
b93e705ecec4d97268693b068a047a5f,134.34,1,134.34,4.0,4.0,1,0,silver
b944e713f329c481160c81f9a3795392,36.69,1,36.69,5.0,16.0,0,0,bronze
b94ccf1b18e4cb26dba7ad3f6138b7b6,47.71,1,47.71,4.0,,0,0,bronze
b94f03b648d62012030465a5f166aba4,57.39,1,57.39,3.0,12.0,0,0,bronze
b9544dcc09004b3b28e388ed130e50f1,227.38,1,227.38,3.0,28.0,1,0,silver
b95f13719240c2398e6a22dc4b42d5a0,100.62,1,100.62,5.0,14.0,0,0,silver
b963ba6f2e818e50df5a25a227955e02,137.65,1,137.65,5.0,6.0,1,0,silver
b9652692b36ba71e5cda65e4f8f83c4d,66.99,1,66.99,2.0,14.0,1,0,bronze
b97a913461d151c37812d11673125b52,106.9,1,106.9,5.0,23.0,1,0,silver
b983a8b74d888274c822490b2b4a1cd5,36.69,1,36.69,3.0,21.0,0,0,bronze
b98bd5ea1963622e6f76c3aa00869862,392.02,1,392.02,5.0,32.0,1,0,gold
b992ba5b73d1e67d34f48d71a5617e88,151.53,1,151.53,1.0,19.0,0,0,silver
b9a24a599a72aaebfbcc609e10efe841,373.55,1,373.55,5.0,33.0,0,0,gold
b9b186f596e27aa2e6cf14037b9e5781,115.42,1,115.42,5.0,7.0,1,0,silver
b9b4f87b1dda942a40985da54ddf40cc,265.12,1,265.12,5.0,25.0,0,0,silver
b9b5e4e35643f76076949133986f3b5a,37.75,1,37.75,4.0,7.0,0,0,bronze
b9bed607d2f030436bc3177ec362d841,72.14,1,72.14,5.0,9.0,1,0,bronze
b9ce93ae35b4cfe939be5356630992a7,117.97,1,117.97,5.0,13.0,0,0,silver
b9d637448a10f135a21ae39465ad6445,85.14,1,85.14,5.0,8.0,1,0,bronze
b9d9da6805f069d2324edb4952e9d0c7,159.1,1,159.1,5.0,9.0,0,0,silver
b9dabbe592f3f23a402999bf72da8074,67.57,1,67.57,4.0,22.0,1,0,bronze
b9de41f84443cecabc32eb65cced5b5f,141.64,1,141.64,5.0,7.0,1,0,silver
b9e14a9f4a31ac62d6161da7825ed62e,28.0,1,28.0,1.0,17.0,0,0,bronze
b9e48a3f487c7a0854cbf297e0d43f6a,78.64,1,78.64,5.0,1.0,1,0,bronze
b9eefc4441b9cd3e84a5d7394bf6d401,139.09,1,139.09,1.0,,0,0,silver
b9f8839c38cfc321ce5b3d3553787ff7,177.49,1,177.49,5.0,12.0,1,0,silver
b9fc2d4c90bdadc7052fabe8353084ed,73.99,1,73.99,5.0,18.0,1,0,bronze
ba00e642078cc9730c38ea5686e071a4,52.62,1,52.62,1.0,,0,0,bronze
ba05c99cbfde258253cda5241f21136d,170.01,1,170.01,2.0,10.0,1,0,silver
ba099a4b4151d3d2746aca3ca79250ab,208.63,1,208.63,5.0,2.0,1,0,silver
ba0c4da87f8b5170876eb429fde7613d,22.77,1,22.77,4.0,4.0,0,0,bronze
ba179ad4ba8c3916137aaad465eaa079,838.32,1,838.32,5.0,5.0,1,0,gold
ba17fa1c74cbcd675656a975e53877d5,487.86,1,487.86,5.0,19.0,1,0,gold
ba1c93322a162b61d0122384ecc7c3a0,133.04,1,133.04,5.0,3.0,1,0,silver
ba1e828b59fa27e05c2371b086f8e973,159.8,1,159.8,5.0,6.0,1,0,silver
ba214bc61e320cf3f708c7f36c7c2686,36.65,1,36.65,5.0,14.0,1,0,bronze
ba2e22743d219977fdd4d267da7e3be1,248.36,1,248.36,5.0,4.0,1,0,silver
ba47cb18809f00e121d13ddba84d71c2,70.12,1,70.12,5.0,5.0,0,0,bronze
ba56ffd32142f42c44f18beab89aae6b,123.56,1,123.56,5.0,9.0,0,0,silver
ba58629f70cbcd89a22c6b146b52b858,97.13,1,97.13,5.0,12.0,1,0,bronze
ba62c1547e1c72ee7fa314802c36ef0a,209.38,1,209.38,5.0,12.0,0,0,silver
ba7674c3d15d5a0b9fa46c862925efd5,158.91,1,158.91,5.0,16.0,1,0,silver
ba77e9b6506636dcbd03e463d4786f24,102.29,1,102.29,3.0,17.0,1,0,silver
ba82cfbaef03167aacf2f85c7d928aaf,231.6,1,231.6,5.0,7.0,1,0,silver
ba8fe68376e1f756e472279fff01d36d,73.64,1,73.64,5.0,19.0,1,0,bronze
ba91ddb8d6474f175375b4ced893eef9,69.54,1,69.54,5.0,10.0,0,0,bronze
ba9303fb9e8e9f0872e18ad33765a795,190.28,1,190.28,4.0,16.0,0,0,silver
ba93b30c40aeedd1996a5218a0edb45f,36.59,1,36.59,4.0,24.0,0,0,bronze
ba98c4dfd6996c5dd6812d59ac200246,526.84,1,526.84,4.0,16.0,1,0,gold
baa8144c90cc484cda27858b86a32f99,80.54,1,80.54,5.0,5.0,1,0,bronze
baa890c20a0b15e842a03eb6e041047e,52.57,1,52.57,5.0,5.0,1,0,bronze
baad97a77fafd04f72a7f874dd67b37e,208.35,1,208.35,5.0,3.0,1,0,silver
bab333fcf9f297310b4ba3be1e6f6e50,65.0,1,65.0,5.0,14.0,0,0,bronze
babb55a4b1603e5009feee1b72080ff4,168.2,1,168.2,5.0,8.0,1,0,silver
bac04b9d6dfdc669ef95582d71743517,332.62,1,332.62,4.0,13.0,1,0,gold
bacfd927a67bc4cdbd5912606e830e35,90.88,1,90.88,4.0,9.0,1,0,bronze
bad18f223013bb903006c5b1288129c8,454.0,1,454.0,5.0,5.0,0,0,gold
baef2bd211e495fa7df32ca22dd9c1a4,65.13,1,65.13,3.0,26.0,1,0,bronze
baf538b50226c3145a41aec103c62901,227.0,1,227.0,5.0,14.0,1,0,silver
baf637b5712ea156a982d4f469a035f7,87.71,1,87.71,5.0,2.0,0,0,bronze
bafc5f1997ceb7c62d72da3e4e43739b,150.1,1,150.1,5.0,15.0,0,0,silver
bafe3b46fc75d1d1f93485d4a2d939c6,76.08,1,76.08,4.0,10.0,0,0,bronze
bb00edfbd53d403ccb1f370e016ef44d,41.85,1,41.85,5.0,6.0,0,0,bronze
bb030256ed593a7a0cca3feb2c77af9d,146.34,1,146.34,3.0,13.0,1,0,silver
bb0c181b34b3c55ac9019fdcf9933e4c,219.58,1,219.58,4.0,6.0,0,0,silver
bb0ccd5578b0944bdb14be3d020074a3,133.58,1,133.58,3.0,6.0,1,0,silver
bb0d622c231d592d46e032d3c5dca6bd,104.56,1,104.56,5.0,18.0,1,0,silver
bb115f38be57f6772f404c3cecb780da,95.64,1,95.64,4.0,15.0,1,0,bronze
bb1d9cb6005629522055ccce642cfc73,61.01,1,61.01,5.0,6.0,1,0,bronze
bb25b67c02bced70fd21659b45cf6ced,186.86,1,186.86,1.0,25.0,1,0,silver
bb2752b7d01f3ca96013294e39f3e20f,84.52,1,84.52,5.0,21.0,0,0,bronze
bb361861b83a556ce2a5b2d537e22df9,141.8,1,141.8,5.0,7.0,1,0,silver
bb36de8de6fa742532f659a9a84b8779,101.01,1,101.01,1.0,3.0,0,0,silver
bb57dad1e3e471424bbb314b2716a8f8,98.07,1,98.07,4.0,13.0,1,0,bronze
bb5cb0b55123e8fc8b7994141cf4b551,1006.44,1,1006.44,5.0,15.0,1,0,platinum
bb5f90cb9fe4e14ba4fa8ede8fdf7e29,66.78,1,66.78,4.0,9.0,1,0,bronze
bb67a2b9f83d25ea5951e7521ddc572a,54.57,1,54.57,5.0,1.0,1,0,bronze
bb68ab36f08cea9dece50c4d5f63e1ca,1927.38,1,1927.38,5.0,12.0,0,0,platinum
bb6ba09d3fc6d4cbb5158e9ea7d26afe,203.67,1,203.67,5.0,22.0,1,0,silver
bb6d785b806cb1eef824812b06b9f15b,44.24,1,44.24,5.0,7.0,0,0,bronze
bb6eb9a3a08f26091a4985853d2175ad,97.56,1,97.56,5.0,3.0,0,0,bronze
bb78901615bf2df3f75b52cd41813869,107.27,1,107.27,5.0,3.0,1,0,silver
bb78f4743e618d1b7d4e8fddb9494542,116.13,1,116.13,4.0,20.0,0,0,silver
bb880f3b77d2f99e3b5e400bd20a3164,123.47,1,123.47,5.0,10.0,1,0,silver
bb9fddd85d9e155939f6ec13193d713f,45.09,1,45.09,5.0,5.0,0,0,bronze
bba1b5c3343aa2955ecd4e53874021c8,66.99,1,66.99,5.0,25.0,1,0,bronze
bba29bdc2bd4deeb7bba3c61ea98e012,142.67,1,142.67,1.0,11.0,0,0,silver
bba3f4be9f3287f353960e7730bd12cb,141.28,1,141.28,5.0,6.0,0,0,silver
bbaa2d6cd83d545d1f7ab577f8551eba,65.79,1,65.79,5.0,27.0,1,0,bronze
bbb35e0ef05cc5c8cfbf3a2b2dc94256,616.84,1,616.84,5.0,12.0,1,0,gold
bbbbd222deaa7124dfb1b5314ca975a3,621.21,1,621.21,5.0,,1,0,gold
bbc33f1ef4e6e1293cc6c04d7c99f7ed,101.75,1,101.75,5.0,14.0,0,0,silver
bbe5f9840ea0410a4709264dd7a74609,134.34,1,134.34,5.0,3.0,0,0,silver
bbea9ab1715788f320f07df795a7a05e,96.52,1,96.52,5.0,7.0,0,0,bronze
bbed0de63459a46df4cc44fae6cc3ebe,142.14,1,142.14,5.0,7.0,1,0,silver
bbeff7ec4600d4f9a951c42fb2cd0e81,25.29,1,25.29,5.0,5.0,0,0,bronze
bbf65e7823171a84e70a495dd6c34ceb,354.64,1,354.64,5.0,4.0,0,0,gold
bbfdfbd3af995f06a0da9d30e99fae15,141.58,1,141.58,5.0,6.0,1,0,silver
bc0d145abaff89b9a0a1fa6d495c98df,44.1,1,44.1,5.0,18.0,0,0,bronze
bc0f16bc629417829deb3b163c25c510,36.62,1,36.62,5.0,34.0,0,0,bronze
bc12afff5cbebffadc0e7f4aa470ddc0,32.38,1,32.38,5.0,13.0,0,0,bronze
bc1d009bce2f69958b6039bb30c0df01,447.0,1,447.0,5.0,7.0,0,0,gold
bc2d26c5bdcca78c1de0688229443591,614.02,1,614.02,5.0,6.0,1,0,gold
bc2f434e5256fda4c0f3951298c31833,158.77,1,158.77,5.0,5.0,1,0,silver
bc44ed0b2f2ebe13739fa3f100b8a03a,104.17,1,104.17,5.0,20.0,0,0,silver
bc56d92fe90f91143046c14582bdb974,41.93,1,41.93,1.0,14.0,0,0,bronze
bc5b74743b541a6a6811d2d8c67a9615,31.74,1,31.74,5.0,13.0,0,0,bronze
bc61bf7a848b2fa4298e961b412ca88a,52.05,1,52.05,5.0,6.0,0,0,bronze
bc7af253a16261e81b97c0e40ab9466f,36.17,1,36.17,5.0,14.0,0,0,bronze
bc7db4e1efe5ea534503f41ee8287916,128.25,1,128.25,5.0,11.0,0,0,silver
bc869c8488100535ff7f1b4d92de29ee,273.98,1,273.98,5.0,9.0,1,0,silver
bc897a7580447cd7bb7416411d0b6442,62.65,1,62.65,5.0,5.0,0,0,bronze
bc90f90d4399cf8c10d0889e17d2cb97,180.51,1,180.51,5.0,6.0,1,0,silver
bc95ced27b7d03c1f9bb939b13da19c5,182.3,1,182.3,5.0,13.0,0,0,silver
bca2c11d85a065aba0a329a4438807f7,163.25,1,163.25,3.0,16.0,1,0,silver
bcabe34e299eaf51bb601e89401e25e4,148.06,1,148.06,5.0,23.0,0,0,silver
bcb2569433860f0e351a9d12cdfa038d,146.37,1,146.37,5.0,12.0,0,0,silver
bcb287c639175defad2575e03b049151,148.79,1,148.79,4.0,12.0,1,0,silver
bcb5ac806d7b044434c32b9185e89e04,158.69,1,158.69,5.0,3.0,1,0,silver
bcb87af6b44d2f2057d85c4bee1e0af1,116.24,1,116.24,5.0,7.0,0,0,silver
bcc0c7953de6300fd23a4715ad9867e1,271.24,1,271.24,1.0,2.0,1,0,silver
bcd27b639420bd22dfd6ef6923daabc6,221.09,1,221.09,5.0,24.0,1,0,silver
bcdd148e1370252fdc01cb1d9b3ecd52,139.38,1,139.38,2.0,18.0,1,0,silver
bcde9c93596b9295f3bd26ec5a6cacbd,297.79,1,297.79,5.0,15.0,1,0,silver
bce11bb3c53f9d7c5d4196a88e27937a,121.09,1,121.09,4.0,22.0,0,0,silver
bcebdf69569a5b1cdbb67ebf178e794c,27.71,1,27.71,5.0,3.0,1,0,bronze
bced181ebb1d89d30981e67f0b00337c,38.75,1,38.75,3.0,11.0,1,0,bronze
bcf336e845fcf988adc06ca1fbe22fdf,169.23,1,169.23,4.0,12.0,1,0,silver
bcf93ec8143c2c7829ade1a365360838,92.9,1,92.9,3.0,9.0,0,0,bronze
bcfc1d8cf64a476b003cee4599f9fd11,140.34,2,70.17,3.0,18.0,0,1,silver
bcfc9032cea53ef734a6008742d954fc,47.68,1,47.68,5.0,4.0,0,0,bronze
bd003109ce6f7f68f298e9ac60e1f4df,44.24,1,44.24,5.0,2.0,1,0,bronze
bd010f70857d171233c8a51ef0bfcac7,103.89,1,103.89,4.0,8.0,1,0,silver
bd025dd90706f85a73f01b3eacbc9666,101.34,1,101.34,1.0,25.0,1,0,silver
bd0c1f867e8745eb3ea435b9c5433788,413.59,1,413.59,5.0,14.0,0,0,gold
bd13f03e99cf28bc439b63341cd365e4,99.24,1,99.24,5.0,29.0,1,0,bronze
bd275613059e73a343d66b16cea41903,438.19,1,438.19,1.0,29.0,1,0,gold
bd3cebaca36573a37827eccb61c71292,85.99,1,85.99,5.0,8.0,0,0,bronze
bd44a184a9cbeee5b8f0c50c36e1543e,69.34,1,69.34,5.0,4.0,0,0,bronze
bd4731cbfe1bb7fd2896c138c6af8c2c,415.32,1,415.32,5.0,12.0,1,0,gold
bd4b901bb8fd797f7c1c2d391e536c08,96.43,1,96.43,5.0,6.0,1,0,bronze
bd4d5745fe11100678f10960866162c6,45.0,1,45.0,5.0,16.0,1,0,bronze
bd4e7a4bb663b3cf17010bea613dc431,302.27,1,302.27,5.0,8.0,1,0,gold
bd5cb3c81244dea5c5e4f03fe5c319e8,97.44,1,97.44,5.0,2.0,0,0,bronze
bd5fb37eb0a477849b778a2b4fac0818,24.17,1,24.17,5.0,1.0,0,0,bronze
bd62b323b8e70075724fb43aab7a5bdc,112.71,1,112.71,1.0,,1,0,silver
bd6c8e9ea5cd9adc391f0784e02eb855,540.06,1,540.06,5.0,1.0,1,0,gold
bd7313ebab015a89363f426ff2c70445,143.93,1,143.93,1.0,10.0,1,0,silver
bd84ecd29495e3aa78cf6491ee2e91af,165.48,1,165.48,5.0,26.0,0,0,silver
bd89e92f1e1f6a7ec49af109d08aa258,121.97,1,121.97,5.0,6.0,0,0,silver
bd8e0f3ea9fb694fc53c7a358643fc06,64.43,1,64.43,5.0,7.0,1,0,bronze
bdaae7d0dda6bb655f833ebdceaf178e,199.0,1,199.0,1.0,12.0,1,0,silver
bdb0cacd07b6749c702221f3a93417f7,60.88,1,60.88,3.0,4.0,1,0,bronze
bdb22d4c0d396705deb190186e96b5cd,34.91,1,34.91,5.0,12.0,1,0,bronze
bdcf76444782f7d31d94fc6ad9ba8ec1,135.59,1,135.59,4.0,24.0,0,0,silver
bdd2db062e160b56deef394d3124eed6,83.0,1,83.0,5.0,4.0,1,0,bronze
bdd399d592854b120e9c206ace361af9,117.07,1,117.07,5.0,2.0,0,0,silver
bdd6c2ee696cdae8d2cc0cc3f74e2215,39.84,1,39.84,4.0,6.0,0,0,bronze
bdd790f120738cf7ae6c93b292f4dad2,220.04,1,220.04,5.0,5.0,1,0,silver
bdd928130d266b9cc7daf38716ea0277,65.51,1,65.51,5.0,9.0,0,0,bronze
bde6157addccf5749c409e1333ecb108,57.48,1,57.48,5.0,6.0,0,0,bronze
bde7e409e8de1bac7f75702164251e4b,65.09,1,65.09,2.0,22.0,0,0,bronze
bdeea6ebf7c7fffe2409e626ce2d0de7,16.89,1,16.89,5.0,3.0,0,0,bronze
bdf66f18d41be7aa7fc10dc72e188357,90.73,1,90.73,4.0,9.0,0,0,bronze
bdf6eb7bb0e2f644a21364df4b11c4a3,74.36,1,74.36,4.0,18.0,0,0,bronze
bdf71800659e839719245cb3bd3d156d,39.23,1,39.23,5.0,5.0,0,0,bronze
bdfcfb95b8d3e5792240bbd5108a7096,389.9,1,389.9,5.0,16.0,0,0,gold
bdfd71dfee6faa67122cc7cdbc14d9f7,36.78,1,36.78,2.0,8.0,1,0,bronze
be08ef2ebaeb41941a53aa75db874099,48.38,1,48.38,5.0,2.0,1,0,bronze
be0fd3a8fd6192483df43de3e4b2c67e,200.06,1,200.06,5.0,6.0,1,0,silver
be1260dad3086722476fab71d901e890,155.0,1,155.0,4.0,9.0,0,0,silver
be137b4379f0f1c99e46d7c5ec7a4cdb,153.72,1,153.72,4.0,9.0,0,0,silver
be13d0722fe7b02cbb404ff2774ccd9e,27.3,1,27.3,4.0,2.0,0,0,bronze
be1a0dfedd7deaf8f8b3f3385b0bbc82,36.0,1,36.0,5.0,13.0,0,0,bronze
be1d0995c5d2e3db5a79087d9590eda9,140.32999999999998,1,140.32999999999998,4.0,12.0,0,0,silver
be2b953d3544ab49bfeed8298b327f0e,68.51,1,68.51,5.0,8.0,0,0,bronze
be2cff6c84f1683300337ecd499992e0,96.62,1,96.62,5.0,7.0,0,0,bronze
be32c8c11559040d8e04384c0c4930e0,77.47,1,77.47,5.0,3.0,0,0,bronze
be3cfc8453519e48371cf115f0b15e2c,220.08,1,220.08,5.0,10.0,0,0,silver
be4409f3e96f4b30d9ec3e67345e84c4,32.13,1,32.13,5.0,5.0,1,0,bronze
be48df1546e5fce03140a2725c4d297c,33.22,1,33.22,5.0,3.0,0,0,bronze
be49d411f08872c5a81438e47278a9e7,54.06,1,54.06,5.0,5.0,1,0,bronze
be4e3d1570ec8a2ba9ab57afd17b29cf,54.69,1,54.69,4.0,5.0,1,0,bronze
be588cfeb615a7e34be21bcce06fec1b,68.26,1,68.26,5.0,6.0,1,0,bronze
be59b332f5ba71786335ccafbc7a3bc8,85.23,1,85.23,4.0,17.0,1,0,bronze
be6fc02ad3ccde9632a496c819cbf1ff,81.48,1,81.48,5.0,7.0,0,0,bronze
be6fe45642e359150a37898722df43f3,63.0,1,63.0,5.0,18.0,1,0,bronze
be702ead111ea16e09aba67f992c46c6,28.46,1,28.46,,,0,0,bronze
be736d92ae94f37746e803c4ca45a02c,136.0,1,136.0,5.0,12.0,0,0,silver
be73cd7494ec36befdb18b00a03dc642,84.59,1,84.59,4.0,13.0,1,0,bronze
be847fe4f6e13a787013a802021ca9bc,74.67,1,74.67,4.0,12.0,1,0,bronze
be9216b264ae917bff124671d6ca81ed,114.8,1,114.8,5.0,26.0,0,0,silver
be9b53a0fdc764c7362bb9f8414090f0,69.18,1,69.18,5.0,19.0,1,0,bronze
be9f760933638373fc0c4b9061f3f539,97.66,1,97.66,5.0,6.0,0,0,bronze
bea85350a32c0f68d9b5ceb48fd21fea,127.33,1,127.33,1.0,6.0,1,0,silver
beac12def06ec1525669fded6252a812,36.69,1,36.69,5.0,16.0,0,0,bronze
beac646283545df90be6dbf8b17668b7,56.96,1,56.96,5.0,17.0,0,0,bronze
beb9a932b5131b25944dcf8cee8ada78,171.22,1,171.22,5.0,16.0,1,0,silver
bebcc6c45c54364adef4a5ea694228bf,66.26,1,66.26,4.0,11.0,0,0,bronze
bec53458d5c4015a972c2cebaab5586d,39.16,1,39.16,5.0,5.0,0,0,bronze
bec96391fae48d625d79d1d9387d93d3,63.99,1,63.99,4.0,11.0,0,0,bronze
bed4f1793f6b268f650a0c2e900c9d37,32.86,1,32.86,5.0,7.0,1,0,bronze
bef842662c9d89ad4d16c0f042fb6101,149.69,1,149.69,4.0,15.0,1,0,silver
bf0c6fefe4791dca044236e2d50a2c6f,172.52,1,172.52,5.0,3.0,1,0,silver
bf10b540b885142f2229b261513c0ae6,41.78,1,41.78,3.0,18.0,0,0,bronze
bf1c9e2e2f0807e539101c46e215b5c4,189.84,1,189.84,5.0,12.0,1,0,silver
bf2c35539497c392f320df26a91a2bd6,283.8,1,283.8,3.0,12.0,1,0,silver
bf2dab5734a07e9979eda42862cd891a,28.88,1,28.88,3.0,18.0,0,0,bronze
bf32a4cdfab5cc31913c0ecea68ec7de,244.15,1,244.15,5.0,1.0,1,0,silver
bf3ea1f12c45857c553757b918beecf4,373.11,1,373.11,1.0,14.0,0,0,gold
bf486091c0dae20552f2d22648e43559,162.03,1,162.03,4.0,8.0,1,0,silver
bf62d5d68cc829b3e9269e7001ced2fa,60.05,1,60.05,2.0,18.0,1,0,bronze
bf6541019197793ee3f6abac0e4c4710,50.09,1,50.09,4.0,13.0,0,0,bronze
bf664c530599b952bc4e98eb9b742fab,133.69,1,133.69,4.0,27.0,1,0,silver
bf67bc97810b5410358114fa589ba7d1,72.25,1,72.25,4.0,24.0,0,0,bronze
bf87a2ccf3ad8ac4d1ce63ebb89f2c5c,155.27,1,155.27,4.0,18.0,1,0,silver
bf92f410920092937583ee1f422b3750,80.9,1,80.9,5.0,21.0,1,0,bronze
bf9605839bc246e37340382e39491e79,145.66,1,145.66,1.0,,0,0,silver
bf9b4ad360e8712188280690a00880cd,228.71,1,228.71,4.0,17.0,0,0,silver
bfa04e2d934a65f28ba3fa183680d4cd,98.82,1,98.82,5.0,28.0,1,0,bronze
bfaa7f56ca38fb29a84e2b1003b9899f,76.07,1,76.07,1.0,5.0,0,0,bronze
bfb0780e4148d65b5490d6195da4bcb0,63.49,1,63.49,5.0,11.0,1,0,bronze
bfb33fedf91eb21f6d32ad5345989a6e,166.71,1,166.71,4.0,23.0,0,0,silver
bfb7efceb9d7151266cdbaee986d2296,15.77,1,15.77,5.0,2.0,0,0,bronze
bfc145aeeae1106b9265e367b37fb84a,85.5,1,85.5,5.0,27.0,0,0,bronze
bfc37ae60518a5e6ceb9a60e75089075,28.08,1,28.08,3.0,6.0,0,0,bronze
bfd192684da3866e9c63028c82b7d0b2,172.01,1,172.01,5.0,11.0,0,0,silver
bfd49a10df6b2c8d1015055d8b4567c3,283.02,1,283.02,5.0,8.0,0,0,silver
bfdb1f4f667634b7ff30a716e6fafa95,48.79,1,48.79,5.0,10.0,0,0,bronze
bfe0ecf869b3ea7377c5db8c6a127683,175.28,1,175.28,5.0,10.0,0,0,silver
bfe14bfa136397036c4fd0cade75c68c,226.05,1,226.05,5.0,11.0,1,0,silver
bfe1ecef0f01ad67e5e0cf1860e94e60,180.03,1,180.03,4.0,7.0,0,0,silver
bfec92e1ec04145002c3827e2246afd1,196.88,1,196.88,1.0,19.0,0,0,silver
bfeffeb68ce222717bd84a9736857a69,57.39,1,57.39,4.0,6.0,0,0,bronze
bff4ef831a377c4d6e06be5dd035a8d3,164.12,1,164.12,4.0,7.0,1,0,silver
bffc4415e44bfe97f6a0267d81c294fe,35.0,1,35.0,5.0,12.0,0,0,bronze
c00aff7458f86f4bc66622fd9af50697,56.68,1,56.68,5.0,10.0,1,0,bronze
c00e8c86d3cf99dab1eb1f028d0e5ddf,99.99,1,99.99,5.0,4.0,1,0,bronze
c01143ba19a137c35b9680de560dadad,94.74,1,94.74,1.0,26.0,0,0,bronze
c012dc15bf0773671a901e6b6e032c95,54.63,1,54.63,1.0,,1,0,bronze
c0161b5c1e1f07514ef53cdc563c8321,70.69,1,70.69,3.0,8.0,1,0,bronze
c02250fc9f9a3ef97113f4cc1da3a89d,62.31,1,62.31,5.0,9.0,1,0,bronze
c02762c9e1076e6d025b47c712cece2f,102.26,1,102.26,2.0,,0,0,silver
c035b1b5d88dc07f6f7e695bae8067e8,72.68,1,72.68,5.0,7.0,1,0,bronze
c036799f1b7d9832bfa372f83278182a,328.45,1,328.45,1.0,19.0,0,0,gold
c03a02db01b0695c85f62cece882f3ba,24.38,1,24.38,5.0,10.0,0,0,bronze
c0486ce01d76f8e5f5822442af172dd8,37.61,1,37.61,5.0,5.0,0,0,bronze
c05194e767bd5ee67d82c2cc8869bb78,243.82,1,243.82,4.0,17.0,1,0,silver
c0536ee7a009264e0f1bf1c8f4c54ad3,696.0,1,696.0,4.0,10.0,0,0,gold
c054e4e459844114768fa2aa954bd471,52.1,1,52.1,1.0,34.0,1,0,bronze
c054ecafd9a406747428899b48fd7447,129.45,1,129.45,3.0,22.0,0,0,silver
c05a81fd241ea01ce10a5cbfa60a611d,112.58,1,112.58,5.0,11.0,0,0,silver
c0620de1af20307a7ca29ef9883760e3,158.55,1,158.55,5.0,16.0,0,0,silver
c063bfcd59b13a47a1ee2e919c86b730,80.2,1,80.2,5.0,9.0,0,0,bronze
c067da8e48184f14e468fc4557016c0e,62.01,1,62.01,5.0,19.0,0,0,bronze
c07c1558a5eca23b74513a4d04ed2d5b,69.25999999999999,1,69.25999999999999,5.0,13.0,1,0,bronze
c08082945f230333c7065508ac63fccd,54.03,1,54.03,5.0,1.0,0,0,bronze
c080aa09c43bfdbb4a346864d75e2c45,67.43,1,67.43,5.0,4.0,1,0,bronze
c0888c415e05dfbb9beaa9c8ac62371a,60.0,1,60.0,1.0,9.0,1,0,bronze
c08d2d6237e1d95d5189b9060e2e12c9,93.13,1,93.13,5.0,8.0,0,0,bronze
c094ac95fcd52f821809ec232a7a6956,157.19,1,157.19,3.0,13.0,0,0,silver
c0afaf1122e66bbb7e5a6dd67a65b34b,177.68,1,177.68,4.0,12.0,1,0,silver
c0b0546d40615d8bd1420203e6767a97,67.48,1,67.48,4.0,14.0,1,0,bronze
c0b2a3314e83f8e9d7e5adc305582ce4,64.0,1,64.0,4.0,18.0,1,0,bronze
c0b34be03e16c03ae344ada47dfd78a5,202.5,1,202.5,1.0,14.0,1,0,silver
c0c896babc30896cdc6ec710445cb91a,94.55,1,94.55,2.0,13.0,0,0,bronze
c0c949c545d9fb4478017e6185b1adb3,226.71,1,226.71,5.0,16.0,0,0,silver
c0d0f7e3892d65148b9daa195c577b03,226.35,1,226.35,1.0,21.0,0,0,silver
c0d20a347b03d509b4ff01af068b3acf,180.62,1,180.62,5.0,7.0,0,0,silver
c0d844c11288762f18fc24cc79093a80,36.01,1,36.01,5.0,15.0,0,0,bronze
c0e66c87594dc652671df374b55c5661,239.72,1,239.72,5.0,10.0,1,0,silver
c0f0c6bb8c09bc41cdc6bc4d3cbb710e,27.1,1,27.1,5.0,28.0,0,0,bronze
c0f139fe95b95fe9648723696465c72b,78.3,1,78.3,2.0,21.0,1,0,bronze
c1064cacd1347c63effc6657998eac58,107.78,1,107.78,1.0,16.0,1,0,silver
c108425de8f34f048cee7f466200de92,44.5,1,44.5,3.0,6.0,0,0,bronze
c10e222e853f7723debcf19f1c8b00ab,114.79,1,114.79,5.0,7.0,1,0,silver
c11274b1c6ddc3cc5c486a2e6cde4026,45.8,1,45.8,5.0,5.0,0,0,bronze
c1182f24672758536f897605a3306ad0,181.82,1,181.82,1.0,27.0,1,0,silver
c11c87f1bdcf10efbe8fee744928c767,119.94,1,119.94,5.0,8.0,1,0,silver
c11da26f2f89c9df2e88d6e4ca699074,133.16,1,133.16,4.0,4.0,0,0,silver
c11e03f932a26afd062d3916ae0c85fc,47.2,1,47.2,5.0,3.0,1,0,bronze
c128bbc211115b772a1377ae395e043c,90.78,1,90.78,1.0,55.0,0,0,bronze
c1299d631eafaa6467914c188969dcb6,92.55,1,92.55,1.0,31.0,1,0,bronze
c13b8234b35a52dde377047d65e17fd5,95.83,1,95.83,4.0,6.0,0,0,bronze
c14352ede8e9591c01fe88d6f4d6275d,71.03,1,71.03,2.0,6.0,1,0,bronze
c143cec5225978d71e218834a2c37920,144.65,1,144.65,5.0,12.0,1,0,silver
c164009499a153b8100b548003560c2f,303.86,1,303.86,1.0,,0,0,gold
c165394e5a00db758059fc4f6c6895bc,120.61,1,120.61,4.0,8.0,1,0,silver
c165b645d4f9deefb1f21f9d244375aa,70.25,1,70.25,1.0,26.0,1,0,bronze
c16c1fa88d7045320612b5c7481a0017,197.48,1,197.48,5.0,8.0,1,0,silver
c17023c486178e5a5855ae4736d435fb,177.93,1,177.93,4.0,16.0,1,0,silver
c1749d390bcfbbde935cc987ec8e38b2,68.32,1,68.32,4.0,20.0,1,0,bronze
c17db1418a98b4a6d1dcad61cc579c70,92.44,1,92.44,5.0,13.0,1,0,bronze
c1867eddd348156db74c8f64be7f860c,35.77,1,35.77,5.0,5.0,0,0,bronze
c18c7db1e430080eb67cece06f62177d,869.09,1,869.09,3.0,29.0,1,0,gold
c18dd5e3fc4a3d84f506d34d154e8f9e,159.12,1,159.12,1.0,36.0,1,0,silver
c19526f76fe204393c2e18146a07fecd,168.82,1,168.82,4.0,4.0,0,0,silver
c197a7c026519942ec0ed30d9d80ff15,169.49,1,169.49,4.0,19.0,0,0,silver
c1a7a7783c5ec6e784b2ecb34107d8c3,19.64,1,19.64,5.0,2.0,0,0,bronze
c1a96eec1e40c53e2b91741abc83ddb9,137.73,1,137.73,5.0,11.0,0,0,silver
c1b1eb8a5a67819956718ddddcf038e6,97.77,1,97.77,5.0,9.0,0,0,bronze
c1b90663da64535435a44f44fc32dccb,76.63,1,76.63,5.0,22.0,1,0,bronze
c1c6a4e805bf156a629665fac5840280,34.08,1,34.08,4.0,14.0,0,0,bronze
c1d17de7f48b64a544769023500456f0,78.18,1,78.18,5.0,11.0,1,0,bronze
c1d47a6886013c01fc605347defed7c6,233.84,1,233.84,5.0,5.0,0,0,silver
c1d6b3acce320f7fe811d54554febfd4,372.52,1,372.52,1.0,22.0,0,0,gold
c1e326a250bad5f7a80803715f4115d4,201.65,1,201.65,2.0,28.0,1,0,silver
c1e46a3c0e43e74dc1a0704323c2ee3d,234.6,1,234.6,1.0,6.0,0,0,silver
c1ea0719c2f6f8898917f2c21ab46c1e,43.0,1,43.0,5.0,2.0,1,0,bronze
c1ec8a554c30f17eb209bd09df0d98e7,152.16,1,152.16,3.0,24.0,0,0,silver
c1f1840f3fa14ca2f059a4af7cb111fd,31.99,1,31.99,4.0,4.0,0,0,bronze
c207c1d4888e8931dc9a70d17700714c,232.67,1,232.67,1.0,4.0,0,0,silver
c20fa08047ed2a4d8eaee475b27da60e,124.52,1,124.52,5.0,22.0,0,0,silver
c2154b6ca788852f644e6f56dc7abbe9,45.01,1,45.01,4.0,21.0,0,0,bronze
c21be1f65801685d57e30d52f8175b60,99.74,1,99.74,4.0,12.0,0,0,bronze
c2279d745ab2b9347f3b8826a8ed513c,100.48,1,100.48,5.0,12.0,0,0,silver
c23315b264964939b72da1eadedacc3f,161.71,1,161.71,5.0,16.0,1,0,silver
c23f463838386f2ed48539454a210480,68.32,1,68.32,5.0,6.0,0,0,bronze
c242a0771386d44b6875be1fbb88a538,317.53,1,317.53,5.0,19.0,1,0,gold
c245a6381e732e401d8603b64bb30ed1,105.3,1,105.3,5.0,15.0,0,0,silver
c248634843d0c1ea298da7a7915abdc2,352.76,1,352.76,5.0,18.0,1,0,gold
c250c6d53f3716217490c5e4d05585a8,240.35,1,240.35,5.0,7.0,1,0,silver
c25d2fb6d22e04ce43c3652e3cacadad,104.37,1,104.37,5.0,10.0,1,0,silver
c25f3aaefa757fb6d2ac42b59a1c1989,148.72,1,148.72,3.0,10.0,1,0,silver
c2693a7cf9b97a0d610da608731669c8,87.03,1,87.03,3.0,7.0,0,0,bronze
c27c0dc7daf5a28528dbde632b120c11,48.15,1,48.15,5.0,10.0,0,0,bronze
c27fe69be20acb0c44a690e39d19ec07,1310.95,1,1310.95,3.0,13.0,1,0,platinum
c298875962142d382e5035ca9f1cb428,103.36,1,103.36,5.0,5.0,0,0,silver
c2a3897a7b0f66194905d20cb06311cb,78.51,1,78.51,4.0,7.0,0,0,bronze
c2b1c4043b4aaccf370ba164628bf181,146.68,1,146.68,5.0,27.0,0,0,silver
c2b845a86c16b519c0c1d9598576f276,57.51,1,57.51,5.0,7.0,0,0,bronze
c2b85b27ebd380c2c156e3e8773bd4c6,58.74,1,58.74,5.0,7.0,1,0,bronze
c2c1446df627971eb0cc822dbb2a334e,134.38,1,134.38,5.0,6.0,1,0,silver
c2c1c627fd93fde6934d9efa2777f09f,79.24,1,79.24,4.0,7.0,0,0,bronze
c2c785acf52254d060c43d2573f3c5e0,232.97,1,232.97,4.0,15.0,1,0,silver
c2ccefc0bb477cae8e2c242fca56a504,27.75,1,27.75,5.0,7.0,1,0,bronze
c2d79e2aec1562aee14ac1e8abee4c17,44.0,1,44.0,5.0,2.0,1,0,bronze
c2ddee887c6027dd5d19603be6cfc6c6,188.44,1,188.44,5.0,16.0,1,0,silver
c2e4df08e9cdfd0187e0350d62fd22eb,113.8,1,113.8,5.0,17.0,0,0,silver
c2ec8e4e0f711790eff8d0b7fa7fe316,97.58,1,97.58,5.0,13.0,0,0,bronze
c2eef4e8cfe88848c34e81a5cf62b4be,270.85,1,270.85,5.0,10.0,1,0,silver
c2f003b20b6c9473154ef8c7bdced5d2,77.57,1,77.57,4.0,18.0,0,0,bronze
c2f1bd7529dcb6abfa92705130fe3299,56.86,1,56.86,5.0,5.0,1,0,bronze
c2f70b70cc6c043ca2f6ac87c0510fac,67.3,1,67.3,5.0,7.0,1,0,bronze
c3011c677962bdd216780c9197d666f7,135.49,1,135.49,4.0,13.0,0,0,silver
c3086306842a35505c0d74c425b4dff0,140.08,1,140.08,4.0,4.0,1,0,silver
c31a0532ac4b77687d61f7fe1483d4a4,27.86,1,27.86,5.0,11.0,0,0,bronze
c31ec2564ecad02c5a6f4efc1d878680,137.93,1,137.93,4.0,7.0,0,0,silver
c324beae17c071a7d94b993a12cf39c5,284.33,1,284.33,5.0,6.0,1,0,silver
c3250286ba5655a8d4a12ded47a5348a,340.05,1,340.05,5.0,10.0,0,0,gold
c32b977180e9e5e029ecb18884ec8371,73.27,1,73.27,5.0,6.0,1,0,bronze
c33083d8e5fc4d5367286d199538c49e,80.15,1,80.15,5.0,5.0,1,0,bronze
c33680dce5ea39d46d1f5c3f6c30a120,177.69,1,177.69,5.0,7.0,1,0,silver
c339119ffacb794045508dd579fe8a8e,168.56,1,168.56,5.0,10.0,1,0,silver
c33bea47ddde78f6c98de4d261e2e4e1,34.71,1,34.71,5.0,4.0,0,0,bronze
c33e87f964dd578b02f7208c4bbf9260,817.15,1,817.15,4.0,3.0,1,0,gold
c34694138f70e4a8ce236efd0bf258df,74.36,1,74.36,5.0,1.0,1,0,bronze
c34db728261251fbd489eb0045f9d114,320.58,1,320.58,5.0,7.0,0,0,gold
c3510151fa915096c984929abdec3805,54.51,1,54.51,4.0,21.0,1,0,bronze
c3539311e5993f55cba7e6ec291fc2e3,135.09,1,135.09,5.0,7.0,0,0,silver
c3669397ae7ad263e1f3b47d7f2c4ce9,460.22,1,460.22,4.0,8.0,1,0,gold
c36acb527b8f2c464abd036b879f4ec8,354.9,1,354.9,4.0,6.0,1,0,gold
c374dc8c48a3edc15dc8bcd4aaeb67be,576.55,1,576.55,5.0,12.0,1,0,gold
c375bfda01d6951d71d1dcbb50b13ad3,94.21,1,94.21,5.0,10.0,1,0,bronze
c37f529bed2058784033a0ea12498852,116.23,1,116.23,4.0,3.0,1,0,silver
c3807b5e102688c2dde01ce0292c7aa8,71.8,1,71.8,3.0,13.0,0,0,bronze
c3818f2a1aa9b856afa2cc5adf8e97b7,243.36,1,243.36,5.0,16.0,1,0,silver
c38301e466361fa062d52d47d4e57788,45.86,1,45.86,4.0,4.0,0,0,bronze
c3856a5af4849986cdf5caadd0b4513c,108.79,1,108.79,1.0,4.0,1,0,silver
c3916df18d7c45ecc6abda23a7d2b272,445.64,1,445.64,1.0,37.0,1,0,gold
c3a1aa867de7bbc426695e756107ed38,137.56,1,137.56,5.0,11.0,1,0,silver
c3a7e076f7c03a272a069709bed9c93c,148.72,1,148.72,4.0,4.0,1,0,silver
c3a9ab6f69283de93ff7d0ce244a3c67,293.07,1,293.07,5.0,2.0,1,0,silver
c3aac0f3675a314a924cb484549447c5,443.17,1,443.17,5.0,6.0,1,0,gold
c3b1652b28fd90f007ac0319804f6c91,144.96,1,144.96,5.0,18.0,0,0,silver
c3c223cb6c2815575f6011ba39740afc,259.68,1,259.68,5.0,24.0,0,0,silver
c3cfb1f45e6904590b3d372ff6bee982,52.27,1,52.27,4.0,4.0,0,0,bronze
c3e2e101197c3acccdd1d2a7618c6a73,67.6,1,67.6,4.0,24.0,0,0,bronze
c3e59cb3cbc7ca4c864a9e57b1bc5c70,46.54,1,46.54,1.0,8.0,0,0,bronze
c3efe0b571f026b449ffbe6b0bb969a4,30.71,1,30.71,4.0,20.0,0,0,bronze
c3f3b3aec6ab1645b825e2b7031cfd43,135.92,1,135.92,5.0,12.0,1,0,silver
c3f7911748266b7104437136d6878a2e,55.01,1,55.01,5.0,10.0,0,0,bronze
c3fd468e781ba344415ee191377bbb96,145.15,1,145.15,4.0,13.0,0,0,silver
c4044b3ce2b3dd4f86cee01c54dfd44d,77.89,1,77.89,4.0,20.0,0,0,bronze
c4053ab276391fff6ac7736873cfc950,41.5,1,41.5,5.0,2.0,0,0,bronze
c413c967f0229c9c432d19767feb3cb2,201.54,1,201.54,5.0,17.0,0,0,silver
c41de67256519b4440a8b7343f4f7bab,241.39,1,241.39,5.0,6.0,1,0,silver
c42370c8c7d472cdbb4b89c52d74217c,61.75,1,61.75,5.0,7.0,1,0,bronze
c42b61350054a2824e36efd963b690a3,152.77,1,152.77,1.0,24.0,0,0,silver
c42b9e935256a28bcf4cf95a632f8842,130.11,1,130.11,5.0,25.0,1,0,silver
c42eabb2c98facea2b97066ebea48409,40.65,1,40.65,5.0,10.0,0,0,bronze
c4320fbd4bc46bc041e8c2b703a05cd6,194.48,1,194.48,3.0,0.0,0,0,silver
c444c7c4b0de93c29af05dea038a08cb,221.96,1,221.96,5.0,15.0,0,0,silver
c44eb6a87b4afdced0450af75a48eb20,394.54,1,394.54,5.0,6.0,1,0,gold
c44f87635ee8363a53bfdd58011f72c8,136.6,1,136.6,5.0,13.0,0,0,silver
c45221bb4573f66bdd4daf43fe2d4b3b,37.37,1,37.37,5.0,1.0,0,0,bronze
c457245989f08dd0359f5cc3ff904893,169.23,1,169.23,5.0,13.0,1,0,silver
c45bca52946a193b21364ad877e60342,67.96,1,67.96,5.0,10.0,0,0,bronze
c4696db7fbedd4ebff6dc11a6d4fe3eb,386.35,1,386.35,3.0,,1,0,gold
c477304765a1b704673e5f4a5bc6e895,31.71,1,31.71,5.0,8.0,0,0,bronze
c47eb0052de2c7c5cb0b55f5f7b86b75,84.59,1,84.59,5.0,12.0,1,0,bronze
c480cddaa773445915dcbf23b1fdb450,35.77,1,35.77,5.0,7.0,0,0,bronze
c48466ed1f411eed0a0798f2388ccaf4,84.18,1,84.18,4.0,3.0,0,0,bronze
c4848464c7d1696de363b6ef59f6eedf,62.91,1,62.91,5.0,5.0,0,0,bronze
c4886396b3611751be07179df0696331,41.62,1,41.62,5.0,8.0,0,0,bronze
c48b56da021ee338f55ae79297f042b5,80.49,1,80.49,4.0,2.0,0,0,bronze
c49760f3652f57abae1908ae0a452350,235.7,1,235.7,1.0,7.0,0,0,silver
c498826286bdf04d6eb8a4b29f09cca3,75.77,1,75.77,4.0,15.0,0,0,bronze
c4a7383de0a165092b86ba87260441df,110.0,1,110.0,5.0,8.0,1,0,silver
c4a87a3fd16aef88625ffe96a358089b,274.98,1,274.98,5.0,5.0,0,0,silver
c4aaf56cb82d8cafad1c2281fd3e3bd3,98.53,1,98.53,5.0,3.0,1,0,bronze
c4ab594d69b7bea6181f097efc6d2d50,133.68,1,133.68,1.0,16.0,1,0,silver
c4ad2cc1cab80dd3e916573b773cdfcc,124.35,1,124.35,5.0,10.0,0,0,silver
c4af082fb0ba076bb96828135834f60c,137.99,1,137.99,2.0,47.0,1,0,silver
c4b3fb0afd96e4c8c71544058d5abf6e,210.02,1,210.02,1.0,20.0,0,0,silver
c4b8822f61acaef4c35b95a6372a0dd5,268.88,1,268.88,5.0,26.0,1,0,silver
c4ba7e07879b1e3547efb4ec43c20b0d,92.39,1,92.39,4.0,6.0,1,0,bronze
c4bc1ea5188b1d194cddfd732e90bff1,222.68,1,222.68,2.0,39.0,1,0,silver
c4bcf5edf1465db8a5400f8d4dd601a2,46.13,1,46.13,5.0,23.0,0,0,bronze
c4c08ab2afba13d215da7d3ab31859f1,323.72,1,323.72,1.0,41.0,1,0,gold
c4c49bb84c2b1cdcd7980ef859718d05,148.06,1,148.06,5.0,7.0,1,0,silver
c4ca8994984553d0b0fcf2d989033118,97.98,1,97.98,4.0,4.0,1,0,bronze
c4cb3db2617e63350cc99480a8a62c45,46.69,1,46.69,4.0,2.0,1,0,bronze
c4cde13ddd6e44749f5b0f4372f82542,37.77,1,37.77,5.0,7.0,0,0,bronze
c4ce884d80af81a83b7646e4d39d8085,173.74,1,173.74,4.0,20.0,1,0,silver
c4d9283195f6ed693c3ec224f26f9101,76.17,1,76.17,5.0,8.0,0,0,bronze
c4d97ae02f462bc5e0733b1cb84156d3,108.05,1,108.05,5.0,3.0,1,0,silver
c4dc608f01a1f50ac458d2ed8c1c01d4,61.63,1,61.63,5.0,20.0,1,0,bronze
c4dca6b71b0cc0ef06da1ba617d0bfd2,53.5,1,53.5,3.0,40.0,0,0,bronze
c4e2475e00e1b2f1a420b39d13b3f208,96.65,1,96.65,1.0,5.0,1,0,bronze
c51163cdd2b6424a8da364d10874d7e2,47.69,1,47.69,4.0,7.0,1,0,bronze
c515f063c76c71b6152b6dc08896c671,144.22,1,144.22,5.0,29.0,1,0,silver
c51602484e19f0ed504f3999b43e6db4,160.2,1,160.2,5.0,17.0,1,0,silver
c51a1ea9fa9851c70f89d1178c861150,118.26,2,59.13,3.0,10.5,0,1,silver
c52b04ccada9ec1baabcb4853e8a212d,142.92,1,142.92,5.0,10.0,1,0,silver
c52d0546d8510eee1e028d3a61e2c53f,103.65,1,103.65,5.0,7.0,0,0,silver
c531b6e663b7e78227a7cd650ab22db1,266.49,1,266.49,5.0,9.0,0,0,silver
c53429ee38cdecc5867ac690de66ab38,61.4,1,61.4,4.0,6.0,0,0,bronze
c546454389e6db383531db164a409959,38.19,1,38.19,4.0,5.0,1,0,bronze
c5487f0ac317c36e91ca6355ddec021f,103.54,1,103.54,5.0,4.0,0,0,silver
c54b688917ba01fd1529c189c1f593d3,36.75,1,36.75,5.0,9.0,0,0,bronze
c560d6a7efa9df6439f6b7c9940a1667,72.43,1,72.43,5.0,14.0,0,0,bronze
c5625fa8d6771a8ce6c260494197b5d1,22.54,1,22.54,,6.0,0,0,bronze
c58d40ab43dba3cbddf86312743be362,77.55,1,77.55,4.0,15.0,0,0,bronze
c598f4e0b9212af1836ec4027eb36c19,208.87,1,208.87,5.0,5.0,1,0,silver
c5996b566f3eef42e8de705479c6f8cf,44.35,1,44.35,5.0,7.0,0,0,bronze
c59a973e3f2aa9b5bf48c47aea234488,128.1,1,128.1,3.0,7.0,1,0,silver
c5a2c5b988459060be5f07e0a4c01a98,124.07,1,124.07,5.0,16.0,0,0,silver
c5a2e92bbe86665e7d28cff81737e94f,194.12,1,194.12,5.0,18.0,1,0,silver
c5a4367eb2925eab85a8bd7ba34a7e42,167.64,1,167.64,4.0,6.0,1,0,silver
c5aaeec244e8fec650f99e3a091f860c,100.33,1,100.33,4.0,6.0,1,0,silver
c5ac119ab2aa65ff15488f1cca9a13d5,595.3,1,595.3,4.0,42.0,1,0,gold
c5c1e277e48ae53423c6e0b0ed430290,153.9,1,153.9,5.0,10.0,1,0,silver
c5d50ca6add3a55d9db4261a1dd074d5,778.27,1,778.27,5.0,9.0,1,0,gold
c5e04d2fe00cdad3c541268baa284553,144.31,1,144.31,5.0,11.0,1,0,silver
c5e94cf711798a7bdde48952d2b3ee28,293.36,1,293.36,5.0,9.0,0,0,silver
c5ea985ee9f8e60eb2c8461c7ec7aac1,72.54,1,72.54,5.0,32.0,0,0,bronze
c5eb2c6dfde09c4abc054526ed8a728d,60.09,1,60.09,4.0,19.0,1,0,bronze
c5f654df41f8e436e97ce72ad3df2825,298.99,1,298.99,1.0,,1,0,silver
c6133cd953fb7d6c7c74e251cca5201d,62.01,1,62.01,1.0,12.0,1,0,bronze
c61749ca6db1c427aafc3f4345d79f35,85.14,1,85.14,4.0,8.0,0,0,bronze
c61a102ea9a78d4b4f148453fdc09d43,38.42,1,38.42,1.0,9.0,1,0,bronze
c61a1e498995d4fe0e340ff5ca65ffdf,88.89,1,88.89,5.0,6.0,1,0,bronze
c620bb6fa0152207cc1258d7360e16aa,126.68,1,126.68,5.0,16.0,1,0,silver
c620c34022f164f5d7c7ff3f60ec611f,116.82,1,116.82,5.0,2.0,0,0,silver
c62c0bf678e72761c14d71793c64136e,246.35,1,246.35,5.0,9.0,1,0,silver
c62ccb7adc9ea2a094c7c8eabb03442d,17.86,1,17.86,3.0,10.0,0,0,bronze
c63065a808f00075eaa83617705789dc,289.04,1,289.04,5.0,13.0,0,0,silver
c631a16cbd5fabdc9c15f28e1ece5900,108.51,1,108.51,1.0,2.0,1,0,silver
c63865aca3d7bec634208927975a5301,32.21,1,32.21,5.0,11.0,0,0,bronze
c638851263c217613ddd697942c84fe4,51.01,1,51.01,5.0,22.0,1,0,bronze
c63a8c4fb13043a3fbe33bd17c69d17d,33.94,1,33.94,5.0,11.0,0,0,bronze
c63be5026fe913c4ab8f75cb3ba887ed,97.21,1,97.21,5.0,5.0,0,0,bronze
c63c0b1ccd9e3a6c8ddd1a52c4ede43d,115.9,1,115.9,1.0,12.0,0,0,silver
c63f9270c652dda1dc296042e4527788,26.29,1,26.29,5.0,1.0,1,0,bronze
c641236d7fd2541fd5f70fdb10a9cda0,26.19,1,26.19,5.0,13.0,0,0,bronze
c6427022dca698735b975d8abf0214cc,87.58,1,87.58,5.0,7.0,0,0,bronze
c644c379a96ef9468f073699ae37a84b,29.74,1,29.74,5.0,12.0,1,0,bronze
c64d55d7bbbddca08ef95b818ff81a66,188.77,1,188.77,1.0,9.0,1,0,silver
c65442cdf05df52c3704ff7bb95d827d,49.42,1,49.42,5.0,2.0,0,0,bronze
c657a8944f0b0d7a561e0d661c75fcf6,51.03,1,51.03,5.0,4.0,1,0,bronze
c659555d236402154ee432b609c2017d,123.18,1,123.18,4.0,17.0,0,0,silver
c668d3f3047f8c06b74eaec4e878e481,119.6,1,119.6,5.0,10.0,1,0,silver
c672c78ba400adf4deb64f3aedf65cb0,57.46,1,57.46,3.0,17.0,0,0,bronze
c678d472ff772abbcf42a4d6590046ec,571.81,1,571.81,3.0,,1,0,gold
c68a95b096e94c5c6e1f47c06d847171,62.06,1,62.06,2.0,18.0,0,0,bronze
c68b9c4617085e592c949734e98c43fc,147.28,1,147.28,3.0,27.0,1,0,silver
c68ffc361044816323eebe6a756f3060,209.49,1,209.49,5.0,13.0,0,0,silver
c691a79acf53373763ed547bb1c6dc8d,89.36,1,89.36,5.0,19.0,1,0,bronze
c69959e16673ae5f9c12ba710a3110a5,108.0,1,108.0,5.0,8.0,1,0,silver
c6a33c46fa9bb38f09cf2fe802486203,58.13,1,58.13,5.0,9.0,0,0,bronze
c6a6215b98eca2c8a4d713555ee95c97,81.53,1,81.53,5.0,13.0,1,0,bronze
c6b482cd350f5dc9a48ec4c1292c72bd,41.18,1,41.18,5.0,25.0,1,0,bronze
c6badd3aeda17c4835f1c40f75853e47,173.49,1,173.49,5.0,4.0,1,0,silver
c6bb34817267e10fd97c0b59aba74ac7,153.7,1,153.7,5.0,6.0,1,0,silver
c6be0cc10d1e3fe802b0b63599b59c1b,238.41,1,238.41,5.0,7.0,0,0,silver
c6bf96b6f53aaff41721884ab3067f15,65.44,1,65.44,5.0,9.0,0,0,bronze
c6c14d6b02b35ffe185803db2ed6c370,218.11,1,218.11,5.0,7.0,1,0,silver
c6c59862bc2551896d1f07e5db04d95d,51.59,1,51.59,2.0,14.0,0,0,bronze
c6cc35f352f309959232a97ec4317572,59.16,1,59.16,5.0,1.0,1,0,bronze
c6cf1ed78ca8278d606d4883f0640f19,112.69,1,112.69,5.0,21.0,0,0,silver
c6e03a8f511b7765fd06c2bcf591f9e7,305.79,1,305.79,2.0,8.0,0,0,gold
c6e5604411ca9bb2191ac36f66f7056e,88.59,1,88.59,5.0,21.0,0,0,bronze
c6e5e7192bb1b04db14cc0bc5068daa4,37.83,1,37.83,5.0,4.0,1,0,bronze
c6e818fd9d2e848a51e4e213d658d466,80.37,1,80.37,3.0,9.0,0,0,bronze
c70a748181b0ad35dabfa861d6a73464,43.28,1,43.28,5.0,1.0,0,0,bronze
c71792e0cbb396e0a77258f474d971ab,141.14,1,141.14,5.0,13.0,0,0,silver
c731a46dd44dfe456ccfa8968206943d,158.98,2,79.49,5.0,7.0,2,1,silver
c735c714dbe80672320182bb48bba3ba,363.76,1,363.76,1.0,9.0,1,0,gold
c742460de9dfeb363b9f7dec701f45b8,176.78,1,176.78,3.0,25.0,0,0,silver
c758dd4fe61c38dc6fd93fdfdfec0b0c,295.7,1,295.7,5.0,14.0,1,0,silver
c75ea04d55a5c6681619813b75ee0215,122.7,1,122.7,4.0,9.0,0,0,silver
c75faed9d836e194e6794d9471b8d1a2,92.5,1,92.5,2.0,17.0,0,0,bronze
c76a5e4a90af9c01a66ae893c261a94e,33.23,1,33.23,3.0,8.0,0,0,bronze
c76c2f735174b04b921f97febb4dc8d7,37.61,1,37.61,5.0,11.0,0,0,bronze
c76dbe63126a89c815fe9716acfdb4a1,50.5,1,50.5,5.0,11.0,1,0,bronze
c77080f4ce714a19f165e5564cd74875,169.0,1,169.0,3.0,11.0,1,0,silver
c7747e77c94485049c81a1f6ed23b446,251.68,1,251.68,5.0,24.0,0,0,silver
c77a1acd947a35fa2738c22f371645c2,159.56,1,159.56,3.0,7.0,0,0,silver
c77dcf1fc66bff10f3dfc9a8113a995b,439.05,1,439.05,5.0,8.0,1,0,gold
c781b8a6d69bb1d34c9a1392255bc0ea,213.79,1,213.79,5.0,12.0,0,0,silver
c7857120b6ce21cfc0a1654d4397eb9e,32.66,1,32.66,5.0,16.0,0,0,bronze
c78e3a3e15b713c2c6e17c8377c3e7b1,66.73,1,66.73,3.0,16.0,1,0,bronze
c7933dccab945c35bc980f4035aa0e8a,58.22,1,58.22,5.0,7.0,0,0,bronze
c7b06711a01c6120b23f584005cf7613,185.11,1,185.11,5.0,14.0,0,0,silver
c7b11bae00fa4158c2be0764bf976ccd,82.97,1,82.97,1.0,,0,0,bronze
c7b3b58a202994feaa5f25914fe976dc,93.63,1,93.63,4.0,19.0,0,0,bronze
c7bfe64ba6a8b62b1ec8212438caaddf,175.64,1,175.64,5.0,11.0,1,0,silver
c7c19110042036e6266adc998cbf1289,155.05,1,155.05,4.0,19.0,1,0,silver
c7c3eedff26a02e080ed5c0139e54c96,267.38,1,267.38,1.0,13.0,0,0,silver
c7ca47747878996a42d992f15dcf023c,18.36,1,18.36,5.0,1.0,0,0,bronze
c7cbe3ca58f40994983d42d31da51f81,42.27,1,42.27,5.0,6.0,0,0,bronze
c7cc16762ed76df489e315d56eb1a031,237.36,1,237.36,5.0,22.0,0,0,silver
c7cd7684e4c3d80651bca76f2e7d9b7b,41.84,1,41.84,5.0,14.0,0,0,bronze
c7cf316c752d0adbf0d47feed7fdd0ef,381.53,1,381.53,2.0,4.0,1,0,gold
c7dacbbdd8c3c31ce825a3bfbd5fd8e7,146.88,1,146.88,5.0,22.0,0,0,silver
c7f8d7b1fffc946d7069574f74c39f4e,50.35,1,50.35,3.0,,0,0,bronze
c802e50d933f12271605d5fe61f36caa,21.43,1,21.43,5.0,6.0,0,0,bronze
c803385049057260f738c18c12749747,97.68,1,97.68,4.0,13.0,1,0,bronze
c805d969977d7ba4ed36181f6e821603,68.12,1,68.12,3.0,13.0,1,0,bronze
c80be11050fb6b795e47ccb7b0467f9d,68.16,1,68.16,3.0,5.0,0,0,bronze
c818ec5c41404938a0bec244f3f81cbf,90.17,1,90.17,4.0,23.0,0,0,bronze
c81c9108cffad3027309e6f0ff327de4,42.51,1,42.51,5.0,2.0,0,0,bronze
c82564ca0ebfac848d21f6a34b2d1e44,240.73,1,240.73,3.0,10.0,0,0,silver
c82e52cd65104e9b85f0eb9e1ecd886e,32.37,1,32.37,5.0,9.0,0,0,bronze
c82e728a76f784230c3b9e9a1a8fb055,444.23,1,444.23,5.0,26.0,1,0,gold
c82fcd6d4d15d0b52c8dad81603e46f8,234.72,1,234.72,1.0,12.0,1,0,silver
c8357179696e6ff367cc2f97532a491c,105.22,1,105.22,4.0,21.0,1,0,silver
c840f9f9c5d330ff128d68d8fd543ed0,67.13,1,67.13,4.0,6.0,0,0,bronze
c844fe1be37e165a5fc633c9d7889799,205.54,1,205.54,2.0,12.0,1,0,silver
c84863dabec85ae0615fd0d48e406ff6,50.34,1,50.34,4.0,7.0,0,0,bronze
c849085aa9f5d4af92baaa56a112d686,54.19,1,54.19,4.0,6.0,0,0,bronze
c84c181b8a6b3bd195f64cb1b0e40c34,87.47,1,87.47,5.0,7.0,1,0,bronze
c851f70413e20381390ddb28a135f676,577.0,1,577.0,4.0,17.0,0,0,gold
c8527d7891e1b7544ee5af8f3cfbbacf,217.15,1,217.15,5.0,7.0,1,0,silver
c8592d5ae5bde92205a4eedb41d9455e,275.56,1,275.56,,,1,0,silver
c8639255be49cc9a738ca337bcf2833f,1675.71,1,1675.71,4.0,20.0,1,0,platinum
c863f613022e5ce024c630ffa65ab51d,171.34,2,85.67,4.5,8.0,2,1,silver
c8739439502c8d2219ee81f198ad5a1d,75.29,1,75.29,5.0,11.0,0,0,bronze
c87bae723aa2dcb8776c9b171db898ac,62.47,1,62.47,3.0,11.0,0,0,bronze
c87e6bc73afbc7838281b585639835a9,57.82,1,57.82,5.0,27.0,1,0,bronze
c8822fce1d0bfa7ddf0da24fff947172,95.76,1,95.76,5.0,12.0,0,0,bronze
c8879b82433186c4f4a94344384c840f,53.24,1,53.24,1.0,8.0,1,0,bronze
c88d886ca8a1b9bd1a01e4e4bfe40781,251.29,1,251.29,4.0,12.0,0,0,silver
c89b42500fc74b028d6f5ccdfb3d5358,185.43,1,185.43,2.0,26.0,1,0,silver
c8a610514f8a0c1ec2ff86b24989cf0b,38.99,1,38.99,4.0,4.0,1,0,bronze
c8abffe7e68de3d6c4b6dd6d4c320dd4,32.29,1,32.29,5.0,3.0,0,0,bronze
c8bf3f66826d35871ede2b81ddd16389,82.56,1,82.56,5.0,8.0,1,0,bronze
c8cae6305e45b06018aa53b56c048ecb,279.7,1,279.7,5.0,10.0,0,0,silver
c8cfa46e5d1f306b819532624342debb,78.2,1,78.2,5.0,2.0,1,0,bronze
c8d499fd34360bfb33eb2d7dab386445,113.62,1,113.62,4.0,6.0,0,0,silver
c8d59d5edb075226a3266b61fdab3925,86.74,1,86.74,,,0,0,bronze
c8d832b1e6f4aa662d0fefabfca04265,1384.73,1,1384.73,1.0,,1,0,platinum
c8dd9f997f6c6d0765c75a0cc0b72a7d,66.38,1,66.38,2.0,2.0,0,0,bronze
c8e6353cdefabcd9ef58240358e5f6b1,30.22,1,30.22,3.0,10.0,0,0,bronze
c902f3ef39179b58e803da196af3467a,47.81,1,47.81,5.0,22.0,1,0,bronze
c9078918b2b196cb006c38e256c0ebd7,61.73,1,61.73,5.0,3.0,1,0,bronze
c90ba74656203f81d15fc73a18ab9944,82.25,1,82.25,5.0,7.0,1,0,bronze
c90e48690d479db6bd7fde249e50aa50,39.6,1,39.6,4.0,16.0,1,0,bronze
c9150dc2fc39a6ae1e1e74678d914fa0,77.57,1,77.57,4.0,19.0,1,0,bronze
c9158d089637ab443c78984d20da7fc0,72.66,1,72.66,5.0,10.0,0,0,bronze
c9274db092d410f328938be7b5fd4329,65.0,1,65.0,5.0,4.0,0,0,bronze
c92d5c6cd5ac022f6dfb15d4055f9b3c,328.41,1,328.41,4.0,16.0,1,0,gold
c931bb3ad6ae15130b8553d01de249b1,117.85,1,117.85,3.0,33.0,1,0,silver
c935703df1496c229e3754ab0721a69d,47.59,1,47.59,1.0,6.0,0,0,bronze
c93814295d455ae71ce3ac1ad4b5b282,151.69,1,151.69,1.0,1.0,1,0,silver
c939b3e07fdf6ae8ff15df63db12e56f,79.56,1,79.56,4.0,9.0,0,0,bronze
c942abf01919701c539ac21e33c371c3,374.15,1,374.15,5.0,19.0,1,0,gold
c944b21845d277728556153ba077863c,47.75,1,47.75,5.0,25.0,0,0,bronze
c94878ba8984da578f5b2674727fd748,115.44,1,115.44,5.0,13.0,0,0,silver
c94a4fd71d10049438367c2a3f6b695a,212.98,1,212.98,4.0,10.0,0,0,silver
c9639edb9f341546c199eabecab7b863,136.37,1,136.37,5.0,5.0,0,0,silver
c965cd21c2063af61fc73be37d54d8b9,171.06,1,171.06,5.0,23.0,0,0,silver
c96c913406fc838201b0f128a2e34b9d,51.0,1,51.0,1.0,39.0,0,0,bronze
c96f5b413d24be67b098846784c2fc60,231.79,1,231.79,4.0,7.0,1,0,silver
c9759f28cbd5e36b7323debd40ff7bf6,270.19,1,270.19,5.0,11.0,1,0,silver
c97d81c9893fd580a861d932c289386c,166.44,1,166.44,4.0,7.0,1,0,silver
c980d28584f9774323868861ad8e0356,159.6,1,159.6,5.0,7.0,1,0,silver
c9864f4701491e0dd2d49c0c8a7e98eb,63.7,1,63.7,1.0,9.0,0,0,bronze
c98fcf1459bc9da1fa720de0d1241def,136.3,1,136.3,,14.0,1,0,silver
c9a7082c7fcd2d95243b4c971e996abc,52.07,1,52.07,1.0,6.0,0,0,bronze
c9a91bec3bfa5993c6560e6dd6bb5beb,263.95,1,263.95,4.0,18.0,1,0,silver
c9b1fefb2abaaef18c6a3009b1e18cba,373.79,1,373.79,1.0,1.0,0,0,gold
c9b33c9f1440ff1ebc8d4fe9b182614e,1759.04,1,1759.04,5.0,12.0,0,0,platinum
c9bcd3bb05c8a869930059aa5f2c2893,139.62,1,139.62,3.0,7.0,0,0,silver
c9cc1db7d87ab8d292dca31e5f1d6d01,201.04,1,201.04,5.0,13.0,1,0,silver
c9d1abc0b230150138b5716c0f5720db,682.14,1,682.14,5.0,23.0,1,0,gold
c9d7e6e0c6eaa74de5ba8d684240260b,42.68,1,42.68,5.0,3.0,0,0,bronze
c9e624a30509620ca617aa7215934702,142.81,1,142.81,5.0,8.0,1,0,silver
c9e92e654a37c868e12e07ee6698f765,28.59,1,28.59,5.0,6.0,0,0,bronze
c9ec7638cb8f2dd8e4439fa8374d89e4,51.05,1,51.05,5.0,23.0,1,0,bronze
c9ed110b8918fcd831073636349e79a3,79.63,1,79.63,5.0,5.0,1,0,bronze
c9f52d499ff007c22b169c6fa9b0490a,732.68,1,732.68,1.0,16.0,0,0,gold
c9fdc0702149166bea1315c51eff507d,90.55,1,90.55,5.0,14.0,1,0,bronze
c9ff95ec8ee314da72d3b0bbea265616,317.85,1,317.85,5.0,19.0,0,0,gold
c9fff85f2617b8e1a78142aa11ee962f,121.72,1,121.72,4.0,8.0,1,0,silver
ca072da22ab6c6a14608c9d12c00595c,119.18,1,119.18,1.0,,0,0,silver
ca16f5d8e953482d92b1989c98c5e9cf,144.96,1,144.96,4.0,17.0,0,0,silver
ca1de4d44721fe19fcec76ddf762bec9,103.59,1,103.59,5.0,7.0,0,0,silver
ca3b7b63c1de7436540ff39d52ffe9ff,229.2,1,229.2,1.0,,1,0,silver
ca417d44a4805e097ba1635f6d924d64,58.99,1,58.99,5.0,6.0,1,0,bronze
ca456b58534be99055e50781fe92b780,140.08,1,140.08,5.0,9.0,0,0,silver
ca49534fcedb73b42c18dbd99b0a0d22,65.84,1,65.84,1.0,,1,0,bronze
ca4a283fddc866a53908a24399a7c711,307.5,1,307.5,5.0,16.0,1,0,gold
ca55f9ebddc988ee65f4dea1a93ebc98,84.72,1,84.72,5.0,3.0,1,0,bronze
ca62a2278969324ffe26da3e5704d0d4,241.73,1,241.73,4.0,19.0,0,0,silver
ca6d9bc2e717c2a0aa19d77a3bfa5398,419.04,1,419.04,1.0,35.0,1,0,gold
ca7e51a36f9ace4d07d6548599785bab,73.34,1,73.34,4.0,6.0,0,0,bronze
ca7e72cf5f23b5400bf974e750f80964,616.5,1,616.5,4.0,10.0,0,0,gold
ca803e020942e8a6c8db6489a16ebc59,27.68,1,27.68,2.0,6.0,0,0,bronze
ca9806cbb76d206bcaf866f3e42d3879,45.13,1,45.13,1.0,38.0,0,0,bronze
ca9c872ff351c13170799947cc11c044,45.01,1,45.01,4.0,20.0,0,0,bronze
ca9d4400d59992c0540b0cdd6dd7a35e,107.87,1,107.87,4.0,16.0,1,0,silver
ca9dde733a9274ed9bea93b8418eaac3,129.73,1,129.73,3.0,16.0,1,0,silver
caa4b40016f572564c80c3e6328c3b3d,41.23,1,41.23,5.0,12.0,0,0,bronze
caa82063c22259dc33023f5368f77220,108.0,1,108.0,5.0,16.0,0,0,silver
caaed4ff7d0bd323d5b4cd26eff11aef,105.95,1,105.95,5.0,6.0,0,0,silver
cab5ecc01e69aac95f48b619eb40a882,98.16,1,98.16,4.0,19.0,0,0,bronze
cab88505ad6b31d02081fa42b34c1d24,456.91,1,456.91,5.0,7.0,1,0,gold
cab8ad6cfba53394c2b45ceb87275f3e,585.64,1,585.64,1.0,8.0,0,0,gold
caca4ee1e654062eeef97972b8e24807,138.6,1,138.6,5.0,8.0,0,0,silver
cacad11a562b7c7537343abbeebd12f0,25.78,1,25.78,5.0,7.0,0,0,bronze
cacffd69b708014eebf2eaa39051db45,67.59,1,67.59,5.0,9.0,1,0,bronze
cad0b5d8a75081b5002037533074faec,69.12,1,69.12,5.0,7.0,1,0,bronze
cad866eab1628578662eaae61403149e,99.77,1,99.77,5.0,6.0,0,0,bronze
cae14ea8812722c8e64c768a30821b53,150.83,1,150.83,4.0,10.0,1,0,silver
cae76dd4d838ce8f3f152baf0784c9b1,153.14,1,153.14,4.0,19.0,1,0,silver
caeb1308506f1e45d3cb60c8836223b6,31.77,1,31.77,5.0,6.0,1,0,bronze
caefc77a8afe553358eabe1d28061b5f,39.39,1,39.39,1.0,18.0,0,0,bronze
caf275848cfa258e061236550f1e4fc0,173.67,1,173.67,5.0,7.0,0,0,silver
cb01dec8c9d61f6463b9821f1c1aca05,197.7,1,197.7,5.0,23.0,1,0,silver
cb0410a1b5e5e502a96d0f38c71b4293,319.57,1,319.57,5.0,4.0,1,0,gold
cb051da0b46e6c5a2584033a82356b8d,52.43,1,52.43,5.0,7.0,0,0,bronze
cb0a368f530b99e9016493d37fbd52ef,66.54,1,66.54,4.0,5.0,1,0,bronze
cb0d2541dfc8082ff7154d5b2d66dab4,160.21,1,160.21,5.0,10.0,1,0,silver
cb0f538c57d5d90b59f191d40e606634,54.37,1,54.37,5.0,16.0,0,0,bronze
cb1b90ee9eb5be76597df19651c6b82d,79.33,1,79.33,4.0,1.0,0,0,bronze
cb1b9194a78b53f195aaeef925441670,26.39,1,26.39,5.0,3.0,0,0,bronze
cb2d91d129a0a3cab85e25d446a710a1,364.78,1,364.78,5.0,11.0,1,0,gold
cb2f7536c5a771fe4855342a6a488298,66.67,1,66.67,1.0,37.0,0,0,bronze
cb36d0f12c99d07935b706269045f613,99.75,1,99.75,5.0,7.0,1,0,bronze
cb393dbdd89179066ba265209256debe,156.0,1,156.0,4.0,11.0,1,0,silver
cb57be427d5e8c06c10cdd1540df1e00,194.91,1,194.91,1.0,31.0,1,0,silver
cb5c2926577bca24141260d0fd814ad1,34.36,1,34.36,4.0,6.0,0,0,bronze
cb5d14426ba66f929f72e01bb92fc3cf,264.06,1,264.06,5.0,6.0,1,0,silver
cb5e3100153f9a6abab5b2402814d881,231.27,1,231.27,5.0,7.0,1,0,silver
cb79096fc4f1e5476592e428b12eb7ad,124.13,1,124.13,3.0,6.0,0,0,silver
cb7ff71b249d7bff7b81a5fe2e0a1a70,377.31,1,377.31,4.0,2.0,1,0,gold
cb844046ab848696a40b6f6935314030,860.66,1,860.66,5.0,5.0,1,0,gold
cb87670fd0cb57edb5d5b8b31386e9a5,223.97,1,223.97,5.0,6.0,1,0,silver
cb8a48f552b6dfba01c3362d4eec7e79,117.57,1,117.57,5.0,8.0,1,0,silver
cb8c60bea46ab764494f484a7b275811,27.17,1,27.17,5.0,2.0,0,0,bronze
cb91b5b25e1e383e3b16135d40fef818,89.36,1,89.36,4.0,18.0,1,0,bronze
cbafc7b764ffa0db5a66e76ad760c7c7,75.53,1,75.53,4.0,8.0,0,0,bronze
cbb2892690ef7af0ef41ecce0c28cd73,165.71,1,165.71,5.0,16.0,1,0,silver
cbb3f1c2c7fcb5ba76bb3ea3b046f232,179.97,1,179.97,5.0,9.0,1,0,silver
cbb5ea8135bebd124f915078e9052c9f,432.48,1,432.48,5.0,7.0,1,0,gold
cbbff5fa68079209c77387cfbb3837fa,89.17,1,89.17,5.0,15.0,1,0,bronze
cbc71e02efb1d43b84f80b2a64d6013c,111.8,1,111.8,5.0,4.0,1,0,silver
cbc8cdd177ca382f628067cee8107104,289.86,1,289.86,1.0,5.0,0,0,silver
cbd87a98214ca2453df2bb7e141bd266,72.64,1,72.64,5.0,14.0,0,0,bronze
cbdc6920ffe137ac734bb5ae05842165,309.12,1,309.12,5.0,9.0,1,0,gold
cbdfec139ca5e856290eac54de24e600,183.64,1,183.64,5.0,3.0,1,0,silver
cbe0a91cf3a681a322429756a15a7885,108.88,1,108.88,4.0,6.0,1,0,silver
cbe5fa9ecd810beb2e6cf425f2f6a4ff,188.32,1,188.32,5.0,25.0,1,0,silver
cbe9a1e42dea534df8f2ca713bded65f,92.01,1,92.01,5.0,3.0,1,0,bronze
cbebce165db72a2bfba9e81a3411bdf7,39.25,1,39.25,5.0,8.0,0,0,bronze
cbeccbbd36ddd0bcdc38ed78bdf4df13,91.78,1,91.78,3.0,14.0,1,0,bronze
cbed4d504a35901fc8c4c0fd0339cf19,27.8,1,27.8,5.0,11.0,0,0,bronze
cbf07ee44904ae395525f61531440868,290.72,1,290.72,4.0,8.0,1,0,silver
cbf264f2bf7bf8a8651669ad2191bc4d,152.39,1,152.39,2.0,21.0,1,0,silver
cbfdc22c0c1294be63e5a4d62eb96193,181.66,1,181.66,5.0,8.0,1,0,silver
cbfea8784ce004f21bdb4aa7aa7ffbc0,119.53,1,119.53,5.0,12.0,0,0,silver
cc02224a63bfaa52e0007916dea1b669,310.28,1,310.28,5.0,28.0,1,0,gold
cc06bf1646c799223d5e13807aaf500a,137.89,1,137.89,4.0,28.0,0,0,silver
cc0a26893a3b8118462803ed814ddf4e,285.02,1,285.02,1.0,25.0,0,0,silver
cc0dcaa71d555618c00d37bf3672166e,147.38,1,147.38,3.0,18.0,1,0,silver
cc15a5b410ac9500584843500fcb827f,66.29,1,66.29,1.0,22.0,0,0,bronze
cc17c5ea1deeab0f2f1b8c7dd51c3ece,94.44,1,94.44,4.0,4.0,1,0,bronze
cc1c732ee15c432d060c876c7e9aec5c,378.74,1,378.74,5.0,8.0,1,0,gold
cc26b83039ed98a8314227f79ad6e257,79.33,1,79.33,3.0,1.0,1,0,bronze
cc2762041efdd86b816d7f9d560dc83a,196.68,1,196.68,5.0,10.0,1,0,silver
cc29c5497a58e634a860b219cdbcb2dc,44.35,1,44.35,4.0,8.0,1,0,bronze
cc2b5dc7472de6311802d34e484616ce,431.57,1,431.57,4.0,19.0,1,0,gold
cc2ece250c5699e811b557504549509d,120.91,1,120.91,5.0,5.0,0,0,silver
cc2fdb384d6a6e40a1de9427aa4a3a6f,69.32,1,69.32,1.0,19.0,0,0,bronze
cc30806e46501a4ee6f39db712313142,75.25,1,75.25,1.0,26.0,0,0,bronze
cc3efd5be0b76c230cab8634da2d41e7,66.96,1,66.96,4.0,6.0,0,0,bronze
cc441b75c79b4d8e52907b6e201764d0,44.2,1,44.2,5.0,12.0,0,0,bronze
cc47f99364c6a2b50a87c1bbb3e4f0f8,94.39,1,94.39,4.0,20.0,0,0,bronze
cc4ab3ff24f7421140ee31cbccc64d1f,163.97,1,163.97,5.0,19.0,0,0,silver
cc5aa1b8337e394da54980226bb0f6d4,74.16,1,74.16,4.0,8.0,0,0,bronze
cc5ae8d06cdca41a323c283655e1b6f9,60.69,1,60.69,2.0,29.0,1,0,bronze
cc5e7024e7bc26facf591b668e1610ce,140.56,1,140.56,4.0,6.0,1,0,silver
cc7875dcfde496579ff7d10d2e2ea070,98.63,1,98.63,5.0,13.0,0,0,bronze
cc89f289f5406db0da4a173b8ca74dd1,157.7,1,157.7,5.0,15.0,1,0,silver
cc8a485dec0c96e8af46d083e946ae25,247.98,1,247.98,5.0,18.0,1,0,silver
cc8a542e6981b02d26c0414316a42e09,69.9,1,69.9,5.0,21.0,0,0,bronze
cc8d50ccd3e48dd753091820612f87c2,43.22,1,43.22,2.0,12.0,0,0,bronze
cc8e5ca7b38506fa626340b3c84b6d89,76.41,1,76.41,5.0,8.0,1,0,bronze
cc91e994f48d1b16c6264a3eb44a289c,162.83,1,162.83,5.0,10.0,1,0,silver
cc9e620e6696dce1f29a24c07a0ab5e3,243.16,1,243.16,1.0,9.0,1,0,silver
cca0adec0a3b226a6f181d73f4387aed,74.51,1,74.51,5.0,6.0,0,0,bronze
ccac60f32a34ddb32ec83b247c3a68c6,51.34,1,51.34,5.0,12.0,0,0,bronze
ccacb2d2c7e00b77c81f59ab13b8415c,155.65,1,155.65,5.0,8.0,1,0,silver
ccae9f7536507bb1dce9837c143ae20b,400.03,1,400.03,5.0,11.0,1,0,gold
ccb8c6573d8e10c8ebe612485be0c8f4,325.33,1,325.33,5.0,6.0,0,0,gold
ccd47fd96a99cdd5e022168e70a2ce2d,45.0,1,45.0,5.0,8.0,1,0,bronze
ccd67a1271a7014317f809a362a9c343,189.15,1,189.15,4.0,26.0,1,0,silver
ccd78f91a99ea36a352433913577d3ad,52.84,1,52.84,1.0,9.0,0,0,bronze
ccd9fc8fd74bc87817d864a5dfc1bf1d,84.66,1,84.66,1.0,3.0,0,0,bronze
ccdc2cd25c64913a68fe4d44e43c7402,180.53,1,180.53,4.0,9.0,0,0,silver
ccdc8077ddf73967d6c6e658cced7d4a,105.8,1,105.8,4.0,17.0,0,0,silver
ccdd9f1a4ed4676d48365d27651a7a1d,138.24,1,138.24,5.0,11.0,1,0,silver
cce3432f546c60893bd2ad7a2001148a,142.27,1,142.27,5.0,,0,0,silver
ccf20a6367954228fea8742c1027a365,50.16,1,50.16,5.0,6.0,1,0,bronze
ccfd020eaf030301df959b4f09ff45b6,77.71,1,77.71,3.0,5.0,0,0,bronze
cd01e2377287b42245a9fd221f978f34,149.76,1,149.76,5.0,13.0,1,0,silver
cd02ea87f23fff05145d05e4275270e1,368.52,1,368.52,5.0,15.0,0,0,gold
cd11a0920c498edb1da9ecd2d31aa599,55.24,1,55.24,4.0,13.0,0,0,bronze
cd148470c375939669971e8a032b16b4,409.79,1,409.79,4.0,17.0,0,0,gold
cd2cc97ebeb86f5791f07c0717c2311f,158.22,1,158.22,1.0,23.0,0,0,silver
cd410179e70c438a6748d0f974a579b4,162.04,1,162.04,5.0,2.0,1,0,silver
cd48bf88423affa44f96b254ce5e6dd2,211.92,1,211.92,5.0,15.0,0,0,silver
cd4e9fe61b979b8758a910b68e0bc9e6,72.99,1,72.99,4.0,8.0,0,0,bronze
cd532bdac352579532288aee6b3aebae,35.09,1,35.09,5.0,7.0,1,0,bronze
cd6418b73587facd29e1ef094182b246,48.75,1,48.75,4.0,6.0,1,0,bronze
cd6a3ef6de776069189d6ea75ed51945,110.47,1,110.47,4.0,8.0,0,0,silver
cd6ab472aeca00c899a173ffea882881,219.78,1,219.78,3.0,14.0,1,0,silver
cd6abf87ec6f33c68b4a614a4aa1d262,145.79,1,145.79,5.0,8.0,1,0,silver
cd6d36ae7f6cae0d16e84f588958641d,154.2,1,154.2,4.0,8.0,0,0,silver
cd6ff01588442a00ebf2e3829d88e819,83.53,1,83.53,5.0,5.0,1,0,bronze
cd70f848318893eca6f4dd942f3d6d42,332.71,1,332.71,5.0,5.0,1,0,gold
cd74c43bf1fe964a63192a27a70d97a7,234.5,1,234.5,4.0,24.0,0,0,silver
cd757d2a56f899b388d0192ae19abb04,127.53,1,127.53,1.0,21.0,0,0,silver
cd76e52dafb3175406b252a1959aa83d,54.05,1,54.05,5.0,13.0,0,0,bronze
cd827f7f52b0eb015e6c47ee63c619cc,215.15,1,215.15,5.0,10.0,0,0,silver
cd871ea652df270e190ae786e1c69592,267.94,1,267.94,1.0,,1,0,silver
cd8b5aa70e36da03df140f7a62637588,649.82,1,649.82,5.0,7.0,1,0,gold
cd8b7fb73501d01b71552fa7dd310083,22.29,1,22.29,5.0,2.0,0,0,bronze
cd915c60db8686f9a3dc35745aa1691c,85.62,1,85.62,5.0,8.0,0,0,bronze
cd93385dc5c3af5157ca81b0ddcb1c54,44.6,1,44.6,5.0,13.0,0,0,bronze
cd933f89d0e65296590a361e50416a0b,179.36,1,179.36,5.0,11.0,1,0,silver
cd97905ffc60caa816c781d38b7e3d71,204.03,1,204.03,5.0,11.0,1,0,silver
cd9a044f87d915231595e7fd53afc858,624.25,1,624.25,4.0,13.0,1,0,gold
cda22de6c3a0a75fec9d8edc168dad35,69.04,1,69.04,4.0,6.0,0,0,bronze
cda6dd20e87ff949c01b54a89aebdd0c,97.79,1,97.79,4.0,14.0,1,0,bronze
cdafe6347e24e22b011b587126de0ef7,117.07,1,117.07,5.0,15.0,1,0,silver
cdb39fc59bcd68bbe98459b8d08880f5,55.01,1,55.01,5.0,6.0,0,0,bronze
cdb9e623abf5ae6e91af68a4de2fd0fd,53.54,1,53.54,5.0,6.0,0,0,bronze
cdba7ccee20eda71daddbfceb0e1cea1,172.09,1,172.09,1.0,16.0,1,0,silver
cdbe9e6dda65875d53fa13065d5a4ee9,135.04,1,135.04,5.0,5.0,1,0,silver
cdc6cd6f0a8b8f844db9a61e779055b3,73.34,1,73.34,5.0,7.0,1,0,bronze
cdd0b72a5ca49a715c3636ef66df1989,46.2,1,46.2,1.0,20.0,0,0,bronze
cdd8979215540089e7b4c6e4d60dce81,97.65,1,97.65,5.0,7.0,1,0,bronze
cdde22c7e6dc9dbda225bb26300a5ec2,177.75,1,177.75,5.0,18.0,0,0,silver
cde21887e86a254eab4799aec212b7b7,675.01,1,675.01,5.0,13.0,1,0,gold
cde6577300fbd06655ff162902f15b2a,131.67,1,131.67,5.0,11.0,1,0,silver
cde9a3ba463546473aaa81b023a4c899,127.04,1,127.04,5.0,6.0,1,0,silver
cdf383f13f96c61bd90f57506714664e,77.09,1,77.09,5.0,15.0,0,0,bronze
cdfb699679dd517211f57d48946d8d58,186.85,1,186.85,4.0,15.0,0,0,silver
ce0314fcb20275203d37f911693fb898,60.86,1,60.86,4.0,5.0,1,0,bronze
ce062bc310d6e7ef233195118e090f1e,1317.04,1,1317.04,5.0,2.0,1,0,platinum
ce0640b5ebf6dd6badf3f245d2cd60d0,26.69,1,26.69,,31.0,0,0,bronze
ce0c46039a9592b6ee052bace25756e0,123.54,1,123.54,5.0,9.0,1,0,silver
ce1e7217ea011d677ec6cb73c1966b16,56.78,1,56.78,5.0,5.0,1,0,bronze
ce2de6c78c869d87214c95118bf5af27,63.28,1,63.28,5.0,6.0,0,0,bronze
ce2e72f22013e8876f86c31c1844f772,47.29,1,47.29,5.0,2.0,0,0,bronze
ce3454a057ec309895256cb2ab5cf7b3,143.55,1,143.55,4.0,6.0,1,0,silver
ce3548e3605bceada1732880742e9478,52.37,1,52.37,5.0,2.0,0,0,bronze
ce3fe361f9e68bf0a813baaae1334d01,3351.35,1,3351.35,4.0,5.0,1,0,platinum
ce4630b1709558ea3d46969c4637a1c2,122.4,1,122.4,3.0,20.0,1,0,silver
ce467c081fb06f32d6790dfb35b8289f,135.48,1,135.48,5.0,4.0,1,0,silver
ce476ffe3bc52860321ab92075709eb5,43.09,1,43.09,1.0,,0,0,bronze
ce49d03507a74f0ca2ddd0567c459a9b,32.38,1,32.38,4.0,11.0,0,0,bronze
ce5d5c57caf43762f3054808fc5f3c60,164.79,1,164.79,5.0,20.0,1,0,silver
ce60a50b73f7934a7d4caa92f2f05bbf,64.05,1,64.05,5.0,24.0,1,0,bronze
ce7b5d4879aea885f31257253b1064be,95.67,1,95.67,4.0,17.0,0,0,bronze
ce839d1a6783990aa8101101d1dd90d1,27.48,1,27.48,5.0,13.0,0,0,bronze
ce85cadfea658c5a74dec74a7776fb61,34.6,1,34.6,5.0,17.0,1,0,bronze
ce892e586571bbd35294d2481ea3f494,36.7,1,36.7,5.0,3.0,0,0,bronze
ce8c93e92352b55f7e08766bc19cc96e,105.38,1,105.38,3.0,16.0,0,0,silver
ce900bc17b3e45ec05956db418d86207,33.92,1,33.92,5.0,3.0,0,0,bronze
cea1fcef49930f7062b64442b521f6b3,86.15,1,86.15,5.0,11.0,1,0,bronze
cea53144530cc3367e429dcb7b697b72,192.12,1,192.12,4.0,5.0,1,0,silver
cea77860bd914a494d05aa2d74d8dbe9,46.84,1,46.84,5.0,1.0,1,0,bronze
ceb07beee04a2ef019c824ba8d6fdaa6,33.1,1,33.1,3.0,8.0,0,0,bronze
ceb767afcf00ef4fedae42343064aa3d,95.29,1,95.29,4.5,9.0,1,0,bronze
ceb9cd47dea298857207934eef12b8dc,93.28,1,93.28,5.0,8.0,1,0,bronze
cec0ca63aae01fe8090e07bbea4604b9,108.33,1,108.33,5.0,6.0,0,0,silver
cec7cf2229672c915826ab4698da3014,149.36,1,149.36,4.0,22.0,1,0,silver
cef121e12a2ebf75005a425f686c6f5a,64.0,1,64.0,5.0,13.0,0,0,bronze
cef29e793e232d30250331804cdb7000,913.16,1,913.16,5.0,13.0,0,0,gold
cefac82d3b1e2cf521adb377ac4ed0ba,73.15,1,73.15,3.0,15.0,0,0,bronze
cefc7ca7e5539436c9c83eb0368e3131,177.99,1,177.99,5.0,15.0,1,0,silver
cf093e5f45689d7f7e4f885638ec863c,43.62,1,43.62,5.0,6.0,0,0,bronze
cf0ba8869f5dd330342c0f570d43e090,177.13,1,177.13,5.0,16.0,0,0,silver
cf0eafe7f379f346a0a59994f393fd44,243.4,1,243.4,3.0,10.0,0,0,silver
cf1a4c878349bdca75ca44c3417b9ad6,34.01,1,34.01,1.0,,1,0,bronze
cf2eeb3d980701df47a96b80b31bd5ce,196.72,1,196.72,5.0,7.0,0,0,silver
cf311a979b769e3656f1d9e2eafda820,112.83,1,112.83,5.0,6.0,1,0,silver
cf365ebefda4b1e49ecfe6a6a7c21edb,155.78,1,155.78,4.0,6.0,0,0,silver
cf36fa9b6e276c0559a4e80cf5ab44eb,77.57,1,77.57,5.0,15.0,0,0,bronze
cf45ade7b43b8716acee5285bfc5e2d8,203.81,1,203.81,1.0,33.0,1,0,silver
cf45b6e21666d552a6dcf564c42da8a7,125.23,1,125.23,4.0,26.0,0,0,silver
cf58b0a3959d683b2702baafc2544673,211.81,1,211.81,4.0,10.0,1,0,silver
cf5948fa9a726717b2264b9acad4f7fd,152.38,1,152.38,5.0,11.0,1,0,silver
cf610925bd45af239ede46b4508a1a71,214.46,1,214.46,5.0,7.0,1,0,silver
cf666e916164a201d9741c42e8437364,42.86,1,42.86,5.0,5.0,1,0,bronze
cf6fcea0892d8ea6f5cfa685cb4abfe3,36.09,1,36.09,5.0,21.0,1,0,bronze
cf721f942ddf3f441d8226f871c10a36,55.69,1,55.69,4.0,12.0,0,0,bronze
cf7d702830a3cf5bfaffc9979fbf5ec1,269.75,1,269.75,5.0,6.0,1,0,silver
cf8892fbf4897edf52d122c5a86061ca,242.0,1,242.0,5.0,5.0,1,0,silver
cf95722b5b59a95e42d73a83414821ed,29.84,1,29.84,5.0,4.0,1,0,bronze
cf95b0b5fae3a5db750d9b28c816e818,917.8,1,917.8,5.0,21.0,1,0,gold
cf9dee1201f8413d6618ebf94dc94301,215.8,1,215.8,3.0,9.0,1,0,silver
cf9f044b6cf63c5894b9b5e8406fa559,143.49,1,143.49,4.0,14.0,0,0,silver
cfa752ffac3f5e1047eca5e002e81f8d,148.15,1,148.15,5.0,13.0,1,0,silver
cfa7c07d9ca0c55d47ea3d918ac3f9e2,77.57,1,77.57,4.0,6.0,1,0,bronze
cfa94943c5b2949c02d59ea6495cf549,89.36,1,89.36,5.0,17.0,0,0,bronze
cfaea24d4b0531636fba2b3f22f2c919,50.85,1,50.85,5.0,7.0,0,0,bronze
cfb1ca16da5d5fa11e2135a30bf84e99,145.29,1,145.29,5.0,12.0,1,0,silver
cfb20574e60e550b58186a88825232cc,73.43,1,73.43,5.0,6.0,1,0,bronze
cfb9250ad7da3bac88843a57f83e93bc,818.69,1,818.69,5.0,10.0,0,0,gold
cfc25323ffc015b5667c20d910b720e1,21.04,1,21.04,1.0,3.0,0,0,bronze
cfc43aa5cae41c853b28acea3fd04237,344.51,1,344.51,5.0,7.0,1,0,gold
cfc6b57f63e26d893f225263009fc719,162.41,1,162.41,5.0,11.0,1,0,silver
cfd496bb3bcc8daa1a7d1c0e3dd8bb43,454.97,1,454.97,5.0,12.0,1,0,gold
cfd5991794be70bfe20caac85a587424,55.24,1,55.24,5.0,6.0,1,0,bronze
cfda48fcb774a1d0a9ad6f7863d74e3d,92.32,1,92.32,5.0,10.0,0,0,bronze
cfdaaa0caea59b06efb4b0fb8c700684,81.78,1,81.78,5.0,4.0,0,0,bronze
cfdb7df7f1d257ca5779f967d259cec9,374.28,1,374.28,2.0,11.0,1,0,gold
cfdf2eeb223da082e4be3c1259830470,80.1,1,80.1,3.0,12.0,0,0,bronze
cfe76cf82ed58cb8e9cbdba455ca47de,62.56,1,62.56,5.0,14.0,1,0,bronze
cfe96f24bd8c36325e0d92e44324cf66,85.74,1,85.74,5.0,16.0,1,0,bronze
cfee891ea509a405a65e730f2580e51d,926.3,1,926.3,5.0,12.0,1,0,gold
cff1a4206afe88fe18266e2a02973289,169.48,1,169.48,5.0,4.0,0,0,silver
cff7855b824064009e09b2cfaad0f912,80.55,1,80.55,4.0,7.0,0,0,bronze
cffec81cb9d724a668bd94f0f9eb9381,64.6,1,64.6,5.0,8.0,1,0,bronze
d0064751457d0f903bd103e7a6a4998a,141.73,1,141.73,5.0,22.0,0,0,silver
d01a79fa5a2fbab32c60144c605dcdc5,66.67,1,66.67,5.0,11.0,1,0,bronze
d01c8b5aaa4cfc1c329ea2fe7609ff69,32.37,1,32.37,4.0,17.0,0,0,bronze
d01cf8c6c7c836c5dd9320585928f42b,56.86,1,56.86,2.0,5.0,0,0,bronze
d025b382cfce1fc292cb79e35a66bb5c,102.03,1,102.03,1.0,17.0,1,0,silver
d02922ed8b104d4596ca4bd3770c763e,166.46,1,166.46,4.0,6.0,1,0,silver
d033eae5473c7377e1b9a76db0138f25,34.75,1,34.75,1.0,12.0,0,0,bronze
d0346493ab2dfd124ef99d1b12b01b6a,118.25,1,118.25,4.0,10.0,0,0,silver
d0396c9cbd0ab4fcc1723eb4df72ffc0,65.39,1,65.39,5.0,5.0,0,0,bronze
d03b324a9f1d52f6ef3e1386477061a8,152.88,1,152.88,5.0,1.0,1,0,silver
d0401aa66d5c33ae752ece32f8474d3c,45.22,1,45.22,5.0,9.0,0,0,bronze
d042146c4da00e3add955504c7740785,40.17,1,40.17,4.0,7.0,0,0,bronze
d0483da4154d89d9654d16a60060ff0b,37.61,1,37.61,5.0,5.0,0,0,bronze
d05303e302c4c8da519ee898a3d7d0dd,146.13,1,146.13,5.0,6.0,1,0,silver
d05a3738cc3bc89d82f3ab71ab1f6291,41.88,1,41.88,5.0,5.0,0,0,bronze
d0636d06234b819bab25726c803ccda7,51.75,1,51.75,1.0,12.0,1,0,bronze
d0665e0d9a9a44c9983bcf19357763c6,77.96,1,77.96,4.0,13.0,1,0,bronze
d06ecb8ecbf9f74d51e9247009bd7397,63.0,1,63.0,2.0,45.0,1,0,bronze
d075250e3b5439ee646c93cc79e164e3,153.2,1,153.2,1.0,12.0,0,0,silver
d07556020597ac72fd704ff047eb4e8a,65.48,1,65.48,5.0,4.0,0,0,bronze
d07df41d8d75e3d65124efb445ba7eb6,140.45,1,140.45,5.0,4.0,1,0,silver
d0813c57df04369487ff42ab24dd0ac7,65.05,1,65.05,1.0,15.0,1,0,bronze
d08289eba2f745ea78c7abd5b788f0fe,214.56,1,214.56,5.0,7.0,1,0,silver
d0885399c9dcbd60afa7783d9796f6d0,100.33,1,100.33,1.0,6.0,1,0,silver
d08c29302907086e8fe823369542f3ae,422.2,1,422.2,2.0,8.0,1,0,gold
d0907dc40aabc7926bece6bee0cc561e,104.76,1,104.76,5.0,12.0,0,0,silver
d09390d7975fdc3d40773fed3ed2135b,26.77,1,26.77,5.0,2.0,0,0,bronze
d09788048203ac04881f4eab41575291,49.66,1,49.66,5.0,2.0,0,0,bronze
d0a9e092ecac49814c5ab1c16e5c8c31,53.0,1,53.0,3.0,8.0,1,0,bronze
d0acd0b5f6e8a36aa4244defbcaeabdf,41.75,1,41.75,4.0,5.0,0,0,bronze
d0af32188351a712457b3c6956da3c08,50.86,1,50.86,5.0,7.0,1,0,bronze
d0b2e42a9ac137fb459639908cfa0052,169.71,1,169.71,5.0,8.0,1,0,silver
d0b4d070b79dfda98aed0d61463d99ec,205.98,1,205.98,1.0,16.0,0,0,silver
d0b5811a3a35f4934489c59f5667dae9,332.3,1,332.3,4.0,22.0,1,0,gold
d0bce8dc54dd1b03b682ebfa95c38ec1,145.4,1,145.4,5.0,25.0,0,0,silver
d0bd25a13b24e8d59a11adda68bd3ecd,211.81,1,211.81,1.0,12.0,1,0,silver
d0c1a14ee80beb24f6c5534541975ddf,138.84,1,138.84,5.0,8.0,0,0,silver
d0cceb06b81f83e06c5cb63c3f9cb8d3,149.69,1,149.69,5.0,8.0,1,0,silver
d0cfeceb2f85a5934a047a3ed8b38690,256.91,1,256.91,5.0,14.0,1,0,silver
d0d23489ef1b5a1878cf5a4d2f902930,51.07,1,51.07,5.0,15.0,1,0,bronze
d0d3fd3a6cb03b855223ca07fca00940,80.05,1,80.05,5.0,15.0,0,0,bronze
d0d4b3f21b0a9f1768fc7e8555e6feee,99.65,1,99.65,5.0,13.0,0,0,bronze
d0db8f74fe8af2b92d1e7159472874f0,67.5,1,67.5,4.0,14.0,1,0,bronze
d0e16f57423843da8975ca5aa81033e5,34.13,1,34.13,5.0,11.0,0,0,bronze
d0e376592a3036444738ee6a426785c1,91.58,1,91.58,5.0,5.0,1,0,bronze
d0e3996aca347d5ec36e042f5b609731,90.62,1,90.62,2.0,21.0,0,0,bronze
d0ed8771e4bf2caadfd58c9b8a165584,105.28,1,105.28,5.0,17.0,1,0,silver
d0f98092bdbca461010d969a7df8966c,143.99,1,143.99,5.0,10.0,0,0,silver
d0f9b976da27b535b59cc7d7aa9e5077,236.29,1,236.29,5.0,15.0,1,0,silver
d10f23d669c51e0d983ba80de4d327e8,19.35,1,19.35,5.0,13.0,0,0,bronze
d1188dec6bca7728f5fce5f9dc4239b2,54.93,1,54.93,4.0,4.0,0,0,bronze
d12130dd085941b280cf5e447e243a1a,416.86,1,416.86,5.0,5.0,1,0,gold
d1253237cc6eb7a60bcb018343642b0d,185.8,1,185.8,2.0,7.0,1,0,silver
d12a206aeeb2ce2a7138bbe43244f212,31.43,1,31.43,5.0,8.0,0,0,bronze
d12f82342b11de33d12114309b6651dc,647.54,1,647.54,5.0,3.0,1,0,gold
d132b863416f85f2abb1a988ca05dd12,541.0,1,541.0,5.0,10.0,1,0,gold
d1354cbb8e551a07e14f00d4f063e91f,175.21,1,175.21,5.0,11.0,1,0,silver
d13a4ab46ea23d33230f51b87e8ff9e3,173.84,1,173.84,5.0,10.0,0,0,silver
d144a54689821ddb869b47752b536cef,63.51,1,63.51,4.0,18.0,1,0,bronze
d15f677a07a60a4f9720424d88ee9d67,131.44,1,131.44,5.0,7.0,0,0,silver
d165e9c46b20c28e573be3d8e6bc9f4f,260.99,1,260.99,4.0,27.0,1,0,silver
d1685e608f13ba34bad6e8bca853525c,211.85,1,211.85,5.0,4.0,1,0,silver
d1708d7d1e8a5d80f95cc400e6429eb4,321.58,1,321.58,5.0,15.0,0,0,gold
d1746be9240248a16adaf23efdc3008d,176.34,1,176.34,2.0,12.0,0,0,silver
d1763ffdda14239cb1875f180fe5580b,234.69,1,234.69,4.0,8.0,0,0,silver
d176981ee04d8ece7ba50df7d9c0aa8a,211.89,1,211.89,5.0,9.0,1,0,silver
d176e887623074ca186566bcc27cd61a,91.57,1,91.57,2.0,5.0,1,0,bronze
d17b59be6f4aad69cf32f35a39f58c6d,75.63,1,75.63,5.0,4.0,0,0,bronze
d17b97c6f69d56ab6d24194c7a1ea791,125.52,1,125.52,4.0,12.0,1,0,silver
d18226975e699290279749eb64a11da2,169.88,1,169.88,5.0,11.0,1,0,silver
d182f15098577048b08272a6fffa9e10,22.29,1,22.29,3.0,3.0,0,0,bronze
d1882ac4ceef9cb82da8015c09cac3f9,315.66,1,315.66,5.0,21.0,1,0,gold
d192b9a3ec2d5a977bc5d52281ae0b58,51.57,1,51.57,5.0,3.0,1,0,bronze
d197a184e01ac46e6cb6596185bd4db0,111.33,1,111.33,1.0,42.0,0,0,silver
d1a791fed0df39cc2332cd18e43859ed,22.38,1,22.38,3.0,1.0,0,0,bronze
d1b2aaaddb6a86f61ff2a8dd84be726f,174.39,1,174.39,4.0,15.0,1,0,silver
d1b5bb227be6fc50af8cdd4d73770237,33.38,1,33.38,,11.0,0,0,bronze
d1b6bbb5ce2d0d1b5e5aed73482ede19,1373.83,1,1373.83,5.0,11.0,1,0,platinum
d1c19268fffc2d095bf27843b7435130,648.03,1,648.03,1.0,24.0,0,0,gold
d1cd85b1f829aff3f1b0376222b014a6,175.08,1,175.08,1.0,,1,0,silver
d1d67ca1627bce744ed73f39498b8041,35.72,1,35.72,5.0,5.0,0,0,bronze
d1e3e64494186c80b7edf1181b42b0d1,49.76,1,49.76,5.0,6.0,1,0,bronze
d1e4258972639ad1aeb4f5391e2fe666,68.35,1,68.35,5.0,7.0,1,0,bronze
d1e8e8b6b4fe73615245aafece2c391d,131.51,1,131.51,5.0,10.0,1,0,silver
d1ec84ece21390313fe8dd6457dd6ecb,34.69,1,34.69,1.0,,0,0,bronze
d1f1f85c766c5ff73b064a4a6e18bc23,58.65,1,58.65,5.0,2.0,0,0,bronze
d1f25e12aeb11c8ef85bbaeee861f797,40.53,1,40.53,5.0,28.0,0,0,bronze
d1f648d6b893193b2e509c0f1b9acced,212.03,1,212.03,5.0,13.0,1,0,silver
d201202e3b888f94826f1ddb27812480,242.03,1,242.03,5.0,5.0,1,0,silver
d21fb1e8aee69c608f5c2fb5b6c28cad,195.4,1,195.4,3.0,8.0,1,0,silver
d221aa4a83c4a82b0c28e332645d794e,385.52,1,385.52,5.0,7.0,0,0,gold
d2239c715d9cdf6cdab5ff4faf52a016,114.07,1,114.07,5.0,11.0,1,0,silver
d22c0c336aba5e843663824265447a5b,204.53,1,204.53,1.0,46.0,1,0,silver
d236ec5977383e29fe35b0c43906d580,54.01,1,54.01,5.0,9.0,1,0,bronze
d248ac4f3e0b8f3e27f63414a4e61622,36.01,1,36.01,3.0,25.0,0,0,bronze
d251697395cddd7880318a127e8821ff,99.43,1,99.43,1.0,4.0,0,0,bronze
d25665ea3b403d331df8f7c8bbe44755,59.06,1,59.06,5.0,20.0,0,0,bronze
d260fcc5e202706a4fbb2262cd2dd275,48.6,1,48.6,4.0,8.0,1,0,bronze
d262a1a1abd12ead162803a7a3b00a2c,187.25,1,187.25,4.0,11.0,1,0,silver
d263d3c7ecc90b81eabcbbef12ca5904,209.78,1,209.78,1.0,,1,0,silver
d26636ef59fe895e3791ceb14fbf37cd,102.64,1,102.64,5.0,6.0,1,0,silver
d26795e02bb7290f41bb487ef48d6e2e,119.3,1,119.3,1.0,13.0,0,0,silver
d26889b67fc1fd97b283f0abdac8b3e9,75.07,1,75.07,1.0,15.0,1,0,bronze
d26b9e4b03f3c35e31689df0835fa1fc,246.23,1,246.23,5.0,13.0,0,0,silver
d26dcd96fa2852a72c1e32ce390b3671,184.2,1,184.2,1.0,11.0,1,0,silver
d2706b3165d8ef2d5c4f4870740330e7,30.05,1,30.05,5.0,10.0,1,0,bronze
d2734a07ebd6c4f07719d1acb192d2ec,65.71,1,65.71,3.0,6.0,1,0,bronze
d276fb722cd56bf609a6bfa894ebffb8,318.97,1,318.97,4.0,8.0,0,0,gold
d277892816aee9101b17cecd451657b0,109.02,1,109.02,1.0,28.0,0,0,silver
d277ef4a75c805239e54be86625e0722,80.33,1,80.33,5.0,18.0,1,0,bronze
d27826efcf22fc60cbd98d7558e0c723,77.16,1,77.16,4.0,12.0,0,0,bronze
d27a8871c9a0d54b650c3e8e40941af2,59.56,1,59.56,5.0,5.0,0,0,bronze
d281a3f4cc40d2ee797e5d59d5c85197,503.68,1,503.68,3.0,6.0,1,0,gold
d284ecb456463236872501e99961bd52,164.68,1,164.68,5.0,7.0,0,0,silver
d28ed46e7f35515ee6cd6fee3a7998d0,64.09,1,64.09,5.0,4.0,1,0,bronze
d29019c6fe58343d55caeb6f76ae2278,162.22,1,162.22,1.0,13.0,1,0,silver
d2a784c948d14252def59dd0c2e49170,32.77,1,32.77,3.0,4.0,0,0,bronze
d2b156874cac6a875ac522c1a338dae6,65.0,1,65.0,5.0,14.0,0,0,bronze
d2b3a6f99b85f8c3ceb2179a1b0353d3,84.18,1,84.18,1.0,7.0,1,0,bronze
d2ca66cf81d78df6cd00d3a76b00fb75,983.54,1,983.54,4.0,,0,0,gold
d2d29ce9d7fc1b0e7415d1f35fd019b3,368.11,1,368.11,4.0,13.0,0,0,gold
d2d4ae284fb74a5b0f0f8af418a64b3f,266.5,1,266.5,5.0,11.0,1,0,silver
d2dbd5be475f37efe006c1de35e5db92,101.71,1,101.71,5.0,15.0,1,0,silver
d2df5e77202e975353a79eb969740dde,70.48,1,70.48,5.0,12.0,1,0,bronze
d2e88d9c50422550ee9b0fc82c8208c4,102.74,1,102.74,5.0,14.0,0,0,silver
d2f122bc3109d7fb2385daec2d6ef7f7,113.62,1,113.62,4.0,5.0,0,0,silver
d2f2f9c150ecab358a53100f4b13f7cf,36.26,1,36.26,3.0,2.0,1,0,bronze
d2f3349e7c047fe8c4fe06a251027d21,66.64,1,66.64,5.0,32.0,0,0,bronze
d2f3a7df276ec8d1dbe15b42c78a841d,153.68,1,153.68,5.0,8.0,1,0,silver
d2fc19e08a3659be4d43d8e49c04a091,57.09,1,57.09,4.0,10.0,1,0,bronze
d2fd01ccf79a472224ca397cae3dea23,158.11,1,158.11,2.0,20.0,1,0,silver
d2ff06ecb0dc4475ed2425a4b50ea0b7,111.02,1,111.02,5.0,10.0,1,0,silver
d308bb317027c30e3f32b7c9471a3fe0,42.59,1,42.59,5.0,8.0,0,0,bronze
d31caf529fab5a8d7c4802f8ba77662f,189.56,1,189.56,,3.0,1,0,silver
d3359a56d96666ac0c21bb01e7a61c95,45.44,1,45.44,5.0,10.0,1,0,bronze
d3383e8df3cd44cd351aecff92e34627,302.52,1,302.52,4.0,2.0,1,0,gold
d33979cbff02d251c453e1b7daf00d84,1291.39,1,1291.39,5.0,4.0,0,0,platinum
d339ed835c9d8fd6b1e3c5cb60850bc5,262.1,1,262.1,5.0,12.0,0,0,silver
d33c5d355ab0a46b3fc4e41f2c99f19c,93.52,1,93.52,5.0,26.0,1,0,bronze
d33eeadf54cb883e79be640f38c32cdc,186.27,1,186.27,4.0,9.0,0,0,silver
d3409ea9c3d5c452fdb21ccd23aaba7a,404.82,1,404.82,5.0,9.0,0,0,gold
d341b26e5d0d7a324c86102bbc892360,152.95,1,152.95,5.0,14.0,1,0,silver
d3447240c4cab426cda9a36a1962f892,36.78,1,36.78,4.0,6.0,1,0,bronze
d344aa2e0449484a02060bdc34cd8c1a,85.75,1,85.75,2.0,11.0,1,0,bronze
d349819e4ddd09c3604fe3cdc14d7829,410.78,1,410.78,5.0,23.0,1,0,gold
d34a4558b69784031d3b3bcc44f840af,32.29,1,32.29,3.0,15.0,0,0,bronze
d34ae8a2849ec90990b577eca5444522,230.75,1,230.75,5.0,18.0,1,0,silver
d35862da9bdb38fad3994de72a77a3c2,127.92,1,127.92,5.0,10.0,1,0,silver
d35c1881929c56721da272d0524320e7,106.97,1,106.97,1.0,29.0,0,0,silver
d35fe16cba55d912ea21e552df60681c,231.27,1,231.27,3.0,14.0,0,0,silver
d3742f1936109883f8b0f5c07de69010,404.44,1,404.44,5.0,4.0,0,0,gold
d375c3a3a6bff030c08c6d4109b3f226,127.6,1,127.6,5.0,11.0,1,0,silver
d37d0e373c5ea67fce4aa1613c51bb5e,61.75,1,61.75,5.0,8.0,1,0,bronze
d389a40e14769e6fec5b93496cb8993d,193.39,1,193.39,5.0,4.0,1,0,silver
d38af04fcd13c9685d0c326c40d973e8,96.19,1,96.19,1.0,23.0,1,0,bronze
d38fb704975b481e9a29de25437c4da1,91.07,1,91.07,5.0,6.0,0,0,bronze
d391fd6390bca9a48c5590dd4154cbd7,27.19,1,27.19,4.0,3.0,0,0,bronze
d393419796111dfaf317ca354f6c30e6,48.19,1,48.19,5.0,1.0,1,0,bronze
d39498b488e1045cffd1a9a2d1a8da67,84.59,1,84.59,5.0,7.0,1,0,bronze
d3a632335982db082524ce259ab13c13,176.56,1,176.56,2.0,,0,0,silver
d3a8c1250bd58172865ddbec02f31620,104.37,1,104.37,2.0,8.0,0,0,silver
d3b23e5263198356479f66010c747a6f,136.5,1,136.5,5.0,8.0,1,0,silver
d3b4ce42a5aa45f6031277950f1661b3,87.5,1,87.5,4.0,9.0,1,0,bronze
d3b68a4d69e206889b4127d583bf5da6,98.22,1,98.22,4.0,8.0,1,0,bronze
d3c5778b4d8c724436d8c16864177d17,46.29,1,46.29,5.0,10.0,0,0,bronze
d3cb1ff6f56fbf14dff73e4b24bfd600,113.46,1,113.46,1.0,32.0,1,0,silver
d3cd4bb57e5aa42febcf471d532ee1d9,95.37,1,95.37,5.0,11.0,0,0,bronze
d3d5357d956674303e2ab88b888285fe,34.51,1,34.51,1.0,13.0,1,0,bronze
d3d63c9f8b2eef8ff6bb504adf833fa2,106.72,1,106.72,4.0,6.0,1,0,silver
d3d8683c472081a7b50f2c71b670af54,75.08,1,75.08,4.0,14.0,1,0,bronze
d3da27895f493c450604f7380547c7f4,229.78,1,229.78,1.0,9.0,0,0,silver
d3e37305cc017f3285f738cfecac98f2,128.73,1,128.73,5.0,6.0,1,0,silver
d3e7a4dfd598ce2561ed0ae85d866f8b,84.23,1,84.23,1.0,24.0,0,0,bronze
d3ec7fc778291d87a83b1ce499f5a142,102.26,1,102.26,3.0,6.0,0,0,silver
d3ef55d6de8e4be1d4b905e8169224b5,2452.12,1,2452.12,5.0,18.0,1,0,platinum
d3efd0ae3bee9c35f302e336aef87b99,89.25,1,89.25,5.0,10.0,1,0,bronze
d3efdecc47d13cd2948acb4f061eca57,61.59,1,61.59,5.0,6.0,1,0,bronze
d3f39b70f1d197e5311cba0d80cde972,83.97,1,83.97,5.0,7.0,0,0,bronze
d406d1f9b701a93b646d16b93a5d33d2,123.54,1,123.54,4.0,3.0,1,0,silver
d4129cddc2babfee6e14d81e2317d7ae,167.47,1,167.47,4.0,2.0,0,0,silver
d4277abfcc67f0a3b4e054f14f3e59ec,272.61,1,272.61,5.0,6.0,1,0,silver
d427bffb4e8538a429204b773b6f64ae,31.75,1,31.75,3.0,12.0,0,0,bronze
d4293714d5cc99f69d1244f05d07e70c,60.63,1,60.63,5.0,20.0,1,0,bronze
d42e8b441f1303eead9538a47cfac340,46.39,1,46.39,5.0,5.0,1,0,bronze
d42e9a422c68c20da3bb5744ba9c3fdf,98.9,1,98.9,5.0,8.0,0,0,bronze
d4318adafb89c4b369d6633e1739795b,29.88,1,29.88,5.0,1.0,0,0,bronze
d4324c012f50de08153c745e1f15d49d,71.82,1,71.82,5.0,7.0,0,0,bronze
d433955af3c49f3b58cac87cc0255ae9,64.0,1,64.0,1.0,44.0,1,0,bronze
d43e7cbf7354f1f46a7a1b30701017b3,188.39,1,188.39,5.0,4.0,1,0,silver
d43fa47b338e3c085591bfcc81bebbfe,98.0,1,98.0,5.0,8.0,1,0,bronze
d445dabd470cea041b01ec988f984b5d,114.35,1,114.35,5.0,19.0,0,0,silver
d44ccec15f5f86d14d6a2cfa67da1975,217.64,1,217.64,5.0,12.0,1,0,silver
d4576e53b0e109423a635a989c74535c,28.76,1,28.76,5.0,2.0,0,0,bronze
d45e0ff6c8a8b9db15004f8a7391a009,47.59,1,47.59,4.0,8.0,1,0,bronze
d45ec5fd35a9fd9b66051945f107fa26,107.62,1,107.62,5.0,2.0,0,0,silver
d460f1fa0ce877d272757f57dfcf94cd,100.25,1,100.25,3.0,17.0,0,0,silver
d4635ff7806c50f5b78dbcc2d6ca2d2c,38.39,1,38.39,4.0,8.0,0,0,bronze
d464cc021c7785710f793fddf3ac4d2a,92.02,1,92.02,4.0,7.0,1,0,bronze
d46587a19ca3839ca9c3ece22f681a06,108.02,1,108.02,3.0,22.0,0,0,silver
d468fd7bf39ffb037723a24846a8d437,51.54,1,51.54,5.0,3.0,0,0,bronze
d46a2334f943f31facb0d6593f1413c4,111.19,1,111.19,3.0,10.0,1,0,silver
d46b077f455740775a2fbc215f124ced,165.22,1,165.22,5.0,15.0,1,0,silver
d46c90e3abc3f45f678af0b8bc0d75c3,65.71,1,65.71,4.0,6.0,0,0,bronze
d470c7668d56ef3894610cceed4a4b70,234.62,1,234.62,5.0,8.0,0,0,silver
d477b33cd8474b35d77abdbd3177993f,34.51,1,34.51,5.0,13.0,0,0,bronze
d47c78d9dfca8f39fdcdd6f2a97d02a9,59.31,1,59.31,1.0,4.0,1,0,bronze
d47e6c5305cc5d8d676aea5d91711095,96.16,1,96.16,5.0,8.0,0,0,bronze
d484207b7dfd9f0caa47f97a7d2dac58,445.38,1,445.38,1.0,,0,0,gold
d49a9f964397d47c525f8ae0663fc2cf,76.19,1,76.19,4.0,8.0,0,0,bronze
d4af642bd51aaa394aeced7723143daf,735.88,1,735.88,5.0,17.0,1,0,gold
d4b0f4506f8169b7e7dafbf815ae7371,244.34,1,244.34,4.0,8.0,0,0,silver
d4b299a6ea44b588fdebc893b50401f6,36.73,1,36.73,5.0,6.0,1,0,bronze
d4b85792b332960764a216fccc6ad779,41.79,1,41.79,3.0,17.0,1,0,bronze
d4bfb52232b293647e88915939ceb6ca,704.32,1,704.32,5.0,7.0,1,0,gold
d4c026441bf6418d487ca880bac59ae2,115.81,1,115.81,1.0,6.0,0,0,silver
d4c6b63dd3d9b0d762db0eb3af615756,42.84,1,42.84,4.0,5.0,1,0,bronze
d4ca9703236542dd52098a27ba2e0dbe,148.04,1,148.04,5.0,26.0,1,0,silver
d4d00a249e8abd766afec7be3bf462a4,27.75,1,27.75,3.0,24.0,0,0,bronze
d4d43f25b59d9e22be5c238a77c52eb3,149.0,1,149.0,5.0,16.0,0,0,silver
d4e50256ef063395ef57726e6b289473,15.77,1,15.77,5.0,3.0,0,0,bronze
d4e5ada242c876e58b2dbbcfaa80d977,54.09,1,54.09,5.0,10.0,0,0,bronze
d4ef8b824405990134793cbb322c686b,83.93,1,83.93,1.0,38.0,0,0,bronze
d4f4388f03135036533aca8e7b4b40a0,175.56,1,175.56,5.0,6.0,1,0,silver
d4f535499419d0b8bbdcd7d9a81e5578,477.13,1,477.13,1.0,42.0,1,0,gold
d4f6e329d878d36cb58f84de44cb03e9,82.39,1,82.39,4.0,7.0,1,0,bronze
d4ff577cb0f4e832d1d0ac25f599a623,220.19,1,220.19,5.0,12.0,1,0,silver
d507f95c1428c6ef2990ac45fd0b2382,37.22,1,37.22,2.0,2.0,0,0,bronze
d5190b7d9ad40bdb65be59876a7398c8,76.17,1,76.17,5.0,5.0,0,0,bronze
d51e4b1432fda3f8c60d9f12cd8e1f3f,62.69,1,62.69,4.0,7.0,0,0,bronze
d522defe17a69684126a50885b063c22,17.38,1,17.38,5.0,3.0,0,0,bronze
d525f364245c31dfc8483ac204d20d7f,93.66,1,93.66,5.0,18.0,1,0,bronze
d528336ae0fe6ae1086d842aca880d23,119.8,1,119.8,5.0,17.0,1,0,silver
d5293c0cc23775353a88330b97e1bc6e,76.65,1,76.65,3.0,6.0,1,0,bronze
d5380b9d27712e28cc9006954ce55fa2,63.41,1,63.41,5.0,5.0,0,0,bronze
d53e608934f3bd2779c5c2471849798d,34.51,1,34.51,1.0,23.0,1,0,bronze
d544cec5f11fd844563cc17dd3509ab8,33.77,1,33.77,5.0,4.0,0,0,bronze
d558d7ea1748f391b2cb55ba0aefe97b,102.64,1,102.64,4.0,10.0,1,0,silver
d56879f3551bb3b35caa7950ef7e7dd1,25.1,1,25.1,4.0,10.0,1,0,bronze
d56d3ae6108bcb7aa1b8a58913d3fc5f,101.64,1,101.64,4.0,9.0,1,0,silver
d56dfbcb10a4b7190345c1a2bc134fcb,143.5,1,143.5,4.0,12.0,0,0,silver
d56eb99b6829eae61574ae7bb4851004,72.66,1,72.66,5.0,6.0,1,0,bronze
d57c6929dd227056a9961cccc9b55b66,198.31,1,198.31,5.0,12.0,1,0,silver
d58063e0329c70d19363e6225ca43128,89.38,1,89.38,1.0,33.0,1,0,bronze
d580dba2b75dbaceead280af1c1b2a57,128.96,1,128.96,5.0,7.0,1,0,silver
d585ef35b036b3ee32c10429047cae85,75.46,1,75.46,5.0,17.0,0,0,bronze
d58760239457cc420d92744d97087921,30.13,1,30.13,2.0,6.0,0,0,bronze
d58a2660abbddaf4deeb7d5ec2638ef7,124.66,1,124.66,5.0,5.0,0,0,silver
d58a6b58d3932e79b2638b2963198817,102.44,1,102.44,5.0,19.0,1,0,silver
d58f7cb9d4f025430011a96c1a7c1c7d,42.78,1,42.78,3.0,4.0,1,0,bronze
d5a1fe6e2423a6bed0629ed1e6ede746,31.11,1,31.11,5.0,8.0,0,0,bronze
d5a328c92c7a2139b37c14e12e69d0f5,412.92,1,412.92,2.0,,1,0,gold
d5a4c22e55ff8f92df60fab87b487060,87.23,1,87.23,1.0,16.0,1,0,bronze
d5abc2b56863ca7eddbeef26361b015e,179.76,1,179.76,,8.0,0,0,silver
d5c9515a662f5a58070f1861f9a38e85,53.38,1,53.38,1.0,6.0,0,0,bronze
d5cae490e92c53e68c4bd934ffa616c9,34.69,1,34.69,4.0,4.0,0,0,bronze
d5ce12c78adbbc6c164c9a5afb6a057f,277.12,1,277.12,4.0,3.0,1,0,silver
d5e4bc3ab51abd788eaf77fce19a12d3,68.37,1,68.37,5.0,15.0,0,0,bronze
d5f10de578a314bd35362e14c61a7bc0,64.62,1,64.62,4.0,6.0,1,0,bronze
d5f1c791525848bf42d8a44630128f2f,463.34,1,463.34,4.0,20.0,1,0,gold
d5f552044a84ff3a2f17c9ae13828401,84.88,1,84.88,1.0,32.0,0,0,bronze
d5fde822dcf300ecc87ced00271bff2f,190.44,1,190.44,4.0,15.0,1,0,silver
d6005a77ac698f04d2db0b3cd24a37e3,418.04,1,418.04,5.0,6.0,1,0,gold
d615b9ec562cef52513c9af50daed0c4,46.01,1,46.01,5.0,8.0,0,0,bronze
d61c0c260cdf4bc6f9604c3b7fbe1a5a,189.56,1,189.56,4.0,10.0,1,0,silver
d62eca8bc07bc8eaa9d9257d14174732,52.21,1,52.21,4.0,5.0,1,0,bronze
d63134679bbb530a789f919555955aa0,35.78,1,35.78,5.0,3.0,0,0,bronze
d632eddd34f00aa9d19613ba9cef6294,85.73,1,85.73,1.0,35.0,0,0,bronze
d6349c498dd4ecaac6bfed760fd0f610,527.72,1,527.72,4.0,9.0,1,0,gold
d636819974225176f4e4983badc49539,41.0,1,41.0,5.0,12.0,0,0,bronze
d6397d68d5e186dac503530f731d7e10,56.0,1,56.0,1.0,21.0,0,0,bronze
d64023c35e5c1452ce568e993ac12c86,122.01,1,122.01,4.0,7.0,0,0,silver
d64729c1f8834e961018eb9378724361,79.63,1,79.63,5.0,12.0,1,0,bronze
d647ac91ff870deee189d7cd0cbf2380,52.78,1,52.78,5.0,3.0,0,0,bronze
d647bd6f2997e98e04f7d84da752b873,149.1,1,149.1,3.0,18.0,1,0,silver
d651f48b3c453fe39afce7628bc8269f,183.29,1,183.29,5.0,20.0,1,0,silver
d653c4815b8acc1fc51ff80339329490,61.05,1,61.05,5.0,17.0,1,0,bronze
d669236ac05e274f48c19d950f806bae,32.77,1,32.77,4.0,8.0,0,0,bronze
d6713c8d9ad1314417fa68d23128ebad,120.2,1,120.2,5.0,11.0,0,0,silver
d67aa1ce7cabb93451a2795dcea925ab,532.55,1,532.55,5.0,11.0,1,0,gold
d6899f280d9ddca47bebaa7f4d3d1c53,220.43,1,220.43,5.0,12.0,0,0,silver
d68ed97669e9cee5b36211dbc592f4b4,128.54,1,128.54,5.0,8.0,1,0,silver
d691abbc71f38f91d187deedeb200290,119.84,1,119.84,5.0,14.0,1,0,silver
d698d987204fa8409f973d39a5b8f075,414.81,1,414.81,4.0,4.0,1,0,gold
d69dbf84baa61962fbfdbc989121df61,195.1,1,195.1,5.0,9.0,1,0,silver
d69e7376cd254c900729616e75624e12,207.58,1,207.58,1.0,54.0,1,0,silver
d6a16f2bd18f8ce697476a3af01a75f4,69.34,1,69.34,5.0,10.0,0,0,bronze
d6ae86d5d5288d21d85bd5ad260ca140,58.59,1,58.59,3.0,7.0,1,0,bronze
d6b2a67c98eb8644a1d3b8c74be35001,180.53,1,180.53,1.0,42.0,1,0,silver
d6bc0e1efd0d78e7ca81be2865110c6e,146.44,1,146.44,5.0,19.0,1,0,silver
d6bd608a01942844e1cfd48686cd2d7a,109.5,1,109.5,3.0,29.0,1,0,silver
d6d12dbb84c3a9f8b90ddd05b4063a41,109.47,1,109.47,4.0,,0,0,silver
d6d8339509a0cc78756ef99d44a0a805,30.77,1,30.77,,6.0,0,0,bronze
d6e7a6b07d3527476527cfff9de20827,84.0,1,84.0,4.0,7.0,0,0,bronze
d6f2fb3970b1a584b2f88ed42edbfdb0,64.11,1,64.11,5.0,12.0,0,0,bronze
d6f48612f979f7abee1f3964f30afa2c,95.67,1,95.67,5.0,10.0,0,0,bronze
d6f8dbf1993000f865982297a4407529,98.81,1,98.81,5.0,1.0,1,0,bronze
d6fe1d8f8260d270ec05c8b3065c8eaa,59.0,1,59.0,3.0,6.0,1,0,bronze
d7046ea561b819649385d6d524166f04,87.57,1,87.57,5.0,20.0,1,0,bronze
d716ab725d80838dd42154a479e4b5a6,78.97,1,78.97,5.0,8.0,0,0,bronze
d71c3f7cd026b2df577188d0a806a6d0,95.45,1,95.45,4.0,19.0,1,0,bronze
d72c453cd952b79143e476ecc4a9b6ab,105.16,1,105.16,5.0,2.0,0,0,silver
d731c979f11cf22282a577e00153a925,60.03,1,60.03,5.0,6.0,0,0,bronze
d742e5325a29ecbb5ee56fb05f16d075,102.84,1,102.84,5.0,7.0,1,0,silver
d7430df1244bba45228c4ce327d397b8,728.74,1,728.74,4.0,7.0,0,0,gold
d744cabf5f797c46cf17ace45c496b63,268.42,1,268.42,5.0,8.0,1,0,silver
d7454b8fa3a458180e8089a093cf1718,600.43,1,600.43,1.0,43.0,1,0,gold
d74572d564d4ddc3cf3d286fdb4145eb,96.32,1,96.32,3.0,4.0,1,0,bronze
d748ffd406ceef24252c8879c1b27f96,89.08,1,89.08,5.0,22.0,1,0,bronze
d75d064ff4cf3a687e2de72142466e06,36.69,1,36.69,5.0,23.0,0,0,bronze
d75f14523552474917ce3e8793612f46,93.01,1,93.01,1.0,2.0,1,0,bronze
d76441ab4a22e389561144ffafdaa19c,145.0,1,145.0,5.0,6.0,1,0,silver
d76e210ebe61090af26f1d71d1e396b9,131.55,1,131.55,5.0,27.0,1,0,silver
d7706368f76ec8ce840dd29ec1e2060a,117.26,1,117.26,4.0,11.0,1,0,silver
d77d9c6b064eaad88403ad087686bc64,174.04,1,174.04,1.0,23.0,1,0,silver
d7830d2cd796b860f29c873a109fae4b,70.52,1,70.52,1.0,20.0,1,0,bronze
d789900b27c0988cf06890bb619520a0,17.17,1,17.17,1.0,,0,0,bronze
d78a0897bfa0787979481653b8bfb50b,188.37,1,188.37,5.0,25.0,0,0,silver
d78c12d22bb74c07f4a55c5c3a76b39d,167.51,1,167.51,3.0,33.0,1,0,silver
d794f879997aadb2cf494148550c892f,77.28,1,77.28,1.0,4.0,0,0,bronze
d7a3a62600b5265613c14c6d10ff6fe7,62.59,1,62.59,4.0,12.0,0,0,bronze
d7a78af0a07d991354f7ceb0b0068e1d,24.75,1,24.75,5.0,14.0,1,0,bronze
d7a9f47a1c943e087a775dc2f9d43eb3,99.43,1,99.43,5.0,3.0,1,0,bronze
d7aea2b2d4d7ed200746d41776fbe9af,65.78,1,65.78,5.0,11.0,0,0,bronze
d7b48fa632113889fa15900fcd9d20bd,47.29,1,47.29,1.0,,1,0,bronze
d7bf7cfe09c3d0f40e1cabde2dc17fd4,29.77,1,29.77,5.0,2.0,0,0,bronze
d7c511b09990d34e65e1d3e8f943cc28,243.71,1,243.71,5.0,13.0,1,0,silver
d7c90f6ab0a9d694c9f37bb8d027a19c,413.12,1,413.12,5.0,17.0,1,0,gold
d7dc081e3898c4cdf7adf2190e50a99c,102.86,1,102.86,5.0,7.0,0,0,silver
d7def44f47f1bb64b770c438641a5f50,351.36,1,351.36,2.0,2.0,0,0,gold
d7e0432688bbd72d3567568903f6117c,103.14,1,103.14,4.0,9.0,0,0,silver
d7e7cc24f659b8c0cae4431d42036e47,32.37,1,32.37,3.0,6.0,0,0,bronze
d7f1f2c2fbdb3323715152564d0a9c73,102.64,1,102.64,5.0,16.0,0,0,silver
d7f8e86b4432d80cb7133994497a0999,55.04,1,55.04,4.0,13.0,0,0,bronze
d80428a055be33747921d70b443d2fa5,103.93,1,103.93,2.0,,0,0,silver
d806b2a50d10abd760f44162c49eea48,71.64,1,71.64,5.0,9.0,0,0,bronze
d80e2750d1f4388b2bec1f495daa05b3,201.07,1,201.07,4.0,20.0,1,0,silver
d814663559835dd0158956bb317ac977,385.08,1,385.08,4.0,14.0,0,0,gold
d815021b4d2400e191b912e96d494b2a,81.12,1,81.12,5.0,19.0,1,0,bronze
d81c9733d8705744518cd8d2e1be4460,87.3,1,87.3,5.0,12.0,0,0,bronze
d81e95c47defd78bd56894ce015396c2,107.46,1,107.46,5.0,10.0,1,0,silver
d829656f326417233c2188bb0652ff4d,57.99,1,57.99,5.0,6.0,0,0,bronze
d83270ed090b33b1c04a74c698bc87ec,83.75,1,83.75,5.0,8.0,0,0,bronze
d841aa88115365f9065248b6e49aaa2c,30.0,1,30.0,3.0,14.0,1,0,bronze
d84de07965ed310081a83c11d34cd270,98.71,1,98.71,5.0,8.0,1,0,bronze
d852affba1eb7b0fbb351e17f13cc5f1,51.33,1,51.33,4.0,6.0,0,0,bronze
d86250e9b7c928947d25fcca3999b9be,52.23,1,52.23,5.0,27.0,0,0,bronze
d864fec759886e2c8ee25038e7f095ab,76.78,1,76.78,4.0,2.0,0,0,bronze
d86e4bc2e78c75143b9dff6ce91a3a09,88.08,1,88.08,5.0,12.0,1,0,bronze
d8729aea335b92114bf0de987ab3b6ba,292.74,1,292.74,5.0,5.0,0,0,silver
d87cc9520e3fd47ef88f7098e51afe8a,343.71,1,343.71,5.0,17.0,1,0,gold
d88025e331ae3af0b932640d318184d2,107.78,1,107.78,5.0,11.0,1,0,silver
d885b619cb2e462ccc493b70faea10c5,60.79,1,60.79,5.0,14.0,0,0,bronze
d8870510ff9a80e33b040a7f7052c289,113.42,1,113.42,4.0,5.0,1,0,silver
d88ab33b7eb886fea1b8ff195c9a9781,126.54,1,126.54,5.0,10.0,0,0,silver
d88f5d844261ba522471376bd5c505e3,36.0,1,36.0,5.0,6.0,0,0,bronze
d898dd9cf53ac80594e0194eaa86c7f3,418.04,1,418.04,5.0,8.0,1,0,gold
d8a65ab5c2ef747532d08ced01992d20,324.04,1,324.04,5.0,14.0,1,0,gold
d8a89aaa59ca5fbb3831547f7eee1a63,35.0,1,35.0,2.0,25.0,0,0,bronze
d8a89dc47bde7dc0b83a3434cc017ee1,254.04,1,254.04,5.0,13.0,1,0,silver
d8aa989e502c162456da4c7da11d7bc9,62.37,1,62.37,5.0,5.0,0,0,bronze
d8aafab80ae2e5e85c3c42e53acc6d92,51.9,1,51.9,5.0,8.0,0,0,bronze
d8bcceb978bb850ebfdaeaccbca29b79,106.17,1,106.17,4.0,10.0,1,0,silver
d8c0f846f1bfe502f895e3d1a838300e,112.94,1,112.94,5.0,28.0,1,0,silver
d8ca95d946a44bf4af460bc5eea8c00f,60.39,1,60.39,5.0,5.0,1,0,bronze
d8cef4d551f57b2f2657619815495c56,60.95,1,60.95,3.0,18.0,1,0,bronze
d8d3620aaefe28de2acf94b61aa2d5c0,83.79,1,83.79,4.0,3.0,0,0,bronze
d8da053d4cb055920f2667f2ba038f0c,70.16,1,70.16,5.0,8.0,0,0,bronze
d8e902319a9ed628de1ed00785b9e09f,763.23,1,763.23,5.0,13.0,1,0,gold
d8eea6c28e7558bb2829bf8d5804d169,527.23,1,527.23,5.0,13.0,1,0,gold
d8f3c4f441a9b59a29f977df16724f38,107.58,1,107.58,4.0,8.0,0,0,silver
d8f410672ad8c781812f8b70aaac2bdf,69.4,1,69.4,3.0,75.0,0,0,bronze
d8fb9a7157114af9690a03b6ff65a3cb,428.91,1,428.91,4.0,12.0,1,0,gold
d900194994af67d324b49dbf7f3e560b,91.21,1,91.21,5.0,5.0,1,0,bronze
d9058ef529d2c65e426d6d84ff11e838,99.54,1,99.54,5.0,3.0,1,0,bronze
d90ad03504248c1240903d114ac9fc16,40.0,1,40.0,5.0,9.0,1,0,bronze
d918450664046ceedf2b05206d8553dc,170.84,1,170.84,2.0,25.0,1,0,silver
d91a33d16eb51762c15ba0a16816b0cb,124.27,1,124.27,4.0,8.0,0,0,silver
d922281ccc68860433f65b726330f718,361.45,1,361.45,4.0,5.0,1,0,gold
d92c01e741554e58a433e0ad36e26c82,89.96,1,89.96,5.0,10.0,0,0,bronze
d931982691b925ca8f626c20efa90743,105.63,1,105.63,1.0,14.0,0,0,silver
d943010eb2a6532e0fbc6e2acd8cb816,72.79,1,72.79,5.0,21.0,1,0,bronze
d945c7b2e010124a6aebc17396abdb19,269.08,1,269.08,3.0,2.0,0,0,silver
d948754ee35966f776d3f64b226cc476,142.13,1,142.13,1.0,49.0,0,0,silver
d948e8bdd06e8774ed77c2114de68e6f,75.51,1,75.51,5.0,4.0,1,0,bronze
d94a50f9cddac0907ae02f2b8589361d,59.33,1,59.33,5.0,7.0,0,0,bronze
d958c4aaa0b96792f3c6cdf041d5f71e,43.27,1,43.27,5.0,12.0,1,0,bronze
d9718ed52d1918815375e89fce46181e,188.94,1,188.94,5.0,4.0,0,0,silver
d9752ac494a2b97507fd2faa478cabd9,213.94,1,213.94,2.0,5.0,1,0,silver
d984dee7d1584f0e6f2141b680f7dc32,33.42,1,33.42,5.0,12.0,0,0,bronze
d98f42f66166ac939d5523b52cb53841,87.64,1,87.64,5.0,14.0,0,0,bronze
d99085232dfe23c140f9a990997bf23d,20.29,1,20.29,5.0,3.0,0,0,bronze
d99159811c2f222312ff56f2ebb9292a,70.74,1,70.74,2.0,13.0,0,0,bronze
d9a0ee6d5b0c820ed2e5c67b5393fb10,153.38,1,153.38,4.0,16.0,0,0,silver
d9a5ebf62ff59b5cef9e4e36b6a76f7e,103.13,1,103.13,5.0,15.0,0,0,silver
d9aaa8544dd466a3623226d67b722880,342.02,1,342.02,4.0,13.0,1,0,gold
d9abbe73143b31e0f983679ad781b143,64.11,1,64.11,5.0,9.0,0,0,bronze
d9ad1a4f3055a4d3cba840034166b1a1,279.27,1,279.27,1.0,17.0,1,0,silver
d9b6a81c4d9253f5879e8329d2496e22,39.75,1,39.75,5.0,12.0,0,0,bronze
d9b86d73f6f5d7e89ca545835f207b07,190.01,1,190.01,5.0,3.0,0,0,silver
d9d3946d80d034878bf1bbf62642ab99,62.01,1,62.01,5.0,5.0,1,0,bronze
d9d628efb9937a38fba174d1824f39e5,225.57,1,225.57,4.0,22.0,1,0,silver
d9d7323fcb35521dd088e0e0ad50e8c7,52.46,1,52.46,5.0,14.0,1,0,bronze
d9d89e798dfd000f8459932fbedb0c32,126.28,1,126.28,4.0,11.0,1,0,silver
d9e06320bc4c013895d433332e0b0536,87.72,1,87.72,3.0,3.0,1,0,bronze
d9e195acf6b4700e59c24f7076458990,135.76,1,135.76,5.0,14.0,0,0,silver
d9e1b12be9642c910bfff38ee736b010,71.66,1,71.66,5.0,20.0,1,0,bronze
d9e724e4624dd09a84815bd03885e9ca,73.16,1,73.16,1.0,17.0,0,0,bronze
d9ecdaa6df22397c2509da5732257b3a,367.02,1,367.02,1.0,,1,0,gold
d9ee904276e298eabdfd0cdb2f03d7f1,42.75,1,42.75,4.0,17.0,1,0,bronze
d9f409b7a8d71b91e9fa7919dfffdc28,66.01,1,66.01,5.0,13.0,0,0,bronze
d9ffaef986305a5a589b198d8568f211,158.52,1,158.52,5.0,9.0,0,0,silver
da005f4b35fe508d347b3e3266cfc74b,178.58,1,178.58,5.0,2.0,0,0,silver
da0440138fea4368af70b5cb01126a9c,70.72,1,70.72,5.0,6.0,1,0,bronze
da0fe10a43d71940133f4bb8c8de534a,33.03,1,33.03,5.0,5.0,0,0,bronze
da1156ecf6d5c22b6f55a25a22b707e7,49.59,1,49.59,5.0,6.0,1,0,bronze
da1350640cb6f44df284977b3acef692,218.35,1,218.35,5.0,15.0,1,0,silver
da136461ee13c8cadd6358eab6a9bec7,296.64,1,296.64,5.0,7.0,1,0,silver
da1893715fcf0fe9b44be82e8a479161,43.26,1,43.26,3.0,5.0,1,0,bronze
da1af750590b61938a1868a6cab92595,108.1,1,108.1,4.0,6.0,1,0,silver
da213261705e114a5d85e48535abf562,184.95,1,184.95,4.0,14.0,1,0,silver
da2168560d23ebcf1414078f7a5a5997,316.64,1,316.64,3.0,14.0,1,0,gold
da24ff7539bfd80350751ae2d27248ce,305.27,1,305.27,5.0,14.0,1,0,gold
da2b11046bae45ebe596e2f33ba87808,242.23,1,242.23,4.0,10.0,1,0,silver
da2bdfa28e41c97daf9e8cb2749bc30c,53.37,1,53.37,5.0,10.0,0,0,bronze
da3035eecf35b3553f5f3b53048e04fe,45.6,1,45.6,1.0,25.0,1,0,bronze
da3f63d7531fe712a6b3cf5699530a2f,165.8,1,165.8,5.0,18.0,1,0,silver
da406774618e151eff23d5e43d3b0894,91.18,1,91.18,5.0,12.0,0,0,bronze
da470e0514189e58504358bce259f030,51.84,1,51.84,4.0,15.0,0,0,bronze
da56ade83334e416439ec0cbe4b666d6,78.34,1,78.34,3.0,3.0,0,0,bronze
da5bbfd583efb762f6fda762f1aaf4a9,44.02,1,44.02,1.0,62.0,0,0,bronze
da5d40e473fee06248b1610e35100789,135.63,1,135.63,5.0,9.0,1,0,silver
da6c70612a3d7484427e8442ff96056c,93.89,1,93.89,5.0,10.0,0,0,bronze
da8634c08a4dca3b320245f55a6764f4,43.79,1,43.79,5.0,6.0,0,0,bronze
da86b3d698ed82275d92e48b56d7abd3,145.56,1,145.56,1.0,,0,0,silver
da8912d6606bafc5b52bf257f2e0dd0f,74.76,1,74.76,2.0,8.0,0,0,bronze
da8ac849037c7201a41a4db0b1fa963e,363.06,1,363.06,5.0,3.0,1,0,gold
da8f764b90a3b800f31d093c22cd3074,97.92,1,97.92,5.0,16.0,1,0,bronze
da90ce986b770be13138f9bb6ebdab7c,583.63,1,583.63,1.0,8.0,1,0,gold
da994e8a54387cefc714c2331ee51a4a,146.46,1,146.46,5.0,5.0,1,0,silver
da9c90677b1963eca1cf8a14c338cf6e,19.62,1,19.62,5.0,11.0,0,0,bronze
da9fe686eb368251f74be6cf68c13678,292.24,1,292.24,5.0,21.0,1,0,silver
daa45b7f25ea8c605437b139ba3870a7,73.15,1,73.15,4.0,9.0,1,0,bronze
daa568f5999003d872a237be0434b499,160.54,1,160.54,5.0,7.0,1,0,silver
daa831b62abae75aba44e1de6242eebe,63.46,1,63.46,5.0,9.0,1,0,bronze
daaa4bd4b2ac37cd00efc852878b626a,69.52,1,69.52,5.0,33.0,0,0,bronze
dab37b78cef7cd1cfe1cc34420c07a93,365.37,1,365.37,1.0,,1,0,gold
dab99d214fcc74719108e91aa54c8362,340.29,1,340.29,5.0,23.0,1,0,gold
dabc2d7741259132e906731a08c09d6e,208.63,1,208.63,5.0,5.0,0,0,silver
dac404dd8c3d5be7de58c20a8f9bcf4a,33.24,1,33.24,3.0,2.0,0,0,bronze
dac57916147a7d57bee615a47a4be7a6,158.07,1,158.07,5.0,10.0,1,0,silver
dac5a1cb9310e1531c38624d1cc518b9,110.9,1,110.9,5.0,19.0,0,0,silver
dad1eb1624d037f15eeac6c2c2cd0843,82.14,1,82.14,2.0,1.0,1,0,bronze
dad72f3eb9e5d21519271868d9c5f943,305.19,1,305.19,5.0,5.0,1,0,gold
dad9e634284872d012677965e512b57d,84.48,1,84.48,2.0,6.0,1,0,bronze
dafd3545d3538dec663e26b09fa4e47b,130.73,1,130.73,3.0,11.0,0,0,silver
db03f5d6cbe86098fe06a3e26d6b4c6e,228.03,1,228.03,1.0,8.0,1,0,silver
db0940e1012fa77e4e19a6e38f4105fd,186.92,1,186.92,5.0,8.0,0,0,silver
db094faaa9628ba9f5e5da127407f139,131.69,1,131.69,5.0,8.0,1,0,silver
db0f9d5f491661d37050378403a532f9,58.59,1,58.59,5.0,15.0,0,0,bronze
db16b79a79878863b1a566d75a192639,66.67,1,66.67,5.0,19.0,0,0,bronze
db199a1ba473e541c93f0d11564079f1,72.75,1,72.75,4.0,5.0,0,0,bronze
db208c8a70d6d9b5b68c6db7a60fe453,26.35,1,26.35,5.0,7.0,0,0,bronze
db29571fb751833b8e3d9733d8a93000,179.22,1,179.22,5.0,10.0,1,0,silver
db29fa1f0d621557cec5d539a6e68050,255.71,1,255.71,5.0,3.0,1,0,silver
db2de56ee76453756d05a1746cd43fc8,54.72,1,54.72,5.0,12.0,0,0,bronze
db32340102466e6cac3436dfd4bf1cbc,144.58,1,144.58,3.0,5.0,1,0,silver
db41032053bd5753dae15bc559853a3a,28.09,1,28.09,5.0,12.0,0,0,bronze
db49b0cc5455bb95b2511a5b3f9bdafd,56.92,1,56.92,4.0,22.0,1,0,bronze
db5754605976ff5c5447b8cbf09e369a,91.01,1,91.01,5.0,13.0,0,0,bronze
db5edf92e08b477b2134569ac8a8b644,141.23,1,141.23,1.0,,1,0,silver
db759dea7d1db13c02978264a6d9bae0,279.92,1,279.92,4.0,8.0,1,0,silver
db763c0a0bf80e06d26e0a5896621052,215.86,1,215.86,5.0,9.0,1,0,silver
db78aba991301a9c3e147c2c4465c0dc,99.9,1,99.9,5.0,12.0,0,0,bronze
db856e8cb7586dd746d36ee69f7dbe68,156.38,2,78.19,5.0,4.5,0,1,silver
db894ce6057f414cb36be0e6def98f9c,88.2,1,88.2,5.0,10.0,0,0,bronze
db8f7a5276f97221dacccbf8ef9fbbc9,205.4,1,205.4,3.0,14.0,1,0,silver
db9292a4956f14b5f8f3c4740096f062,163.38,1,163.38,5.0,10.0,0,0,silver
db944ef823fdb472762dd0a3155bf778,435.65,1,435.65,1.0,14.0,1,0,gold
dbb15eb2661a149d6239983aabac88d0,111.4,1,111.4,4.0,21.0,1,0,silver
dbbeccb05223aeb715c459c496258f4e,186.49,1,186.49,4.0,19.0,1,0,silver
dbc0161f5fbf2f879f019bb619f87210,87.48,1,87.48,5.0,8.0,0,0,bronze
dbc19912d7a5ce777b71178146f803f8,32.38,1,32.38,4.0,5.0,1,0,bronze
dbcefdf152f6054ebca8ca78edabd755,117.94,1,117.94,5.0,10.0,1,0,silver
dbd6d0992a1ba5d60b3ca1c9f4577f10,78.72,1,78.72,5.0,2.0,1,0,bronze
dbdf4394db8704e0fc5d4ebcb7efead6,637.81,1,637.81,5.0,16.0,1,0,gold
dbdf835d7807129fb5cb917e11b1a933,62.23,1,62.23,5.0,2.0,1,0,bronze
dbdfcd1e9de47452f3c9b0229bc0edc3,221.79,1,221.79,4.0,16.0,1,0,silver
dbe3f4e2e46a955ca13fc1554528dd5e,65.34,1,65.34,5.0,15.0,0,0,bronze
dbe6429f609e8f239f6247c48cfc3e8e,93.5,1,93.5,5.0,5.0,1,0,bronze
dbedaa0402e0dfa8b90fb9557424c5fc,69.84,1,69.84,5.0,4.0,0,0,bronze
dbf00885a0a898c987a72be957c6435c,28.0,1,28.0,4.0,16.0,0,0,bronze
dc0b888e7569dd142a2dbeeeccc415ad,324.74,1,324.74,5.0,23.0,1,0,gold
dc0e76b29aa87a9ab0c8b835954b9078,193.45,1,193.45,1.0,19.0,1,0,silver
dc13e860c9b346d7c0ce6157bef3ca1d,150.54,1,150.54,4.0,6.0,0,0,silver
dc184f142552a38189d5d5428d1984a6,222.68,1,222.68,1.0,34.0,0,0,silver
dc1d683bcd460944a0e8eaa31bb009d4,267.65,1,267.65,5.0,10.0,1,0,silver
dc1dac999319e4de0009df7ad0d02104,40.0,1,40.0,5.0,7.0,1,0,bronze
dc1ebb3411fb6921b469b113b93ff80c,175.56,1,175.56,4.0,27.0,0,0,silver
dc2077d3fad144ac769ab2e5701b126f,116.85,1,116.85,5.0,4.0,0,0,silver
dc2614eb286553368ee7b6cab3dbfd70,76.73,1,76.73,5.0,8.0,1,0,bronze
dc2789ac94f950b30545e314f95e411e,247.62,1,247.62,4.0,18.0,1,0,silver
dc34bc2c2df6e185a1c967437f3b68b3,51.12,1,51.12,5.0,,0,0,bronze
dc4c9fe30e50428b343a902a92e43901,323.82,1,323.82,5.0,19.0,1,0,gold
dc50bed4993a12f1d7cf530f7b30daac,145.06,1,145.06,5.0,3.0,1,0,silver
dc5167d9e627d3d027404e50bf25089a,71.63,1,71.63,4.0,7.0,1,0,bronze
dc539d99d32ab632d7762838ed9518a3,319.89,1,319.89,5.0,3.0,0,0,gold
dc6077ddf2a7ed0dde5d543b5ffdd1ed,75.07,1,75.07,1.0,36.0,1,0,bronze
dc60c9d2751e2ec174e8d7cb3ac63147,74.67,1,74.67,1.0,11.0,0,0,bronze
dc72d84effd751fe08996e409a9063a0,98.83,1,98.83,4.0,8.0,0,0,bronze
dc7834a96c0a7d00791c270c6429286a,75.65,1,75.65,5.0,10.0,0,0,bronze
dc8424be33dd1873250680c85a3b9376,296.33,1,296.33,5.0,11.0,0,0,silver
dc9ccd8be2d922f8583d97933b06c5f4,341.0,1,341.0,1.0,9.0,0,0,gold
dca1e55e7b5b557a2325f825d93ff945,85.14,1,85.14,5.0,8.0,1,0,bronze
dca7f01148962ef71a9c5be7591c079c,232.72,1,232.72,1.0,24.0,1,0,silver
dcae10a371a35e87b7e88b8724a7bbea,79.56,1,79.56,1.0,19.0,0,0,bronze
dcb0a43ddd8d5cbf5c5a7bd636e218e1,146.84,1,146.84,5.0,7.0,0,0,silver
dcb8a4fcc85196356fd964e56bce77f5,114.33,1,114.33,5.0,13.0,1,0,silver
dccce67f3d3bf822b6425b90de5723d1,99.74,1,99.74,4.0,8.0,1,0,bronze
dccd1a4751f4983ea37c63167df47a34,82.62,1,82.62,4.0,16.0,0,0,bronze
dccd906d70e7ddcd40675d85d6f63433,125.4,1,125.4,4.0,18.0,1,0,silver
dcd14a3f297d7d1caf4f6bbbfb12b2a4,59.78,1,59.78,5.0,4.0,0,0,bronze
dcd27efb93b723b301f8bac00e5d7e01,212.52,1,212.52,4.0,8.0,0,0,silver
dcd94802618619b93183b9ae4adff5e3,101.27,1,101.27,5.0,7.0,0,0,silver
dcdfef6e28d0a7435f0cc0fe0483283a,163.89,1,163.89,5.0,11.0,1,0,silver
dce5a2ec04713ca71d7fd432f45b70cc,124.84,1,124.84,4.0,19.0,0,0,silver
dceb2cbd296147f98daab729ec2ec6e3,267.05,1,267.05,5.0,3.0,0,0,silver
dcf94500cedf7c5c153937b663a6cd4f,918.16,1,918.16,5.0,18.0,1,0,gold
dd19277025613729e0d8260011ce15fa,57.23,1,57.23,5.0,9.0,0,0,bronze
dd1d0bf4639f484a8044b303618e3516,66.53,1,66.53,5.0,7.0,0,0,bronze
dd32d91b3e390767e7be4cd982cd9f56,77.21,1,77.21,5.0,8.0,1,0,bronze
dd34c3ec9e621272eca99fccad0b5e50,82.67,1,82.67,1.0,38.0,1,0,bronze
dd3dbd954a92cde43aa989722745a4f8,147.65,1,147.65,5.0,8.0,1,0,silver
dd4f1f5038183f09bdaaeff43ebfdf59,103.55,1,103.55,5.0,5.0,1,0,silver
dd541f4e3dd76337abcc30beba79fd41,148.16,1,148.16,3.0,31.0,1,0,silver
dd5910e043d07e3fb1ea1587a1e52bcc,201.82,1,201.82,1.0,8.0,1,0,silver
dd5c74c348f6b6e865aed8464cbc8292,66.78,1,66.78,5.0,2.0,0,0,bronze
dd663933c8b8fc4d05f190b1a41c283c,76.78,1,76.78,5.0,4.0,0,0,bronze
dd6a750c92768a89a7d9c5e819df852a,58.62,1,58.62,5.0,10.0,1,0,bronze
dd72e3222467430aa0eb9233dbeac287,48.68,1,48.68,5.0,9.0,0,0,bronze
dd79c16e78e8c812e14043deb3769fde,98.14,1,98.14,5.0,5.0,0,0,bronze
dd8253fe17486f2e2cbff105e36e4a55,834.12,1,834.12,2.0,11.0,0,0,gold
dd95799592e245bb3f6746f25b4e6275,34.37,1,34.37,1.0,,0,0,bronze
dd992305cba295d997f263dbdf4e8c2e,49.09,1,49.09,5.0,16.0,0,0,bronze
dda24f6536ae79e4f92c12c27207336f,340.82,1,340.82,5.0,6.0,1,0,gold
ddab5650ba76e2fa2d7e25ed3343bd92,81.22,1,81.22,4.0,6.0,0,0,bronze
ddb8ffdbf7d9b0f26895b6c0712ead4e,336.99,1,336.99,5.0,14.0,1,0,gold
ddbdedb6b22d4e6743755970c5d221ba,36.88,1,36.88,2.0,4.0,0,0,bronze
ddbead72efcebad74eb7e952b034e995,63.92,1,63.92,5.0,7.0,0,0,bronze
ddc1ef8777e10b4b773e4e58c04c9c25,153.25,1,153.25,5.0,11.0,1,0,silver
ddccdeef2671a07eff4442b91eccb2c1,35.96,1,35.96,5.0,9.0,0,0,bronze
ddcd40e988c7ba625bb5890b51bf8e92,152.34,1,152.34,5.0,12.0,1,0,silver
ddcf879b970abe56ab899ac045120667,624.91,1,624.91,5.0,9.0,1,0,gold
dde1a757068b4924710f9ef6d4378c32,131.61,1,131.61,4.0,14.0,0,0,silver
dde8dd36a5290a1bfb650e1c8037b88b,497.62,1,497.62,2.0,13.0,1,0,gold
ddeb574c6abf389c6ba0d239a6ef8d00,117.08,1,117.08,5.0,9.0,0,0,silver
ddeb6f3566dcf17cb455271ac103a73f,290.72,1,290.72,4.0,9.0,1,0,silver
ddeeee01e9a1a9ce517867c48def43b3,388.44,1,388.44,5.0,20.0,0,0,gold
ddffdfc1fdb12708fb60a4e62796a778,208.55,1,208.55,5.0,6.0,1,0,silver
de0610d23c86af1cd01291a768373d7a,289.02,1,289.02,4.0,10.0,0,0,silver
de2273285b9896a785147c7bea76566f,78.19,1,78.19,5.0,6.0,1,0,bronze
de311696c3796c4c962f71d8991c1ecd,61.38,1,61.38,5.0,2.0,0,0,bronze
de3310643e5dc5aeda6082c500dc629f,400.44,1,400.44,1.0,46.0,1,0,gold
de34b16117594161a6a89c50b289d35a,56.78,1,56.78,3.0,12.0,0,0,bronze
de3a3d7d80594efdfee27a0fd466844a,68.19,1,68.19,4.0,4.0,0,0,bronze
de3da035327809e57b95f4da954f2322,182.4,1,182.4,3.0,22.0,0,0,silver
de50d300d408a7fe1348fa8bd197ddf2,206.72,1,206.72,4.0,9.0,0,0,silver
de58375cb90c1b8387549427023e05d0,235.41,1,235.41,5.0,9.0,1,0,silver
de73179fb08ccaa16bfbf6c139879855,65.17,1,65.17,5.0,23.0,1,0,bronze
de7c0cdd4a7d9336e71adfbfdc11334c,656.16,1,656.16,1.0,,0,0,gold
de7f37cea380538db54a10873bffe54d,244.38,1,244.38,5.0,7.0,0,0,silver
de821059d96fe9cd40fa185083d065fc,77.06,1,77.06,4.0,10.0,0,0,bronze
de866cb257c9e901821980f264fae2ff,75.6,1,75.6,4.0,7.0,0,0,bronze
de86a31c04324655ba359a25f09f0bd1,68.89,1,68.89,5.0,6.0,0,0,bronze
de86efebaba5ac81ff6b32d9a55654ff,94.4,1,94.4,5.0,3.0,1,0,bronze
de8e7d7d1d66fd882a0cadf8b1bfddba,168.65,1,168.65,1.0,4.0,1,0,silver
de931b7dca1d1666bbd1e94a19123e4a,41.92,1,41.92,4.0,18.0,0,0,bronze
de94623fee735ec65d034e247e2bb488,51.1,1,51.1,3.0,9.0,1,0,bronze
de9d828cd09c8f103622fe8f2d444a19,131.95,1,131.95,5.0,17.0,0,0,silver
de9f979be63bbed5045c2bf762dd2eff,82.1,1,82.1,1.0,26.0,1,0,bronze
deb341a4b63b6c908a512849319cf207,624.24,1,624.24,5.0,17.0,1,0,gold
deb50cb0b385739250de8a449814bef1,68.43,1,68.43,4.0,5.0,0,0,bronze
deb5d5ca342b4f3c98d0c990f2ff4809,75.28,1,75.28,5.0,3.0,1,0,bronze
deb80c0c040399f7ea8f47160bc7362b,26.34,1,26.34,4.0,10.0,1,0,bronze
dec589d17a7f806ea3e1512a4b5fe0fd,26.28,1,26.28,5.0,2.0,1,0,bronze
dec7af0cbdae3e0c1a5a85698ac79772,23.69,1,23.69,5.0,4.0,0,0,bronze
dec8632530ce2c58e688e63cbc5105e6,30.64,1,30.64,5.0,9.0,1,0,bronze
decb307ddea7099666fdaa07689ac885,36.88,1,36.88,5.0,2.0,0,0,bronze
decc36d2cdb063a399445b91eba4ee35,146.16,1,146.16,5.0,26.0,1,0,silver
deccec264c92bcc03e9d0fd7ccff2e58,62.68,1,62.68,5.0,12.0,0,0,bronze
dee18b46b57c871840488ddcc81f1ce4,1312.67,1,1312.67,5.0,4.0,1,0,platinum
def2f17d562354f6223c1ad17a4b4cb6,104.71,1,104.71,5.0,6.0,0,0,silver
defd7693c381283d13c91fec8cf53c06,47.0,1,47.0,5.0,13.0,0,0,bronze
df074102cdd24c53d8bd1f1a61a3a962,77.1,1,77.1,4.0,,0,0,bronze
df0a6be815cb4c0f61413f8f13632739,155.45,1,155.45,1.0,39.0,0,0,silver
df0f306bf2711486bf3bca6d99801131,47.29,1,47.29,4.0,2.0,0,0,bronze
df17d9d852513e77b5f2de9265511a07,46.18,1,46.18,5.0,6.0,1,0,bronze
df1a686ded07f09705438ae75b5f6170,233.62,1,233.62,1.0,,1,0,silver
df2303f3a52e675813bd5bb8152ba3ba,78.71,1,78.71,4.0,7.0,1,0,bronze
df38102d80095da57461f4e328d3ae7e,140.61,1,140.61,5.0,12.0,1,0,silver
df3fe24bb641f97427acab1c46a06dd2,87.15,1,87.15,5.0,14.0,1,0,bronze
df51e988b63ae327661ba775e3bbaffa,98.85,1,98.85,5.0,5.0,0,0,bronze
df534a4fbf3388be1fa78d5b5ea9d153,66.45,1,66.45,5.0,5.0,0,0,bronze
df54a349b0edb7f8420cd864c0561770,330.31,1,330.31,1.0,4.0,1,0,gold
df54eff9f8b2197b93e71675437442ae,121.37,1,121.37,5.0,10.0,0,0,silver
df6449754e3b70e4662f400c7ff8723e,191.07,1,191.07,4.0,34.0,1,0,silver
df6454025c6b8513d78d144824b68d94,186.0,1,186.0,5.0,,1,0,silver
df6746fd3264e62757e10939c41803b1,77.75,1,77.75,5.0,5.0,1,0,bronze
df6d6ea015b45aacedc8cc1040784a0e,103.55,1,103.55,5.0,7.0,0,0,silver
df7491b778a4f160e6d0441eaeb59856,144.63,1,144.63,2.0,7.0,1,0,silver
df76d1efc22b15300619dd981a0c3d1c,155.14,1,155.14,5.0,9.0,1,0,silver
df7ae6ce59c0eb33b537b6bb0855c807,91.28,1,91.28,4.0,5.0,1,0,bronze
df806b0e569d1249276bb202baf9091a,89.43,1,89.43,5.0,4.0,0,0,bronze
df8ea15cce41abd80d24724d9db3b535,57.53,1,57.53,5.0,21.0,1,0,bronze
df8fc9f5259ee77b678192c7c3879a94,73.15,1,73.15,5.0,7.0,0,0,bronze
df924ea3ab35a71d6b41941bbe57a3a7,209.21,1,209.21,4.0,4.0,0,0,silver
dfa1b70f520aa1e08ed075bea998d267,120.32,1,120.32,1.0,15.0,1,0,silver
dfa75f75a3fcae0601afc66a1c456795,137.67,1,137.67,5.0,3.0,0,0,silver
dfb6c5f0a9757047b2b686bf88afac32,327.3,1,327.3,1.0,,0,0,gold
dfb7a2966ba44addc521d958835bc5bd,116.48,1,116.48,1.0,4.0,1,0,silver
dfbb4c51ec321d5ee8307a10e57452b7,159.1,1,159.1,3.0,7.0,1,0,silver
dfbc1ad2d51bcbd0a1b2bbdc21498852,183.85,1,183.85,5.0,10.0,0,0,silver
dfc218e598a5a22cb02a24e5aca66f9e,381.69,1,381.69,1.0,12.0,1,0,gold
dfc609c4c7408e13eec3faf2ee8daa57,141.98,1,141.98,4.0,7.0,0,0,silver
dfde6df50336e7eb00e94e371e58ab26,33.99,1,33.99,3.0,4.0,1,0,bronze
dfe0f45b0b8cf0ce9c4cfb41c0808240,64.58,1,64.58,,8.0,1,0,bronze
dfe96ce580a21f177c1d85fe2c78e1ab,389.45,1,389.45,4.0,8.0,1,0,gold
dfefe9b186f8c4959ae173c4c5ec4812,42.5,1,42.5,1.0,32.0,0,0,bronze
dff712b02bbaed94147ee35e29296897,153.22,1,153.22,1.0,20.0,0,0,silver
dff85e1f521a1cd225cc7706968a32c6,210.61,1,210.61,3.0,18.0,0,0,silver
e00c4751baab2d9aa03bb8ed66f3413e,31.77,1,31.77,5.0,4.0,1,0,bronze
e00e8d6baa14e557360a8680eace8b45,47.23,1,47.23,5.0,8.0,0,0,bronze
e0233c751408137ec5cdde0c37e6a61a,60.85,1,60.85,3.0,13.0,0,0,bronze
e035ab2e06d5643295a12b3a0eaf892b,213.56,1,213.56,5.0,18.0,0,0,silver
e039686ac81ec2da584dda89863a28cc,240.32,1,240.32,5.0,10.0,1,0,silver
e03d7002d4845a2d2e38d8b89305bb0f,134.27,1,134.27,1.0,7.0,0,0,silver
e03dbdf5e56c96b106d8115ac336f47f,389.43,1,389.43,5.0,11.0,1,0,gold
e062c41b8304538628803186b66c9c97,43.69,1,43.69,3.0,9.0,1,0,bronze
e067bffe035aa8a098fb9e7883baec65,50.15,1,50.15,4.0,13.0,0,0,bronze
e074efd5612063e4f9d322e3f02c1fed,112.99,1,112.99,5.0,3.0,0,0,silver
e079539df7ff5d68daa7906cf04e9917,129.09,1,129.09,5.0,12.0,1,0,silver
e07a8bc8e478560073ce5e5f14092970,217.45,1,217.45,3.0,12.0,1,0,silver
e087f21fb7bea52503db8303d3317ae5,79.45,1,79.45,5.0,32.0,0,0,bronze
e097aa2a5a2760080c3abf6386002c49,77.57,1,77.57,5.0,20.0,0,0,bronze
e0998bd9b9ddc78c925d8a815f18673a,173.77,1,173.77,1.0,,1,0,silver
e09b74bdbfb36ed596e4fcd32a35e1ed,238.08,1,238.08,5.0,5.0,1,0,silver
e0a5163e8d7d76ca1fe345506a6552d7,344.27,1,344.27,1.0,20.0,1,0,gold
e0aa6100669afe14db4e356afbf7d744,113.11,1,113.11,5.0,6.0,0,0,silver
e0b0f9beb31782e3174a67b875697ca0,155.0,1,155.0,1.0,27.0,1,0,silver
e0b3c4a8ae8abac6675d63fd34a79bbb,82.82,1,82.82,5.0,2.0,0,0,bronze
e0c0df3ada9b5f8be03c0df94ac63ae8,173.53,1,173.53,4.0,6.0,0,0,silver
e0c5e0fa78722329ee593baaa88a3158,135.29,1,135.29,5.0,6.0,1,0,silver
e0c67c09cd9a1143a62477fc0ea4347a,131.95,1,131.95,1.0,14.0,0,0,silver
e0d0b48b5fd008892e5e14806ab2b023,138.6,1,138.6,3.0,24.0,1,0,silver
e0d435e159cb71fff2fbd138e71aae33,64.53,1,64.53,2.0,26.0,1,0,bronze
e0e1e133491ef03e577d6fa82471124a,75.58,1,75.58,4.0,8.0,1,0,bronze
e0f3bbfe91d5f6c5700300e9db4c415c,53.98,1,53.98,5.0,7.0,1,0,bronze
e0f4369442d02c201e98330c810d1e56,295.12,1,295.12,5.0,3.0,1,0,silver
e0f8ebd32ca3cf629c40b77227f8e847,15.37,1,15.37,5.0,3.0,0,0,bronze
e0fe50284ea35e5d7a1ed290174f4560,163.02,1,163.02,1.0,8.0,1,0,silver
e106b0bf1efc2352bda60eaeced76675,218.08,1,218.08,5.0,6.0,1,0,silver
e10b68125f54adc15562b1fa412e655a,62.68,1,62.68,5.0,8.0,1,0,bronze
e10e22d48ee19a46abf07ec3a2304581,76.24,1,76.24,3.0,19.0,0,0,bronze
e10fd3821088b04a56b862269ed44be7,64.51,1,64.51,5.0,9.0,0,0,bronze
e114ea6353f51a7f97a7303788f7c63c,61.59,1,61.59,5.0,7.0,0,0,bronze
e11f542ae27e7ec3b5f7738d219fcb29,37.78,1,37.78,5.0,4.0,0,0,bronze
e1200768c8c385cbcfdd0a8a3adaf324,34.36,1,34.36,5.0,9.0,0,0,bronze
e120babb5822c67b7af71165ddc16295,251.65,1,251.65,4.0,22.0,1,0,silver
e1224167b1a3f92781c2ff55b0b794be,16.78,1,16.78,4.0,7.0,0,0,bronze
e12f7f1e96f1f9f6361572028a1fad5a,96.22,1,96.22,5.0,8.0,0,0,bronze
e135b109a7bb11f2f9da0dbd1ed10e46,188.5,1,188.5,5.0,6.0,0,0,silver
e146a37aa457c18518a5a20faccda1fc,52.77,1,52.77,5.0,5.0,0,0,bronze
e1655582e67e372a66262605820e6ed6,371.28,1,371.28,4.0,16.0,1,0,gold
e16e99889e04b64fcd49b596afab2a33,104.12,1,104.12,3.0,14.0,1,0,silver
e16f14b5422c53eca00a3baee54d60ed,195.39,1,195.39,4.0,7.0,1,0,silver
e171d82524e62229df8a7cc8850f99ad,33.85,1,33.85,5.0,3.0,0,0,bronze
e1732494718515cb158a244847c8b9dc,139.61,1,139.61,,72.0,0,0,silver
e17408e3713638b24626610417449cb7,46.85,1,46.85,5.0,5.0,0,0,bronze
e17e26d3b445ddcb3831da1fc9df3ed7,64.01,1,64.01,3.0,20.0,1,0,bronze
e17ffe64ded26a060871b2c6cb77dc69,118.35,1,118.35,5.0,5.0,0,0,silver
e18710d3789036872914c059859fd728,99.7,1,99.7,5.0,9.0,1,0,bronze
e187a4f568431067618a5d9c8f73652a,116.94,1,116.94,3.0,18.0,0,0,silver
e18cd71e54e44b7cedb7991214b691a5,49.33,1,49.33,5.0,17.0,1,0,bronze
e198955561e9a9524e4c3e8dd140c977,95.31,1,95.31,3.0,9.0,0,0,bronze
e19d02312392ed80fac4b7adeb01bdb1,107.72,1,107.72,5.0,18.0,1,0,silver
e19d32f370abbc19d9d1a14943a89f88,146.84,1,146.84,5.0,4.0,1,0,silver
e1a3369d056da99d86a2a35b3eb18ac4,120.08,1,120.08,5.0,3.0,0,0,silver
e1ac7aaf8929fff990b6d4dc3bedc86e,225.08,1,225.08,5.0,8.0,1,0,silver
e1b207cdbe1a6f5817dcf0ee045ee9f0,68.89,1,68.89,4.0,7.0,1,0,bronze
e1bdb6f98283d53aa07bdfdbb78191cf,589.75,1,589.75,3.0,13.0,1,0,gold
e1d01ab557759cb60095b085ff6ade4f,113.21,1,113.21,5.0,10.0,1,0,silver
e1d928a9f5c4fe599e2418a0ce74d775,35.84,1,35.84,4.0,1.0,0,0,bronze
e1e34b3fc5879f1fe7c47538ddb346b7,22.36,1,22.36,5.0,4.0,0,0,bronze
e1ea7d8ad8c1ff3197216e53eaf035c2,27.68,1,27.68,4.0,4.0,0,0,bronze
e1f01a1bd6485e58ad3c769a5427d8a8,65.52,1,65.52,5.0,10.0,0,0,bronze
e1f1862e74270220628e76ecc8d68f98,240.0,1,240.0,5.0,8.0,1,0,silver
e1fdb5606314f2f8741f94ea1f294612,44.98,1,44.98,5.0,23.0,0,0,bronze
e2068b43baf62eb4545505e99cd12ee7,65.22,1,65.22,5.0,6.0,0,0,bronze
e20dd3fb9f886e83841830dff5cc305a,110.0,1,110.0,5.0,11.0,1,0,silver
e214e2446b3ca1e58f8b3cc5f466e096,49.74,1,49.74,3.0,21.0,1,0,bronze
e21b82d5792a763447fc6a32f9cd29e5,23.78,1,23.78,1.0,22.0,0,0,bronze
e21bcb965a4ae840d08fc2d602104fd3,56.78,1,56.78,5.0,3.0,1,0,bronze
e2340cef700ec4ec7e6a338976b1dc13,155.05,1,155.05,5.0,10.0,1,0,silver
e23fe95538a07f577b6229f84d284a04,244.17,1,244.17,5.0,7.0,1,0,silver
e2421eb09087faf4f51661d176aee08d,165.91,1,165.91,5.0,17.0,0,0,silver
e247db03443f737b4a5bbcb73257cdd1,125.54,1,125.54,5.0,3.0,0,0,silver
e24fa7f40f8975819f43612ca3c3c3ec,298.31,1,298.31,2.0,9.0,0,0,silver
e24fdc72d520d237279a174651401f64,26.13,1,26.13,1.0,51.0,0,0,bronze
e2538fcd738167049ed245b8f2576bcb,189.18,1,189.18,1.0,23.0,0,0,silver
e25a36b02a88228100e0d0e53d845777,169.56,1,169.56,5.0,14.0,1,0,silver
e266e4669fcc469037c3de148909fa5c,52.78,1,52.78,5.0,6.0,0,0,bronze
e26e3f85699bf4d05d1badbcb6ad9866,40.59,1,40.59,1.0,35.0,1,0,bronze
e2749eeca83ee13fa1c2241818c13a99,227.27,1,227.27,4.0,9.0,1,0,silver
e27a73a5d870af369e93eac58482ebba,217.36,1,217.36,5.0,22.0,0,0,silver
e287faaa248db587a1100d094d120d2a,119.34,1,119.34,5.0,12.0,1,0,silver
e289cfccc692a345aa1994ee5b18d97d,194.11,1,194.11,5.0,27.0,1,0,silver
e292ce879d657c57ba04028dda21fba9,31.79,1,31.79,5.0,21.0,1,0,bronze
e299fca43b2ccd2ed3e8508c6e464e9f,98.88,1,98.88,4.0,11.0,1,0,bronze
e29d2382be75948d66c04b3990095f07,57.68,1,57.68,5.0,10.0,0,0,bronze
e29ebd785adfdec69ef56e08c5599ff7,55.23,1,55.23,5.0,6.0,0,0,bronze
e2a22025597e086617c35d90404f9b07,175.77,1,175.77,5.0,11.0,1,0,silver
e2a406fccc0f1fd535e8d18ca8616c93,98.4,1,98.4,5.0,7.0,0,0,bronze
e2ab32f651e82b8016ca1842c66286ca,60.63,1,60.63,5.0,10.0,0,0,bronze
e2be60aeb476ae8d65f5e800f1fa32a2,50.24,1,50.24,4.0,6.0,1,0,bronze
e2c05dfe7c3d3e7a659660dbd87818b0,67.1,1,67.1,5.0,13.0,1,0,bronze
e2c8e74f4e59280c388ac4e3ebd90933,171.20000000000002,1,171.20000000000002,5.0,21.0,1,0,silver
e2d2fac14a650e3e6711d3e221cd86eb,319.69,1,319.69,1.0,6.0,1,0,gold
e2db5ecd813f47028884aa951535b96e,119.79,1,119.79,5.0,5.0,0,0,silver
e2e669b015f3c680bab677304b89afff,32.69,1,32.69,4.0,16.0,1,0,bronze
e302c322902a96b16c819192d228f57c,1260.76,1,1260.76,4.0,14.0,1,0,platinum
e307b1e265fb8e6fbf392aaf8f4fc93b,158.26,1,158.26,5.0,9.0,1,0,silver
e30896b870b5bd0ee167faf60d419e02,36.75,1,36.75,3.0,15.0,0,0,bronze
e319b67896e7f6324c688fd2f33a127f,54.52,1,54.52,5.0,11.0,0,0,bronze
e325e139452a1ca05f5a33acedd7d94f,89.67,1,89.67,5.0,4.0,1,0,bronze
e327dd46985c2fa74dac994a2c012e91,54.18,1,54.18,5.0,17.0,1,0,bronze
e32f4d258f4c8a6edc80cd8859c2509f,138.62,1,138.62,5.0,9.0,1,0,silver
e33c1e6783d4f961fadade9465a511f5,27.07,1,27.07,2.0,8.0,1,0,bronze
e33f5bdfeeb32ab9d12ef89ec1a99179,105.01,1,105.01,3.0,12.0,1,0,silver
e34530063d6201d9d7df1d3e5f0925bd,258.81,1,258.81,5.0,5.0,1,0,silver
e34f4ac2479873a6b467a7bdbbf05efd,67.73,1,67.73,5.0,5.0,0,0,bronze
e353bc4671a2c377417307a9b539a48d,32.77,1,32.77,5.0,9.0,0,0,bronze
e35b2a3c980b6e0fc66c66b8e1122e93,633.5,1,633.5,4.0,13.0,0,0,gold
e37a0a7ff809e3d4adac1db857db4fb8,53.72,1,53.72,5.0,5.0,0,0,bronze
e37c7922c3b3cd5bb95ae883c2a86ffb,157.67,1,157.67,4.0,18.0,1,0,silver
e37fea4e2c366f2dfcde193122962960,580.9,1,580.9,5.0,8.0,1,0,gold
e3828c5fa1f5cf7d01c462c465606f0c,73.34,1,73.34,5.0,7.0,0,0,bronze
e38413a14a7b79e330ea4d62546f6e23,198.54,1,198.54,3.0,,1,0,silver
e38d5a8b4338ca4e8c1d5f0442fffbae,259.9,1,259.9,2.0,1.0,0,0,silver
e39096b0a0bca1eac3defc8e9c006bc6,55.05,1,55.05,4.0,20.0,0,0,bronze
e3a0fedb95b84b94dc5c4117d945f391,139.98,1,139.98,5.0,16.0,1,0,silver
e3ae16d19be5cf256fb51663e6bdb073,72.07,1,72.07,5.0,4.0,1,0,bronze
e3aef7333b0cfca8c903101fbeb6fdc6,110.1,1,110.1,3.0,13.0,0,0,silver
e3af2a96d288b02dacaaeec4226f97a4,64.67,1,64.67,3.0,20.0,0,0,bronze
e3afe4f1c43ac818682f1d6ede6b7776,117.46,1,117.46,5.0,10.0,1,0,silver
e3b1f3b205e31ad967dd530e13d6504f,38.0,1,38.0,4.0,10.0,0,0,bronze
e3b3801b55ebef8e67d88690e0a42a1a,148.12,1,148.12,5.0,14.0,0,0,silver
e3b3b57caa0974d93ed5218dde2ff4b3,1311.46,1,1311.46,4.0,7.0,1,0,platinum
e3bcb0da48d9c6d2d6f65ebcf46a3fdb,55.74,1,55.74,5.0,3.0,0,0,bronze
e3be13092b553069f2abb388c33954fb,48.75,1,48.75,5.0,5.0,1,0,bronze
e3c80e60689c5ee108d6998a704d4cb1,27.74,1,27.74,4.0,3.0,0,0,bronze
e3ca63ed264e947a82b544eb5d1aa97b,343.07,1,343.07,5.0,2.0,1,0,gold
e3dbb640e974b2bf603d16d3a7c72306,307.9,1,307.9,,35.0,1,0,gold
e3e230139a65ce31760fb45fa38b874c,734.09,1,734.09,1.0,12.0,1,0,gold
e3e71c3b7aa717572a4c6f4cb48fe71d,21.75,1,21.75,4.0,8.0,1,0,bronze
e3ed27f7f18b9aad123fec8eb8ce027d,114.84,1,114.84,1.0,41.0,0,0,silver
e3fd1a199b27f1935b30d601e9ca7765,78.29,1,78.29,3.0,22.0,0,0,bronze
e4000306cf2f63714e6bb70dd20a6592,71.14,1,71.14,1.0,13.0,0,0,bronze
e4019dc45b2d51954e9cca5b62c83bb2,97.79,1,97.79,5.0,2.0,0,0,bronze
e40c31d23377cd7fa85ca2024382c60c,50.86,1,50.86,5.0,10.0,0,0,bronze
e4206d9f87b6c72fb4e1922e20e29917,68.02,1,68.02,4.0,9.0,1,0,bronze
e42c68fd0e72c61c1d4427e060cdf015,394.42,1,394.42,5.0,9.0,1,0,gold
e4318ffd1b214481a4ab0bb956a8f84d,279.24,1,279.24,5.0,4.0,1,0,silver
e4326d8c6d585d237b12bced2443c73a,20.1,1,20.1,,,1,0,bronze
e433513800f5ece11361212094c9b960,26.13,1,26.13,3.0,5.0,0,0,bronze
e4358ccf35d84b13c3c9be8535ebd6f4,37.83,1,37.83,4.0,9.0,0,0,bronze
e44a444a69616df203eca6e38402204a,166.43,1,166.43,5.0,9.0,1,0,silver
e44d546be96c82a9d40e414da2d5a8dd,73.15,1,73.15,5.0,31.0,0,0,bronze
e461a45a8f58e04f9041d7b1387ebcb9,618.75,1,618.75,1.0,25.0,1,0,gold
e46d6bcd22d95a9d167d807372d08add,116.22,1,116.22,5.0,12.0,1,0,silver
e4854d6a0f6c3b8bbb46e4cb1a9f6eba,953.82,1,953.82,5.0,7.0,1,0,gold
e48b3a859d9f9cd1ab8aa7fe4f5f5c36,35.69,1,35.69,4.0,9.0,0,0,bronze
e494f4ef3cef10788bbe8917c274727f,298.48,1,298.48,4.0,5.0,1,0,silver
e495f8ba537e581982cae6441dc26871,126.43,1,126.43,5.0,17.0,0,0,silver
e4971a4defaf07a1d7f2ff615a32c809,190.17,1,190.17,1.0,17.0,1,0,silver
e4cd163f17c45803ed4e0432ea78d10b,87.63,1,87.63,5.0,11.0,1,0,bronze
e4cf8c263af80448527b5497d9be8034,123.97,1,123.97,3.0,5.0,0,0,silver
e4e44c4115815a76259cf73c08a874c4,630.09,1,630.09,3.0,25.0,1,0,gold
e4eae0d0e154d460ecd621bd01299426,13.68,1,13.68,4.0,4.0,0,0,bronze
e4f218d824a59b96c4399ad182327138,123.18,1,123.18,1.0,49.0,1,0,silver
e4f336e1a80fc2100f8f5bb29c5e12c6,134.21,1,134.21,5.0,5.0,0,0,silver
e4f974024ecf8d260dad56ce05f2ad0a,219.82,1,219.82,2.0,16.0,0,0,silver
e4fe3a04efe1568d27be366187752445,147.16,1,147.16,3.0,7.0,1,0,silver
e500f96ccd277c75e55965ef5244d81f,55.93,1,55.93,5.0,5.0,0,0,bronze
e5048e1b7406e6551affd225f80799c0,72.66,1,72.66,4.0,9.0,1,0,bronze
e50756a1f601b707158af7993609f51e,70.59,1,70.59,1.0,,0,0,bronze
e50ff3ebfcf05fa082ade56e01b56539,236.7,1,236.7,5.0,8.0,1,0,silver
e51bed9f47ee5bd3e0d1c0e4c5b4ba40,158.07,1,158.07,5.0,13.0,0,0,silver
e51df0c29d5cb32c4b1e0d8e63fa9232,312.06,1,312.06,1.0,14.0,1,0,gold
e51eaffb93507fb621df4131e0454edd,207.9,1,207.9,4.0,15.0,1,0,silver
e522b9d3a25004b89e5ead099c0e6d6f,57.68,1,57.68,4.0,4.0,1,0,bronze
e526cc0d06f2d58a41626d21f0ada4e4,75.99,1,75.99,1.0,18.0,1,0,bronze
e532b5d8af846af30fb31f0d87ba0c9d,479.15,1,479.15,2.0,7.0,1,0,gold
e53fd5575f1418397aae732c5755b6fc,102.08,2,51.04,5.0,5.0,1,1,silver
e5402cd5f610a62fa80db20de9578490,53.72,1,53.72,5.0,19.0,1,0,bronze
e542e321f6df5456cba7a621bd2b5ba1,161.54,1,161.54,5.0,14.0,1,0,silver
e54832ef8448e73932747f7c24342587,57.29,1,57.29,3.0,6.0,1,0,bronze
e54b1417cf0c79b3b222a16931b0343c,141.94,1,141.94,3.0,22.0,0,0,silver
e54bf1537a0fd448ebb99c14ab6d52bf,49.45,1,49.45,5.0,4.0,0,0,bronze
e552f9058852b6d263b3463abca2c07b,188.82,1,188.82,3.0,8.0,0,0,silver
e55f39718755a991235a2bf63524ecc7,85.81,1,85.81,4.0,1.0,1,0,bronze
e567d742c4bcefa278fdeb018074f155,151.3,1,151.3,5.0,10.0,1,0,silver
e568685b57089a4602f3a470c799b782,78.81,1,78.81,5.0,8.0,1,0,bronze
e574b9c38b84aba973a512de4570c217,125.42,1,125.42,5.0,29.0,0,0,silver
e57a935f49ffd73b93c18eaaa04efa84,37.61,1,37.61,5.0,4.0,0,0,bronze
e590250cff422faa26bd9255178f3c96,105.69,1,105.69,4.0,4.0,0,0,silver
e59715fbe8afb24703988a8c1c14351e,100.92,1,100.92,5.0,14.0,0,0,silver
e59c27bf0bef3332139fcd6ad12520c5,95.31,1,95.31,2.0,23.0,0,0,bronze
e59fbef6e2e5b2a9795111f9a3e3c8dd,95.22,1,95.22,5.0,6.0,0,0,bronze
e59fc7644e146f91c04ab9f1b123bcd8,41.49,1,41.49,4.0,2.0,0,0,bronze
e5aa441c2d6b093d9381b24212d11dac,57.58,1,57.58,1.0,7.0,0,0,bronze
e5aef4b8a3dbe19889e7bce52e8f0bc2,389.12,1,389.12,,10.0,1,0,gold
e5afe1d9dddec823a7635bd6601c4d48,89.42,1,89.42,5.0,9.0,0,0,bronze
e5be4ac6d2046988ffaf9ef6321bda6b,139.61,1,139.61,4.0,12.0,1,0,silver
e5c080a674f1c1610f4c1385a394ae60,258.9,1,258.9,5.0,6.0,1,0,silver
e5c8e72347a33aed06a95a15c7fdd19c,54.76,1,54.76,5.0,14.0,0,0,bronze
e5c943fc426c1668b82841df2906df55,673.5,1,673.5,1.0,37.0,1,0,gold
e5cb6e20bd2aeb88e34f6c01b5172a81,160.81,1,160.81,5.0,7.0,0,0,silver
e5d380f1cd5c220fdab47e0245471013,106.38,1,106.38,5.0,11.0,1,0,silver
e5e2fc979b6bfeffee571eba28b80c34,37.59,1,37.59,4.0,6.0,0,0,bronze
e5ef6ccda2a58a5e757397c302f45da6,103.92,1,103.92,5.0,6.0,1,0,silver
e5f4c50b9b79024bcf048ad25fa518b6,23.1,1,23.1,5.0,13.0,0,0,bronze
e5f799780b5508ab75c7169cfa95cba1,33.68,1,33.68,5.0,3.0,0,0,bronze
e60856952187516c3397a2c4ac63aac4,667.4399999999999,2,333.71999999999997,5.0,15.5,2,1,gold
e60a2f22d58d6608ae46df3a7c65ce5b,69.07,1,69.07,1.0,,0,0,bronze
e60c3e8f3984efc7f5107d6aacc98da2,20.28,1,20.28,5.0,7.0,0,0,bronze
e610b1bd6ce6a51c34ed60f6964118df,133.69,1,133.69,5.0,27.0,1,0,silver
e614e6c652b1eb30a40038f781797586,140.3,1,140.3,5.0,7.0,0,0,silver
e61c0875b9c2aad711c8faeab36c7a21,37.77,1,37.77,5.0,2.0,0,0,bronze
e61f0f032bc92cadf0ec55f9c1c8b5ec,206.88,1,206.88,3.0,,0,0,silver
e620be18eb7152ef8303a266641a5cf5,75.07,1,75.07,1.0,10.0,1,0,bronze
e6222ff3bef8e991d25a3477d3f8162b,41.36,1,41.36,5.0,2.0,0,0,bronze
e634d36dd6b9ec8a6dc714b1b954d8c5,53.13,1,53.13,4.0,9.0,0,0,bronze
e64bf18b342e0929db987c7ebb9e597f,116.13,1,116.13,5.0,5.0,0,0,silver
e64ea2885fd98a5856342784439b9531,165.8,1,165.8,5.0,17.0,0,0,silver
e6559e513d523a4595e3395b21b6a037,79.56,1,79.56,4.0,15.0,1,0,bronze
e65e882df8b8a0324e3ce1845a79a797,92.89,1,92.89,5.0,8.0,0,0,bronze
e65f47a397dcdb60a3c5fbf42821b499,122.88,1,122.88,5.0,11.0,1,0,silver
e66101ed66527184bb8496f807ba5c69,76.78,1,76.78,1.0,17.0,0,0,bronze
e6615c36920f67f15822a79168d7d32d,468.11,1,468.11,3.0,,0,0,gold
e664e17fa897fc345bb97661a57a910b,196.01,1,196.01,1.0,9.0,0,0,silver
e665b6116800e2c6a72535bb53dae6ca,27.69,1,27.69,5.0,11.0,0,0,bronze
e66dd06da2276a1908389ff972867f68,37.38,1,37.38,5.0,3.0,0,0,bronze
e670627ba0f1fc0b685e9ef7ec11dcf6,75.77,1,75.77,4.0,22.0,1,0,bronze
e676374dc48b33937946cd746169efc9,122.7,1,122.7,3.0,6.0,0,0,silver
e676ae7405b89b0a56e3e5ed45eb61ab,335.16,1,335.16,5.0,10.0,0,0,gold
e677e3ecf81af42f9bb403785fff0904,68.04,1,68.04,1.0,,0,0,bronze
e67af8925065dd06c328c843eecf1328,50.19,1,50.19,4.0,4.0,0,0,bronze
e681e46aca9e7b37f67f35ace0056cae,1012.91,1,1012.91,5.0,24.0,0,0,platinum
e68856e8450afe7390b02d1b2bcefb29,37.07,1,37.07,5.0,12.0,1,0,bronze
e6915acf7e23a8c5a80bead3b5aea8c9,164.23999999999998,1,164.23999999999998,5.0,15.0,1,0,silver
e6925d3e39cebd0f699008b248e58361,674.7,1,674.7,,,1,0,gold
e69799b53c017c8f8d753ab9ae4a10a5,107.78,1,107.78,5.0,2.0,0,0,silver
e69ad1c80a91ded0b6264b5be5c6f34d,107.41,1,107.41,5.0,17.0,0,0,silver
e6ac17748609d067cd1fb0de631adf2a,70.72,1,70.72,3.0,4.0,1,0,bronze
e6b07a71ffbcde59b25a3dfe67246a68,537.0,1,537.0,2.0,7.0,1,0,gold
e6b5ad3a28f39ba76606c8d81aa72b27,30.1,1,30.1,5.0,12.0,1,0,bronze
e6b83252fd9f7a9a981e122643aa6c65,37.23,1,37.23,5.0,6.0,0,0,bronze
e6b9dca9843cca78a45a342dbc75ec62,87.55,1,87.55,1.0,29.0,0,0,bronze
e6e1984407db651a5305c6c57e0a11d4,91.05,1,91.05,5.0,8.0,0,0,bronze
e6e21c3b8265e97f9453d417ac4db6cc,120.78,1,120.78,5.0,4.0,1,0,silver
e6e4a295830c931a02e008828ad1cd4d,76.99,1,76.99,5.0,6.0,0,0,bronze
e6e8ea2a2c2e768f5824ef27196ed655,80.29,1,80.29,5.0,14.0,0,0,bronze
e6e94eb538899b65ef8b6d8258b65998,161.23,1,161.23,1.0,15.0,0,0,silver
e6ebe369c5029760bc20d536bbf30b24,132.04,1,132.04,5.0,9.0,1,0,silver
e6f076b92affb56abb5b7d8cc8011b20,106.78,1,106.78,1.0,22.0,0,0,silver
e6f1d12fccf59c1b98c41d5b818c4138,62.05,1,62.05,1.0,8.0,0,0,bronze
e6f7a95a474d4f2224834b896c22f66f,75.75,1,75.75,4.0,16.0,0,0,bronze
e6fdeb2ae78e71035c9db4c86e778455,143.49,1,143.49,2.0,15.0,0,0,silver
e706413ab8ea0f24e331d90182dbd897,43.23,1,43.23,3.0,6.0,0,0,bronze
e708a1fa28edb88cf4ac06077a79ee60,105.57,1,105.57,4.0,17.0,1,0,silver
e715d72ff36112e6b739623648bd6802,28.75,1,28.75,1.0,,0,0,bronze
e727655f572caa2f3f2dd4e0d1b9f960,543.59,1,543.59,1.0,,0,0,gold
e72ed956534642d2d41d7b90dd18f378,155.77,1,155.77,5.0,13.0,1,0,silver
e7317fbe56bb2312a809b11f1b602523,103.48,1,103.48,5.0,3.0,0,0,silver
e739f788d66a38850e09ff9f3bcbea67,117.85,1,117.85,5.0,22.0,1,0,silver
e741604c468509cab635806118e2a80f,280.12,1,280.12,4.0,3.0,0,0,silver
e7421fd9e84363b840f3ef9d6e879b4e,66.11,1,66.11,5.0,17.0,1,0,bronze
e74efa7a06c5b068cc808f5baba88e83,279.7,1,279.7,3.0,33.0,1,0,silver
e74fc8f58aa86705361306701351d1c4,119.25,1,119.25,5.0,6.0,0,0,silver
e750069eb4f908b95d483f1b6dd331c7,148.32,1,148.32,5.0,18.0,0,0,silver
e7529238e35b2c234eb1637aa61817ab,109.83,1,109.83,1.0,42.0,0,0,silver
e75fd09539dff5c7c80a12781404ffea,86.9,1,86.9,1.0,,0,0,bronze
e762d00d11cc772cd262776f9df83485,74.49,1,74.49,5.0,10.0,1,0,bronze
e766d6037aba1856e72cff53bc3f1115,62.93,1,62.93,2.0,,1,0,bronze
e767f34a12740d2fc014485f4dfe2d5b,41.42,1,41.42,4.0,8.0,1,0,bronze
e76a742ecbb8201a0d3ad6f9f7587788,87.66,1,87.66,4.0,10.0,0,0,bronze
e77dc6d35eca2c309c97739d49994220,415.68,1,415.68,5.0,40.0,0,0,gold
e77efb6522986a5e862a54dd91251bb3,128.95,1,128.95,3.0,9.0,1,0,silver
e78838df9c44e102b6ac84cc5eea7d5c,127.58,1,127.58,5.0,7.0,0,0,silver
e78981f99d04de4f43f46d261671bf72,742.47,1,742.47,1.0,55.0,1,0,gold
e7928873aa29a8b16ac777ce228c92cb,66.07,1,66.07,4.0,5.0,1,0,bronze
e798aa0b79761f377245e96d09118c82,76.86,1,76.86,5.0,16.0,0,0,bronze
e79e4fcafbdf9f130f7ad63063266c56,164.49,1,164.49,5.0,5.0,0,0,silver
e7a0b95fe6d4836d124b1566642ffbec,706.19,1,706.19,5.0,18.0,1,0,gold
e7a1c791bc9982fe20ddccf0cadc0f14,237.17,1,237.17,3.0,16.0,0,0,silver
e7aa5a5869f3e9d7d04fd3aa5f90631f,222.91,1,222.91,5.0,12.0,1,0,silver
e7b6fc6f13da059e717efd7e2dda0391,324.96,1,324.96,4.0,11.0,0,0,gold
e7bf50359bfd0baf0cb6a928068a7cc1,49.54,1,49.54,5.0,4.0,0,0,bronze
e7cb888e6948cb2c3f9347e048979fbe,197.52,1,197.52,5.0,22.0,0,0,silver
e7d168b099d8daa84eaa46c3d39dc86e,102.64,1,102.64,5.0,13.0,0,0,silver
e7e71f4e4180338d304ccaafc862e16d,77.57,1,77.57,4.0,17.0,0,0,bronze
e7ed4f9558a25b5403b41224518d052a,1902.55,1,1902.55,5.0,8.0,1,0,platinum
e7f8760e2bbd2f1986bebd99596c088e,84.32,1,84.32,3.0,20.0,0,0,bronze
e8001d7ab27230c1f2fb39aa63aea136,204.34,1,204.34,5.0,13.0,1,0,silver
e806fe29b3064dd9778ec2eee1625470,227.96,1,227.96,1.0,,1,0,silver
e80f396188991ae350a0c187e8740e97,263.13,1,263.13,5.0,16.0,1,0,silver
e81d500c869aff794ce78f4df24ee946,512.46,1,512.46,1.0,5.0,1,0,gold
e81e9d35d842afb8fc184b1ba90a7a74,57.99,1,57.99,3.0,8.0,0,0,bronze
e81ef5982b279bccee91dd084b3652ca,308.58,1,308.58,5.0,7.0,0,0,gold
e81fded4dcd87376e7d8ff1bc8e01cf8,19.86,1,19.86,5.0,11.0,0,0,bronze
e823e677e884eb2ef2fcb871ddd3c182,62.68,1,62.68,5.0,9.0,0,0,bronze
e83bc3655081cc3917b039a55c53a504,69.85,1,69.85,4.0,21.0,1,0,bronze
e83ca85f8176c4497377cff2cc7d9b7a,111.02,1,111.02,5.0,11.0,1,0,silver
e840d9c294df1338435b89cdd82ce7ad,98.34,1,98.34,1.0,15.0,0,0,bronze
e855df677dcf0d237ed583793afd7988,63.22,1,63.22,5.0,12.0,1,0,bronze
e85c47169878ba316206d340b2ba2e22,45.19,1,45.19,1.0,8.0,0,0,bronze
e85cead1b63c9aafe00a0b0d4238d26e,219.38,1,219.38,5.0,20.0,1,0,silver
e864e4472e5e6924aa93402cd1a29e3a,86.15,1,86.15,4.0,20.0,0,0,bronze
e87260d4d3d29ef93c4c1811f1af7433,66.75,1,66.75,4.0,16.0,1,0,bronze
e8742612a2019589acfc5b9b682fd869,18.43,1,18.43,5.0,2.0,0,0,bronze
e8748c4d39ea98fd1a632fab932bfade,49.24,1,49.24,5.0,3.0,1,0,bronze
e890ce23a2ebbbb7a853ce88c6f5f011,70.91,1,70.91,4.0,4.0,0,0,bronze
e8987de03af9262e38106a0e866943be,126.65,1,126.65,5.0,33.0,1,0,silver
e89eff2dea04c668730bdc3431955091,149.09,1,149.09,5.0,10.0,0,0,silver
e89f5599cf582f7dd5005596451462a5,513.51,1,513.51,5.0,10.0,1,0,gold
e8a2d3394b431b7f42d1a19041156f2b,105.94,1,105.94,1.0,,1,0,silver
e8b4530e5e3b52fe3e8323ce802d9cc7,74.16,1,74.16,4.0,24.0,0,0,bronze
e8becd5d0bd454d3219ff725ec9010f7,188.34,1,188.34,4.0,14.0,1,0,silver
e8ca08f200cf74746cd5e671efcb61f3,232.71,1,232.71,4.0,11.0,1,0,silver
e8d0d22976f3917db1ceba1e995fb99b,563.45,1,563.45,5.0,8.0,1,0,gold
e8de5b217669cd4d0a026f97656068d6,198.48,1,198.48,5.0,3.0,1,0,silver
e8f21c085ad4cd0ffae015581145888f,215.38,1,215.38,4.0,25.0,0,0,silver
e8ff501d03c5f3ac7674c93dce33bb3e,63.05,1,63.05,4.0,19.0,0,0,bronze
e90232e0cd21ee07204d10fd88bb0c97,98.71,1,98.71,4.0,25.0,1,0,bronze
e9063e00898d88b25add862974ee6e20,130.01,1,130.01,5.0,12.0,1,0,silver
e906b389ad2bfb4058e80f63e73b3458,162.32,1,162.32,1.0,6.0,0,0,silver
e90f272d5dd5127cfac1bc553a142b3a,56.22,1,56.22,5.0,16.0,0,0,bronze
e9136cd7cee512326c274a66fff36ab2,138.09,1,138.09,4.0,13.0,1,0,silver
e91806f87029b7c1a2c758317d93b8ba,133.53,1,133.53,5.0,8.0,1,0,silver
e9184319c824764c71797e4416294a6c,169.01,1,169.01,5.0,12.0,1,0,silver
e9193f1e273e01ce9161ac51f4043e50,206.49,1,206.49,2.0,19.0,1,0,silver
e919fccac7050e2b645180ea1bb47962,99.9,1,99.9,5.0,23.0,0,0,bronze
e93d7ba71f9edaa1360d2d16e8a95783,155.2,1,155.2,3.0,45.0,1,0,silver
e93f117267972c3da0f8836ea0a8c903,92.87,1,92.87,4.0,18.0,0,0,bronze
e940b2ae9eb0e786ee83a5eb06c4b7fb,65.89,1,65.89,3.0,9.0,1,0,bronze
e948e2ea40babf8a45031e4c1e5c1504,66.82,1,66.82,5.0,3.0,0,0,bronze
e953a3ccba6c28d88457c24ea028a7b9,72.14,1,72.14,5.0,8.0,1,0,bronze
e95ab7deba0f46265254e71e6e6eb815,86.25,1,86.25,2.0,2.0,0,0,bronze
e97833820623478d4b3dff41f2dd9914,87.67,1,87.67,5.0,9.0,1,0,bronze
e979216ae0e169f03bbf3499350509af,195.12,1,195.12,5.0,16.0,1,0,silver
e980053dedef86b2cbad19d0c094060c,426.26,1,426.26,1.0,20.0,1,0,gold
e98d34eecb9603fddcd5096307957246,165.7,1,165.7,1.0,17.0,1,0,silver
e98d9aa7b5fc651f6c8d64942ade0f60,200.52,1,200.52,5.0,11.0,0,0,silver
e98eeab9a594b566972d16c8fb6e36bc,388.68,1,388.68,4.0,7.0,0,0,gold
e998fe2c90ef3b9651190d78d026eea9,397.13,1,397.13,5.0,15.0,0,0,gold
e9a340c07aefc78ddfb8fdc578b42fc3,39.44,1,39.44,3.0,6.0,0,0,bronze
e9a64dcfdda6163922c7689458d7c184,327.17,1,327.17,4.0,12.0,1,0,gold
e9a79e74f1dcd2b7b6dbed7469326104,66.1,1,66.1,3.0,23.0,1,0,bronze
e9ad5caff152c5ae76c97266e53878b6,167.7,1,167.7,5.0,7.0,0,0,silver
e9b52a3e2e946860b103b1b30fa86429,139.89,1,139.89,1.0,24.0,1,0,silver
e9b83c5c52887dcf92bcf50ab1ff1ee8,266.96,1,266.96,5.0,18.0,1,0,silver
e9b87dccd9c326a3325385087eb0150c,34.09,1,34.09,5.0,12.0,1,0,bronze
e9c484d9dcf31bbc2c94118f6a79d007,122.34,1,122.34,5.0,8.0,1,0,silver
e9ccec7b2b61a18e279f2b306e784ad8,68.28,1,68.28,5.0,4.0,0,0,bronze
e9d6ce102dcb8ab8a3387021b5040f70,68.46,1,68.46,1.0,,0,0,bronze
e9e1835cdd42b98c00a9901f3560b498,128.64,1,128.64,5.0,7.0,0,0,silver
e9e2ea9f0a8f6ec3bc49cec168ac3af5,213.95,1,213.95,3.0,7.0,1,0,silver
e9ea974c698b57da5b96f665da9d7b1c,75.65,1,75.65,4.0,7.0,1,0,bronze
e9eb349dc21fe3d8de0e58e902ca3ec2,169.72,1,169.72,5.0,12.0,1,0,silver
e9f209671d4c811b7d2c92b1210cd183,58.13,1,58.13,5.0,15.0,0,0,bronze
e9f90fb4f8b985b9450638226b9543fc,32.19,1,32.19,5.0,2.0,0,0,bronze
e9f9c5d80e8af76d270545cae57bbced,220.54,1,220.54,5.0,17.0,1,0,silver
e9fcfa1ff75dd047ce6a054c2fa22caa,72.18,1,72.18,1.0,,0,0,bronze
e9ffbd035ad1dac5ff0204abb377b73f,148.59,1,148.59,5.0,11.0,0,0,silver
ea06f64f7343790c102c4539e3427605,63.91,1,63.91,5.0,7.0,0,0,bronze
ea0f13c388c2ff9af9ed5b5058ebf083,28.77,1,28.77,5.0,5.0,0,0,bronze
ea17179ea9cc9d0c8e4294504b6339ea,52.57,1,52.57,4.0,2.0,1,0,bronze
ea18ffcfc95260cc65c44b127026a8e7,41.84,1,41.84,5.0,10.0,1,0,bronze
ea20fb8852a37fb8519b72f172bb3d67,564.4,1,564.4,3.0,18.0,1,0,gold
ea277807fd29752d687e5b5de76327bc,25.2,1,25.2,1.0,,0,0,bronze
ea27dc06e684b4edf42ed72359531272,35.69,1,35.69,5.0,15.0,0,0,bronze
ea377f7ce3cef6d25691cc1f2e66ef85,34.0,1,34.0,1.0,6.0,0,0,bronze
ea5e053a950fed3df868703f16ec7cd1,79.1,1,79.1,1.0,22.0,0,0,bronze
ea652b60593a6fe8fe94633ddafa81e0,52.59,1,52.59,4.0,21.0,0,0,bronze
ea66333f17fa50810ec4c4c27e4b2762,185.94,1,185.94,5.0,17.0,1,0,silver
ea6e00d61f61be24462c712f24de447f,196.01,1,196.01,5.0,10.0,1,0,silver
ea6f35445410a3f7e74c018be1642995,227.3,1,227.3,3.0,8.0,1,0,silver
ea77749bef0ca28ab93f391cda660f71,252.84,1,252.84,2.0,19.0,1,0,silver
ea79b52f4a19382a02715937bd84e6ae,209.24,1,209.24,4.0,11.0,0,0,silver
ea7c9f64e2cf32dbfa722b16058fd07f,53.27,1,53.27,5.0,2.0,0,0,bronze
ea7db74b1a04a7a1bbfab5c7d67f3f25,72.18,1,72.18,4.0,11.0,1,0,bronze
ea7fa61f9d7af6938fca0b33fd3a5129,181.73,1,181.73,1.0,5.0,1,0,silver
ea84410de34ba26347ffd98c6e8bff2e,69.74,1,69.74,4.0,5.0,0,0,bronze
ea90216e3da4bcbf02469a47730f5edc,44.38,1,44.38,4.0,13.0,0,0,bronze
ea9233cc1a937e8b9894578cdb8fae7c,98.35,1,98.35,5.0,8.0,1,0,bronze
ea9657105a8bd47c0a60e1f2a8f2842d,33.12,1,33.12,1.0,31.0,1,0,bronze
eaa290405cf65ee6d656ec9c4000b297,87.64,1,87.64,5.0,9.0,1,0,bronze
eaa7b2692a101caba7c02906259231d6,48.3,1,48.3,5.0,4.0,0,0,bronze
eab15a226ae8bfc913d38b4b6a5c1d82,890.59,1,890.59,5.0,10.0,1,0,gold
eab6c111cd0d009a335c82a59245015f,48.9,1,48.9,3.0,16.0,1,0,bronze
eabaccde0fe3120d2cbbcfc93e2b4177,18.94,1,18.94,5.0,4.0,0,0,bronze
eabc11b13c417e562cc6373e49436272,537.18,1,537.18,1.0,,1,0,gold
eabd679ffa5421d6298f405368abb129,64.94,1,64.94,5.0,7.0,1,0,bronze
eac0482545e495f9653e668aba6ea2d2,65.13,1,65.13,5.0,10.0,0,0,bronze
eacbbfa074a7a11963153a45bd66e86b,328.91,1,328.91,5.0,12.0,0,0,gold
ead394416d4f85207932cc124eb145e2,205.76,1,205.76,5.0,8.0,1,0,silver
ead70bfb3b6e54890bc4c9b57f4a7276,163.08,1,163.08,3.0,11.0,0,0,silver
ead982afdbd7acd1f6a87c57f9177291,235.12,1,235.12,5.0,,1,0,silver
eaeb17740d6fb4704a839ed30b3db9df,85.08,1,85.08,4.0,12.0,0,0,bronze
eaf03278d1b539d634570a0a47f8fe97,97.86,1,97.86,5.0,1.0,0,0,bronze
eaf6b569ac88573a2fae00654f624c61,27.38,1,27.38,3.0,9.0,0,0,bronze
eaf894ef068f49c62fc6fa7d625fd767,58.03,1,58.03,5.0,28.0,0,0,bronze
eaf8b1aa185199a62be13fe370e82ad1,49.85,1,49.85,4.0,22.0,1,0,bronze
eafbf44c4e86700a9dec4f01f1500745,65.35,1,65.35,4.0,4.0,1,0,bronze
eafdb06906a4d6764948319c9e722e26,157.45,1,157.45,3.0,9.0,0,0,silver
eaffd9f47a94b6eac73722ad5ea3dddf,48.28,1,48.28,5.0,8.0,1,0,bronze
eb083c5c5524d5fce420f43ddd547726,185.84,1,185.84,5.0,22.0,0,0,silver
eb0942a2e9a6124956c421c8ad5cae30,514.32,1,514.32,5.0,11.0,1,0,gold
eb0c8f36a5a4d82d68050a1b95ff2faa,64.2,1,64.2,5.0,1.0,1,0,bronze
eb1795057421adaf16b0eea967b8d325,93.79,1,93.79,5.0,6.0,0,0,bronze
eb17a45cc9586bc95b8ea855d83e7b6f,150.6,1,150.6,5.0,20.0,1,0,silver
eb3095983a1fd67f85ebea5f5db3a52c,90.25,1,90.25,5.0,6.0,1,0,bronze
eb31e20290f2470bfb2b0549f1f8582a,90.18,1,90.18,4.0,16.0,0,0,bronze
eb3618a8dc128e314712dd3c251b9ad9,135.59,1,135.59,5.0,14.0,0,0,silver
eb3cb62b5b6296a30d023c91cb1b7cc4,179.82,1,179.82,1.0,6.0,1,0,silver
eb425be5b7aefdbbc443291586081cb5,189.37,1,189.37,5.0,5.0,1,0,silver
eb47ff8b5057b9083f363e947831e696,29.09,1,29.09,5.0,10.0,0,0,bronze
eb497e4dc1752362bc0d1fd1fa0f7a65,158.78,1,158.78,1.0,43.0,1,0,silver
eb4acb89bcd27ba80dddc1c39e3c3eb2,69.4,1,69.4,5.0,7.0,0,0,bronze
eb558f96a4145d74586480071f6e7c88,57.69,1,57.69,1.0,16.0,1,0,bronze
eb57b6f657dc64c32af5321202c28f99,79.33,1,79.33,4.0,3.0,1,0,bronze
eb5d49267a0c78a78871217c248d6dc4,108.01,1,108.01,4.0,31.0,0,0,silver
eb62341c2e0d1a6159704f1137e235fe,43.41,1,43.41,1.0,3.0,1,0,bronze
eb69ead1e0da68c941a67677f6a39f3b,165.98,1,165.98,3.0,11.0,1,0,silver
eb70e70ab5935a82bf4512d0a08596c5,78.48,1,78.48,5.0,11.0,1,0,bronze
eb7f6a96757f0ef3ffd4eadacde32cab,335.19,1,335.19,1.0,6.0,1,0,gold
eb8234d1f983bb9256c0f275dc2d62e8,172.25,1,172.25,5.0,26.0,1,0,silver
eb8ddda056161923245beb3770c3431f,110.0,1,110.0,5.0,19.0,1,0,silver
eb8fa2237c8dc803b8b4dd1eb2d44d20,127.6,1,127.6,5.0,7.0,1,0,silver
eb9829b9e4003dcb7ffe5a6fb98682a1,819.47,1,819.47,1.0,14.0,1,0,gold
eb9fb4eb14de00b5e7f35dec7af07217,102.96,1,102.96,5.0,20.0,1,0,silver
ebb158d028f847a9457854a0e6af96bf,93.07,1,93.07,1.0,26.0,1,0,bronze
ebb9914d899db85a307221d01335af6f,134.08,1,134.08,1.0,10.0,1,0,silver
ebca3c2c2f9a826fea36312d2409eddf,127.92,1,127.92,5.0,18.0,1,0,silver
ebcabf25f7c1fe3f0b1dc696cb94f1e7,99.43,1,99.43,3.0,5.0,1,0,bronze
ebd0921d9c892003ae0ab54fae01b81e,156.51,1,156.51,5.0,10.0,1,0,silver
ebdbd2fe116eaf3f128c7bdc3c1317e1,93.3,1,93.3,5.0,10.0,0,0,bronze
ebe46872371ec8fa657e9c7e66d70a26,168.88,1,168.88,5.0,22.0,0,0,silver
ebf2e859da14bffdc1b2837932d4593c,147.64,1,147.64,5.0,22.0,0,0,silver
ec0779db0eb278ebead59ea3fd0acfb1,227.81,1,227.81,5.0,16.0,0,0,silver
ec103b892f579de25189dda196a4c5b3,102.66,1,102.66,,10.0,1,0,silver
ec21b84d6332db46075bfb851000c59f,68.02,1,68.02,5.0,16.0,1,0,bronze
ec2b8deff9bfbb59af09425a12597a3c,141.9,1,141.9,3.0,8.0,0,0,silver
ec2c939a56b9d792f75a3132ee47c2ec,175.79,1,175.79,5.0,13.0,1,0,silver
ec2f3340e77a508791323e1f8f6ebd9e,46.85,1,46.85,5.0,6.0,1,0,bronze
ec332007dbe4989e1dbce5f8a1c35abb,24.68,1,24.68,5.0,12.0,1,0,bronze
ec462378011c63f79ec53a2365d8e71b,189.37,1,189.37,5.0,15.0,1,0,silver
ec480617d171ec40842fd13cf45dcf6f,126.92,1,126.92,5.0,6.0,1,0,silver
ec4eae53da65a677322d51eee281661c,745.69,1,745.69,5.0,7.0,0,0,gold
ec577f971174c3d33620f2c1fdc78a33,197.63,1,197.63,5.0,18.0,1,0,silver
ec5868a22faa800b4ba27c5cd2f2f096,129.27,1,129.27,3.0,15.0,1,0,silver
ec58906af5e6e0c82408136a61d23624,105.29,1,105.29,3.0,22.0,0,0,silver
ec5a2151cd1f05c6fa135c6c452e4938,79.56,1,79.56,4.0,20.0,1,0,bronze
ec6622c76335108858cb40492e5fe0d0,43.29,1,43.29,5.0,6.0,0,0,bronze
ec6b8265aff906d167dea1b6fac6327a,42.86,1,42.86,5.0,8.0,1,0,bronze
ec756b42272d86d9ea8148a03faad631,60.69,1,60.69,5.0,15.0,0,0,bronze
ec7d6c44127c866f0b055e37f41801b5,48.62,1,48.62,5.0,2.0,0,0,bronze
ec83d060d9a0abba4b409c544c744c2f,159.06,1,159.06,5.0,11.0,0,0,silver
ec879c665b7947155676e629f49bdc1d,77.57,1,77.57,5.0,11.0,0,0,bronze
ec9c7ebb2a345ccd42c46b94ecb4d319,85.14,1,85.14,1.0,,1,0,bronze
eca4ebbc1af6f6bfd046197c30560edc,162.06,1,162.06,5.0,10.0,1,0,silver
ecac0115f3d5db1b8336990cb105d307,71.04,1,71.04,4.0,9.0,1,0,bronze
ecb2bbf5c566fab74d5ab5f3cfd2ba19,44.0,1,44.0,3.0,12.0,0,0,bronze
ecb43665c8c390857cabf385d918da87,107.78,1,107.78,1.0,37.0,1,0,silver
ecb5118a9177b2f28a53d943ef7377f1,57.43,1,57.43,5.0,6.0,0,0,bronze
ecb7651c7bd428e7405f3e23c46b4550,192.55,1,192.55,5.0,11.0,1,0,silver
ecc1efd41003b6d182ea856b4d2576a4,44.86,1,44.86,5.0,12.0,0,0,bronze
ecc79411bf35aa8d224e66ca9ca5d4ef,143.98,1,143.98,5.0,8.0,1,0,silver
ecca690a3a84e03ad5b875b366cd1a41,66.17,1,66.17,4.0,8.0,0,0,bronze
ecccb19b688abefae93913db52d93681,183.25,1,183.25,5.0,11.0,1,0,silver
ecd089b0d574032823af505ff4817513,210.85,1,210.85,1.0,16.0,1,0,silver
ecdc27eb36f4b33a38a4d6f312571d7c,119.58,1,119.58,5.0,5.0,0,0,silver
ece10be38947ac6c501e9352ae27d61f,99.9,1,99.9,5.0,28.0,1,0,bronze
ece5bdc014d9610f93ff60accf976ffa,190.48,1,190.48,4.0,105.0,1,0,silver
ece908ca0502def5dd56deca8a5c67d5,114.53,1,114.53,3.0,10.0,1,0,silver
ece98a5dccb1e985d69a38d4e0f054e5,42.77,1,42.77,5.0,7.0,1,0,bronze
ece9b3917d57e96d6dc82fe284dfdd8a,192.12,1,192.12,2.0,9.0,1,0,silver
ecf144adda25e846d468789b37589770,209.91,1,209.91,4.0,9.0,1,0,silver
ed0194ae2851ca488607134c34708713,36.38,1,36.38,5.0,3.0,0,0,bronze
ed1356ee8c0f1caf7e8e3adc4685a6da,115.35,1,115.35,4.0,10.0,0,0,silver
ed18ac3d4b68e1401845d3e48636a8e8,308.61,1,308.61,1.0,85.0,0,0,gold
ed1b93b5f34254686f7765a2af95a6f8,328.42,1,328.42,5.0,7.0,1,0,gold
ed26fedad59154e7fc00cd7c1623d660,62.38,1,62.38,3.0,4.0,1,0,bronze
ed2ae62a1c5697ed791c9d0ceaafb7fc,127.92,1,127.92,5.0,10.0,1,0,silver
ed2d367a770fb3218c2b37cd4dc26381,27.48,1,27.48,5.0,9.0,0,0,bronze
ed331b1ec74717f8ad318ed3c4a41096,148.91,1,148.91,5.0,10.0,0,0,silver
ed33f787f6431b04641f53e575b2648c,143.56,1,143.56,5.0,7.0,0,0,silver
ed392bdb968739afcf1a11bd610a7886,60.0,1,60.0,5.0,8.0,1,0,bronze
ed42ccde391485cde5b0699b84b5c070,111.72,1,111.72,5.0,3.0,0,0,silver
ed43f5757a9dc1e5b065105e05dfa408,207.56,1,207.56,5.0,27.0,1,0,silver
ed54b14f4dc54b13120bcc86931c5255,76.86,1,76.86,4.0,10.0,1,0,bronze
ed55471664939a48022e6319811608dc,349.95,1,349.95,4.0,6.0,1,0,gold
ed5688c53d9ed28e74523ae79410acb8,218.84,1,218.84,1.0,10.0,1,0,silver
ed5c1ba63258ae10563aacd2ca022ab2,192.91,1,192.91,4.0,7.0,0,0,silver
ed62ab8aab76f4d4efc4344ba5ef3a6d,110.33,1,110.33,5.0,7.0,0,0,silver
ed64f46181e8ac77b7e9d545c082594d,197.5,1,197.5,5.0,7.0,0,0,silver
ed65e3fde3b08f3d0561e21a458f4fc0,27.38,1,27.38,1.0,4.0,1,0,bronze
ed68497b3838f0d8619f3a359c74359e,65.48,1,65.48,4.0,12.0,1,0,bronze
ed6bb3579d99a0ed255c44da1280231e,76.86,1,76.86,5.0,21.0,1,0,bronze
ed6e0fdef323c28bf5cd1207c477ae82,159.76,1,159.76,4.0,7.0,1,0,silver
ed6f986b80f9ac942004153ae4da9d2b,185.29,1,185.29,1.0,16.0,0,0,silver
ed7a7ddd472228e549caaa460f9d53ce,135.05,1,135.05,5.0,20.0,1,0,silver
ed7b66eff07d89156db4846c924e45d7,270.98,1,270.98,5.0,14.0,0,0,silver
ed7ca272c833eeec1a3fbf86a84bb5ec,235.54,1,235.54,5.0,5.0,0,0,silver
ed7cabe3bc850137484fff02f92a9c1d,23.39,1,23.39,5.0,2.0,0,0,bronze
ed8447bf08c6b1fb83408eb0eec608a4,133.06,1,133.06,5.0,6.0,1,0,silver
ed891ac9ea39363e127dd2e4e3875416,227.05,1,227.05,5.0,5.0,1,0,silver
ed8d3a85dcebf694f8dde843f3cef35a,154.66,1,154.66,5.0,13.0,1,0,silver
ed91bb51c077a785ca72d2bac34335b6,280.95,1,280.95,4.0,8.0,0,0,silver
eda50d1b4b64e6dc8058e29f5fe65c79,84.13,1,84.13,5.0,13.0,0,0,bronze
edaf10f5aa825cb0f5fb2c0e56c45891,469.89,1,469.89,1.0,16.0,1,0,gold
edb1beb47119259b23ce3aefb41535d5,118.35,1,118.35,4.0,7.0,0,0,silver
edb64356e3fe3a3c3f807d790469b94d,403.25,1,403.25,5.0,3.0,0,0,gold
edb73fb9e9c6e283badde40e37f5c9e5,157.85,1,157.85,5.0,5.0,1,0,silver
edbd256c62af7487800128f3c7ac7e9b,66.41,1,66.41,5.0,4.0,0,0,bronze
edbf944afda643f111ee4e5036a394ed,77.97,1,77.97,3.0,5.0,1,0,bronze
edc92f6395a526f395f9d242aedd2bdb,72.6,1,72.6,5.0,10.0,1,0,bronze
edcc7ce9b67e904a02c89576d13e1ada,78.78,1,78.78,4.0,1.0,1,0,bronze
edd5bf7a832faf132ed09bd37bd78438,87.97,1,87.97,5.0,9.0,0,0,bronze
eddcd62347237badf01afb155eaacc1c,21.77,1,21.77,2.0,10.0,0,0,bronze
ede05169568ca326a88ef980420cf014,47.81,1,47.81,5.0,7.0,1,0,bronze
edeacde884816ac5fb6b44e34d3d6bb4,30.95,1,30.95,5.0,2.0,0,0,bronze
edf0d93f11ab99410981b02039d3ff95,85.97,1,85.97,2.0,8.0,0,0,bronze
edf55e0391148600e839275491f147e5,72.18,1,72.18,4.0,8.0,0,0,bronze
ee255ff37746ba33e1d124150cadf936,74.48,1,74.48,5.0,4.0,1,0,bronze
ee268d2ade52c10708989d0bc2a9c277,52.71,1,52.71,5.0,6.0,0,0,bronze
ee285c8e36ce334381eb9f917832fcb2,57.72,1,57.72,4.0,13.0,0,0,bronze
ee2e40e31211c5c36ebf28b78316542e,74.84,1,74.84,5.0,9.0,1,0,bronze
ee2e6bc257be86dc7ddd9e85736cc5ec,83.41,1,83.41,5.0,12.0,0,0,bronze
ee2f423348d2b22b19bff9446cf39f2e,1055.92,1,1055.92,5.0,22.0,1,0,platinum
ee3074a0ae884d6cfbe6a79a3f76f729,46.29,1,46.29,5.0,15.0,1,0,bronze
ee363145447e9d3cf3f3b9f83294857a,435.72,1,435.72,5.0,10.0,1,0,gold
ee3c2157761847b1ef3bd8965ae443f1,123.27,1,123.27,1.0,,1,0,silver
ee3f2b083f171af669ce297c27b14df3,84.06,1,84.06,5.0,6.0,0,0,bronze
ee4544f656aed462ebbaecd9d3e7deb1,106.38,1,106.38,1.0,11.0,1,0,silver
ee4a83704c2de0dc8266893fa5cf966b,199.52,1,199.52,5.0,7.0,1,0,silver
ee4fd9b375c5273d66ef1b20efd63516,172.14,1,172.14,5.0,5.0,0,0,silver
ee515c21c199f27b0a4d254de725ed59,109.18,1,109.18,5.0,12.0,1,0,silver
ee5404be56619d4488a3212b84bb66d0,30.42,1,30.42,4.0,4.0,0,0,bronze
ee570fc2e7824a9feb0cea7bcc8e2e9b,61.19,1,61.19,4.0,8.0,0,0,bronze
ee59b3e5ddc6f6f92640127ef0c79784,440.71,1,440.71,4.0,12.0,1,0,gold
ee5beb3f3fa2de43e24d813975d5541e,60.26,1,60.26,4.0,2.0,0,0,bronze
ee5c5d0ff3ff8e904b5c2b66dd471b01,454.6,2,227.3,3.0,14.0,2,1,gold
ee6e503dca5ecf649eabee92d446ecf8,715.32,1,715.32,3.0,16.0,1,0,gold
ee9857ecb11a5e6d9816253601d28100,46.58,1,46.58,5.0,,0,0,bronze
ee98a0579acac9a07104c8560691f935,270.89,1,270.89,5.0,4.0,1,0,silver
ee991712f3923e8235784bba6695a025,26.69,1,26.69,5.0,17.0,0,0,bronze
ee9d97a7d28183a3d93aefb807e48524,35.84,1,35.84,5.0,4.0,1,0,bronze
eea594cf2dc1f7f8d905d0adcf7d393b,155.49,1,155.49,5.0,8.0,0,0,silver
eeab87c85f0eb43965393f4f22ec2c21,126.11,1,126.11,5.0,7.0,1,0,silver
eeb1bee15691f9dba515e9bac3b75a7a,102.7,1,102.7,5.0,18.0,1,0,silver
eebd0ddc20220549c8e2905f8ad1d7a2,598.58,1,598.58,4.0,7.0,0,0,gold
eebfe57d9a10601a67fb9a1c351f90ed,107.07,1,107.07,1.0,,0,0,silver
eec7ef3a3dcdc3ed5af12d93959b706c,63.18,1,63.18,3.0,7.0,1,0,bronze
eec95eabca2b8d033e1d36ad86ad688a,104.6,1,104.6,1.0,,1,0,silver
eed149db664684d4c477897cb874b390,119.12,1,119.12,5.0,1.0,1,0,silver
eed3d9c8e42c6b95338e0a8b675640e6,144.86,1,144.86,5.0,19.0,1,0,silver
eed928b8e9367862e039a6fc6b99b193,88.28,1,88.28,3.0,5.0,0,0,bronze
eedc17a4daa37e389a562c66664da3f5,86.15,1,86.15,1.0,42.0,0,0,bronze
eee0f253ca5999bcafd70545d8704939,57.98,1,57.98,5.0,9.0,0,0,bronze
eeea5c6efe33f400e94177fa497499f6,87.58,1,87.58,1.0,4.0,0,0,bronze
eeee84ea1c26cf087fb9e713d65a70ea,111.84,1,111.84,4.0,20.0,0,0,silver
eef5c6fff0c62a0103b68d79ae1c90d7,140.23,1,140.23,5.0,15.0,0,0,silver
eefdc2443e8e4f93e0eb1df1956047d7,91.21,1,91.21,5.0,7.0,1,0,bronze
eefe1ea56c1116469d9f0a77b903a188,32.38,1,32.38,1.0,8.0,0,0,bronze
ef122c099f6d585391a367fa6512d717,189.25,1,189.25,1.0,11.0,1,0,silver
ef29319e9bf960c436e9a2d94a9e4193,87.64,1,87.64,2.0,14.0,0,0,bronze
ef2a6a46966c323b241c5d77a1920458,58.62,1,58.62,5.0,4.0,1,0,bronze
ef31375aaea63593e90d4fcb4075fff5,80.28,1,80.28,5.0,9.0,0,0,bronze
ef31dc303645bce3b18a77bd835e6273,202.87,1,202.87,5.0,8.0,0,0,silver
ef3f1e3262a0448a073634cce6c7cbfc,186.52,1,186.52,5.0,20.0,0,0,silver
ef4059c73cf45588af7b028052665136,374.73,1,374.73,5.0,33.0,1,0,gold
ef473761105b90c05402d43c9bf26def,173.91,1,173.91,5.0,8.0,1,0,silver
ef50a01aedcfd085ba81c7ec9902a451,33.51,1,33.51,5.0,13.0,0,0,bronze
ef55f1ce91275c388c4f411081501d7d,116.94,1,116.94,1.0,17.0,1,0,silver
ef561658ff44ece7300119b56879c6ae,91.42,1,91.42,4.0,8.0,0,0,bronze
ef5a31b0437ed886c3113e8af13bdc06,66.69,1,66.69,5.0,13.0,1,0,bronze
ef5b1600dec607d23bd5f56c0e4aecbd,103.2,1,103.2,5.0,7.0,0,0,silver
ef5c74f58c44c4ae921519006ece96bc,162.77,1,162.77,5.0,8.0,1,0,silver
ef615978504f00be4e6e171ca068e160,341.02,1,341.02,5.0,14.0,0,0,gold
ef643d635cab1ffb3111e14641861d72,65.22,1,65.22,5.0,5.0,1,0,bronze
ef648d339ae95f6febe7f42022be7524,88.53,1,88.53,5.0,13.0,0,0,bronze
ef7200d5b0b899369c77c7407ec5502e,165.8,1,165.8,5.0,21.0,1,0,silver
ef7bbc96acc16599dbd8461a8eed42f6,117.76,1,117.76,3.0,31.0,0,0,silver
ef7ccf8e6acbf1ac71af305967e708c3,217.64,1,217.64,4.0,10.0,0,0,silver
ef89e8338074d92c4ad0a9e884f0cb0f,65.55,1,65.55,5.0,7.0,0,0,bronze
ef910b013d196e74f53e4d93f328ace8,69.71,1,69.71,5.0,4.0,0,0,bronze
ef93c31f3f43e034a0523b6ed14f1bfe,52.78,1,52.78,5.0,9.0,0,0,bronze
ef93dccaa1ae54f91d510a7d5bbc79c3,54.63,1,54.63,5.0,15.0,1,0,bronze
ef955ce70c34965f1e0a61e2a659d034,71.49,1,71.49,5.0,6.0,0,0,bronze
efa5f612b7c43c76824323407e0a4e5f,318.98,1,318.98,4.0,11.0,1,0,gold
efae50d74a4494f96d7d7fbc11ba2eb5,90.45,1,90.45,5.0,6.0,0,0,bronze
efb0cc85e51a471952b523bcfdbe4f2a,199.68,1,199.68,5.0,10.0,1,0,silver
efb164704e9f4fc3867f6f59f5f6dbd6,188.41,2,94.205,4.5,13.0,1,1,silver
efb3bb008222efc04a358f6a21aca4ba,73.69,1,73.69,5.0,16.0,1,0,bronze
efde060558616b5395b22c15a18444b3,270.94,1,270.94,4.0,6.0,1,0,silver
efdfdcb4890f42ff5fdc077b298f9af8,93.12,1,93.12,4.0,18.0,0,0,bronze
efe3120f5c2c8751c750c16ba3bd74cb,72.9,1,72.9,3.0,3.0,1,0,bronze
efe797705b98f548de87e24d035a7dbb,238.69,1,238.69,5.0,10.0,1,0,silver
eff12d4447f137712a387179ac15799f,170.46,1,170.46,1.0,20.0,1,0,silver
eff16b37717d38f06980c961dd4ea994,90.88,1,90.88,5.0,15.0,1,0,bronze
effd9d14707cf9263438e9148be8963b,210.47,1,210.47,5.0,5.0,1,0,silver
f00acae66459f1828fc1feba2c759fa0,443.77,1,443.77,5.0,13.0,1,0,gold
f01078373d82aca11c26b307140c8545,62.2,1,62.2,5.0,20.0,0,0,bronze
f019bdb8008924769fe88319cddedda9,71.64,2,35.82,3.0,6.0,1,1,bronze
f02718b711fcef6de51bd38c643a236e,86.05,1,86.05,1.0,16.0,0,0,bronze
f03010990971a88c965c821171f93010,115.66,1,115.66,5.0,4.0,1,0,silver
f0347c282b3654c9a42bc10bbde1912e,493.51,1,493.51,1.0,9.0,1,0,gold
f043529722a354cd3f185270e0c6aa15,37.11,1,37.11,5.0,10.0,0,0,bronze
f04be0cc31fe4e1778daa3d6c8929a0a,93.85,1,93.85,5.0,7.0,0,0,bronze
f053e082c3563fa331d4cd0c5d8ec177,170.33,1,170.33,5.0,1.0,1,0,silver
f054e8c1cbcf5e89ddd9b615c349936b,58.05,1,58.05,3.0,23.0,1,0,bronze
f05662fe45e051553bffad1ec8bc52d1,113.15,1,113.15,5.0,6.0,0,0,silver
f058a2cc5e2d85f398f29928af6436d9,504.51,1,504.51,1.0,9.0,0,0,gold
f05fa2c1130ab3c89ea4323d3bf98495,99.9,1,99.9,4.0,10.0,0,0,bronze
f0663046f4fb8ab7073364aa3158ff1c,307.94,1,307.94,5.0,13.0,1,0,gold
f06dc1c33574bc4dd6225512fcfc3579,37.46,1,37.46,4.0,7.0,1,0,bronze
f07771c6d7e9bb6169075668480cd7ce,195.18,1,195.18,5.0,17.0,1,0,silver
f08a6fc13e8f943fe12a891e58d232d3,50.03,1,50.03,5.0,8.0,0,0,bronze
f08d5e0d77469bca395ed24633b8f8d5,130.69,1,130.69,3.0,12.0,1,0,silver
f090bc718c8e695fed3f714dc62c7755,91.18,1,91.18,5.0,8.0,1,0,bronze
f091cb60c97d35a42101a95cb825f821,174.56,1,174.56,5.0,3.0,0,0,silver
f093103a10c06aa1cd7914c7f74af3b2,335.29,1,335.29,4.0,4.0,1,0,gold
f093c0084073c0a6eb9e3da83fb205bf,139.0,1,139.0,5.0,7.0,1,0,silver
f09d3d303333f7f9611bce2f97e47582,74.72,1,74.72,5.0,10.0,0,0,bronze
f0a16779a7adc4efb88a1a329b15474b,76.41,1,76.41,5.0,6.0,0,0,bronze
f0a53affba6ce12b3e7c15a3a941b27b,38.09,1,38.09,5.0,21.0,1,0,bronze
f0a8e36658d6d08f6e96b9ecf389fd52,167.4,1,167.4,4.0,4.0,0,0,silver
f0aa9a24f330070e4bf9b5320c898ce7,645.68,1,645.68,2.0,18.0,1,0,gold
f0afe1fc505bdee6c81d9fb27d31d64e,58.0,1,58.0,5.0,26.0,0,0,bronze
f0bc14cc2b1c0f7f28e790bd4d016a7d,200.75,1,200.75,5.0,5.0,0,0,silver
f0c1f570464c5f47cccffa529be6fa29,47.69,1,47.69,,9.0,0,0,bronze
f0d30d87e962257bae0032a2775bd8bd,122.07,1,122.07,4.0,15.0,1,0,silver
f0dc35f1b6b60a5a4718b2420b92333d,78.54,1,78.54,5.0,4.0,1,0,bronze
f0dc4035c184f9d29bf0d74c8a57aa9a,112.17,1,112.17,5.0,5.0,1,0,silver
f0e310a6839dce9de1638e0fe5ab282a,52.53,1,52.53,5.0,18.0,0,0,bronze
f0ec6a441b2ad8daa1bb65b446bdb759,98.32,1,98.32,5.0,7.0,0,0,bronze
f0f8549456c7e101128f5b9433c81f79,33.12,1,33.12,5.0,8.0,1,0,bronze
f0f8ceeadedd747aef7967d0f9e5969e,66.64,1,66.64,3.0,34.0,0,0,bronze
f0faf537c019a5dcaa0496f9d21939ad,96.96,1,96.96,1.0,,1,0,bronze
f0fd988c7c2a4cba167138a8adada6ca,71.73,1,71.73,5.0,12.0,0,0,bronze
f10141c61217d2797912e6b2715229e2,52.13,1,52.13,5.0,11.0,0,0,bronze
f102240598836332442c455abbcecfbc,40.0,1,40.0,5.0,5.0,0,0,bronze
f1059c533da24a49b6996e0e7ac7b48e,29.91,1,29.91,5.0,5.0,0,0,bronze
f1074cf981af1ffe480a9781f1d0b0bb,88.27,1,88.27,5.0,11.0,0,0,bronze
f108981245a86b509868e5fc57a3a85c,21.17,1,21.17,1.0,16.0,0,0,bronze
f1097c9562bd8f87de1e69c30b3b08eb,155.14,1,155.14,1.0,13.0,1,0,silver
f1117bb20d676cd1cb7ccddee694c50e,685.93,1,685.93,4.0,18.0,1,0,gold
f113042ff356f926d517f3087d4a1ba8,75.17,1,75.17,1.0,37.0,1,0,bronze
f11555b4396eaa69a4c0980aa3522648,45.09,1,45.09,5.0,13.0,0,0,bronze
f119785e152d8928015f54a63bfcb284,143.92,1,143.92,5.0,3.0,1,0,silver
f11a41009256bc429b6655cfd2ba1c63,102.48,1,102.48,3.0,19.0,1,0,silver
f11ee8d88b7eef76bed1aabd3a0fc4d0,175.4,1,175.4,5.0,17.0,1,0,silver
f121943f335b4993188fedd3852ea3aa,371.19,1,371.19,2.0,20.0,1,0,gold
f121995493925a5ef0b46a13f594e0ab,41.69,1,41.69,5.0,6.0,1,0,bronze
f1222bacdff89a25eb29e54eeaabbe6b,36.69,1,36.69,5.0,9.0,0,0,bronze
f12af9712bc7f56ee59413b1a012077f,390.59,1,390.59,5.0,4.0,1,0,gold
f12f064c0a45fa8ac5b7d8934d1bf853,115.2,1,115.2,3.0,11.0,0,0,silver
f13008d4763602576f19982d96aaf0b1,21.1,1,21.1,5.0,3.0,1,0,bronze
f13a3dfb50638b6d41a82af20b531702,102.14,1,102.14,5.0,15.0,1,0,silver
f13b1455570e2ee131c0c69f578e1dd9,37.22,1,37.22,2.0,33.0,0,0,bronze
f13df728bcdb6984053eb041866d0b9b,82.34,1,82.34,5.0,9.0,0,0,bronze
f13e1c06b45937692b336a84ee707023,95.76,1,95.76,5.0,11.0,0,0,bronze
f1440f8518da4d35fbe868fe12d586aa,394.09,1,394.09,4.0,4.0,1,0,gold
f145d50379275ab9931636f83b0102eb,208.03,1,208.03,5.0,8.0,1,0,silver
f1485c238a50f4d2a48be2fcd6c22a61,839.28,1,839.28,5.0,12.0,1,0,gold
f1521950d7c6d0ece3647b5d90f63830,102.74,1,102.74,4.0,13.0,0,0,silver
f152835caa3afccfeec72a657103d078,344.03,1,344.03,5.0,25.0,1,0,gold
f155e73fecfd1791f6ca79047cfcdd56,420.88,1,420.88,5.0,9.0,1,0,gold
f156ecff8cfeef747e99c7b70a1c8c71,219.57,1,219.57,5.0,6.0,1,0,silver
f157ff4601a1a77baef659c10fa8f22c,107.35,1,107.35,4.0,6.0,1,0,silver
f161fdaf3d079866c6d164b3da2beed0,121.84,1,121.84,5.0,5.0,0,0,silver
f165288d1ef49c2ef3d371f7ec7a88d5,237.91,1,237.91,4.0,15.0,1,0,silver
f16a7418dca2619d9524be10babfeb5f,569.06,1,569.06,5.0,10.0,1,0,gold
f175a16d4e5581676e72c0d321d9ff7e,77.57,1,77.57,5.0,13.0,0,0,bronze
f17842fa45e45818de36b5862c93cac9,98.14,1,98.14,5.0,5.0,1,0,bronze
f17e8c3fd8b2a0e16fa3bd87cc82ba55,38.12,1,38.12,5.0,16.0,0,0,bronze
f17f35164ab56d603c4ef9ec60816200,188.94,1,188.94,4.0,3.0,0,0,silver
f1816d8658fab00ae01119967614b514,112.71,1,112.71,5.0,6.0,0,0,silver
f18411d7b672c537a95a716f13fc0b17,220.49,1,220.49,5.0,4.0,1,0,silver
f18e0cfc0fe9c9fb33ca1d4f1f9c17ba,192.11,1,192.11,5.0,16.0,1,0,silver
f19d8c5bd5205e632cba7fa3c61f0674,120.74,1,120.74,4.0,19.0,0,0,silver
f1aef84cc9848a0f2618b6cee49c8628,77.57,1,77.57,5.0,8.0,1,0,bronze
f1c0607e690eda4689270d3358c1a7f8,52.18,1,52.18,1.0,17.0,0,0,bronze
f1c08d13b8520a6efa197627fada3a56,119.89,1,119.89,5.0,8.0,0,0,silver
f1c946d62266d11f3a006937410a93cd,69.12,1,69.12,4.0,9.0,0,0,bronze
f1ca76c15cc02929d6247083a882ecd3,90.99,1,90.99,1.0,21.0,1,0,bronze
f1ca9a3e183455352bedd048dc923d76,53.68,1,53.68,5.0,10.0,0,0,bronze
f1ca9cf8fb53b6128f4aca42dca47125,90.88,1,90.88,5.0,15.0,1,0,bronze
f1e2ee3743f9d0ec522147848b4dc752,26.18,1,26.18,5.0,7.0,0,0,bronze
f1e792f1f42a33314fbaedefe2aa7822,514.35,1,514.35,5.0,7.0,1,0,gold
f1fe7d4def2b6f5db8df8f1888bf1c0c,725.81,1,725.81,3.0,7.0,1,0,gold
f2034cdca385d1d64b608bfd73d407ba,236.0,1,236.0,4.0,28.0,1,0,silver
f2047914c6a757000c15b12e14f86213,64.01,1,64.01,5.0,8.0,0,0,bronze
f215fba80011104b8b5ea11194089682,84.0,1,84.0,5.0,9.0,0,0,bronze
f221dc7c3ec9670bf7e2ac84eddde9ab,51.44,1,51.44,3.0,23.0,0,0,bronze
f22558a5d21473973ec3b6ab6f050bd2,122.27,1,122.27,5.0,4.0,0,0,silver
f226c02ad4d24f635a6abec2a517fe54,97.83,1,97.83,5.0,15.0,1,0,bronze
f227191712b86f2556f9c808319be731,92.32,1,92.32,5.0,14.0,1,0,bronze
f22bc808c3eb91b7f9f301a243b7383d,76.65,1,76.65,5.0,14.0,1,0,bronze
f22c9ef55414bae1a6ca7ebd6d66f8d5,59.34,1,59.34,5.0,5.0,1,0,bronze
f231816f0ee9d6c71b97bbc86f393dce,27.38,1,27.38,5.0,7.0,0,0,bronze
f233c2a69bf8e241c53a9b3ee56c8e3c,123.18,1,123.18,3.0,23.0,1,0,silver
f236672cde392cc6ae3c0700fef8ada5,67.36,1,67.36,5.0,7.0,1,0,bronze
f2479f8d117c49610d5a2d006b4ab716,101.25,1,101.25,5.0,7.0,0,0,silver
f247b7fda7279d2f88147c7bd0e7867f,154.47,1,154.47,5.0,3.0,1,0,silver
f2486ecf1e4d40ef68dad70ea816e608,142.01,1,142.01,5.0,6.0,1,0,silver
f24ae58572be5855ab7ae1c211bbb810,121.64,1,121.64,5.0,10.0,1,0,silver
f251fa47f92c30e90adad31062a96a86,329.26,1,329.26,5.0,8.0,1,0,gold
f258ecd3ed0efe5ae60d5e6e58ee03fb,53.5,1,53.5,2.0,21.0,0,0,bronze
f25c82f041560f45f4a408157ff3a5de,210.29,1,210.29,5.0,14.0,0,0,silver
f269bbf6ad2587ada55be2c268e76620,72.05,1,72.05,5.0,3.0,0,0,bronze
f26d04765958645f5d4bda8bd1d2d573,58.62,1,58.62,5.0,1.0,0,0,bronze
f26ee4cddd4ad02b262b34ee93b1c639,60.39,1,60.39,4.0,3.0,0,0,bronze
f279afbabcada13572ae412aab63644d,64.32,1,64.32,5.0,20.0,0,0,bronze
f27a7595890baa58adf0f4948918425f,82.47,1,82.47,5.0,26.0,1,0,bronze
f27ce86890789e9bc697ee9d66e13860,264.59,1,264.59,5.0,6.0,1,0,silver
f27f6f093a0769b96f8f80a445c9fba6,165.8,1,165.8,4.0,6.0,1,0,silver
f28cab5ad7d6c9b05e6cc9c310761968,347.56,1,347.56,4.0,21.0,0,0,gold
f293f3281ed5deb4042a891a5dabc3d7,69.9,1,69.9,5.0,15.0,0,0,bronze
f2a1c4621acc0bd77c6323284e41a586,67.5,1,67.5,5.0,19.0,0,0,bronze
f2a9c45fecbca38c65837639d0e1c0f2,1963.14,1,1963.14,4.0,11.0,1,0,platinum
f2ab099d70e9378077502f9520bb2789,128.99,1,128.99,4.0,4.0,1,0,silver
f2b309d635229f7ff00c0ec3ca616d92,184.93,1,184.93,4.0,6.0,1,0,silver
f2bfa88061180ef63be4520ed4566e29,1158.54,1,1158.54,4.0,14.0,0,0,platinum
f2c10bd6c35a005af95c9c000b3cfd9d,229.28,1,229.28,4.0,23.0,1,0,silver
f2c9a3b4074511469c4949382741fe12,147.78,1,147.78,4.0,7.0,1,0,silver
f2ca3b4e030373f8dba54a6903022c65,142.5,1,142.5,5.0,7.0,1,0,silver
f2cb0a40a1323af33946e25741177d55,351.33,1,351.33,2.0,5.0,1,0,gold
f2d7c87edefec9abe5abc8a9eb8983f8,160.28,1,160.28,5.0,9.0,0,0,silver
f2e071cf1cbf4e8d22de727c7d8835bf,49.96,1,49.96,5.0,9.0,1,0,bronze
f2e0c95f9c0e971bb561b11ecf5a95d3,67.3,1,67.3,5.0,11.0,1,0,bronze
f2e1f0f17d62a38c2460d1db6e2b9625,43.28,1,43.28,4.0,14.0,0,0,bronze
f2e715b2da62fd0d1cd7e41f80ae48f7,35.69,1,35.69,4.0,15.0,0,0,bronze
f2e86a16e1f2d34996a2451342b0a2b1,88.27,1,88.27,5.0,12.0,1,0,bronze
f2f5927dde43e342dc5b5bb8bb5c0f95,94.16,1,94.16,1.0,9.0,0,0,bronze
f2fa99f89acf8b2c2f63775d218def26,260.7,1,260.7,3.0,32.0,1,0,silver
f2fe22b3ba029cb104f5f306b4fb5310,53.09,1,53.09,5.0,6.0,1,0,bronze
f30856ad31d3e74253a3f4ccef670648,100.23,1,100.23,1.0,36.0,1,0,silver
f31744151d55d93974729a46923bd1e1,105.38,1,105.38,5.0,15.0,1,0,silver
f31ac54af6af7097bddd1053011e7a3a,96.7,1,96.7,5.0,17.0,0,0,bronze
f31f7af539e4de2601c4c2df9dc9924d,192.98,1,192.98,1.0,21.0,0,0,silver
f324449067166ef57fea2d94d4cab768,61.11,1,61.11,5.0,8.0,1,0,bronze
f32585d2bc4c94f5ed41f3573285847b,226.13,1,226.13,4.0,18.0,1,0,silver
f338aa95c8a5d23169067987292428c6,184.93,1,184.93,5.0,10.0,1,0,silver
f33b8824f140e2f21e2a340a4552c862,76.78,1,76.78,5.0,2.0,1,0,bronze
f34129f3c90f0243ed1e0ecdcebd532a,1048.7,1,1048.7,5.0,8.0,1,0,platinum
f342d2f783745df9449c32700a88098d,202.06,1,202.06,5.0,21.0,0,0,silver
f36237ead17ac188cea4f73cceb0d834,109.98,1,109.98,5.0,8.0,0,0,silver
f36f76de5290df0bae563f9cdccffeb7,197.95,1,197.95,1.0,20.0,1,0,silver
f377461b37160ea383bbb3535714ba31,75.68,1,75.68,5.0,12.0,1,0,bronze
f384b670963f2cf3ff4909da5a5c93e1,1314.86,1,1314.86,5.0,6.0,0,0,platinum
f389ca60b51c77eba0045a6789014b42,127.42,1,127.42,4.0,16.0,1,0,silver
f38d0a168948a5dd98c2b8e0f9eb3120,56.96,1,56.96,5.0,30.0,1,0,bronze
f38e382731af9143e1321a49534c395d,251.24,1,251.24,3.0,9.0,0,0,silver
f398cd9f21e2d341be800b3fcdae11ad,143.54,1,143.54,3.0,2.0,0,0,silver
f3a452a9573230f92aba606c56e015b8,296.93,1,296.93,4.0,8.0,0,0,silver
f3aa14594942821a50e8347e0899b046,54.76,1,54.76,4.0,15.0,0,0,bronze
f3cb4bf78563e8f29fb8df63f3ae2748,51.14,1,51.14,2.0,22.0,1,0,bronze
f3d176999f9c1273045f770712608944,70.12,1,70.12,5.0,8.0,1,0,bronze
f3d7bed02753c161c5965cfdfcb149cf,132.24,1,132.24,5.0,8.0,1,0,silver
f3d96550a8adeb771fe53948521cf602,78.14,1,78.14,4.0,10.0,1,0,bronze
f3da06e0291a73f2ae7d40029c91fc09,74.05,1,74.05,5.0,17.0,0,0,bronze
f3daaaf785ec704843b9b89cd99fa204,145.29,1,145.29,5.0,6.0,0,0,silver
f3e3f191ceba0f2b732661fe60d43b3e,73.15,1,73.15,1.0,31.0,1,0,bronze
f3e7030f8a429669d0204c88b313f763,96.03,1,96.03,5.0,18.0,0,0,bronze
f3ea9af565ef202ad15bcfde52697efc,118.3,1,118.3,1.0,7.0,0,0,silver
f3eccc77c18fd4481d031db5d7f8b3f1,235.57,1,235.57,5.0,1.0,1,0,silver
f405bb091115b90781b5862127ebd175,150.75,1,150.75,3.0,7.0,1,0,silver
f40891e7e8c9c775fd29c2b82a26459d,148.05,1,148.05,5.0,6.0,1,0,silver
f40e8c1ddb863f7a124ad57cbf27b838,62.38,1,62.38,5.0,5.0,0,0,bronze
f4105a42924606c6d29227127364472d,209.08,1,209.08,5.0,2.0,1,0,silver
f410c57b5acc16bf3e111eae707d1fa9,37.81,1,37.81,4.0,3.0,0,0,bronze
f411e629562709be496c105c033c6b4e,115.46,1,115.46,5.0,9.0,1,0,silver
f415974ff4a779ffa991fc349a6e67ac,119.04,1,119.04,5.0,18.0,1,0,silver
f418aaecfb78ed876345df7daf813ad4,50.87,1,50.87,4.0,3.0,0,0,bronze
f41e7c7b9e64c7194352c090780cdf9f,253.12,1,253.12,4.0,17.0,0,0,silver
f42394da2abb681bbbb79c381d9a3021,198.68,1,198.68,5.0,5.0,1,0,silver
f42b136b817fc56506451c4dcc4f2b0b,133.48,1,133.48,5.0,12.0,0,0,silver
f43467d06bb2bef656f877feb1ea2245,160.24,1,160.24,2.0,7.0,0,0,silver
f43b24153d60b755a44dd5730f983729,82.9,1,82.9,5.0,14.0,0,0,bronze
f444ba0d223518973d2ab5ee663bfd9a,1963.14,1,1963.14,4.0,8.0,0,0,platinum
f44b655b40aa692aaed9327b403ba3b5,261.01,1,261.01,1.0,52.0,0,0,silver
f455040fd16df12df2c7c1a953a1c54a,39.09,1,39.09,4.0,7.0,0,0,bronze
f4594149af80600bda535d5b7f72a7b4,119.57,1,119.57,2.0,18.0,0,0,silver
f45f0c063463c2fc202e31511811bc8c,148.58,1,148.58,5.0,7.0,1,0,silver
f468e6ec723b96c71219660b45a1a1af,120.18,1,120.18,3.0,7.0,1,0,silver
f4714ce5ac2fe6ebca5ba8f8a4756b00,66.96,1,66.96,5.0,12.0,0,0,bronze
f47a531a66bde7d4f0e085818fa2d733,136.05,1,136.05,5.0,19.0,1,0,silver
f48206d101c52a4db27c90b3bb0356d6,147.15,1,147.15,5.0,16.0,1,0,silver
f48841d7d5532186af64171b32e23531,100.01,1,100.01,5.0,24.0,0,0,silver
f48a9bdc7d38b43bba4082517ea1bc07,187.87,1,187.87,5.0,7.0,1,0,silver
f48c4fb9144d9d73f66d664d3ae82da5,42.39,1,42.39,5.0,1.0,0,0,bronze
f49078ecf4fecfb88188135da275b4b5,340.96,1,340.96,3.0,14.0,1,0,gold
f49120b9ad722f4972c5c2a601df6685,59.1,1,59.1,4.0,8.0,1,0,bronze
f496bd3a1bae2e70a700111ba8ee8109,38.59,1,38.59,2.0,14.0,1,0,bronze
f497dd3ee9e4ef33b42acd82713e4bf3,18.67,1,18.67,5.0,3.0,0,0,bronze
f4a0717ef62b420c88035069a1e8c212,38.93,1,38.93,5.0,14.0,0,0,bronze
f4ad832929592f3a3e2412d6bdcb2d0d,96.22,1,96.22,5.0,7.0,1,0,bronze
f4af0b3f627879bf6801db96949b1e71,220.04,1,220.04,1.0,10.0,1,0,silver
f4af901a793f30077e6bd94527ee325d,180.01,1,180.01,1.0,10.0,0,0,silver
f4b7b5d448f7384df7f5f15e7791f082,74.64,1,74.64,3.0,12.0,0,0,bronze
f4bd2c38f456f8e426b55ececa129bdb,70.41,1,70.41,4.0,8.0,0,0,bronze
f4c01ec1c1160a873642b614ebd6d72c,118.23,1,118.23,5.0,20.0,1,0,silver
f4c1cc657910890bcc0d15070508e490,225.88,1,225.88,2.0,15.0,1,0,silver
f4cba1f4ed72d32549c4ebb66e3f84d5,32.85,1,32.85,5.0,6.0,1,0,bronze
f4d1502ace38b0df6f052a5544add9f4,82.42,1,82.42,5.0,13.0,0,0,bronze
f4da405fc0f61e626d70019547d0f74d,52.93,1,52.93,5.0,5.0,1,0,bronze
f4e9ff4f6f1a182b0544945dcf4b0c9a,48.89,1,48.89,5.0,4.0,0,0,bronze
f4f2d85371955b0e254ce594fcf09a0d,45.23,1,45.23,5.0,16.0,1,0,bronze
f4fd7e1941a0bdd0751f1e6c399fd496,184.59,1,184.59,5.0,7.0,1,0,silver
f4fe5603c107e6f5926b8a2f740f1512,81.12,1,81.12,5.0,13.0,0,0,bronze
f4ff1a79dac99d99375405621276c176,96.93,1,96.93,3.0,4.0,1,0,bronze
f501763f86860a6276ac5bd82ed23925,54.74,1,54.74,5.0,3.0,1,0,bronze
f5031e7b5561df1775e8db6a3eb37cc6,123.67,1,123.67,5.0,3.0,0,0,silver
f504a7ed99f2a37120d9cc0164bd5765,153.09,1,153.09,5.0,15.0,1,0,silver
f507945d757fe904ec16d8e7bb7ba7ad,62.82,1,62.82,1.0,7.0,0,0,bronze
f5136b8fc0ca2d9037d400ec1f196305,40.13,1,40.13,5.0,14.0,0,0,bronze
f513f43c38ae261dab254c60577c21f5,428.49,1,428.49,4.0,7.0,1,0,gold
f5157bbdffb5f977c5f2616beb258d7b,137.09,1,137.09,5.0,20.0,0,0,silver
f51c98cff20a970dbd9efad7540d30f4,47.22,1,47.22,3.0,19.0,1,0,bronze
f51d2a752dece17a20d72968dbf54022,66.67,1,66.67,5.0,1.0,0,0,bronze
f51d51970cd8937a6a9860e4df2e8305,49.22,1,49.22,5.0,13.0,1,0,bronze
f51f616a3ef1b481892426fb7c3f1f9e,92.76,1,92.76,2.0,14.0,1,0,bronze
f522f9e88da7ece239e6ef4703f7a09e,258.02,1,258.02,4.0,19.0,0,0,silver
f52319a9425f4d047832c682e74931fe,51.84,1,51.84,1.0,35.0,0,0,bronze
f52a8a57228f8fc586dc65983d39904b,143.06,1,143.06,5.0,4.0,1,0,silver
f52aafcc1ed1c13134d919970c78a146,85.14,1,85.14,5.0,25.0,0,0,bronze
f52e54a5d931d3ccd4f6e3a4b48f3aef,138.6,1,138.6,5.0,15.0,0,0,silver
f5343b81fc38f6aa6ca92e8c917cfdb9,204.53,1,204.53,5.0,2.0,1,0,silver
f53d235c627d9f1e4a63f200b124694c,70.27,1,70.27,2.0,11.0,1,0,bronze
f5479eed84b3486132141fe08c598b95,46.77,1,46.77,5.0,3.0,0,0,bronze
f5533ec1e61c73fc8457bb73769730fc,52.69,1,52.69,2.0,6.0,1,0,bronze
f55994f4c6442f9e75bf40994b6d40f7,44.19,1,44.19,4.0,1.0,0,0,bronze
f55b7e6959225119961d9cf0d867d970,16.05,1,16.05,1.0,20.0,0,0,bronze
f55e47d7febeb28f40031382f1c0a0fb,82.33,1,82.33,5.0,9.0,0,0,bronze
f55f5b958b01f7040f6f42c0abaca6f4,75.08,1,75.08,5.0,21.0,1,0,bronze
f567a12b251dc3a5eadcd126e00d4f4d,59.22,1,59.22,3.0,9.0,0,0,bronze
f567d792c10464073b2d44c75044a077,125.39,1,125.39,5.0,11.0,1,0,silver
f56adba72e4e4b598b2201d273dbb51f,83.94,1,83.94,5.0,5.0,1,0,bronze
f56bf73e81d727372f3f025153d7e5b3,396.8,1,396.8,5.0,25.0,0,0,gold
f570a5be59e27679024a0ff2cdf0fdf3,166.35,1,166.35,5.0,4.0,1,0,silver
f576e51994e6d8f3a81d99d9ede79795,46.36,1,46.36,2.0,5.0,1,0,bronze
f582d9b093001521d8c5544ddc4f27c8,25.29,1,25.29,1.0,,0,0,bronze
f58a61a7a24c4bddf8fa238ad645e3cd,69.67,1,69.67,1.0,,0,0,bronze
f58d944f8ac78d84a1b8788ddf0636fb,87.66,1,87.66,2.0,36.0,0,0,bronze
f5956e481edfe26b2a8a8035f0ccfea8,47.17,1,47.17,5.0,3.0,0,0,bronze
f596242db91986b554f25768577cd5be,695.99,1,695.99,5.0,25.0,1,0,gold
f5973d488892107b0b9dd420a70d64c6,68.89,1,68.89,5.0,9.0,1,0,bronze
f5981a33e1307848e99f564d40368570,78.64,1,78.64,5.0,2.0,0,0,bronze
f59e3e14cfa2eb6f8865aaef2fe83acf,370.49,1,370.49,1.0,47.0,1,0,gold
f59f93013d1303b74bce6e947e4e5a32,198.51,1,198.51,1.0,14.0,1,0,silver
f5ac2100b41aa5ec969d0c252800a23f,99.38,1,99.38,5.0,4.0,1,0,bronze
f5add44bf786bd861fd6108d400cbaa5,137.85,1,137.85,5.0,11.0,1,0,silver
f5b5ccef4e3e00975bd50eb142442eef,627.06,1,627.06,1.0,7.0,1,0,gold
f5b8b538be876b72eed481df8b75ec42,81.4,1,81.4,4.0,11.0,0,0,bronze
f5c7eba6f2feb6baa7bc3daa2e7baa98,41.71,1,41.71,1.0,49.0,1,0,bronze
f5cc3842baed00ef58bdb8a50f42ead9,104.79,1,104.79,4.0,10.0,0,0,silver
f5cd72e7209640c294bad4d57f4f7772,372.72,1,372.72,1.0,10.0,1,0,gold
f5d32f2ee3d4caec1870de481c276bd8,124.77,1,124.77,5.0,19.0,1,0,silver
f5d68ed23db7cbd4fdc7d4b892970633,122.75,1,122.75,5.0,9.0,1,0,silver
f5d84b273ebeb0aec61dfccbfd18679a,168.2,1,168.2,3.0,13.0,1,0,silver
f5dcc1db0e0fcea81a2038579b427da3,36.78,1,36.78,3.0,5.0,0,0,bronze
f5dcd5178c6c7ce8b09aa0b13589bb62,136.91,1,136.91,4.0,32.0,1,0,silver
f5e97d4f5d39a2e38e76b6833982e41a,50.53,1,50.53,5.0,13.0,1,0,bronze
f5efee6d288888b6c033638d513a59d4,41.85,1,41.85,5.0,8.0,0,0,bronze
f5f102cb85dc09567c0df443494dd525,89.88,1,89.88,4.0,14.0,0,0,bronze
f5fb94d6a90c9c055bc6ea6489471601,70.53,1,70.53,5.0,7.0,0,0,bronze
f5fefa59acbb79c5502aea78f8d4e07c,97.71,1,97.71,4.0,13.0,0,0,bronze
f60306773615b18b4ae2a832de00e29b,44.02,1,44.02,5.0,11.0,1,0,bronze
f613612c35de4ffbbdb680f32e3baa80,182.94,1,182.94,5.0,2.0,0,0,silver
f6139ab3e9e9100d5210dc8467c38663,129.22,1,129.22,4.0,7.0,1,0,silver
f62484e3f5d733b09d491058b3368975,315.75,1,315.75,2.0,14.0,1,0,gold
f63181dd4c5b7d91e47629ecb64505c7,105.87,1,105.87,5.0,14.0,1,0,silver
f63ba17b6bf60a96c5b82a5106a10fee,53.0,1,53.0,3.0,8.0,0,0,bronze
f645f76d3394485130921c31bbaa471d,358.04,1,358.04,5.0,17.0,1,0,gold
f6467e3381d5edf74684b41ac432279e,131.0,1,131.0,5.0,5.0,1,0,silver
f646c17584cdef653a56df78f55994ba,42.69,1,42.69,5.0,8.0,1,0,bronze
f64911031e3786c2a71fec596fd1c33e,89.79,1,89.79,5.0,7.0,0,0,bronze
f649b35378060c6e4d16209fbebd17aa,232.5,1,232.5,5.0,10.0,1,0,silver
f64ada4a21fddbd9cbfe63aadccc6918,33.38,1,33.38,5.0,6.0,0,0,bronze
f64d1d687126db288452aef6b25aad93,27.75,1,27.75,5.0,12.0,0,0,bronze
f65090e385ff1887e03047d352e63858,159.03,1,159.03,1.0,9.0,1,0,silver
f65e6ea977a83f7c2d41251fc53a9485,114.04,1,114.04,4.0,15.0,1,0,silver
f6654fd4af5fb046fc7ba6521fa69999,335.89,1,335.89,5.0,13.0,1,0,gold
f672d4ae866d742fc72d3b4c4d2cf23d,166.71,1,166.71,5.0,8.0,1,0,silver
f67d554917153d83d441ec2cadcc66ab,102.53,1,102.53,4.0,12.0,0,0,silver
f68b6de1360ee86aaa65043a0a5ec6c7,922.02,1,922.02,5.0,12.0,0,0,gold
f68ec6805b80a4aa7416a2bf1e84ab44,373.84,1,373.84,4.0,13.0,0,0,gold
f6b05295c28d5b6a48f53045968b91f9,306.98,1,306.98,4.0,23.0,1,0,gold
f6b24980bbfdc9bd9420a481a20f5f64,85.8,1,85.8,1.0,10.0,0,0,bronze
f6b343f83417e0da74b76fa002629c91,199.36,1,199.36,4.0,7.0,1,0,silver
f6bde9beb01b518b1ff84d053fb5f0dd,45.78,1,45.78,5.0,1.0,1,0,bronze
f6c009ef1a01708cce34cde9caa5e3e0,58.46,1,58.46,5.0,10.0,0,0,bronze
f6d97b059c6d1feb6c63e6fb765d0e58,260.77,1,260.77,5.0,3.0,1,0,silver
f6dce53c87565ce82b8a2286a54d4c42,160.22,1,160.22,4.0,,0,0,silver
f6e24a8ed9e6015242b1f988eabaef95,239.38,1,239.38,5.0,9.0,0,0,silver
f6f30d20a5c7a5090e26fcc45046286c,170.95,1,170.95,5.0,11.0,1,0,silver
f6fb0a1d82180937a765dcc6ce6bd9a0,110.2,1,110.2,5.0,11.0,1,0,silver
f6fe57d378dab85208a1fdd0172548e0,74.59,1,74.59,1.0,18.0,0,0,bronze
f7048db4964061bbe1e5f1cd51d1edae,87.18,1,87.18,2.0,6.0,0,0,bronze
f705fc114ce19214ce8d0240ffbb3ae7,80.77,1,80.77,1.0,,0,0,bronze
f71d1ce0ca77b13eb4a0909685c1a288,34.0,1,34.0,4.0,11.0,0,0,bronze
f71da337f7e2b3a70c74fa505f0f6ac9,37.09,1,37.09,5.0,15.0,1,0,bronze
f728be7f9d69b14f9d1673a016184b1a,52.62,1,52.62,5.0,25.0,0,0,bronze
f72b7208452f18c74743c34dfdfcb37d,464.98,1,464.98,5.0,23.0,0,0,gold
f733f8221ca3f52f6d7a4b8d162b1873,84.48,1,84.48,5.0,5.0,1,0,bronze
f73e2417681edd372cbe8472ffcdd238,340.67,1,340.67,5.0,6.0,1,0,gold
f74255179687a017b247e9bfac98269f,115.45,1,115.45,5.0,23.0,1,0,silver
f74a075d2c4f68917c7d568df06b1e90,290.07,1,290.07,,,1,0,silver
f7530477517d7fe88e4840b95faa5264,742.57,1,742.57,5.0,10.0,1,0,gold
f7542427705ce55ee46a88cf280b4f51,86.72,1,86.72,5.0,3.0,0,0,bronze
f75bc8b1aa3841ba66a6cf79255d3486,66.64,1,66.64,5.0,20.0,0,0,bronze
f767085ea67b3c43b74192def3722654,60.07,1,60.07,5.0,7.0,0,0,bronze
f76b3c1ea5fb8adb4de3f19f7f28f29f,21.15,1,21.15,2.0,7.0,0,0,bronze
f76d1ae90189eaa814b186cb8e87e335,185.27,1,185.27,3.0,6.0,0,0,silver
f78ebc2888070d168ab8064495acaf6e,120.45,1,120.45,5.0,8.0,0,0,silver
f792e65d3f71892a1d60f6cf17cc58b1,325.38,1,325.38,1.0,23.0,0,0,gold
f793d2815c27a46dafc9c92a1c960103,221.07,1,221.07,5.0,3.0,1,0,silver
f794020f09d4ad9b9c4292da5fa9f722,50.1,1,50.1,3.0,5.0,1,0,bronze
f7a8d2048d960614025bce070ffc91bd,135.17000000000002,1,135.17000000000002,5.0,10.0,1,0,silver
f7b95f61ca9dfda2dacf11c851c751c1,87.64,1,87.64,4.0,7.0,0,0,bronze
f7bab1ae6f557a1cbc7ee8c67124fcd1,133.18,1,133.18,5.0,5.0,0,0,silver
f7bb8c379e57ee370b09e721ddb87396,46.6,1,46.6,4.0,13.0,0,0,bronze
f7c01c092a59528431442b89e2fb6f1d,257.34,1,257.34,5.0,13.0,0,0,silver
f7d3d2b24fee56ba3e280a12122c11ed,84.12,1,84.12,5.0,13.0,0,0,bronze
f7d76bf3850c8a9c36ad957e0e23ecca,464.89,1,464.89,1.0,15.0,0,0,gold
f7e480501b0efba0e54a019ad06b04f8,55.96,1,55.96,5.0,6.0,0,0,bronze
f7e6e941d91a6212b444f3879441e3f5,52.04,1,52.04,5.0,13.0,0,0,bronze
f7f18d14c199a7343fc6d2e6d6c26636,150.45,1,150.45,5.0,18.0,1,0,silver
f7f7327cbfcf3a9248607e516ff7069f,116.94,1,116.94,3.0,20.0,0,0,silver
f80352378d6ff6454ac8cbb9b68ad4a7,195.36,1,195.36,5.0,7.0,0,0,silver
f80c7e4cf2fa8ff3532323f19bf603ba,27.68,1,27.68,1.0,7.0,0,0,bronze
f81bd58e79b9717dc8a5edb0c4f0b502,84.91,1,84.91,5.0,23.0,0,0,bronze
f81cdae246bae1435b5fe3fcc18a7d04,252.69,1,252.69,5.0,16.0,0,0,silver
f82c1244c0c2ab5108d9ded6f48d2995,67.28,1,67.28,5.0,34.0,1,0,bronze
f8308de7370e6293120c537a031f4cff,107.78,1,107.78,5.0,14.0,0,0,silver
f831406dac07ac57b7b3b75076d14d67,37.61,1,37.61,2.0,3.0,0,0,bronze
f8451003016dc60320a73ecfd66d165d,72.66,1,72.66,4.0,17.0,1,0,bronze
f8705608911e57a47eb024eae31f50cc,144.12,1,144.12,1.0,42.0,0,0,silver
f8807399e3dcf4f2e591d82e30dcd7af,249.29,1,249.29,5.0,15.0,0,0,silver
f8831870442713a36d0fb86ee778feef,114.62,1,114.62,4.0,6.0,0,0,silver
f8878ca91e9439688f88fff690d8717b,227.1,1,227.1,1.0,28.0,1,0,silver
f889db6fc6944e1855d143f79c4c8844,81.78,1,81.78,5.0,14.0,1,0,bronze
f8ac33a389db55f4e3ef433b5367aaf8,61.88,1,61.88,5.0,11.0,1,0,bronze
f8b014bf9ac0ee915a9d863256632c18,38.22,1,38.22,4.0,9.0,0,0,bronze
f8b3216eb0a8679a6f4c4ac33cc896d3,40.09,1,40.09,5.0,10.0,1,0,bronze
f8b64b7a8f8a737674be2f0f73467d7c,217.72,1,217.72,4.0,7.0,0,0,silver
f8bc1d81f395f6239a2a5ab1b9edf1ab,155.14,1,155.14,5.0,12.0,1,0,silver
f8c5ca03240cac0672f65c900f88196f,68.05,1,68.05,5.0,3.0,1,0,bronze
f8cf243eb77dc2421efaa2bc1a0346bf,57.65,1,57.65,5.0,7.0,1,0,bronze
f8d8ebd46a0dc18752873a5bc0451340,64.1,1,64.1,5.0,8.0,1,0,bronze
f8daef44c2589a488bfed29f1be8396a,202.53,1,202.53,5.0,4.0,0,0,silver
f8f3ecaf1bfba1d0c6b2152653235d91,718.89,1,718.89,5.0,7.0,1,0,gold
f90464a575ad5f7e13368ba1347e384c,124.18,1,124.18,4.0,9.0,0,0,silver
f909ff8bdc31cc6f111ff5c05efb81fa,117.99,1,117.99,5.0,13.0,1,0,silver
f91713ff732f4dde0e04acada658bfd4,254.45,1,254.45,5.0,5.0,0,0,silver
f921e72a51e1504d539c7dedad1ebb9e,60.75,1,60.75,5.0,9.0,1,0,bronze
f923e199120435fc709f1b21fc44e483,53.33,1,53.33,5.0,21.0,0,0,bronze
f925f3746464a73faab32897add08413,155.73,1,155.73,5.0,14.0,0,0,silver
f92d1f42fd3c159957eb5044eb4b9659,65.0,1,65.0,5.0,12.0,1,0,bronze
f9485fa5e9d3f9e2260c90df2eceb058,294.33,1,294.33,,,1,0,silver
f94c00f0411b6a3e6cbde94b120fb786,1537.04,1,1537.04,1.0,48.0,1,0,platinum
f96464832b8cf295888b6035b62c6fd4,144.54,1,144.54,5.0,24.0,0,0,silver
f96903a2c83e6f2cf099643977f61ed2,219.44,1,219.44,,7.0,1,0,silver
f96fb3a4a96c2252110e0dd0240af56f,116.94,1,116.94,3.0,26.0,1,0,silver
f984282dbc5ed83718ccdb6bebcb14bc,353.31,1,353.31,5.0,3.0,1,0,gold
f98a54095b1171a5af8b49c5de6c0538,103.11,1,103.11,5.0,8.0,1,0,silver
f997fecd6a03ab8b64f9016449ebfe35,25.5,1,25.5,5.0,14.0,1,0,bronze
f99c15d0b1d03528f82deb9e8e6c6d9f,48.48,1,48.48,4.0,10.0,1,0,bronze
f99fa0c7b369bde9c53edc9e6f6c4a58,42.33,1,42.33,5.0,19.0,0,0,bronze
f9ac9d674ba2b542a6b9491820388c7a,189.66,1,189.66,1.0,5.0,1,0,silver
f9acb1bb93748b26de86d3ea0240e2c2,162.62,1,162.62,1.0,15.0,1,0,silver
f9ae928da15e82a3fc6f97b3751ebea2,1140.82,1,1140.82,5.0,16.0,1,0,platinum
f9b3be78bbe16e73ad93e59f53e5569d,234.46,1,234.46,5.0,7.0,1,0,silver
f9b4169bdab0293468c4313e339d42fd,146.9,1,146.9,4.0,6.0,1,0,silver
f9b5d3c8bd2dc9c26ff00bde73171554,128.29,1,128.29,5.0,14.0,1,0,silver
f9b89cfe153ff980aa3d8dc18b380888,195.0,1,195.0,2.0,20.0,1,0,silver
f9b940ca7fbeae8bc4466ce7c659ae93,57.51,1,57.51,5.0,6.0,0,0,bronze
f9d3fcf05ea9436ffe8f80386eac7bf4,50.32,1,50.32,4.0,9.0,1,0,bronze
f9e4d91d3351fc9c75a1a17ff502442d,202.72,1,202.72,4.0,11.0,1,0,silver
f9e8fc5cd9cda3d485692b6dd3fa662c,104.56,1,104.56,5.0,10.0,0,0,silver
fa017439ce3a219e4d42d1aca4938a02,241.32,1,241.32,4.0,7.0,1,0,silver
fa1d2b263e93bd4561c0be5be2123628,65.01,1,65.01,,32.0,1,0,bronze
fa1dd6178e738a81cffa3efea1cfe827,111.78,1,111.78,5.0,4.0,1,0,silver
fa20a344d2bf1c88c1c84d1f8c91f5b2,828.32,1,828.32,5.0,10.0,0,0,gold
fa21132f1239479db4816f53feb7221c,398.85,1,398.85,5.0,17.0,1,0,gold
fa2dbeb44a8f201154251721760c37d1,100.7,1,100.7,3.0,7.0,1,0,silver
fa30145b07cad8e972bea351a65216f4,173.6,1,173.6,4.0,9.0,0,0,silver
fa3c137688cc2af4da09367d90fdc788,50.63,1,50.63,5.0,14.0,1,0,bronze
fa3d003e658cd1bc7b391ec1e602c76c,96.47,1,96.47,4.0,18.0,0,0,bronze
fa5a0ca5704974491058939c625caf2d,55.22,1,55.22,5.0,10.0,0,0,bronze
fa66f98a662e32060b9fe20739150a53,333.51,1,333.51,5.0,8.0,1,0,gold
fa7e6f153b7724fda5c1d7cc7b9ae4ec,256.33,1,256.33,3.0,7.0,1,0,silver
fa80c2b23f24f7c047e1fe10c7429ffc,72.75,1,72.75,4.0,15.0,0,0,bronze
fa85ae3dc73255346ac079efddf056da,48.59,1,48.59,1.0,6.0,0,0,bronze
fa8928a7d6deb44eeefc718f4f68ed13,74.39,1,74.39,5.0,8.0,0,0,bronze
fa8c9fc9c608246c4caf82c44e5b570f,66.6,1,66.6,5.0,13.0,1,0,bronze
fa8d70c99f02e48610559ec7b8ccc8ad,318.44,1,318.44,5.0,13.0,1,0,gold
fa8e13c098119467f86bf2d108eaeadd,105.99,1,105.99,4.0,9.0,0,0,silver
fa91f87f2925e5b688c016eb481a6816,148.15,1,148.15,3.0,9.0,0,0,silver
fa9303ece2a915a96dc99ddd16da25b3,278.11,1,278.11,5.0,16.0,0,0,silver
fa99df1c130d029b5cb2077284790259,44.0,1,44.0,5.0,9.0,0,0,bronze
fa9b32b63c7dc7157575ce3966c02077,83.45,1,83.45,4.0,9.0,0,0,bronze
fa9e3c9b8708fc9fbfa29b7fe34b6693,278.66,1,278.66,5.0,15.0,1,0,silver
faa974309c7940a1af06759bf618fdae,235.69,1,235.69,5.0,7.0,1,0,silver
faab96fcbb1e27ca16d2ea3f2bb7fd17,179.10000000000002,1,179.10000000000002,5.0,8.0,0,0,silver
fab027a1984a0733038af650d749ac7a,71.92,1,71.92,5.0,8.0,0,0,bronze
fab210aeb81cf078319e0c5404e47bad,227.76,1,227.76,1.0,41.0,1,0,silver
fabaf497dc9e26b0e6e1d37806619967,77.11,1,77.11,4.0,10.0,0,0,bronze
fac9eb2c3c550f64f779646726710b59,1668.74,1,1668.74,1.0,34.0,1,0,platinum
facdaacbcd099d5aea3c066c5be1ea45,328.08,1,328.08,5.0,3.0,1,0,gold
fad38f61bf94f5c7e3509e5fc4c7eb6d,156.33,1,156.33,4.0,17.0,1,0,silver
faddcaf6ef7befeb1058ff5ec1792781,111.92,1,111.92,4.0,6.0,1,0,silver
fae0d2da216f5c93d4a04188cac2c52a,77.57,1,77.57,4.0,14.0,0,0,bronze
fae50349197fd922f4487e4000e2112c,110.19,1,110.19,4.0,11.0,1,0,silver
fae9bd6c8ac1681e211b1fce5c4814af,265.53,1,265.53,5.0,7.0,0,0,silver
faebd6e1e9e861b140588f5e459536de,129.55,1,129.55,1.0,11.0,0,0,silver
faf2a3b90af9ad490765850cd0d23880,94.4,1,94.4,,14.0,0,0,bronze
fb0189729bb98a5723c53f0aa3381776,126.44,1,126.44,4.0,6.0,0,0,silver
fb04537252647002e3fc677c818812b1,156.44,1,156.44,4.0,12.0,1,0,silver
fb05684961656c39c375d6ad8608d579,31.11,1,31.11,5.0,13.0,0,0,bronze
fb14459f7393f821170896328c3ea8e7,89.17,1,89.17,5.0,9.0,0,0,bronze
fb22cab15a8656528c3d36648860c9bc,395.79,1,395.79,4.0,29.0,0,0,gold
fb29bea9ba7071dbb9e8fafff5fa309c,63.1,1,63.1,5.0,9.0,1,0,bronze
fb2c87317100176d178dab0e068e8f80,152.58,1,152.58,5.0,2.0,0,0,silver
fb30c4dba395166ab33e360d9e275bfb,82.22,1,82.22,5.0,10.0,0,0,bronze
fb3520ada3c1bbc8b1b978ab735370aa,214.05,1,214.05,5.0,27.0,1,0,silver
fb3c2b037eb60ad2234266e7ba955715,69.85,1,69.85,3.0,12.0,1,0,bronze
fb46e0991d6b6e59664042808e5b59d9,152.91,1,152.91,3.0,7.0,1,0,silver
fb47af94dca74bfde6b272ce67373015,52.47,1,52.47,5.0,5.0,0,0,bronze
fb50cc72395bbea99b8d7ddd0d6f2035,82.52,1,82.52,5.0,19.0,1,0,bronze
fb512346f037df411e4a62c3181f5aaf,45.9,1,45.9,5.0,5.0,1,0,bronze
fb52b741585dcc9d87d214d5e0d4045d,68.04,1,68.04,5.0,23.0,1,0,bronze
fb5e89c121d9569d1a58e0afb54da971,38.09,1,38.09,3.0,9.0,1,0,bronze
fb6ec8f4bc26e87e5f9addb7eba4cda8,68.12,1,68.12,5.0,6.0,0,0,bronze
fb6f9af66cfaf3d4bde172deb0e927eb,81.6,1,81.6,1.0,44.0,1,0,bronze
fb8bc250f9f12a9121282d4b0d59485b,106.85,1,106.85,5.0,24.0,1,0,silver
fb920961e4d8e55fd9c357976a611765,30.69,1,30.69,5.0,8.0,0,0,bronze
fb96aa7fcec2e307d3d4788eb79e687d,233.93,1,233.93,5.0,24.0,1,0,silver
fb99cfd55992fdd347a3481dfb26c4fa,647.54,1,647.54,5.0,8.0,0,0,gold
fba22f548197870cfac0da967919f8be,134.43,1,134.43,4.0,7.0,1,0,silver
fba5d1d0f1fe26bdc35ef9b048e341c8,558.68,1,558.68,4.0,6.0,1,0,gold
fba9dad1013693b7d732f8f8c838d763,67.12,1,67.12,5.0,7.0,1,0,bronze
fbab43d9deb62df26f3b5b52f5abf48a,30.0,1,30.0,4.0,10.0,0,0,bronze
fbad078fcfca26a3127967e603b94bfe,85.81,1,85.81,5.0,2.0,0,0,bronze
fbb5d435ef9a71b9fd372330ff5b46ed,89.36,1,89.36,4.0,2.0,1,0,bronze
fbba76465bd26dd27b80f546d7d4c561,87.8,1,87.8,,41.0,0,0,bronze
fbbe4bf6e345dee467d3b36a89f04cfc,234.47,1,234.47,5.0,5.0,1,0,silver
fbc2149faf1f9831344c2ed817b8725c,41.75,1,41.75,5.0,7.0,0,0,bronze
fbc6c89a052e6169d0a05874de95044a,816.16,1,816.16,5.0,4.0,1,0,gold
fbc6de82dbc3e5f02f4a62e0aecb4b7e,239.6,1,239.6,5.0,15.0,1,0,silver
fbc767f7d120296a000f4aec92ce717a,186.84,1,186.84,5.0,9.0,0,0,silver
fbcdde84f6cb37199464d41c8fc0a63f,105.28,1,105.28,5.0,8.0,1,0,silver
fbd8a924ad0f017181cd830612ee6ca8,100.5,1,100.5,1.0,6.0,1,0,silver
fbd9ff8bb30d8d02120784083b181d22,31.77,1,31.77,5.0,4.0,1,0,bronze
fbdb73892c8e05fb7be60b5eedaea946,172.92000000000002,1,172.92000000000002,5.0,2.0,1,0,silver
fbedba1e3c0af3b2c628927cfe4fbd0b,96.49,1,96.49,1.0,,1,0,bronze
fbf209b35bd3488bee6a7131a50daf2d,15.78,1,15.78,5.0,5.0,0,0,bronze
fbfae44db79c8e6295b24ffa67ebb39a,159.21,1,159.21,5.0,14.0,1,0,silver
fbfaeb85488910a3e86a866dc1ce6552,161.97,1,161.97,3.0,2.0,1,0,silver
fbfcbb9969287114a9a4757e78f6f807,37.88,1,37.88,4.0,4.0,1,0,bronze
fbfdc06fca767d4802be65bd37da8862,260.99,1,260.99,5.0,6.0,0,0,silver
fc00da40808e113053d8a26c3e854ccf,25.1,1,25.1,5.0,3.0,0,0,bronze
fc0a9229ea43fea6c9f9d79c06761a1e,125.43,1,125.43,,,1,0,silver
fc0aab61ef4538d51cefcfb054fe809c,1298.1,1,1298.1,5.0,9.0,1,0,platinum
fc139ea2af6753a0aa1e8af9eea35c8b,74.01,1,74.01,4.0,13.0,1,0,bronze
fc13e33242b4f5a32f001a9d5873b880,30.95,1,30.95,4.0,6.0,0,0,bronze
fc1bc473b3506bf107744bfdba070cb2,31.0,1,31.0,4.0,7.0,1,0,bronze
fc1dfd68f0a1dc5fe990ddd27bf197d2,200.61,1,200.61,5.0,16.0,0,0,silver
fc2261ae2c583aa2e68241456a6467c8,220.82,1,220.82,1.0,9.0,1,0,silver
fc292c53aae1ed69f37070458405686f,74.57,1,74.57,5.0,10.0,0,0,bronze
fc44fbafeb777f4758880f91e2a33fe2,23.72,1,23.72,1.0,,0,0,bronze
fc4fcc305b7eb5bf85e06e1945587639,626.48,1,626.48,4.0,14.0,1,0,gold
fc57072a08faf9d7cd75160633f48027,59.78,1,59.78,5.0,12.0,1,0,bronze
fc57c67b40be8cafee83b482391654cb,148.2,1,148.2,5.0,16.0,0,0,silver
fc5a7cde611080e073295d381604ed02,256.35,1,256.35,5.0,17.0,0,0,silver
fc5bb01ca8c286960484914ced6e7616,162.96,1,162.96,5.0,9.0,1,0,silver
fc816e4ab40ab193e1bdb0d79968b024,64.09,1,64.09,5.0,11.0,1,0,bronze
fc8202798793a1c0c3207dba02b05def,370.85,1,370.85,5.0,11.0,1,0,gold
fc8dc6d77c65df005e0e44bd7e1f5d36,598.95,1,598.95,5.0,19.0,1,0,gold
fc915e2d48727afd71b2e31dc2cb7147,102.14,1,102.14,1.0,10.0,0,0,silver
fc93dee290f23c8b5ab5c2923c66b8cf,112.62,1,112.62,5.0,11.0,0,0,silver
fc96a863b5d40643f2aa38e974778ae9,268.31,1,268.31,5.0,7.0,1,0,silver
fcaba43cfd594b9a6e1389bcbd33d5bd,67.5,1,67.5,5.0,27.0,1,0,bronze
fcaf9abda28085889679a9b18f900ab1,100.17,1,100.17,5.0,3.0,1,0,silver
fcb030a53d324f1642eeed9a05c75d7d,114.86,1,114.86,5.0,12.0,0,0,silver
fcb28b060a641bcee2ebb44f1041ad46,36.15,1,36.15,1.0,8.0,0,0,bronze
fcb69b41524cb045cc6962a343bce5dd,212.32,1,212.32,4.0,12.0,0,0,silver
fcb8b95b64932fc27a1a9189fe6ef713,110.6,1,110.6,1.0,13.0,1,0,silver
fcc4973926b235f6a75aa30b0c73ee3d,22.68,1,22.68,5.0,9.0,0,0,bronze
fcd78ca51b14e3f4b30da31005b2d731,77.79,1,77.79,5.0,9.0,0,0,bronze
fcda364be74555da695b4afe5166c2b1,146.5,1,146.5,4.0,9.0,0,0,silver
fce63a67be81b4b39410984cf874eb29,155.07,1,155.07,4.0,3.0,1,0,silver
fcecfb187df6e865659cfdc0620b06af,192.98,1,192.98,3.0,4.0,1,0,silver
fcee584a163c5f5db84b01f93d27c038,465.18,1,465.18,1.0,,0,0,gold
fcfa6e2c4c9029579752f9b10fd1ef97,27.39,1,27.39,5.0,5.0,0,0,bronze
fd0973921b50c01984ebf2202e21b942,19.33,1,19.33,5.0,4.0,0,0,bronze
fd1909e6c597bb4feabd8d74fa6ea466,59.83,1,59.83,5.0,12.0,0,0,bronze
fd19870765bff85d0c1e1f6819f16989,77.57,1,77.57,4.0,20.0,0,0,bronze
fd24856754e51f50470e7ced0c26f7e5,370.33,1,370.33,5.0,7.0,1,0,gold
fd36ac23e56e7a39e4ea618405fb99b3,597.14,1,597.14,4.0,15.0,1,0,gold
fd38cb13bd47434868924adcafd58236,180.61,1,180.61,4.0,12.0,0,0,silver
fd49976b214f42a1009262689c3f5d5f,83.23,1,83.23,5.0,14.0,1,0,bronze
fd4fbaea0fdd24464c6e1738ce21a5ea,77.57,1,77.57,5.0,28.0,1,0,bronze
fd511ab49ee6756524a20d0db52c5b98,33.34,1,33.34,4.0,5.0,0,0,bronze
fd5163a01357fed89a029737641f90db,36.75,1,36.75,5.0,5.0,0,0,bronze
fd5233d2c8437ce53379939fa12ad908,217.92,1,217.92,1.0,44.0,1,0,silver
fd529f754085722c53de23e72091b944,45.09,1,45.09,5.0,9.0,1,0,bronze
fd59b2040862a3c5f0956eeb1193f239,83.0,1,83.0,5.0,9.0,0,0,bronze
fd76021959007085e66d1e952df81658,274.69,1,274.69,5.0,11.0,1,0,silver
fd79dcb667c1ae7830d9a315d64e3b32,91.69,1,91.69,3.0,4.0,1,0,bronze
fd7db41342c8a939b94a2e924993f84b,111.02,1,111.02,5.0,12.0,0,0,silver
fd7e7e4d74e83f8cdb71feaeb0ab7856,133.34,1,133.34,5.0,6.0,0,0,silver
fd830733819b7ee86c81418f557c1031,101.75,1,101.75,5.0,5.0,1,0,silver
fd97b080540cc0880bae9f65b8f0e1c8,135.15,1,135.15,5.0,5.0,1,0,silver
fd9d6e91a2508becbb85ba7e87addcc8,39.03,1,39.03,5.0,14.0,0,0,bronze
fdaa79b9ae7e3cccf3ad02f2c5be4f8f,379.2,1,379.2,5.0,21.0,0,0,gold
fdb5e6d14339f592d2a52a7cbcf34dd7,131.78,1,131.78,5.0,15.0,0,0,silver
fdb9d8b9bd90631303587a1f43a631a8,37.61,1,37.61,5.0,9.0,0,0,bronze
fdc38cd0c5fd002c09270e8dabc475de,77.47,1,77.47,5.0,12.0,0,0,bronze
fdc6c69811ca8a2397ea40c0d08913eb,173.53,1,173.53,4.0,20.0,1,0,silver
fdca4eb2884e53458d2122d312141e9b,41.84,1,41.84,5.0,6.0,1,0,bronze
fdcc768de441d0c0bb9808e62faa4fe3,35.84,1,35.84,2.0,4.0,0,0,bronze
fde381fe79993303957d1fcf9cd6bf4a,111.42,2,55.71,5.0,4.0,0,1,silver
fdf44162f93c0c3ff3684a317b3d7bfc,341.68,1,341.68,5.0,6.0,1,0,gold
fdff48999033a0be912926b6a4232680,158.07,1,158.07,5.0,15.0,1,0,silver
fe0629db392c940ec6fd9935ae224071,188.89,1,188.89,5.0,15.0,1,0,silver
fe0de34bc88412db66c817bd3e3c8d60,27.84,1,27.84,5.0,1.0,1,0,bronze
fe14ddee564cae8a9d43ede66d5e0b4a,314.41,1,314.41,4.0,5.0,1,0,gold
fe1a0586d9ca0876528af23f3219ce3b,152.64,1,152.64,5.0,23.0,1,0,silver
fe21ddc4cb6893d6c411860e84afc2cc,245.77,1,245.77,1.0,12.0,1,0,silver
fe220ee07525dc1f9c8ea2b62d8cbb69,37.9,1,37.9,5.0,17.0,0,0,bronze
fe253e9ecb2bc4496544e4fdf1bf4c56,93.53,1,93.53,5.0,4.0,1,0,bronze
fe25d225d2494b252321b09821ebdbdf,126.33,1,126.33,3.0,11.0,0,0,silver
fe28d443ab89dc67f5858bc2beda299a,322.49,2,161.245,3.0,16.0,2,1,gold
fe2b2f70f3dc31c23319ae1029eac77f,1048.31,1,1048.31,3.0,11.0,1,0,platinum
fe32b263712f983b0e1604d04b9960a5,128.26999999999998,1,128.26999999999998,5.0,7.0,0,0,silver
fe3a33b7358670c417e6fcc2718b6109,87.64,1,87.64,5.0,10.0,1,0,bronze
fe42ed05d5b7cd7ac5ce5965dff2f15e,80.03,1,80.03,4.0,4.0,0,0,bronze
fe43684c93772b6d8b8c68fb6343a676,338.84,1,338.84,4.0,11.0,1,0,gold
fe4694b53dbfb6749ce5b8e16e59e96b,205.81,1,205.81,5.0,14.0,1,0,silver
fe65c76fc3eb742328d1401c521c95b4,89.88,1,89.88,5.0,6.0,1,0,bronze
fe698f543a90dd31d997b24dec8c20db,124.52,1,124.52,5.0,13.0,1,0,silver
fe6ceb39e4c3d9cff52e95de1eb671ad,79.19,1,79.19,3.0,12.0,1,0,bronze
fe702f5f24b432afd18e24f53feb9bbe,403.81,1,403.81,1.0,35.0,1,0,gold
fe713394dfe3e40c4e5a6fc3ed017080,61.05,1,61.05,3.0,8.0,1,0,bronze
fe723a20cfca7bef0e6b4e7f2fe1c802,113.15,1,113.15,5.0,9.0,0,0,silver
fe77f5e3afcdf669f0533d19c58c9cfb,101.68,1,101.68,5.0,3.0,0,0,silver
fe7d9f762e10ad2a548a6484f8b5c3ac,215.27,1,215.27,5.0,11.0,1,0,silver
fe82528d6510186bf8d749b86125ddf9,162.13,1,162.13,3.0,24.0,1,0,silver
fe86ce129cfeddc53998ddc884d92a46,113.67,1,113.67,5.0,7.0,1,0,silver
fe86d9409d83a3c561ce16e64d2d55e6,217.09,1,217.09,1.0,3.0,1,0,silver
fe966894d60cac0ffa8b1c94e0a7294a,44.83,1,44.83,5.0,20.0,1,0,bronze
fe97a20a987dd0adc99328b52be73c4c,22.86,1,22.86,5.0,10.0,0,0,bronze
fea0f9a9583bcc0173a04d95d7939974,72.93,1,72.93,5.0,15.0,0,0,bronze
feae7ffdb1899fb29dc34b1ff3f9b5b5,161.77,1,161.77,5.0,11.0,0,0,silver
fec2799cc970aa5a34cddd8c0e09840b,81.01,1,81.01,4.0,1.0,1,0,bronze
fec36733d170d71e390acde47d74c6d6,50.64,1,50.64,2.0,,1,0,bronze
fec4c22f245bec950cb2da65fcd20fec,275.67,1,275.67,5.0,5.0,1,0,silver
fed01fad02b97070ecaae8e5ef4eba49,74.16,1,74.16,5.0,16.0,1,0,bronze
fed519569d16e690df6f89cb99d4e682,110.26,1,110.26,5.0,30.0,1,0,silver
fedec1d849bb1610d1af0bc083437f63,63.53,1,63.53,5.0,18.0,1,0,bronze
fee39f26bcbe8778bade5790471c4cf6,82.33,1,82.33,5.0,4.0,0,0,bronze
fee61e0580d8e989c9e0dbf0f7ffca23,109.16,1,109.16,5.0,12.0,0,0,silver
feeb3c8abc9b9f2566108e37cf124b3c,71.34,1,71.34,4.0,22.0,1,0,bronze
ff025bb85f423ca23e48d109e5bb9c30,137.27,1,137.27,5.0,6.0,0,0,silver
ff04f49cba34f90ad06d1f7b81afd5d8,108.29,1,108.29,1.0,7.0,0,0,silver
ff0ea66f052f8bbac671885af123b94c,39.6,1,39.6,5.0,19.0,1,0,bronze
ff136252a2fd806ce234d85a09afbaef,191.17,1,191.17,1.0,7.0,1,0,silver
ff1a8a9c9f33c1b295bac1eb7e11ab99,107.46,1,107.46,3.0,13.0,1,0,silver
ff1e14670fe58a60d27e35069844b3d8,179.38,1,179.38,5.0,5.0,0,0,silver
ff28720521c749234b1ba19c9c986f4c,192.96,1,192.96,1.0,,1,0,silver
ff2879fe71a6d417933aa4ecc6ea8754,172.81,1,172.81,5.0,25.0,0,0,silver
ff2cfbe44d7249b98eed0e860fe3e53c,486.02,1,486.02,5.0,4.0,1,0,gold
ff4050535c1351cd0b834ccf1c9d07f1,33.1,1,33.1,5.0,6.0,0,0,bronze
ff423b634e7bbec16b9f1466f126eb18,180.25,1,180.25,1.0,15.0,1,0,silver
ff4336dff882bdd40446c12e7ae9bb0c,57.53,1,57.53,5.0,15.0,0,0,bronze
ff44fb015977d6c3401404fd5c8f46ce,77.09,1,77.09,4.0,9.0,0,0,bronze
ff4eb040f4a33261046b74b9a1d4ab65,164.91,1,164.91,1.0,9.0,1,0,silver
ff5017601705e932d5545e0eb337cd0b,158.2,1,158.2,4.0,4.0,0,0,silver
ff54194b7b7f32a428aff086b73bdf94,722.21,1,722.21,5.0,17.0,1,0,gold
ff57311a2fb5f9aa3477cc13c1c62a50,42.64,1,42.64,4.0,13.0,0,0,bronze
ff5f6731168d5441f57407f27b1e154d,504.35,1,504.35,1.0,37.0,1,0,gold
ff62140413ed2eb86784fb43d2003e48,67.24,1,67.24,5.0,6.0,0,0,bronze
ff670905acf82a00cb1d2a4a3019543f,74.03,1,74.03,1.0,5.0,1,0,bronze
ff68ad2883e793597f1c343dd6505f5d,534.98,1,534.98,5.0,32.0,1,0,gold
ff6c9c45f6cee4ec0785650b18322d73,1568.72,1,1568.72,5.0,5.0,1,0,platinum
ff7e49d913881979010e9fe116863ef6,188.86,1,188.86,1.0,14.0,0,0,silver
ff84121140b5715061b4999e72b50710,70.14,1,70.14,5.0,9.0,0,0,bronze
ff9c030fb4209fbf442ae1368a6b376a,170.41,1,170.41,5.0,19.0,1,0,silver
ff9e11d25bd3a13105fbf416eee813c5,171.85,1,171.85,5.0,14.0,1,0,silver
ffb572185af25751289ac38f38c7e2f9,129.87,1,129.87,5.0,8.0,0,0,silver
ffb97d5c003c8ac5f9e57ca0f0846f45,85.63,1,85.63,4.0,25.0,0,0,bronze
ffbbb45b560b9ff08bdde6786987c796,188.12,1,188.12,1.0,41.0,1,0,silver
ffc04aafbf624bd130516cc1d195626a,17.78,1,17.78,5.0,3.0,0,0,bronze
ffd4cecb7511e2c62b91b165773dc890,37.77,1,37.77,5.0,5.0,0,0,bronze
ffdf72e25c6f0503bb567d0a8cf1c159,170.37,1,170.37,5.0,11.0,1,0,silver
ffe780a8995715d9560ca10f3351710f,142.5,1,142.5,5.0,14.0,0,0,silver
ffe8f2fc0cee48f79934bd2c506fafc0,111.42,1,111.42,3.0,15.0,0,0,silver
ffe9be10b9a58c5464d833e8b1b2c632,155.73,1,155.73,5.0,17.0,1,0,silver
ffef0ffa736c7b3d9af741611089729b,139.07,1,139.07,5.0,8.0,0,0,silver
fffa431dd3fcdefea4b1777d114144f2,81.2,1,81.2,5.0,10.0,0,0,bronze
