product_id,product_items_sold,product_total_revenue,product_avg_price,product_category
389d119b48cf3043d311335e499d9c6b,56,4042.62,55.12660714285715,garden_tools
aca2eb7d00ea1a7b8ebd4e68314663af,52,4380.360000000001,71.45384615384616,furniture_decor
99a4788cb24856965c36a24e339b6058,50,5229.1,88.80380000000001,bed_bath_table
422879e10f46682990de24d770e7f83d,50,3538.06,53.880599999999994,garden_tools
368c6c730842d78016ad823897a372db,42,3062.75,54.62619047619048,garden_tools
d1c427060a0f73f6b889a5c7c61f2ac4,42,7348.95,136.7345238095238,computers_accessories
a62e25e09e05e6faf31d90c6ec1aa3d1,41,4990.91,106.82926829268293,watches_gifts
53b36df67ebb7c41585e8d54d6772e08,40,5213.17,120.87425,watches_gifts
53759a2ecddad2bb87a079a1f1519f73,39,2896.0099999999998,54.42307692307692,garden_tools
7c1bd920dbdf22470b68bde975dd3ccf,30,2262.49,60.42333333333333,health_beauty
154e7e31ebfa092203795c972e5804a6,27,955.92,22.360370370370365,health_beauty
a92930c327948861c015c919a0bcb4a8,23,2191.45,78.0,watches_gifts
2b4609f8948be18874494203496bc318,23,2409.01,88.25086956521739,health_beauty
b532349fe46b38fbc7bb3914c1bdae07,21,1058.6,35.97857142857143,furniture_decor
3dd2a17168ec895c781a9191c1e95ad7,20,3593.05,150.4,computers_accessories
bb50f2e236e5eea0100680137654686c,20,6932.0199999999995,327.25,health_beauty
b0961721fd839e9982420e807758a2a6,20,1535.21,58.4,garden_tools
c6dd917a0be2a704582055949915ab32,18,2051.5,96.09055555555555,cool_stuff
42a2c92a0979a949ca4ea89ec5c7b934,18,1406.28,59.48888888888889,housewares
e0cf79767c5b016251fe139915c59a26,18,733.91,29.899999999999995,health_beauty
5a848e4ab52fd5445cdc07aab1c40e48,18,2489.49,122.98999999999998,unknown
656e0eca68dcecf6a31b8ececfabe3e8,18,1853.91,86.06,computers_accessories
4c2394abfbac7ff59ec7a420918562fa,17,1694.5,84.99,health_beauty
35afc973633aaeb6b877ff57b2793310,17,1743.57,87.08235294117648,home_confort
e0d64dcfaa3b6db5c54ca298ae101d05,17,3128.95,166.60882352941175,watches_gifts
e53e557d5a159f5aa2c5e995dfdf244b,17,1717.32,86.30235294117648,computers_accessories
19c91ef95d509ea33eda93495c4d3481,17,2664.46,122.28411764705882,health_beauty
165f86fe8b799a708a20ee4ba125c289,16,2992.43,164.0525,cool_stuff
9ecadb84c81da840dbf3564378b586e9,16,826.44,36.87375,furniture_decor
962a6951154f98f2c8e9a5b8b2bcf4a9,15,1490.46,75.0,furniture_decor
a6ad77b15e566298a4e8ee2011ab1255,15,694.0600000000001,29.240000000000002,furniture_decor
2a2d22ae30e026f1893083c8405ca522,15,2484.53,141.97333333333333,bed_bath_table
f1c7f353075ce59d8a6f3cf58f419c9c,15,3296.77,199.2,bed_bath_table
c4baedd846ed09b85f78a781b522f126,15,2246.72,107.06133333333334,garden_tools
6cdd53843498f92890544667809f1595,14,5310.43,348.2785714285714,health_beauty
437c05a395e9e47f9762e677a7068ce7,14,864.98,49.51714285714286,health_beauty
461f43be3bdf8844e65b62d9ac2c7a5a,13,1983.39,137.9146153846154,watches_gifts
84f456958365164420cfc80fbe4c7fab,13,1444.91,93.28461538461539,bed_bath_table
bee2e070c39f3dd2f6883a17a5f0da45,13,2382.89,170.76923076923077,computers_accessories
7fb04722aba7a2b632bac8f9819796f3,13,1265.96,78.53076923076922,health_beauty
3fbc0ef745950c7932d5f2a446189725,13,1159.1,65.60538461538461,health_beauty
06edb72f1e0c64b14c5b79353f7abea3,13,718.61,40.356153846153845,bed_bath_table
08574b074924071f4e201e151b152b4e,13,1762.8,93.6846153846154,garden_tools
0bcc3eeca39e1064258aa1e932269894,13,913.95,51.84615384615385,garden_tools
ee0c1cf2fbeae95205b4aa506f1469f0,12,762.65,50.24,perfumery
ab1f9387c0627dd24000bfbc54fdeee0,12,297.32,12.887500000000001,electronics
8c591ab0ca519558779df02023177f44,12,1730.37,109.16166666666668,garden_tools
d285360f29ac7fd97640bf0baef03de0,12,3507.9,275.12,watches_gifts
89321f94e35fc6d7903d36f74e351d40,12,470.85,28.074166666666667,food
c6336fa91fbd87c359e44f5dca5a90ed,12,688.72,44.49166666666667,sports_leisure
8b50a72d52d7a91fb19d19fbe069e2f2,12,726.94,46.656666666666666,housewares
d017a2151d543a9885604dc62a3d9dcc,12,717.77,49.0,fashion_bags_accessories
d2085f7e0f9533605386960fc7e987ec,11,329.64,13.30818181818182,garden_tools
a19b6951c75da43aad691622dd2f6abe,11,581.88,36.23636363636364,furniture_decor
0aabfb375647d9738ad0f7b4ea3653b1,11,467.89,26.49090909090909,consoles_games
d493f5a208254fe85b3ab55d898461a1,11,322.36,20.035454545454545,food
777d2e438a1b645f3aec9bd57e92672c,11,944.62,69.9,bed_bath_table
dbb67791e405873b259e4656bf971246,11,1003.89,81.24818181818182,computers_accessories
2136c70bbe723d338fab53da3c03e6dc,11,470.64,29.0,watches_gifts
7a10781637204d8d10485c71a6108a2e,11,2717.95,227.66363636363639,watches_gifts
a59fb60fddcc72a9878b7ed5cb69d8e4,10,273.78000000000003,15.9,audio
270516a3f41dc035aa87d220228f844c,10,90.9,1.2,health_beauty
8c292ca193d326152e335d77176746f0,10,1668.5,151.5,health_beauty
ec2d43cc59763ec91694573b31f1c29a,10,617.96,45.86,bed_bath_table
d04857e7b4b708ee8b8b9921163edba3,10,913.99,74.49,computers_accessories
cac9e5692471a0700418aa3400b9b2b1,10,1284.75,114.29099999999998,baby
363218ba55c610b750224f90bdd34be1,10,979.3,82.294,bed_bath_table
3354a4e684f5e7199f9407db70ccd92b,10,1071.17,91.09,cool_stuff
05b515fdc76e888aada3c6d66c201dff,10,90.9,1.2,health_beauty
3f14d740544f37ece8a9e7bc8349797e,10,974.69,84.713,computers_accessories
88dd63919fc9ab693803578a04a20209,10,527.51,35.290000000000006,computers_accessories
880be32f4db1d9f6e2bec38fb6ac23ab,10,580.47,43.945,toys
43423cdffde7fda63d0414ed38c11a73,10,758.8100000000001,62.025999999999996,watches_gifts
ea44caac707f7f1325182a538007f838,10,657.5799999999999,50.8,baby
4fe644d766c7566dbc46fb851363cb3b,10,1219.1000000000001,100.082,art
d581a9097bc2a13adf46bbd864ee0d08,9,663.26,59.0,health_beauty
75d6b6963340c6063f7f4cfcccfe6a30,9,633.58,56.989999999999995,perfumery
0a57f7d2c983bcf8188589a5fea4a8da,9,1148.27,114.04444444444445,watches_gifts
d5991653e037ccb7af6ed7d94246b249,9,1577.3300000000002,138.14,computers_accessories
362b773250263786dd58670d2df42c3b,9,604.8199999999999,53.23333333333333,sports_leisure
6c3effec7c8ddba466d4f03f982c7aa3,9,325.09000000000003,23.72222222222222,consoles_games
5d66715cc928aadd0074f61332698593,9,320.88,19.87222222222222,electronics
601a360bd2a916ecef0e88de72a6531a,9,1335.69,128.8788888888889,cool_stuff
eba7488e1c67729f045ab43fac426f2e,9,2198.06,227.24444444444444,perfumery
617186c3d97ea56c9c683a8a3974e8c1,9,869.77,83.32333333333332,perfumery
b114bf337c0626166abe574eee9e3f32,9,1924.22,164.9488888888889,office_furniture
6f3b5b605d91b7439c5e3f5a8dffeea7,9,1794.9299999999998,180.5111111111111,watches_gifts
d696750e550fd0f733979dd7e5dff921,9,1716.75,171.97444444444443,housewares
29427de7f8a9ee983d9dbc51cec569b4,9,1099.05,99.99,cool_stuff
89b121bee266dcd25688a1ba72eefb61,9,825.0,79.9,computers_accessories
5411e9269501a870cabf632f05655131,9,1187.67,114.55555555555556,stationery
e03102efbc2229024c89be731f0aedcb,9,455.96,35.74444444444444,stationery
7ce94ab189134e2d3c05f496d635419c,9,238.72,13.65,electronics
657247f6f60543b93e3cc708a8e6329c,8,2462.63,248.99,luggage_accessories
a50acd33ba7a8da8e9db65094fa990a4,8,1123.36,117.3,auto
36f60d45225e60c7da4558b070ce4b60,8,833.35,91.57125,computers_accessories
db5efde3ad0cc579b130d71c4b2db522,8,1758.19,201.33625,audio
5115d8cd6438c0c4d8abdf38d5d41ebd,8,635.65,69.0,fashion_bags_accessories
c9c6fde711572c1ad99ca12728c6af00,8,383.61,33.739999999999995,telephony
634256dbcd184b3757ffd7632c9fe52a,8,284.83,24.9,health_beauty
f35927953ed82e19d06ad3aac2f06353,8,1063.65,115.0,books_general_interest
bd6e6fce9ada76ea2db0f1912e8e478f,8,570.14,56.99,bed_bath_table
f40876e0ef3cd5f9132b1f16b04b1346,8,944.57,101.15,health_beauty
4fcb3d9a5f4871e8362dfedbdb02b064,8,1341.01,143.8,auto
7564c1759c04fc0a38f2aa84f7a370ee,8,502.71999999999997,45.595,construction_tools_construction
629e019a6f298a83aeecc7877964f935,8,1046.03,113.275,auto
97017430754804328eb9597b7f85da03,8,372.08000000000004,28.49,telephony
bbaef2eadf31fe3ea6702077398be06c,8,593.13,56.99,perfumery
583f158587cdecda3e8bdea694021e39,8,461.38,45.0,sports_leisure
93c902b021a9e594f658ab1b0351602a,8,917.4,98.65,electronics
ed2067a9c1f79553088a3c67b99a9f97,8,584.64,58.32375,food
4b96786612ebe7463132fce2c4dca136,8,1214.77,123.2875,housewares
e9def91e99c8ecb7c5cef5e31506a056,8,696.02,72.49,toys
c3ba4e8d3cb30049213b682e751e9d00,8,875.46,95.0,watches_gifts
3eef0cb94ba82de806bb30ab743c7655,8,840.2,79.99,office_furniture
dbb4ce89c8ed5fb6fd901e2e51093179,7,712.23,86.39285714285714,housewares
e282624d8c82e04983f125e167eb4521,7,237.25,18.847142857142853,telephony
19421075ae0b585f2dc13ff149e2119d,7,406.23,46.471428571428575,sports_leisure
9545d45c37449ccbc376de3a04c66e71,7,1023.0,128.4714285714286,health_beauty
7814c273ab16783d73a9863ebfa8b141,7,2095.28,238.28571428571428,furniture_decor
f646af315b0f3a597f69213537ca2199,7,488.86999999999995,49.9,furniture_decor
d63c1011f49d98b976c352955b1c4bea,7,460.72,57.13285714285714,health_beauty
3516632e8f52b679ff83d1665ecc990e,7,660.45,75.9,computers_accessories
a02d0123079f4ae96001ba2010d1a2df,7,1916.51,235.0,construction_tools_lights
e4d325bd1eea550509bdbbc5c3301fc1,7,2693.13,359.7857142857143,perfumery
054515fd15bc1a2029f10de97ffa9120,7,413.83,43.0,sports_leisure
0a4093a4af429dc0a9334300e5c13ae5,7,298.18,29.9,health_beauty
d2f5484cbffe4ca766301b21ab9246dd,7,195.53,12.88,computers_accessories
d2bea3c01e172037caa99b2d138f39d0,7,217.93,22.471428571428568,small_appliances
93a12c289ca2b78e7069e469f5053ef2,7,1072.72,137.18571428571428,computers_accessories
25e2023ed83352bde98dc1490d14c3d8,7,924.61,113.99285714285713,toys
595fac2a385ac33a80bd5114aec74eb8,7,983.97,124.62857142857142,perfumery
810cfa5dd36b001cfc186499381f72ab,7,424.55,48.8,furniture_decor
52c80cedd4e90108bf4fa6a206ef6b03,7,1452.8400000000001,176.28428571428572,garden_tools
8844bd4b8ca8f93603694ca2bceb77e9,7,710.18,84.99,health_beauty
c708ba7c6269161f89ce0683cdd7c432,7,415.79,49.0,watches_gifts
f07ef9dd6e2d9a366ff30a25e210be70,7,1081.3400000000001,136.5614285714286,fixed_telephony
aba86c093ccdbac75b09111d57e50004,7,981.9499999999999,121.6,office_furniture
1dec4c88c685d5a07bf01dcb0f8bf9f8,7,4411.43,564.7142857142857,auto
aa280035c50ba62c746480a59045eec4,7,343.21,36.79857142857143,toys
1613b819ab5dae53aead2dbb4ebdb378,7,340.96,28.185714285714283,auto
4298b7e67dc399c200662b569563a2b2,7,1151.58,141.64285714285714,computers_accessories
69455f41626a745aea9ee9164cb9eafd,7,1382.16,178.85714285714286,watches_gifts
acc444eb5ad26f79d5a11baa6a03c439,7,1486.41,137.14285714285714,furniture_decor
44a34214a57dc373dcd80f54c919d006,7,340.86,29.5,sports_leisure
4520766ec412348b8d4caa5e8a18c464,6,310.93,34.82833333333333,auto
1d691d8ace0e9d0e00de0569faf0ae04,6,348.78000000000003,39.9,housewares
a5f6ba3fe91a2e73f10b612131cb2404,6,353.54,45.833333333333336,electronics
ab40c45cb88545d5efa2679b30cec4c3,6,204.24,14.99,drinks
dfb97c88e066dc22165f31648efe1312,6,961.78,139.0,auto
027cdd14a677a5834bc67a9789db5021,6,555.21,76.8,perfumery
2948658cb6abc82847412be7201bfc4c,6,845.15,113.33333333333333,health_beauty
ef66e63137bdd1b2e44aa968646fc1e3,6,294.3,34.665,furniture_decor
a9d9db064d4afd4458eb3e139fe29167,6,142.38,14.49,housewares
550299c725cac9511da2b6f40543270c,6,179.76,7.900000000000001,bed_bath_table
c92f0e7b9d49a9543558d6532772441b,6,1057.15,139.5666666666667,luggage_accessories
500870614ddcf5bd84f7d26861026c8a,6,235.18,19.453333333333333,telephony
f288cae3916218ec01f708d093b29d4f,6,690.0,107.0,garden_tools
569ffd16f8032478cbeb9800f2e94ba0,6,192.0,16.9,furniture_decor
87d780fa7d2cf3710aa02dc4ca8db985,6,746.38,104.90000000000002,bed_bath_table
2a5806f10d0f00e5ad032dd2e3c8806e,6,1275.23,171.15666666666667,office_furniture
5f504b3a1c75b73d6151be81eb05bdc9,6,3993.17,597.3333333333334,cool_stuff
5d6bea33648f018dbb563f3a2fab09f3,6,1042.53,150.0,furniture_decor
5a6e53c3b4e8684b13388d6aa4afdf12,6,186.87,16.323333333333334,housewares
30ac6df06dc59ad72cf2f158fc2d904c,6,816.94,115.66666666666667,housewares
4cb1a2850af275025f76f015e0cc79cf,6,278.1,29.75,housewares
11fd9d7ba552e1d28872e008acf1e050,6,920.73,139.9,cool_stuff
7c4a8bec217df1de0df2b5aaf8175b65,6,166.14,18.23333333333333,audio
11dcc970f7a5581e1bf777b6da3f7096,6,523.19,69.23333333333333,housewares
2ef36e1cae01b86d0ff0a2f50ff2bd53,6,680.64,84.0,furniture_decor
7fab1a1472fdd934397068931f63f3ca,6,508.01,69.26666666666667,toys
8eb7b31149dc92903e213c9896443440,6,240.0,24.899999999999995,housewares
c211ff3068fcd2f8898192976d8b3a32,6,204.01999999999998,24.899999999999995,bed_bath_table
825993135690981b6014a46dbe75707e,6,150.60000000000002,10.0,furniture_decor
4df96b4c5286321b71834691e8defd53,6,225.60000000000002,22.5,toys
cb81df0e3ccece253557f2a07df4727e,6,380.78,45.0,sports_leisure
cae79e3b5c787c231543fa415a20b5cc,6,239.10000000000002,28.0,garden_tools
c857b96593773e940454e76efa8eabb3,6,428.7,55.445,furniture_decor
ca5c923962558430573f83661dbe36d6,6,792.3699999999999,111.0,pet_shop
63a8fa4ae2d10ffc0daa5db78ad4ea4f,6,1459.8,229.9,computers_accessories
dab2413ead0edda9967edbc9bda2a64e,6,286.82,29.986666666666665,telephony
380b4664ba5bb18cc9db78ee6bac3558,6,263.19,29.0,watches_gifts
4ac50dbde931c0a5ed8c33d3dc047351,6,397.74,52.36333333333334,health_beauty
04c4a4b9c924494fcf82e0fba966f955,6,236.04000000000002,26.74,watches_gifts
4ae634441e444ca4bc85903cafe98d73,6,178.74,12.653333333333334,telephony
de7087431dce1f95bf39105df32825cd,6,468.74,59.9,sports_leisure
63de2743d05ab59d85caa49e49459ac1,6,172.11,16.441666666666666,health_beauty
0e2d365a247d105fefc31b17ab8706d9,6,833.56,121.21666666666665,perfumery
dc52f0f5d3ec37a93eaf956cde4e5d2c,6,366.15999999999997,49.0,watches_gifts
fb55982be901439613a95940feefd9ee,6,595.8299999999999,79.0,stationery
0d85c435fd60b277ffb9e9b0f88f927a,6,498.39000000000004,70.11666666666667,computers_accessories
47920da896bbd89e851429c78a7a7a8b,6,1080.42,179.99,office_furniture
473795a355d29305c3ea6b156833adf5,6,414.45,54.23333333333333,perfumery
474bb6b54fc608ca71059a6c4f7ecda3,6,186.42,20.4,electronics
2028bf1b01cafb2d2b1901fca4083222,6,436.06,56.99,perfumery
4aa6014eceb682077f9dc4bffebc05b0,6,1961.89,279.665,housewares
a29c32ba19cb3a3a0a8184fd9f8cb6b7,6,289.86,31.99,stationery
78efe838c04bbc568be034082200ac20,6,767.61,99.90000000000002,furniture_decor
764292b2b0f73f77a0272be03fdd45f3,6,635.11,89.90000000000002,furniture_decor
3fddda7e92c16fa45033a4373a116e00,6,317.04,40.99,perfumery
09cbb58b67d2f010f3ce6ae6196f1ed9,6,444.29999999999995,59.9,furniture_decor
05a9dadb8402b6b7ae3dd28f7da187b5,6,1121.36,159.0,computers_accessories
1bfb290d7273a442c874dbe74b4abae6,6,823.58,82.31333333333333,office_furniture
d9894482fba41f536a273ba2276d951f,6,625.2,77.9,market_place
98b22c1129886cbd7fcae69d1c93e442,6,668.52,89.90000000000002,bed_bath_table
f7a17d2c51d9df89a4f1711c4ac17f33,6,391.08,51.56666666666666,housewares
24c66f106f642621e524291a895c9032,6,1182.38,178.23333333333335,health_beauty
710b7c26b7a742f497bba45fab91a25f,6,160.14000000000001,21.15,housewares
9fc0c73ce4d0eaaead44e81eeefebeb0,6,486.38,68.0,sports_leisure
98d61056e0568ba048e5d78038790e77,6,1142.1,167.59166666666667,auto
01c9a70868bec5b748c67fcc26ce5895,5,591.77,102.1,toys
8aa6223e400af9c97b07c75993142721,5,1008.62,171.9,baby
06f0e85c7892d5df893f332706340af1,5,1047.81,173.0,stationery
89b190a046022486c635022524a974a8,5,391.44999999999993,65.49,furniture_decor
06c6e01186af8b98ee1fc9e01f9471e9,5,239.78,35.9,computers_accessories
87a71ae93900ab55fcf685c8040769b3,5,132.29,12.9,electronics
eecc2c78b528d8073b4f1c4bddf92aae,5,235.03000000000003,29.72,computers_accessories
55b71bf300a2765a382eaec566df531f,5,456.15999999999997,75.99,sports_leisure
566a4f2c4385f36d15c00dfcaae132d1,5,191.85,21.9,electronics
c6ea63369936552872ae890c82175b4b,5,1186.42,217.0,bed_bath_table
fc1449f3ffc59fd2eb9640505aea0581,5,840.8500000000001,149.87,computers_accessories
64fb265487de2238627ce43fe8a67efc,5,591.8,89.1,bed_bath_table
aa8d88eb4b9cb38894e33fa624c4287f,5,363.32,55.0,watches_gifts
aa5a88580b8e6e569915aa42f1526dfc,5,404.85,69.9,perfumery
077599a82ee54960bc4f4c941b0d1359,5,676.5799999999999,121.072,health_beauty
07c055536ebf10dfbb6c6db6dbfc36e5,5,281.94,45.9,furniture_decor
54d9ac713e253fa1fae9c8003b011c2a,5,243.0,33.9,cool_stuff
6a1a04054158fe995e1688d8f79605b2,5,382.64,59.9,sports_leisure
3b0f7951038b105522c2d566b54421f7,5,239.5,29.389999999999997,telephony
2ffdf10e724b958c0f7ea69e97d32f64,5,1162.3799999999999,215.8,watches_gifts
c20a3f598c16d77249da67e81caa8317,5,234.73,32.6,housewares
c1dfd7dc17df380ed269d0fc905f6e22,5,329.5,49.99,housewares
82d81ab45858ba32dffde40acc8b3062,5,477.03,69.89,housewares
3b60d513e90300a4e9833e5cda1f1d61,5,898.32,159.77,unknown
8ed094bfe076c568f6bb10feada3f75d,5,1190.99,173.1,office_furniture
186fe07c8b8005ec6a498587ffbc1352,5,217.85,29.0,watches_gifts
5176d8670222d50ebbe4d4c5dfba2b49,5,157.27,17.3,electronics
be958064244f19bf11ee270b2feca7a2,5,349.95000000000005,59.989999999999995,furniture_decor
18b0e642cbae7251e60a64aa07dd9eb9,5,210.36,26.151999999999997,computers_accessories
ccadfeab525a9eb1569983b66e5075c4,5,516.16,85.0,fashion_bags_accessories
cadb69af336c16aba5c5223599821245,5,123.81,13.65,electronics
086351823300e0339f6955b27998c186,5,664.29,115.0,bed_bath_table
ed08ea04c92f5f434c2362f7310fb328,5,86.89999999999999,5.53,housewares
d6bbda35f0b8505c2f824f1d90295855,5,320.20000000000005,54.989999999999995,toys
7506dc43a0aaa509475b7522abfdee9f,5,235.9,23.9,housewares
952670bc019a73f0933157ec82ff6e4f,5,1129.89,205.0,bed_bath_table
404a57563d487aecbc2b1a01d9b89aab,5,1180.69,220.0,bed_bath_table
4bb4fb9c85785b75ab4f6559900c7ca1,5,268.17,37.99,telephony
f4f67ccaece962d013a4e1d7dc3a61f7,5,1296.62,233.86399999999998,auto
192a2c0fed2f8bed34ad458a073ed376,5,327.29999999999995,49.9,housewares
781afe929e3016a667f5f439afd55fce,5,617.99,107.78,sports_leisure
76d1a1a9d21ab677a61c3ae34b1b352f,5,840.57,155.77,unknown
5a419dbf24a8c9718fe522b81c69f61a,5,280.85,44.7,cool_stuff
610c673331ac3c4fa0f393ce5af9aa2e,5,135.6,13.65,electronics
f422d0d9f8b5f7c27289382b14b61248,5,424.32,67.59,toys
f3ce47ccf98da2906f6b8b1387618e07,5,737.69,125.998,housewares
060cb19345d90064d1015407193c233d,5,853.74,147.9,auto
9394a725ee7e3f1da0d6b22b046cc8d4,5,345.21000000000004,51.739999999999995,toys
d3e1006ba3735c0d44160026b6e0ced3,5,675.07,109.1,auto
7cd29da0653abeb444703cc5a957f479,5,247.51,37.9,health_beauty
3a05a947f28cf46d789adedc107d7595,5,752.4300000000001,119.9,sports_leisure
eb8c629f70275fd1c4f809116cce1efc,5,218.23,35.68,furniture_decor
be0dbdc3d67d55727a65d4cd696ca73c,5,412.78999999999996,70.918,computers_accessories
25bf7c5e5f9d008845212122805014e5,5,170.0,18.9,bed_bath_table
7b85e3deef35afd6ebed5461ee8f0641,5,234.05,30.21,computers_accessories
ee3cfb33869693f2a7e8417c795d8cfc,5,232.89,36.7,perfumery
574597aaf385996112490308e37399ce,5,322.84,49.0,housewares
839c9cd22f47fc465c20d554b46fed2c,5,195.39999999999998,20.85,drinks
82e4ad16521ca131d95e198d507db370,5,191.19,18.9,electronics
f77dd338d9f75229a09cbb9a18fd0c9a,5,185.74,25.0,bed_bath_table
b99e4f4fa3f421e0ffbd512d9f152dec,5,179.35999999999999,19.9,electronics
72172e982e8b92155069e4201c92c0bb,5,228.27,34.702,sports_leisure
4cafc445fc7535c3b41b8978c0ce68dc,5,546.41,87.72,industry_commerce_and_business
0b01a9718a61dbdd35cfec9ad13a0301,5,270.85,40.8,costruction_tools_garden
e59dd207c69d86e890febadc796d1078,5,809.27,146.564,cool_stuff
b192be433004cc1f10b467c0e9ea309b,5,1106.3899999999999,179.9,computers_accessories
a0b7d5a992ccda646f2d34e418fff5a0,5,624.2,69.9,furniture_decor
b0c8da302d49498d2ce6be8c631e4e20,5,406.82,66.38,computers_accessories
727a46f0b58a9ef165af9f7ebcfebfa9,5,136.77,19.571999999999996,sports_leisure
6e77b89d36e50217e6793780a8ce5c82,5,251.24,33.79,telephony
6ee7217ab647f3c2b4a5161c75cadab3,5,103.75,8.9,furniture_decor
e336c656869480e20d04ca9389b12167,5,373.56,59.9,fashion_male_clothing
afeeea6271148ee1bb15173b8187c431,5,1114.78,200.928,telephony
73bcea88583002fe12b7399af4ae60da,5,741.75,133.34,watches_gifts
f71f42e2381752836563b70beb542f80,5,236.45,31.9,computers_accessories
b69eb25e3a4def8e9cddee18712e0c5e,5,1161.1299999999999,199.0,cool_stuff
b623b7cb05ee3248fbe4a6ecbeed79a4,5,461.24,73.446,toys
23f2ebdf4d6f7badc8bbd40af362f681,5,1315.9,245.7,home_construction
62d8daeee0db3a60c234c2d1bfd10651,5,203.19,27.3,bed_bath_table
703d742887bb9267f89b675608ba7aa0,5,366.96000000000004,56.1,bed_bath_table
b24af8bca8813bcde4140ff8562f5e47,5,301.24,46.39,telephony
ae2f987a774d66463c1bfcc0a82c3456,5,171.75,26.9,pet_shop
03a20f79e4c056b48ce29b3e30beb0fb,5,369.01,59.0,furniture_decor
a8115d34a4b7b74388da609692162c37,5,243.56,32.7,computers_accessories
a4aa7c1427c31344e5f7cc3d839fe562,5,604.78,98.2,pet_shop
a8075470f960215ffb67624782f80fec,5,619.97,103.0,garden_tools
e2bb00220a167d9e60b6776ac33717bc,5,341.15999999999997,56.0,watches_gifts
af51d485dc5255ba2e18b21b550156e6,5,1536.51,253.91799999999998,luggage_accessories
fbc1488c1a1e72ba175f53ab29a248e8,5,662.42,117.28,perfumery
dc404a1496a08f9f5540c8b5d4b92925,5,1614.4,299.99,toys
34d6306314a47fe15c1efdbc23302020,5,421.75,69.0,computers_accessories
e1da6ab77f4859eb17950e5df1c0f815,5,350.12,48.3,pet_shop
679a3e5e1d2bb68982be5734c6e55e63,5,328.17,54.4,home_construction
35557c68a22ecebcf066e25ca2ddc144,5,236.2,16.9,garden_tools
4413a608a42bd21bbf9d5abbd58c249a,5,895.63,153.79000000000002,cool_stuff
43ee88561093499d9e571d4db5f20b79,5,124.44,10.9,furniture_decor
00250175f79f584c14ab5cecd80553cd,5,445.55,79.99,housewares
65266b2da20d04dbe00c5c2d3bb7859e,4,136.51,21.9,stationery
42ec84ace63b58b8c5a7ba7be01d5fb8,4,501.35,99.92500000000001,cool_stuff
ad2037645597db38527fe3afbe226af2,4,257.6,48.99,drinks
fecf6223a3494f35362f670e571d2a04,4,343.67,69.9,sports_leisure
aede48631330269f65a8d680de491657,4,414.49,87.9,luggage_accessories
dd61e943598eec72351633dd6a72d5dc,4,330.19,69.99,perfumery
ddceb6eef6af67e9fbbd4c148dbe5fd9,4,975.25,212.495,cool_stuff
a9f480bfc49f0b85e8394e1cdf685b4e,4,276.84999999999997,50.45,toys
423a6644f0aa529e8828ff1f91003690,4,1862.09,433.75,agro_industry_and_commerce
4256cf575577f02e6c98d452ad40fa63,4,547.49,99.0,furniture_decor
fb7a100ec8c7b34f60cec22b1a9a10e0,4,255.73000000000002,49.99,toys
20f160a9cf2e856ee5eba259e9ae33f9,4,842.08,189.1125,perfumery
2291d090b69f60fc0ffd95ae394daa77,4,494.52000000000004,102.4,cool_stuff
22c5ddc22ea8cae84fc9917def682dc6,4,281.40000000000003,56.99,perfumery
af16005fca813272caf59c432153949e,4,341.0,75.9,furniture_decor
a298a105818dce6878b787e4af6cff7d,4,358.34000000000003,79.9,baby
a2a61ecd4e916c3ff787c137d23957bb,4,264.93,45.25,housewares
a35a9f46dcee0a67c8c7ad8493eb4135,4,181.58,31.15,computers_accessories
a01c3a8e3ccddf44069c082b1590f19a,4,749.9,179.0,perfumery
b0c2a004d315a5ba0b19584393ac478c,4,636.27,138.9,bed_bath_table
41db6d8062fcd38410c699743ccc0265,4,133.81,16.8325,telephony
6803077179d24889430188e03fafd31a,4,164.12,19.9,electronics
e168af8b2f0d9319737c6a7a37904f9e,4,175.92000000000002,27.15,stationery
0db4869ac8a908414823d44d742f5ba3,4,1154.24,199.99,office_furniture
0dce093fc7ec4dec214256df878e3c08,4,652.38,145.0,watches_gifts
4914f8796af2ecd359fd8f44b9b92339,4,235.20999999999998,49.77,unknown
f9471562478eba8761bc985b968a0092,4,312.84,54.9,housewares
b1acb7e8152c90c9619897753a75c973,4,201.99,34.99,health_beauty
b38b25d838ae0b8385e8cc68b9017644,4,680.78,155.0,health_beauty
9f1c3e71d56894398a42b050b07f1baa,4,84.48,10.835,cool_stuff
9abb00920aae319ef9eba674b7d2e6ff,4,218.08,40.0,baby
9ad75bd7267e5c724cb42c71ac56ca72,4,479.25,104.4,bed_bath_table
9d8a0e115e802d845b4ce1eb794d1260,4,535.85,120.0,sports_leisure
9e164b4afdecc7c67fb9b6f12c104e21,4,375.07,77.02,sports_leisure
9e2d3a8d8ffad53e2e35282a2020221c,4,210.60000000000002,34.9,furniture_decor
23bcd6822a33df5534f9b290216eec1f,4,614.6700000000001,124.85000000000001,toys
2535db191954746776aa1f51dc1a9651,4,107.16,18.5,health_beauty
f71050e65776861c8c3ec7a2d2b0194c,4,401.85,85.78,housewares
e27c4dd075a521097a085bced0631ce7,4,568.42,106.97,furniture_living_room
6bb54c0a1ddf991dc06cc7cb5a13bab7,4,214.22,38.2,construction_tools_construction
6bbe55cf8f85c87b6eebb775a53402f4,4,384.1,80.3475,tablets_printing_image
dc2cab354de46ca82b8cf4cb24e16614,4,594.3199999999999,123.49,office_furniture
652ab2a1bee7f7f0ab475b06cd290865,4,251.68,45.0,books_general_interest
65ce839c7967ed73e05471cbd4cb2ec1,4,197.52,36.9,computers_accessories
f71973c922ccaab05514a36a8bc741b8,4,543.24,99.65,luggage_accessories
f7f59e6186e10983a061ac7bdb3494d6,4,216.74,34.9,housewares
f8b624d4e475bb8d1bddf1b65c6a64f6,4,817.69,179.0,housewares
044f05bc9de36e8a693a83e4bc79dd0d,4,227.28,24.99,telephony
b8a0d73b2a06e7910d9864dccdb0cda2,4,315.78999999999996,64.9,health_beauty
b8b426747049f2d3d6e00b486d47dedb,4,447.01,96.1725,health_beauty
38ad86e536a0e27c5a4d2dc30964259d,4,142.68,24.99,telephony
0bc5e6c957486577f11519bf36577b38,4,122.84,21.99,health_beauty
33f789f4b4fa74053af0199658b78853,4,170.76,30.0,computers_accessories
d55487f6b9833914549348cc2839f9e9,4,100.92,10.0,cine_photo
63d6e7ab30f482382c9dfbbccae7da54,4,436.48,92.10000000000001,small_appliances
642a40d4d73b4b2604968937de13634a,4,98.39,12.9,bed_bath_table
ba80c9f47a84d1e08465f72e22930c83,4,535.84,119.0,pet_shop
19b7148be60fb48eb30c7eb0431c1a8b,4,675.7900000000001,154.99,electronics
958cf0f5527f413e08d0cde6bfdbdde2,4,1205.0,259.0,auto
bae8ac5e125a98fe445bc17714104709,4,719.4200000000001,139.0,luggage_accessories
bb42f37fc3d9130e4a4339d24a47dd7c,4,214.45,44.9,bed_bath_table
bb90206fa281c20f0b4c42a2393b54dd,4,859.36,195.9,computers_accessories
f5cb4f19ca215fb34aef190918d45f46,4,419.84,88.9,computers_accessories
4d38a4daf13a87012b73156f834afec0,4,160.31,29.9,bed_bath_table
4d9e8a6d8d07e4f47e093b8c2999ae01,4,218.4,41.49,electronics
25c38557cf793876c5abdd5931f922db,4,4197.42,1019.9975,baby
bd07b66896d6f1494f5b86251848ced7,4,837.5,149.985,office_furniture
bdb4be6ce2f7f2b5be0a16088028c7fc,4,416.09000000000003,85.0,housewares
bdc3291ab242ec1effc8eb0987850268,4,151.91,27.424999999999997,electronics
be837f2e0152a208d4386f4126d5bd7c,4,183.54000000000002,32.15,home_appliances
e7cc48a9daff5436f63d3aad9426f28b,4,811.96,177.25,telephony
6eb70dfb283dc3f645ed7b03c990dc72,4,319.07,56.0,audio
e3425df9bd51be69917273c9dd92ed5e,4,343.07,66.89,watches_gifts
e44f675b60b3a3a2453ec36421e06f0f,4,480.25,107.0,sports_leisure
f3c5707e7c539ab6533e3611da02b648,4,745.02,160.99,bed_bath_table
4f18ca9862f511ecba98258b2194d061,4,518.14,87.5,furniture_bedroom
4cc8bfa581f41841ce5e24aba773a44a,4,312.36,62.7425,bed_bath_table
4ce9ab528124f89e091b17d11aa2e97c,4,251.43,45.599999999999994,computers_accessories
91846781ef75057e134949400768e272,4,650.1,141.1725,sports_leisure
928e52a9ad53a294fdcc91bcf59d1751,4,639.56,142.5,housewares
940d38f0ef286bd93612fcdc91dd38ed,4,428.22,85.2825,housewares
3efd399c5d016b9e6a5ad3196eade44f,4,997.8,228.0,baby
4e5dc46fe4e31dd605f374ee43f0268e,4,439.96999999999997,103.0,pet_shop
4ed86bcb86407328452ac1c5b3b89d67,4,243.16,45.0,baby
f337ef897cbb898bf66be49d94c0bba8,4,304.3,60.0,bed_bath_table
bff2390f68a7b76b01ef61b684888261,4,274.28000000000003,53.2,bed_bath_table
c0400a62c5019cdc69bfc76d39b1cfb4,4,175.94,27.45,bed_bath_table
18486698933fbb64af6c0a255f7dd64c,4,366.69,83.3425,computers_accessories
10070e29929f7c7d609ee3201f236b8e,4,440.82,95.2,home_construction
d678178aa4291cd25a755a90188375c8,4,210.94,38.4,furniture_decor
e5eadf9be70a4a9fa514019542fc330a,4,366.31,69.9,home_appliances
61d4de5bc97fe391e6a42d7520a3551f,4,135.4,22.0,pet_shop
19936fa4f614ee0590d3b77ac83fd648,4,7274.88,1790.0,fixed_telephony
c10a7001e8b49dfc03817444b5f2ed81,4,615.86,129.99,watches_gifts
c1488892604e4ba5cff5b4eb4d595400,4,216.24,38.5,furniture_decor
c1ad8ac66c91ad301cefc322ba2adf31,4,2526.12,614.7475,watches_gifts
c1f5307decb89342351bec53668cffd9,4,168.93,29.99,telephony
8e7a3ee016b12c87b5e3e7e717620758,4,537.95,120.0,industry_commerce_and_business
612c7f49d1026f7beded75464b574f81,4,170.72,34.49,health_beauty
59fe488ea6ac9439bc86663f4a564c23,4,169.01999999999998,16.9975,telephony
7868a64aa111bbb4f41f8e1146c0becb,4,315.90999999999997,58.8825,furniture_decor
c2ece64199af7a53793ed9612a89a8cd,4,453.16,81.67,furniture_decor
c3097e07a0a5de0d4b4c836d90c5a284,4,99.61,13.6975,electronics
c35498fbb4358837ae16850f50c3fd22,4,351.23,74.25,telephony
8bab563be2e3316280e3990af91da7b7,4,130.82,18.9,electronics
8c5876b1c7768217964f353bc7e64393,4,260.49,49.0,telephony
28a652ff04e43c1bc57937a9f8770f9b,4,641.09,122.0,stationery
3db75f31b76375c502f64d550dcd1166,4,184.07,31.9,computers_accessories
f1fe595ee7ef768b41bd9b246d13432d,4,476.32,99.9,garden_tools
f264c1d9b20b5e4a340254d0405e613b,4,350.90999999999997,69.99,cool_stuff
16ed6a6e3fce23b741650437fe58d65b,4,407.69,89.18,housewares
163e6400e6dadd0fe04775c5e9331fda,4,244.13,50.0,baby
167b4b8c4bd0c401bea62f5e050d70a4,4,551.76,119.9675,computers_accessories
07821918ef487fd64eb20b3c8aeb897f,4,636.23,141.5,computers_accessories
5570e58fb62fc2a83e5bda3974e35be5,4,470.26,99.9,bed_bath_table
f177b434709ecb652dbee4f4b19aef2f,4,200.20999999999998,28.74,fashion_bags_accessories
8983a3b149303c013fceabef902e835a,4,446.93,99.0,computers_accessories
5b3aa845bba5aa7ba1216e36ae882cfa,4,126.24000000000001,14.895,health_beauty
092be1e8336fc404c57bd5970d056886,4,327.46,65.13,food
11875b30b49585209e608f40e8082e65,4,324.55,65.0,sports_leisure
d2347fba1e60ea51f533960fc555baff,4,213.87,42.49,furniture_decor
7686fe49c98ae1c537b5cc51992f5d20,4,737.34,167.9975,baby
15bb6bb477d5bbfe167f6dc44b6846a8,4,112.4,12.99,furniture_decor
1600dcf1cea8c0c83702e07b577ab231,4,250.98,44.0,watches_gifts
2b0ee2d07306f7c9ac55a43166e9bb4b,4,295.51,59.99,bed_bath_table
2d0090282bd77e1ae0f6336ba500facf,4,154.02,30.0,health_beauty
ee406bf28024d97771c4b1e8b7e8e219,4,658.26,144.99,cool_stuff
ee5329ffbe604bebcf84b2fd7792024e,4,860.93,197.5,health_beauty
55979acc6e2155188d3a43d8afb0c7aa,4,402.56,66.38,garden_tools
568b50dd27d5d76c97dc2f871cb93e9a,4,142.72,22.99,bed_bath_table
568c923625669145cc9a644856fccd14,4,987.8,229.9,fashion_bags_accessories
86f2416d4670e4ea3ca5494d043d9f24,4,833.0799999999999,159.945,office_furniture
2b7aa376a6e728560bddb5558cc48e89,4,524.4300000000001,116.99,office_furniture
83d199d296c44101c8c3b5c9c0cce9ea,4,336.7,69.99,toys
c94d19d021d4a8fbae5a45f904aeea90,4,564.4,103.97,furniture_living_room
2fea0f2cec6b6324a277d4a61c2ed2c6,4,358.59000000000003,72.0,health_beauty
cf857bce01d442bb8631a548a4432def,4,741.59,162.445,baby
cffa43acc63e8225bb6889f3c3bd74e3,4,235.15,35.79,health_beauty
d04e48982547095af81c231c3d581cb6,4,1023.18,238.25,watches_gifts
d0b9d3d449a97f582b325f11b512bfd2,4,576.2,124.9,books_general_interest
5b226d7c52f86ac72457617f78cff95d,4,285.94,56.99,bed_bath_table
ca9c04665b3deab07935392e7432cdbe,4,299.28,59.9,furniture_decor
573722511f4fc28539f3d8810a50ea1c,4,266.5,49.0,furniture_decor
3ba2b0de14984ce8f072c58be8d701dd,4,517.6899999999999,103.7175,toys
55782cb82e0efe052da0a3da237da3b2,4,757.4200000000001,171.4,auto
08a58dc963320d6073623382b9ceb920,4,593.89,129.0,computers_accessories
edf219cab1d0e435e3e499287dca9a03,4,238.08,45.0,pet_shop
cc971e0365873137b8bef2ebad633e6f,4,1004.52,234.99,cool_stuff
140568dfbaaf1a45e378cb87a346c91e,4,196.88,29.9,housewares
cdc4af478fef19f03f1d0353c00271cd,4,160.41,24.9,watches_gifts
817e1c2d22418c36386406ccacfa53e8,4,777.9100000000001,159.0,furniture_decor
7d854ab97c64ef9df2bbfaf332765786,4,335.52,61.15,cool_stuff
7f4e034245e45549110139d1de248f83,4,294.22,48.9,baby
596e3ace8e8329beb05bb40700a659f7,4,155.16,16.5,construction_tools_construction
e8316a4667e5870c85e906b1f062bde1,4,398.05,79.99,office_furniture
e85d91619b497e98754390b6198a9818,4,612.47,134.9,baby
fcaab5d7f656094e49fbe4ee3a506658,4,544.49,114.5,stationery
44d097d59e8430f88a67517cd0c4f865,4,317.53,69.0,fashion_bags_accessories
44e086c4a977f37a888627b43880586c,4,303.45,63.0,musical_instruments
a8fe47ad6f852f93cc92c7b408687de3,4,371.02,72.9,sports_leisure
aadff88486740e0b0ebe2be6c09476ae,4,162.53,29.9,health_beauty
a703f5ade6e4fae527357132230ea778,4,152.44,23.9,health_beauty
ab9cf155f8280c3739b09fe341a185e8,4,127.78,13.98,telephony
0c761b0e33d708e6a3694a94ac4b82c4,3,504.87,149.99,health_beauty
431d674f9a4fbd0957ecf6ba3fcb6899,3,946.36,294.66333333333336,telephony
016711f78a6a87696645db0a6a834826,3,339.52,99.3,health_beauty
001b72dfd63e9833e8c02742adf472e3,3,146.97000000000003,34.99,furniture_decor
4724ffa427f315c485e39b02e21859b2,3,65.88,12.0,health_beauty
4178e16324fd0c9a8e18463caf390cc6,3,902.8800000000001,266.3333333333333,cool_stuff
68a058d125ba1544e726898f0b8c0523,3,454.19,129.99,office_furniture
dd4c3b4ab7e001aaf385ea2e68952030,3,129.44,29.899999999999995,baby
dd60cac04e6bcbc919cb1c7dcc473211,3,127.7,29.899999999999995,housewares
dd66beca916c169c2a77e40ae2858623,3,732.95,220.0,bed_bath_table
dd6a505f83dd3c6326aa9856519e0978,3,194.2,49.9,toys
68bf2e76db1d8e846042e54da87399ca,3,313.5,73.23333333333333,bed_bath_table
35ebf08a93899d44e756809e11b14754,3,105.38,18.9,electronics
e070a61270050c4b1b704300f331cca6,3,229.10000000000002,61.96666666666667,pet_shop
45e9db074ca64dc81ee6f06185544d6e,3,235.45,65.23333333333333,health_beauty
429e7401fafb76436f15e86498bd7364,3,682.14,199.9,bed_bath_table
42a2bd596fda1baef5719cb74f73030c,3,330.77,86.56666666666668,bed_bath_table
417c36fe8603e10f20aba1359eb8e2f4,3,334.65,89.0,small_appliances
418d480693f2f01e9cf4568db0346d28,3,705.25,199.0,cool_stuff
fa4e8255202fd921350a6fc716710dae,3,809.88,257.3233333333333,computers_accessories
3c0c5eee30aef7a844410f1d1397b620,3,384.33000000000004,103.99,furniture_living_room
56b81eaffe3c2e7e54f3bdf2a935164f,3,184.32,44.35,furniture_decor
ebf19d90623587fde1eff2a222d8b177,3,314.98,89.0,toys
ebfe7a4ca40dd34375e373405a114c32,3,184.58,48.89000000000001,housewares
ec96b7b4e1401281edb9465d0d689cae,3,153.3,34.99,food_drink
ecbe1ef7e2903ff8b1d704ba78fa264d,3,332.46,89.09999999999998,sports_leisure
134529314360d3cb9e5e052b0b7b4b39,3,165.85,41.333333333333336,construction_tools_construction
80df62ce491a20d390c9f69402310f0a,3,163.91,36.23333333333333,computers_accessories
810e2944bca9850b934e1570ba372e7d,3,280.99,78.0,furniture_decor
81288df52439985f610be64465e53f57,3,387.85,109.99,sports_leisure
812f428f6757ab16c46cffc68f2e90c5,3,248.39999999999998,59.79999999999999,furniture_decor
fca62108387e25005784da2f551466a1,3,916.8499999999999,249.9,furniture_decor
03d10117bf5dbd1e4f194566be73de5a,3,593.13,165.9,bed_bath_table
aad225c687cc75ba1148d41f2ce414c2,3,113.36000000000001,18.9,computers_accessories
fe9dfbe7f974621789683b7b78be2a16,3,1063.5600000000002,326.16,health_beauty
00e32638060f6356e6f00749dc466b5c,3,361.58,101.0,sports_leisure
130482add9fd75ccb6c57ba007694a2d,3,383.79999999999995,105.0,computers_accessories
2d72cf7f8c3240028550efb165045073,3,243.66000000000003,59.03333333333334,musical_instruments
2e511b5741ab14e7f5294df6f1310b03,3,512.79,128.0,computers_accessories
7e0dc102074f8285580c9777f79c90cf,3,142.57999999999998,36.56666666666666,garden_tools
2f13d1dc8b4e1d9d8027be50339546a9,3,369.9,105.0,furniture_decor
ce5cedf6e57d59b07eeecb68eeafd099,3,552.5699999999999,159.9,home_appliances_2
ceb25e5f3be12c14a1c69bd9e9e0f67f,3,227.72,58.656666666666666,toys
cec09725da5ed01471d9a505e7389d37,3,280.56,69.9,sports_leisure
12a146749cb72ebfde01a89105df1897,3,126.47,29.0,sports_leisure
12f066474dfa3c415c169051c5e1967e,3,91.54999999999998,17.9,telephony
7f457254a89d62960399e075711b3deb,3,107.97999999999999,24.99,auto
7f55769896fc6596e7251490b8b5e536,3,159.55,39.99,furniture_decor
7f72a8900b3d2fc8fa2635b7836d6e6e,3,272.53999999999996,73.29333333333334,toys
7fb7c9580222a2af9eb7a95a6ce85fc5,3,109.14000000000001,28.99,housewares
095cb863f2b04911455ad33f5177062e,3,207.38,53.9,books_general_interest
591cf821695e4e2934a87e07122f7839,3,70.17,16.0,fashion_bags_accessories
caf540627b7914ab734c86495fdc95ee,3,892.9100000000001,243.0,furniture_decor
cb6c1c21ebc9c153a7baf319c515657a,3,151.68,31.899999999999995,computers_accessories
cbdb9bf611328898bd4b32a384506b3a,3,403.79999999999995,89.98,office_furniture
cc2232dbef2c9fca23f4c7f6a19a42e3,3,117.01,16.99,small_appliances
57d79905de06d8897872c551bfd09358,3,115.57000000000001,25.656666666666666,telephony
57f2de7e1c6028c7d38a50cff155c794,3,166.45,39.0,sports_leisure
5804729aafca1ebee7b26895d830586e,3,550.9,132.33333333333334,housewares
ed7f66fbbc819ef7aa1894d2c34065f1,3,87.57000000000001,13.0,housewares
ee339563912cfcc8a006239baba4d8f3,3,927.6299999999999,293.0,construction_tools_construction
824479121ed07485e5195dd6bfe467a1,3,107.58,24.899999999999995,furniture_decor
8317b177579dd27ff068b83205e2169b,3,597.1,178.96333333333334,cool_stuff
839321c2db7b3b3eaff4944c3b052ecd,3,500.49,113.89,housewares
805fb04b1eee16776d3ff45a40a30044,3,400.68,117.99,office_furniture
14555ba663de8689feacf1d0819cc3b3,3,350.96,98.65666666666665,sports_leisure
cd48f265a63e13b762601f5f794c5fca,3,204.44,53.326666666666675,drinks
ce066f4a83649651549d717c9b566816,3,277.4,69.9,sports_leisure
cfb763496d9fc48751a27db4fd02aa2d,3,199.76000000000002,49.95000000000001,bed_bath_table
cfb79bfbdaf59cfe2e9ae0a071451f32,3,157.49,39.0,bed_bath_table
cfe6e9c01d0bbb5df9a75f0e3286baa9,3,358.01,110.0,baby
d011223de539cd224b5c5c8082313d46,3,666.98,196.80000000000004,furniture_decor
d0fac709247e97e9b44a5351891ef9f3,3,215.36999999999998,44.9,auto
d0fe4295267f15ccaceac4fb233d8c9a,3,189.17000000000002,49.9,computers_accessories
d12a5178024ccefb3582170a9ab45a0d,3,1230.6599999999999,384.93333333333334,cool_stuff
d12ad7f92749db41296a64e02c0bd5c8,3,78.25999999999999,12.949999999999998,electronics
5a6b04657a4c5ee34285d1e4619a96b4,3,143.46,44.99,health_beauty
5ac4f7986643a944501c66a2257bdd73,3,269.87,49.9,furniture_decor
caa41bf17e27022341da028e79152c4c,3,177.36,46.4,health_beauty
caaae4f9fe7a77459a25c4f4ef0945e1,3,411.23999999999995,119.0,furniture_decor
cad2db5e318d7283a234c517b2f28a42,3,348.28,101.90000000000002,bed_bath_table
1491a8ff192d4b5c369b0eaa2fe33ee5,3,681.15,199.96666666666667,bed_bath_table
14dffa241a078aeaebaef48a49e807ca,3,223.38000000000002,64.9,baby
caf1ca4c82e6ab734903a3407795f556,3,340.11,87.0,computers_accessories
2ac0cca735ca6684053d28a17883b765,3,407.24,119.90000000000002,baby
83e5adb51c0d54eff80057f064f808d2,3,563.99,157.96,consoles_games
84a87daa85c8b432d90bc1baa0cb4388,3,239.09,59.9,baby
84f5c4f480ad6c9998d6a6860f1a2e41,3,167.42,40.199999999999996,food_drink
8562e2c780a345b609e1b802d7e3e4ae,3,283.56,79.9,bed_bath_table
0816234aa8a9ed73333cc61afb578bd1,3,331.76,99.90000000000002,luggage_accessories
ee57070aa3b24a06fdd0e02efd2d757d,3,258.83000000000004,73.23333333333333,computers_accessories
ee6c49af1a2de55aa0e076257ab4ab99,3,535.33,161.40333333333334,computers_accessories
ef20f423b410ed387987de53efb8f39f,3,174.75,48.99,furniture_decor
2ba4f78910f6fe61e7ae7bfa4efe2726,3,224.12,56.0,bed_bath_table
2bd9b51a9ab079e095aca987845d3266,3,275.45,75.0,consoles_games
2c0c951471371afa81e47d7bf8d20522,3,159.39,42.0,telephony
85fd14e978b92176dd210c046abc3540,3,375.06,109.3,sports_leisure
87716aafd7c6269cddb3403f85e4102e,3,208.35999999999999,43.9,housewares
c9c455f9fd8ca66d3ff7f90a249753b4,3,378.51,109.95,sports_leisure
ca38c039b717207dec906f4fa9a21db7,3,590.24,184.99,health_beauty
c6e513054b982283c1cbbb2a45d02d83,3,142.53,28.899999999999995,cool_stuff
c71a9c53596bf311acd9e298a0b3dc42,3,77.07000000000001,10.9,electronics
5bd7e57735a44e529bf066fee83a9c60,3,238.7,61.596666666666664,bed_bath_table
5ccdfc35d9cff8db4fa46b83d5712899,3,504.9,119.0,pet_shop
e9cf370eb883adbdcb4b8738057a9d8b,3,284.88,73.32333333333334,stationery
090ab1523d3fe5832c09a55b7195e32b,3,119.44,20.99,telephony
1107055c5c960ef6e183e781260aeafd,3,113.43,24.99,telephony
11250b0d4b709fee92441c5f34122aed,3,1315.16,412.0,agro_industry_and_commerce
7b5d8be0e04080e4c8ee6a7ec2f1f597,3,131.64000000000001,35.0,furniture_decor
7bcf2266b78ccc737b8f26f925d3c5d4,3,173.73,42.9,perfumery
10717ff440b2320081989126e858b220,3,472.57,138.0,bed_bath_table
10990aaa402c4692f9eb94cbc354e53c,3,312.79,89.90000000000002,bed_bath_table
e7d26dd6742baca292020c158e6720c3,3,218.46999999999997,54.9,luggage_accessories
c72edc98e7d77f0c4c04ec80730c05f5,3,257.11,67.66666666666667,sports_leisure
c76ce8f19e21cfc8226f0551ed5da750,3,661.76,203.32333333333335,cool_stuff
2a6d3f9c3a96e62e0ca38559cbf6410b,3,98.74,18.9,electronics
16c4e87b98a9370a9cbc3a4658a3f45b,3,6051.06,1890.0,musical_instruments
8aaeae26573fd33a2512d3fb0d8bea6f,3,649.95,189.98666666666668,pet_shop
8ae1198dd85742fe30b74a96968f250e,3,435.59999999999997,115.99,bed_bath_table
291c4f64b5862ed36fdec5f3df710613,3,168.03,39.9,computers_accessories
c5de3a869922e74a2bf19a543f4ac55b,3,334.79999999999995,99.0,construction_tools_construction
076e4ce53c8914382e7ff3732511b17e,3,350.26,103.32333333333332,health_beauty
54e5939fcd9ae70ad0f59f612d6d29bd,3,199.07,43.9,cool_stuff
3e086c8507756d8b53e4b0f676e7f42d,3,161.52,39.9,computers_accessories
3e442d09f9dfef002aadf31960869f65,3,132.48000000000002,26.23333333333333,computers_accessories
ef7de0bbb0e0b0110c270e9381719761,3,105.63,18.99,telephony
c6cae2869a248cef27c00f3340ac90a6,3,330.69,75.9,furniture_decor
2b2d98d1e9b6f68a472c5ace64d704fa,3,114.03,21.899999999999995,computers_accessories
88c20c5a22f2ca169af8cfc2df00a7a2,3,235.44000000000003,68.56666666666668,sports_leisure
88d07a97123a341509effc395bf418c8,3,120.71000000000001,29.899999999999995,fashion_bags_accessories
8971b502ef885ceacff5dd02b873cdf6,3,1894.49,611.9133333333333,health_beauty
87aff1d9a5e94db6840c5b963a5cef90,3,491.38,139.96666666666667,sports_leisure
d4a3b5aa064bf44e74f1e71862bea22a,3,76.69,9.9,housewares
d4dccae17c83ffbaafc50d763503e9eb,3,217.92000000000002,62.9,housewares
c319f453652bff80bc8f9f71d87e56c1,3,129.84,34.99,baby
8b6ed41158b194711f83b8da92757544,3,81.74000000000001,16.406666666666666,sports_leisure
8c955afdb3e69c856507b4a7c0085ee3,3,158.91,39.6,health_beauty
8ce0b48cdcc4b753ae4de64497998338,3,465.91,137.99,telephony
c075b8e131353552218860f1c421e4ef,3,252.39,58.9,kitchen_dining_laundry_garden_furniture
29b5add9129fe45fb3854c50cbd2765c,3,75.75,17.86,auto
29c131c43e662b738339aafcc0ba00fc,3,198.02999999999997,49.9,furniture_decor
c3f6113d5b61bc95468432072b27e23d,3,91.92,18.9,computers_accessories
06dce482ace017e78349b6f1fa83a022,3,161.87,39.0,bed_bath_table
53027b8270c2c4b97acb3907e39e999e,3,107.21999999999998,19.63,health_beauty
5328338cfaa16ba10561cd970c73ca11,3,663.0699999999999,199.0,cool_stuff
f1d4ce8c6dd66c47bbaa8c6781c2a923,3,669.31,188.26333333333332,baby
f2e53dd1670f3c376518263b3f71424d,3,379.85,109.90000000000002,bed_bath_table
1697727d6c82c23c7149c6c773683d2c,3,537.81,159.0,sports_leisure
28beefcab28e6a3b659bae1bf1cbe453,3,122.65,25.0,telephony
8d7d29e5fb9ff5333009326c87fc04e9,3,445.76,111.27333333333333,office_furniture
8e8bcc3a0043f514854cb1a9959ec9d2,3,199.08,54.99,luggage_accessories
18259c4bc4c6431e6106fa20c6666d26,3,178.92000000000002,49.9,housewares
c2a1ff8408a1c857c8730e4d12da714e,3,260.92,69.9,housewares
5d10b3779b68d58be0fcc46a1ee79689,3,518.1700000000001,159.9,auto
5ed9eaf534f6936b51d0b6c5e4d5c2e9,3,124.34,25.0,cool_stuff
e8ca14b6c60a3194f2353bbfe0287bbe,3,59.31,11.99,cool_stuff
e940125d0a3c309f58f41cd21e39af06,3,1147.5,356.26666666666665,electronics
e9a69340883a438c3f91739d14d3a56d,3,634.86,166.5666666666667,housewares
59f09deeea7c839a9212a19f3416b892,3,1402.29,379.8999999999999,housewares
77cc62dc80ebe12a0452d1ce0565acdc,3,391.69,113.0,sports_leisure
7af541d714ea3db608971a40b8f507cb,3,1361.62,413.2333333333333,baby
7b35ccd93a2184646c03b70326626923,3,522.85,160.63333333333333,sports_leisure
73c0537a6f1d148275c69a114b2d8bf3,3,515.26,159.49,auto
d401d9445df5a515a304b386278b4844,3,402.66,104.90000000000002,perfumery
74ae869eb82594d9cbe6e934cf143e0c,3,160.02,39.99,telephony
31a2f42a87890f87d77daebdfabc182e,3,493.51,149.29999999999998,toys
31b5755dd3e583e7c227a935657a818f,3,231.14,66.70666666666666,telephony
31c79131e883e5fd8c4c85fe9f7d2bb2,3,116.14000000000001,24.99,telephony
d5b703c271f43f9c588a6f512a00f77e,3,143.4,34.9,toys
0b039b61011417822882815943f13dac,3,96.94,23.7,electronics
622bad99b4296aade0783ebecdd3fa15,3,355.26,98.99,sports_leisure
386486367c1f9d4f587a8864ccb6902b,3,386.43,111.12333333333333,bed_bath_table
386eebb43722ab502f04f7900bd2451b,3,232.1,53.56666666666666,health_beauty
e672fbe634ad07cce9d85f412becb2c0,3,458.99,129.99,cool_stuff
e67307ff0f15ade43fcb6e670be7a74c,3,97.35,18.45,health_beauty
913803e9e4b81c3fed4841cbbfdc59fd,3,402.96000000000004,120.0,sports_leisure
c0c4cfd8255da22de900ac9e613e2a73,3,402.95000000000005,119.90000000000002,garden_tools
c1cf8f51eac90b1ff478250b3d35c37b,3,152.88,30.633333333333336,sports_leisure
17c4bd4269902c84acc14c497f282ddb,3,986.26,309.99,telephony
17e7d9a179f3f2d61223252038276d35,3,210.89999999999998,50.9,stationery
92291ca5b617b6ee1259736eb5ad114f,3,457.83000000000004,129.99,construction_tools_lights
937c825572d26b9e5a723527c6d625c6,3,175.47,45.95000000000001,bed_bath_table
27fdfad2c6a8f91606eb41ea396785c6,3,84.72,13.199999999999998,electronics
189c49b159a847050e52afe5ec8d42c5,3,588.48,182.0,bed_bath_table
bfc59c5d8a26d129f82fbc5207fcd676,3,663.2,199.0,cool_stuff
06abf4be826ed1d548e8a22a3d75d912,3,1900.04,599.0,health_beauty
f2f411f86bd5bd427e28e2a30771761f,3,344.95,89.90000000000002,bed_bath_table
515ba7ccc6abbd1c0f5016704a0184e2,3,280.65,74.66666666666667,pet_shop
51e8feeedd83467b86a79aa2769367c5,3,81.53999999999999,17.99,toys
521a361808bedd9fffb32181e501e09b,3,501.90000000000003,149.9,housewares
525947dbe3304ac32bf51602f9557c12,3,398.85,114.90000000000002,bed_bath_table
4deb009c36a910076a023947a7929201,3,219.22,50.56333333333333,consoles_games
4ebab6a2135a2477b657bda38646b64b,3,133.01,25.600000000000005,toys
907c096bf89737ef081eeba5c13991b0,3,42.839999999999996,6.5,perfumery
2722b86640ddc24e1374c2df1ac2a230,3,950.28,299.99,construction_tools_construction
100260bf9206d859dc8db128c8c5afc9,3,116.23,22.933333333333334,housewares
bc74f63361c15c1a5baa5b97ac432e62,3,681.5699999999999,210.96666666666667,health_beauty
0a5a41c678bcf81e041826bb24eb0b01,3,184.58,48.9,baby
0fe922b7f7d43ef454bbc241416e7401,3,92.87,16.0,sports_leisure
71191d3e8768745afc1c290c63f6241e,3,159.38000000000002,24.99,telephony
330144665b875c2b4555f88d9f4ed7c1,3,681.33,209.92999999999998,health_beauty
7340a3839a1de1e99d149b8cf052a2ec,3,253.87,69.9,bed_bath_table
d8a5b759acaff49096bf67c33d9a9372,3,366.81,106.0,housewares
33e77eecc23c25a65d10f627e5053617,3,474.86,124.95333333333333,office_furniture
e33df02e384487f2bcd3788619f89215,3,92.35000000000001,17.0,housewares
e3e6af2b9a779d64b3589a5b56102d16,3,174.96,39.0,furniture_decor
0bb7cb61f1957f79dac582ab66ccdc1f,3,100.72,23.899999999999995,housewares
0bbdc963004d9b2fd3427ee3c5ae3608,3,1002.23,315.6666666666667,sports_leisure
61a4100ccd6d9c4c808a1fd954ddb8ad,3,1455.31,461.52,small_appliances
f34707f5f83dbd799b36e79242802784,3,158.83,36.656666666666666,telephony
f4d705aa95ccca448e5b0deb6e5290ba,3,121.69,24.899999999999995,bed_bath_table
921d31a1daa51460b7a95ea5f3ab64d5,3,354.6,92.56666666666668,health_beauty
ba4a91633739ceceb2b73b627e2cfbc3,3,551.11,148.32000000000002,office_furniture
19b7d3eaa7343bd751c222bd14f44fa2,3,195.29000000000002,48.99,furniture_decor
261244fc4d0197d8772346872f5b0f5e,3,191.71,39.56,kitchen_dining_laundry_garden_furniture
95c40b993a22463c83beb5c51a03d46c,3,142.39,30.566666666666663,computers_accessories
96b0a882d11b17ce51238420ec63e3a1,3,238.78000000000003,58.23333333333333,bed_bath_table
978859c6048ded0fa8bf3b9ea8236387,3,78.32,15.300000000000002,housewares
b59fb744c6f3cd1dc23b10f760848d98,3,68.17,9.9,sports_leisure
f4e71b15e74938b15ecb9d15874ba227,3,90.66,14.99,housewares
059ca09d32720d9adce3ae12e181339d,3,330.01,91.87,perfumery
4d272fe20c57c64dc74b3db191fc31ef,3,110.71000000000001,24.899999999999995,bed_bath_table
f67f7aa7e27d08018022abb4bdc90a38,3,177.33999999999997,39.9,bed_bath_table
f68980d7981fcc92059f42a4fd82fb38,3,951.47,290.0,sports_leisure
f6abeebe478d565e5e58a5fad0fa60b4,3,220.07999999999998,54.39000000000001,computers_accessories
953439fbf9090e2362532905d89b991f,3,590.4499999999999,169.9,housewares
b84520a57891e7a8ae2c68741dcc7146,3,159.85,45.0,watches_gifts
b8762d562d810c2f8d7ad7e9c12957be,3,118.71000000000001,23.323333333333334,housewares
98475d9717984fc80373a380bbfb0d81,3,763.2300000000001,237.99,bed_bath_table
98a8c2fa16d7239c606640f5555768e4,3,480.55999999999995,122.66666666666667,garden_tools
9a29b754b7fc0aa8eeb990103fcea4fc,3,381.69,106.0,furniture_decor
9aa9caee155847cddb376a05b9a39791,3,142.23000000000002,34.99,telephony
b3cf0a98f31b76ed0cec13d9c77102c4,3,134.45,27.929999999999996,market_place
e4ad97ce352e46bebac92018f6ed976d,3,296.88,82.33333333333333,stationery
341d85d688ecc3353cf2a968e7ad0dbf,3,429.99,126.56666666666668,health_beauty
6f2d7833b8f0a094571ebddebdc6623a,3,172.24,47.656666666666666,telephony
704ef63ad0ac345842ea734060a83db2,3,278.44,76.56666666666668,bed_bath_table
7088744b00831b410bd17716cb578f39,3,144.63,34.5,computers_accessories
33a8f9ff2a9a41c0c49a24d12e106151,3,120.51,30.899999999999995,housewares
db42edb381d7ffe41a162d344fb1de53,3,221.34,60.0,furniture_decor
0e40b1ed4cfd3da1962ec91913e54ba8,3,89.59,13.65,electronics
6358f5d1f8bea46b44615a9eaad26f81,3,218.28,53.0,bed_bath_table
deecc62b2db3d87ff4d9fe364fead01f,3,880.0300000000001,274.99,telephony
b9a4af1c160ac5edcc68db0b88785ea1,3,93.12,12.0,electronics
982565327a800a467fffeac070672ea6,3,280.31,79.0,electronics
e2c49770bf52260e9960ccefdd38e960,3,135.63,29.899999999999995,health_beauty
e2e426d1332240070b0a836a854d057b,3,179.97,38.300000000000004,bed_bath_table
0eb8e03d4ef83152c4642b606b5bbdec,3,146.56,29.99,furniture_decor
dbf47a585df3a9d8f0b5f4c125a2b8e8,3,474.72,138.99,office_furniture
6cc44821f36f3156c782da72dd634e47,3,341.63,99.90000000000002,bed_bath_table
349ce46a0e2e20054aa9d80c48af8816,3,508.39,153.32666666666668,construction_tools_lights
dc6217e7f9d8c15039ca95b702ce7e02,3,149.96,36.0,baby
dc9471db933efad7bf0ce685380578bd,3,922.02,277.0,computers_accessories
dca8cbb1c9d8a2db0fbc0c36b8d1a7bc,3,297.13,89.0,audio
378f61e89b6c50bd26a0a74c6ca046f0,3,467.68,132.33333333333334,furniture_decor
f731f8587d4088c174397e010cf892a9,3,205.37,56.99,perfumery
4c1bbc12438daec98a77243c2bf7a3ba,3,557.59,143.65666666666667,office_furniture
4c1e109ecdf58453de365d217cefa64c,3,416.61,120.0,pet_shop
056063b2634974ef86ccb7da2d3d0dbf,3,1337.19,429.0,sports_leisure
f8bf29282300f0f7c655e3caf53f17ce,3,160.86,35.7,pet_shop
b37a8cda46313ac91d79f16601ca5253,3,344.08000000000004,98.33333333333333,garden_tools
1b7384e0f9f5e4cb914cd3f5535a4cab,3,87.17,23.8,unknown
9fbfc0d1a475bb65f9c0e39bb927a99a,3,905.3499999999999,285.3333333333333,housewares
9fc063fd34fed29ccc57b7f8e8d03388,3,1176.08,370.0,health_beauty
23365beed316535b4105bd800c46670e,3,89.61,14.963333333333333,telephony
b47865eeb745bcbfca95513b46bd977d,3,451.4,117.98,office_furniture
b48946c4c9a1d7c81916522d00d6722f,3,403.23,109.90000000000002,fashion_bags_accessories
b59b5899ecf4bcc294a72fdd48adaa94,3,137.36,29.99,telephony
9b169f20f1b0ad0cd0d53d6d5f12e20f,3,75.39000000000001,9.9,furniture_decor
9bb8ca338e5588c361e34eae02e8fad6,3,243.51999999999998,63.23333333333334,health_beauty
9bc7d25a36d620cf449cfdebe3de132f,3,221.47,57.99,health_beauty
242edc6b84c00f0d48c664a020a92c52,3,205.90999999999997,54.9,luggage_accessories
9d838a7fbaba7fca5f1fad259984063a,3,226.42999999999998,59.0,computers_accessories
b5e13c9a353102f79c6206ff5cb61a50,3,290.15,79.9,toys
b74d57e3377dd78aace6d070fc48cc88,3,261.88,65.9,bed_bath_table
b77ae16cc8f67cd1c0ec781d5bf4da2b,3,709.72,219.99,cool_stuff
4107fe37acd2074de27143fa85966f67,3,167.52,43.99,furniture_decor
4b703444923b5e57bb73ba343f5ebab7,3,138.94,36.266666666666666,bed_bath_table
4651cbf18222b853f46619003d9861f3,3,263.58000000000004,80.0,construction_tools_construction
f9259c9e7c0f12c70f7a81409680a5ff,3,255.71000000000004,69.9,sports_leisure
f9ce5e5592c6836c379b156a1b043684,3,322.34,89.90000000000002,sports_leisure
f9f899bf492ac59cf645a6c93eb91e05,3,218.16,44.99,furniture_decor
036734b5a58d5d4f46b0616ddc047ced,3,156.04,37.656666666666666,telephony
b10eba910a974df70b8a12d0665cdb9e,3,163.32999999999998,38.333333333333336,bed_bath_table
1bcb50aa4fa11ec2f767d6eea810d8b7,3,432.03,109.96999999999998,office_furniture
a04f52ded97b5530e8783e3c002b90f0,3,288.45,79.9,bed_bath_table
a0cb23ea9b98f51407ac7bd1fcd29c2e,3,105.77000000000001,22.929999999999996,telephony
a0eef953cb25bc9ae40457e1c3c82946,3,250.53000000000003,69.9,furniture_decor
22594ba8fd9a72ad95d352929c821560,3,376.91999999999996,99.99,office_furniture
b1d207586fca400a2370d50a9ba1da98,3,476.14,149.0,unknown
b2a276c8b8261ba2c2c46bcfa1f522ee,3,300.44,85.90000000000002,perfumery
b3145c36d221143053908beb4564bad9,3,256.05,64.9,furniture_decor
235458528f907463ec55ebb1e16b69f0,3,198.49,48.9,stationery
b0ea6f97e1aecad7903455638ece5a26,3,165.0,39.9,housewares
665aa1d687284a4d2d2b74c0c6724625,3,343.73,101.90000000000002,bed_bath_table
67ff96903c597ba4b1d7f668734bc3a4,3,72.17999999999999,11.270000000000001,costruction_tools_garden
e1e0040c906cc890d032092141a9b6de,3,329.85,96.82333333333332,sports_leisure
e1e932dfb67414e80b87ad97688cf2a3,3,380.36,103.0,toys
0be701e03657109a8a4d5168122777fb,3,885.9499999999998,259.9,sports_leisure
632ba0c3ace598871c24c49380796d57,3,456.9,129.9,computers_accessories
dd0dcee76f9c12fff4bc0eb641d57c7f,3,130.06,23.400000000000002,electronics
6a8631b72a2f8729b91514db87e771c0,3,124.55000000000001,26.23333333333333,electronics
6ab9d49c399f239bc88ea28c7568213f,3,64.97999999999999,11.656666666666666,unknown
6abd84909e8ed79ef808c16f90b91093,3,140.71,29.899999999999995,health_beauty
3570caaeaa3f5a1ae76392bb2b4155f9,3,249.75,58.0,sports_leisure
68361925fcb61b3627e79dd95137ae7f,3,206.96999999999997,59.9,computers_accessories
48b099f6925c19d46ed5f013267681c2,3,175.36,34.9,bed_bath_table
49ab1f06065d165f7e90fc9761901893,3,158.55,38.75,pet_shop
fa66c43e63966d8b1770f6df326e05fb,3,110.3,21.666666666666668,sports_leisure
fb29f48bfea41db52e349454f433340e,3,111.30000000000001,22.0,computers_accessories
fbce4c4cb307679d89a3bf3d3bb353b9,3,510.42,142.33333333333334,bed_bath_table
a5215a7a9f46c4185b12f38e9ddf2abc,3,3980.5099999999998,1293.3333333333333,computers
a52ed2fb26d435066d6613134afcb439,3,72.51,15.9,bed_bath_table
a5341e3f8155dbb3e62323d3ea289729,3,335.67,93.0,furniture_decor
a5647c44af977b148e0a3a4751a09e2e,3,707.1899999999999,189.93999999999997,office_furniture
1e7d94ec384eb160b91eb277f13ba1ff,3,715.3199999999999,199.9,sports_leisure
ac5e164e2eda939ffa46593f90077f9a,3,151.13,30.899999999999995,fashion_shoes
af2d506fb01b724e03591349ad36b67e,3,174.32,48.9,baby
afbe1e973aefbf72a330e3bc72d4b476,3,251.31,68.9,bed_bath_table
1ca737c9f8f06b3672be9f9f3f603d36,3,429.23,128.5666666666667,computers_accessories
a2105c8c0d5d99dbc5a2a9ad94321e5c,3,384.02,103.0,sports_leisure
a237de12bdf0bfe4fe220bae65a89731,3,161.07,37.5,furniture_decor
a32c3352c3c5fbaa5fc5f8a8f593e2af,3,514.3199999999999,149.9,bed_bath_table
a39cc58c1b5926b6f9f378daa89f1315,3,596.17,150.0,home_construction
ffa7e0cbe11656d11a117b534bb1db27,3,67.08,14.49,health_beauty
64fb13596caf118c438edc5c6ed2d50a,3,298.08,86.3,computers_accessories
2009f9265306f26803dd5a243416707f,3,532.77,159.9,baby
42f61cf5c925b4e7fad27faee993c145,3,121.95000000000002,27.99,telephony
fbd4031ddbc3d02b95834b62769d3ad0,3,560.02,138.0,housewares
fc1d8637c0268af3db482c14b7ef8e75,3,539.95,154.9,bed_bath_table
fcf28afb1353f2f12ea041dd74954226,3,113.24000000000001,27.99,telephony
fcf6ad274391aea29f5d6e5ef9da5050,3,324.56,89.7,pet_shop
fdd84aefb08c8f8225e0b8c97429d53b,3,223.22,58.23333333333333,health_beauty
fe01b643060a6446e59f58e3021e66b3,3,499.96000000000004,134.26666666666668,perfumery
fe077ec80df6b4ee60bb4498d5ab1962,3,455.73,135.0,computers_accessories
014a8a503291921f7b004a5215bb3c36,3,131.83,36.29333333333333,baby
4473f3e5c65952b074ef987fa5c24662,3,123.70000000000002,29.99,telephony
ae28fd7a149b08a60309551e235d56f4,3,208.11,44.89000000000001,health_beauty
1cdc69add3346845cb008e938c7db9e0,3,211.22000000000003,55.49,sports_leisure
46737a24b6230ab90d6df497df0a2b43,3,693.54,193.0,housewares
010951987d78f9d52fbf50a43b690ba1,3,624.24,177.9,computers_accessories
ff5f8606556b625613f069a5a9a48966,3,278.2,47.5,baby
ff62ab4c255754dd5cfbd1822cd97b40,3,904.8000000000001,194.0,furniture_decor
a94db861b4ea1c79704586f07c8cdbc3,3,1107.96,349.0,housewares
abe236a52dbc43e90bad00fe6d794582,3,239.01999999999998,59.9,bed_bath_table
003a31970fea14fffe92ac856b8a9b97,3,748.89,222.0,home_construction
008cff0e5792219fae03e570f980b330,3,470.62,138.26333333333335,sports_leisure
42a2efd39155b59e16bac90081495285,3,524.77,159.33333333333334,watches_gifts
a8d952e8e5436a6fe36d24c402d100de,3,111.87,21.99,telephony
ab5da1daa941470d14366f4e76a99dd2,3,112.99,26.0,home_appliances
a695ab8413ea83619cde9b18292d6aa1,3,162.96,40.160000000000004,furniture_decor
a70d74f54feefedd8108c45553766340,3,186.19,49.9,fashion_underwear_beach
a72df9d6b4412dbd03d886846a438a3c,3,343.72,99.99666666666667,consoles_games
a8856d651600289b162f857e26838480,3,249.75,59.9,sports_leisure
210a8305d79b2f5719cbafb2c026797f,3,146.02,36.9,sports_leisure
00905d58c87afcbce21420b3712cacaa,3,529.08,159.9,bed_bath_table
ffbe169d395060d7fb975c990581a329,2,108.0,39.9,furniture_decor
fe854c3521ccdb837e2daf3b653fb929,2,310.71000000000004,139.9,sports_leisure
fe7f10e5c9d36a294333b0c35ccc24ad,2,190.6,72.0,housewares
015e04445dedbd5da301ef29cbb03f83,2,157.81,62.7,bed_bath_table
0152f69b6cf919bcdaf117aa8c43e5a2,2,61.38,17.9,bed_bath_table
013ee64977aaa6b2b25475095162e0e9,2,177.41,69.99,bed_bath_table
013e6676e0e3529e5909ff54370daddf,2,633.5,299.9,computers_accessories
fe6a9515d655fa7936b8a7c841039f34,2,620.78,249.9,cool_stuff
fd4a96848f84ddaabcdc5bdbf831a194,2,203.5,89.0,computers_accessories
fd0c762860528d119344e1377b574fc5,2,114.78,50.0,food
439d0c278b77ddc4b1488de210c8df35,2,146.68,54.9,bed_bath_table
4372c58b785f6a6e66899e62099b6ef2,2,225.97,89.99,pet_shop
4363f22966358bced013833537034474,2,206.7,89.0,bed_bath_table
4328139cbe9adde0aac493ca9871eab3,2,175.0,72.9,bed_bath_table
ff469d5a015226354ab92a85c8c46537,2,446.32,199.4,computers_accessories
fa381a4a9af65ea5fc8f3829214045f9,2,576.64,264.95,sports_leisure
fa39c60599eb6573020f07a1b4dd38cf,2,224.14999999999998,88.63,housewares
fa3a067994b6fd52b6ce674ee19a5bdf,2,355.76,156.3,housewares
fa8485bc54eaad5b218cd8081c859568,2,44.26,3.9,fashion_underwear_beach
fadc89c2a60ff96b18827644074dfd70,2,165.96,71.0,housewares
fb4dc3571e0698692224020b5b1b672a,2,108.57,34.9,housewares
fb783e3e545937820b57fe539b2c5a6c,2,231.47,99.9,bed_bath_table
fb949f35bd1873f846cb7246d9db81b0,2,131.82999999999998,47.9,furniture_decor
457cd0a99cfa977993e4eb6d98d95abb,2,79.61000000000001,29.99,telephony
45d632f44d8cf0d14da29f0bb204524c,2,93.44,34.99,furniture_decor
45e967683e7292b195609137fadaf2fe,2,131.04,49.9,auto
45f0310974e6082deeda855f91984347,2,303.99,129.0,furniture_decor
4606f0b0bceceb75e7a887e6b57cae3e,2,382.82,155.0,computers_accessories
423b46d7ff817b1cd19ab195c7b76546,2,137.97,55.0,watches_gifts
04af9f3af5c6afc4eece909c25330934,2,277.66999999999996,129.0,watches_gifts
f8ea5fcf9c628485e01b9c3cf52728c2,2,61.18000000000001,12.99,furniture_decor
200eed7d1d3482898094819dbec1cb52,2,123.5,36.9,housewares
20205e1ea024aec43a7a3fc0d8f7a287,2,231.43,99.0,furniture_decor
2029248294c186017ecfc48cecd47bbd,2,292.75,126.99,garden_tools
2052b3c5e08893e567c2fb7778476c75,2,116.03,44.99,computers_accessories
a668879a637b097eb47536fdb31d3ce1,2,258.4,115.0,industry_commerce_and_business
a7b497445896c24d425d100e4f03d8cd,2,116.44,43.43,garden_tools
a896b01f0fb94712f1e92bf9b0ebbe0e,2,41.29,9.9,toys
1f5f0f003ce8595ad88fb215ec1409e6,2,245.9,99.95,cine_photo
1fb368a1506cced21a07abb6d220c4e1,2,303.72,139.99,consoles_games
1fe8e6e01596885617fa1c90d29c2f81,2,199.4,81.56,health_beauty
a91c1a94d83d36316c44e00e738607b1,2,206.08,90.0,auto
a9490f0e069790ddb7d8e7935ea3584a,2,250.86,99.0,furniture_decor
aadae4da0b9feede5777009c5e1497d1,2,99.50999999999999,32.9,books_general_interest
ab959a147167f22f3e0c05eb06845771,2,59.75,19.5,electronics
abaefce0c17047c6829ff4078f2005d0,2,81.24000000000001,22.994999999999997,sports_leisure
abb9de7600a7ae9a81564692f77fc9f3,2,83.91,27.4,furniture_decor
20e638b21cd236147992f02fbdcf0673,2,76.74,30.0,health_beauty
1e88eb1734651579b4928df098f4d86c,2,182.02,75.6,furniture_decor
ac6c3623068f30de03045865e4e10089,2,457.96000000000004,199.9,garden_tools
acc78c9d340dbe682491c9d31ea7e187,2,324.39000000000004,149.99,baby
ad7c531c2001111873dcfed9d8317439,2,149.38,59.99,cool_stuff
ad88641611c35ebd59ecda07a9f17099,2,342.99,157.77,unknown
adcbd0e9edf8b57778ef2a2aea870185,2,172.25,68.485,watches_gifts
add32d15ff7c76396b982686227d9553,2,2740.42,1349.0,watches_gifts
addc4d1f7d82e1b6c5ba37d6559ac127,2,415.7,174.9,auto
1d6b1ff2a0ef2336832512132b3af6aa,2,304.26,119.0,furniture_decor
ae17f8265a23421715164ab420b62b36,2,89.92000000000002,30.995,housewares
20fb650ad1615624d7e202031400f695,2,100.46000000000001,37.5,books_technical
21025aea6e634ed0ab9709a4fa5fb69c,2,105.96,38.9,housewares
a5e28e21acf7c99188ad33f688f18837,2,103.66,34.495,computers_accessories
a5e537da8376b8623758e0186bfa400f,2,173.16000000000003,69.9,small_appliances
a5e74dc2d01e8b9df1590c7160358273,2,352.18,119.0,housewares
aeaba104830f91586dae1bff90f54a8a,2,230.11,99.0,sports_leisure
aece157b74fa793277ecc4e94bedf9a0,2,455.52,169.9,stationery
aed75ad669fbebd5a385ac7cc2ae7573,2,1434.6399999999999,550.0,health_beauty
aeeb6146e21d11416d01b0e03c2de06e,2,157.22,60.9,housewares
aef8207c2e91f4fcdbc0824737abf358,2,708.94,339.99,health_beauty
af0a917aec9cea3b353ece61a8825326,2,203.76,89.9,bed_bath_table
af144ed65466a16118af719a57053c95,2,454.0,209.9,cool_stuff
af14fe70f0c9ddfe9914b0ced0998d40,2,248.02,105.0,bed_bath_table
a4d44eb9f68b301db3a15c9a346f395c,2,500.78999999999996,229.0,luggage_accessories
a519511d5c5c1153c9f636288e50f819,2,260.25,115.0,furniture_decor
a54244559e62c8ef2939e52189d65d4c,2,149.31,56.16,food_drink
a564f50791e1677ddf2801fe1e8365c8,2,212.59,84.445,telephony
a5ae8400fc9fcacd4af585a57bbf264a,2,267.32,105.0,pet_shop
a5bbc554f75cf4afa2cd56791015ec27,2,127.76,55.0,musical_instruments
2078312a2dcf1fcd8a38eabcf5dd033a,2,132.53,49.9,furniture_decor
2083a6feb4bbb31f6abc92fc24e468c0,2,47.58,7.0,telephony
21d2fdced5c69bfc6539b67908a4ad28,2,403.39,178.99,furniture_living_room
21fb5057dd6a737df6851a7ab7a130da,2,174.56,69.0,furniture_decor
221682b067ae8e8460ae2517e7e25e11,2,130.18,49.99,health_beauty
a322cb898d31adbe4a4de692f4bc0276,2,347.39,148.0,sports_leisure
a334304f952399f2161225628a9d2891,2,183.35,78.0,health_beauty
a35c14eaa384acf7aabbbec3bd76fae6,2,123.16,43.98,housewares
a386ec77b61471988e1b10cbd6cbfdd6,2,218.32,99.9,computers_accessories
a3ceb95649a48c0c54ae4bd1dd66d035,2,311.09000000000003,135.0,telephony
a41be7a2d5be5248080b227a53fe3937,2,105.38,39.9,home_construction
a42d9c825894f96fc6ed02610891454d,2,187.35,69.9,sports_leisure
211293b50935ced8d4370f552c482d74,2,55.980000000000004,19.49,drinks
216bb0e0cd43ffd832e0973d35e0377e,2,106.78,46.0,construction_tools_lights
ae2531af4f44882cd7daed3b429d8744,2,46.18,14.8,housewares
ae27a5524edb2c8dc4656c670f458fb7,2,150.43,52.75,housewares
ae52b85c8712696950e9287398316251,2,181.61,72.295,construction_tools_construction
ae6b739ab6e9d7991fb2ddd70f9c0b6b,2,119.32000000000001,44.1,housewares
afb2faf85bb85d4a5c466c8b7258f5ab,2,257.83,109.9,baby
afdb06ebeca917512783bcbaa8ed28c0,2,293.94,135.0,auto
b042c934bd8f4316e7b38633aa14266b,2,247.02,109.9,baby
b07499163c612b591ce1621452672e69,2,501.44,223.87,computers_accessories
b0867df586a8d9be80c7d49aa7dacc8c,2,143.02,52.17,sports_leisure
1c8ddcbd9abd12c51979969411f0b110,2,144.96,48.99,furniture_decor
1c9b5793de6c3d9117b6218552c87a8f,2,43.54,13.99,perfumery
a1e9b0d76a76ff474f4a4374fcfb8c42,2,116.22,42.0,sports_leisure
a1ebb47a48200e6566603de49b83f621,2,613.64,274.99,sports_leisure
a1efe4a86746c22541813e22e1d23e33,2,372.52,157.4,bed_bath_table
a226729b96bbb6962f9f8fc6a14db590,2,493.92,209.98,office_furniture
a22f707cfd269773138c3bf3a43f6180,2,176.32,45.9,furniture_decor
a291cc846d74d97f01611894f983073b,2,436.38,189.9,cool_stuff
a2da86fa759178e9e58e54aa1a144e59,2,72.65,24.99,telephony
2196663031bcde078cede855ac0b5739,2,173.97,66.5,sports_leisure
21a60ea134ec6f7e1544c4c71b998235,2,41.68,8.99,bed_bath_table
b0ff78dc1b5fdca6b5d9ec76cfe4cc3b,2,224.7,70.0,furniture_decor
1bbf3c5abc34eb8f1d884a7503b7764f,2,417.1,199.0,health_beauty
1bef08f119466a85a83919d5b80facd3,2,59.55,15.9,bed_bath_table
1bfe62f326ac7bec0f5a83c10cfff228,2,125.31,49.95,toys
1c47e837f2780378d8485d04ab83a45d,2,122.82,45.9,health_beauty
a03e401d58a45187271718c5d7610422,2,698.98,320.0,housewares
a058bd781185e59b75160f5133afad9b,2,391.22,179.49,auto
a12c9204f6f9e90ad1d8ba5571fbfed2,2,82.37,29.99,computers_accessories
2229e1a49998dfdfb513683e0e378ae8,2,137.56,59.9,housewares
22656f41604127818c5984157e52bda8,2,270.98,119.9,fashion_male_clothing
226be9996759442f90f73b7d24c6baff,2,170.5,40.5,housewares
22a8168cf1f1c6347da8d29863b7f75e,2,624.85,297.5,consoles_games
a1bf559ac1eab015ba992bd76d9d76c7,2,71.16,23.9,computers_accessories
af35be35db4ad0dc288b571453337376,2,53.129999999999995,10.99,furniture_decor
af91083bde899b201798b52ae89babea,2,179.06,64.99,health_beauty
af9418dfcdd7f19b51906a2f32cd6bc0,2,294.99,129.0,bed_bath_table
b142d7aed19ed6df9da4eafdc297afde,2,158.85,59.0,computers_accessories
b17184dce2f379b2a98393d8ae885611,2,257.02,89.0,furniture_decor
b17808303e15dd50538c011b44295427,2,170.98000000000002,68.9,bed_bath_table
b2fbf8beb178c391c49d80fa8c4435b6,2,162.19,65.0,books_general_interest
1b7b45fba5ad23e8117914f8b36e6772,2,344.7,154.95,sports_leisure
23e8820ae7d5a7aee1299a1923876b78,2,118.22,50.0,baby
9f683084a0b0211109fef6e538cb4767,2,125.1,58.67,bed_bath_table
9fa0c72476690fbc66bcacc498fe7fd6,2,113.33,44.945,computers_accessories
9fe172fa8e662ca8572cf12abf8bce23,2,133.48,49.9,fashion_bags_accessories
23227b07fc69250d2fa4be6602011aea,2,176.71,64.9,bed_bath_table
23384f296aa1bf6461d22912093a9847,2,69.61000000000001,19.994999999999997,bed_bath_table
a009a84a95de59e574851aef710ee0f3,2,79.96000000000001,27.95,home_appliances
1cc61b32763a4d816212b3507b6b6c59,2,1138.15,524.9,books_general_interest
b09790edda54333116f9cf1decc580a1,2,75.11,26.15,bed_bath_table
b0acce29b45d9b1236d4787813058afd,2,136.64,56.9,health_beauty
b0cd550945da1de6eb9cb69595d540df,2,214.02,84.9,sports_leisure
9cbe4a1fd4db99c14512e9b2ff033ec4,2,86.0,27.9,bed_bath_table
2423252b2432f1803e4f29e0974c6cf7,2,347.46000000000004,154.9,toys
242e43e16717ea0a751d98a83b773d4e,2,100.44,31.9,construction_tools_construction
242ec3ff603c92ddc1e59d83b9e40a2d,2,92.65,27.494999999999997,baby
243332c5551ef72c46bb6885fcaaa848,2,276.18,120.0,health_beauty
2481a472d98c582b46bc2dfeae6f539f,2,146.54,59.55,furniture_decor
9cfb95272c4cd1e98619d3bdea888a7c,2,474.02,207.49,cool_stuff
9d395a6bc9dbad2dfe60c8c92d8df397,2,335.26,148.0,furniture_decor
9ddc4249779322828f89d2a9c04f7ee1,2,274.25,105.83,auto
9dfb2984ab775b6175202b9e9e678641,2,135.5,50.0,housewares
9e10eb05d9f369d5c38c475425cc2ee9,2,99.45,35.0,telephony
9e2ee57a77fedecd33b6914e9cf61199,2,94.8,34.5,health_beauty
9e4a852f41aff52bafff133d9deb5eee,2,259.86,114.0,stationery
236c8998f9a6e6150cdfb75fed83c15d,2,531.95,252.0,sports_leisure
236f3599e6d57eeb5eb9535b2c88b231,2,224.07999999999998,97.4,toys
b12c4b01322e1befea8465bdf7fe2360,2,676.5699999999999,324.99,toys
1b8ee158f59c098470fad33f39660964,2,339.08000000000004,139.9,furniture_living_room
1ba039173f93b4ad2c34545eb1f64f24,2,733.38,349.99,health_beauty
b3bf52e880d6c9f4dd7e34fb682d5054,2,104.0,40.0,sports_leisure
b3e40ff639c185b9d726b4b19c17e6cd,2,515.48,229.99,cool_stuff
b3e62451b0073eb78f48426d3832b8d2,2,762.05,349.99,housewares
b42f9966116a4518f832f1a13ec8456a,2,82.27,15.0,electronics
b45755e01d70d935e074cdde682bed74,2,210.38,89.9,bed_bath_table
b4693721011686a49e4b8fac4e527dde,2,145.1,38.4,furniture_decor
b47f7c9903cbd0bed2968a1b4cd21ed6,2,236.54,99.99,garden_tools
b55dc1f03665edbb665ad508d87d3ae0,2,83.7,28.99,bed_bath_table
1acb18fc869c5489d5f76abcd681165e,2,303.24,135.0,sports_leisure
24dd446745b812ef3347d7ae00f5541f,2,226.84,95.5,small_appliances
9af7b4a3262141c12ba9bd489a8573c7,2,131.44,47.9,market_place
9b125b82780e1bbb7716c906ff46f89b,2,145.05,59.9,pet_shop
9c422a519119dcad7575db5af1ba540e,2,127.42000000000002,54.99,computers_accessories
9c7ce59c96e74dfdfc51f13a4a6c3869,2,88.2,29.0,watches_gifts
1afdb4e17af189582b06591ae8a031a4,2,114.00999999999999,44.0,fashion_bags_accessories
1b11571a0535a643bb18db34b84b7334,2,175.64000000000001,69.9,cool_stuff
b5b5a82ce5f1987b7e670f37629be51b,2,147.14999999999998,59.9,health_beauty
b6e352d888ba31d8999af279cd63aa24,2,150.91,59.9,housewares
b73091f98b819cf7a339f74ece86aa4b,2,150.24,59.9,fashion_underwear_beach
b73f6899a58fe7a37e55149e9a11c717,2,234.78,69.98,office_furniture
b75a056d7d03227c3a3b60e9ccf518c9,2,149.02,59.0,auto
b800d7bb8cd5a7093dd099a367d1dde2,2,909.04,436.5,garden_tools
b80921007ed3f68cf6e536e6daf08610,2,91.0,29.99,telephony
1a6c9da4039deae58c2b769f049ae121,2,239.15,97.0,housewares
98e91d0f32954dcd8505875bb2b42cdb,2,151.06,59.9,air_conditioning
98f129cbe241892b96fca3363f2caed4,2,902.0,396.18,construction_tools_safety
98fa242dbcad30eeec98b1187ef08db3,2,44.08,14.49,fashion_bags_accessories
99b89f140f651db441848081814dd1a1,2,429.87,195.9,computers_accessories
99f265229d46f700208ad7cb1ff48aae,2,121.65,42.49,telephony
9a075ce513162a3fb49c28aa1b6be52a,2,381.25,179.99,watches_gifts
25f86162fee18735fffdb762dcb10d7c,2,380.82,159.9,bed_bath_table
1a758361b1c10b3ffe3d3373332de319,2,144.76,44.96,sports_leisure
1a909e04ddbc64bda3fc905834678201,2,181.76,76.9,computers_accessories
b883409932bf862f43008f116a06cda5,2,420.58,175.0,construction_tools_construction
b944aabf1fc45c01599ee96c7f4d533e,2,59.75,16.9,electronics
b9976e9c22fb1540bd71d1bcd2989475,2,283.74,127.99000000000001,arts_and_craftmanship
ba9943916136c9959e24f71bdae28faa,2,138.42000000000002,52.4,computers_accessories
95c2c14503645a9f87cf2401c523482c,2,67.6,18.99,telephony
95ec3f7e237a87df9935a570ab6ef266,2,325.0,156.99,bed_bath_table
963022ab2afed8b12ad312739a142b07,2,203.35000000000002,89.18,furniture_decor
964093075b6885bfcc6520dd216e4d8f,2,79.38,25.0,housewares
96b4ceeea5f4e3997ac6543f49a4f138,2,147.57999999999998,46.9,perfumery
96bdf83ce8bcf48510e8a8ab8b5fb660,2,77.6,22.49,fashion_bags_accessories
979473e8af1d4eaf4b889a0ba32834ce,2,144.66,52.99,bed_bath_table
97c57b8428f6b7a7597248a02938681d,2,942.78,328.9,office_furniture
252641aa4855aef622089db60c4ad90a,2,366.34000000000003,169.97,cool_stuff
bb09e8007aff97a9452967b19430cf53,2,198.68,83.0,housewares
bb48c8fda6bcf73c9a0178fd1a1a366d,2,123.25999999999999,44.9,bed_bath_table
bb927b73a53da18d3609acf60b8595e9,2,328.06,139.9,sports_leisure
bbc9e653c2f5794542ac3867ab5ab757,2,105.22,36.5,bed_bath_table
bbf920aa6ac72007a726e6f419156f8f,2,115.0,39.9,furniture_decor
1937b3e587fc766c8d1cef0c11c6aa53,2,127.70999999999998,47.45,sports_leisure
195d8e91830247a20eee5eb4c4236294,2,598.36,279.0,cool_stuff
2636a9812d151c718b53387171ce08be,2,83.86,30.97,health_beauty
265f4031e6bbb8ee2c1590baca25c89f,2,46.58,15.9,auto
94f584e1a1158e97314c59b190dfb899,2,722.24,329.0,home_confort
9523f1a3e7db9e38d55379435bd450c9,2,334.7,134.17,baby
95578be74a242e7a0eae084908bbb5f8,2,860.92,279.9,office_furniture
9565229244e9341fb8c8069879cf73cd,2,315.87,144.9,bed_bath_table
259df46ee92a13043ed24ebabb9534fe,2,159.22,60.0,furniture_decor
25cf184645f3fae66083bf33581b8f13,2,351.73,154.0,garden_tools
25d6edcd216a9ee579f19f92d694f7d5,2,66.67,12.97,telephony
196616257eff8bc851dc4fc041cbbbe9,2,262.07,109.47999999999999,furniture_living_room
bc45f8d4954ef77dcaad81627640cb2e,2,159.93,49.7,furniture_decor
bcb73e60afae97b054a92e2a80759091,2,92.08,18.0,electronics
bdb71a735c94e9c7779d5d2084d91698,2,206.72,80.0,bed_bath_table
bdca5879b3afce0e138e71a68ad26d04,2,483.86,219.9,bed_bath_table
bdcf6a834e8faa30dac3886c7a58e92e,2,110.05000000000001,35.9,health_beauty
be1c4cf8a2d2aade623eb7a646d2a0bc,2,165.66,70.0,bed_bath_table
189898d15ec809a4ca45e1ac2221dea2,2,102.22,35.0,computers_accessories
91442659f31ec0f0fc73215e77854fac,2,145.26,55.0,watches_gifts
91b08d34d0ba4db44da2dc382867ba49,2,49.08,9.945,telephony
92503fc18ca14a8f32c182ce3f1b9f05,2,91.42,29.9,stationery
9257d3f01cd400076c63470f92434c7e,2,104.22,34.9,cool_stuff
9453bde60c4ee52155c963641736cfc5,2,1021.1200000000001,490.995,health_beauty
946344697156947d846d27fe0d503033,2,95.4,29.99,bed_bath_table
2624c8b856235b0499572d609ffd0930,2,522.74,249.0,furniture_decor
1a0971a6f39f04118207a7308d451e9d,2,457.57000000000005,199.0,stationery
c03500a4a72be532834b3d947821d519,2,146.42000000000002,59.9,pet_shop
c06f7984550cc89a7d76e51e936e714f,2,99.92,49.9,furniture_decor
186b6a12d98fb8471271f204a82a7937,2,165.16,74.8,construction_tools_construction
187e7d92b8168c3661824809d0c5dffb,2,290.33000000000004,119.9,health_beauty
8f2a61109d01cbda2cc6cdea233b1102,2,116.26,39.9,sports_leisure
8f6830779a08a96560ec9f10e13d8fc8,2,68.25999999999999,18.9,baby
8f83335d6508c667813ff14dc437bc81,2,277.17,128.5,perfumery
8feb43a054893da80044ad0f693fd0ad,2,120.62,49.0,electronics
902a8b8bb0768e8562edc2d903337812,2,112.86,37.39,baby
9048cbd294fe0c1a3ec8c8248bc2cadd,2,203.89,79.4,musical_instruments
905b384ac5667170689505bbf30f1d07,2,185.73000000000002,80.0,bed_bath_table
90887320b08d184abea26df9426a01e9,2,144.1,49.99,construction_tools_construction
90aa2ab699cd0e459be93124aa91c82f,2,261.68,114.9,bed_bath_table
90e7f883fbd53dbb43ea8c32eb63ebe9,2,251.17,94.99,construction_tools_construction
90ef6790cfc145cf45f9c476d1f47af0,2,195.20999999999998,84.0,stationery
913580fde3e72c3b3e4ce0b79963bee6,2,44.81,10.99,fixed_telephony
c1617123e66d2491ca93ceadfd36203e,2,140.86,52.49,bed_bath_table
c1d14f1a3879495b9df24a6c48880642,2,186.82,75.99,health_beauty
c230b471b7e21ff9060e68ee154afd70,2,168.45999999999998,69.99,unknown
179363fe9f0eee05ad34df83c160dbcf,2,122.02,44.9,books_general_interest
28ac89c113ac960ad954042de30dd52f,2,146.16,58.5,sports_leisure
8d98dedc3c19de17f1a090195e85d6b6,2,135.06,49.9,toys
8db8c6b5b338e7a8d3332037c2c218f7,2,75.36,29.9,telephony
8e35752c1597713f370e8e63cf0dd338,2,47.56,10.99,garden_tools
8e3eb37785e42b6b3721e459f1bfaaef,2,247.7,100.0,computers_accessories
27a8b41684f77dd86572fa185bc143ba,2,106.66,35.7,computers_accessories
27c63413ca2806bcab40a31d0f862a59,2,604.34,282.3,air_conditioning
282689e1e4c5d32efe135668c32b6722,2,711.6700000000001,320.0,cool_stuff
283dc451ad3918badb976d56ff887289,2,221.39999999999998,94.9,bed_bath_table
bea978771d1c453faf756fa71f3bdd70,2,635.7,299.99,toys
bef82b9c3489736794c29f6d4a686ca6,2,92.6,28.0,computers_accessories
bfc0d01be79d9038c7720f983bf954e0,2,296.42,133.5,watches_gifts
c2fb73db15e28aa021dcf7b2856fef27,2,292.37,119.95,baby
c329abd2a10fad4a2f83377956328c67,2,150.85,58.849999999999994,garden_tools
c32b1155b886162db8e1ec114699a799,2,153.16,56.99,bed_bath_table
c33a764dad4f6747f7c56115bb8d5bb7,2,150.12,61.4,computers_accessories
c344623528c017d4fa7c51cb56d17a98,2,793.22,359.9,perfumery
c349071c40ca2919f27bd3d6a2fb6fea,2,1084.47,484.9,stationery
c3504adf8e5bbfd1978d29a00c2075c5,2,169.14,69.99,pet_shop
c367cd626353eda46b3db64e735c2f6f,2,101.46,37.8,baby
8b51c6ccc9c0548c951214e1cd1547ff,2,158.79999999999998,59.9,bed_bath_table
8b5227e28272123eefd613a10ffd7704,2,1076.1299999999999,521.5,watches_gifts
8b5632d7a4f86bd2f1331355305427e6,2,413.77,174.0,furniture_decor
8b6ede776c9602a1db79d27547ff8253,2,113.58,45.0,computers_accessories
8bfcd04b543971c83e16de0ab446407d,2,97.32,25.99,housewares
8c38d21062ec6ee492c3500d01150b7a,2,49.19,13.0,electronics
2852bc2e54973155081dc04bff585ac4,2,77.5,24.99,housewares
288dbc06591742c5d7fe90fbfb08943e,2,304.8,129.8,furniture_decor
c420c13056340a00e4cd63fdf6e4f4fc,2,70.75999999999999,22.9,sports_leisure
c429a719cac9a29bfb5749d8f9043dae,2,177.79000000000002,69.9,perfumery
c46c87888b081cf424913fd74b9b6e87,2,213.78,91.45,health_beauty
c4ca2da40ac17c4b52688ff9a7c041b8,2,60.620000000000005,17.99,fashion_bags_accessories
168a1b76a7598bdaefdc552324c1bbfb,2,174.76999999999998,74.45,stationery
8a4505505378c8f5d983f3201e9c25da,2,206.24,84.75,health_beauty
8a4c5d65d3fa7a37204ea7f8538f91bd,2,68.72,19.13,small_appliances
8ae7db511529da9af9685c9d0375bd82,2,345.45000000000005,154.9,consoles_games
8afd2ec5bf821e4d1a061e7ca31cac24,2,283.49,125.0,watches_gifts
28f61ad35fb219e9debd750a73b63985,2,113.66999999999999,41.79,computers_accessories
28fb90993dc41cc9bd28407d44c581ca,2,118.3,36.0,sports_leisure
293ee8ac0a45f559cdeba37b938fdb66,2,140.07999999999998,55.6,bed_bath_table
2947c2678aab0b7bfc86dd062d9c3318,2,374.40999999999997,164.9,perfumery
297b52b57d258e1a40202d4f9fb7e38a,2,96.26,29.9,health_beauty
c2bd6687fd8abe764233efb9c4a3c27d,2,130.2,49.99,cool_stuff
c2c00c360a8407127ec5393828933bc5,2,49.18,15.99,stationery
c55345c89c1bf659ac0e4164498658c2,2,163.78,65.0,health_beauty
c5841303f830680eb1cdda8be0ff35bf,2,99.66,38.0,stationery
16241e79b047426033194065d8b321b2,2,82.52,29.945,furniture_decor
16679d68bdbed3fb97af806424d7f2b7,2,73.74,29.0,health_beauty
c689470c5a069795896edc7b896d9251,2,134.49,49.9,bed_bath_table
c6e3c9a59b663e36a8b95b2dde81fa33,2,327.77,144.0,sports_leisure
8904945d082f72652bf4a89f155c83bb,2,423.6,199.9,watches_gifts
2a4d7470cdcf5e02f7ad83e56971bb80,2,314.81,115.9,pet_shop
89d49f6d10ff422902b2c2cb05da7f1c,2,133.98,49.9,computers_accessories
89e4362d74afa10ac57f8d67210132a6,2,215.43,93.35,fashion_bags_accessories
17823ffd2de8234f0e885a71109613a4,2,581.32,274.99,unknown
c36bbb0e95d7546794ee5170baf0df93,2,88.74,18.74,bed_bath_table
c37e775cc9f2dd910db751444447fa3d,2,39.54,11.99,electronics
c3e275e10cfd7f3b56f7f657699cfafe,2,294.99,132.4,bed_bath_table
c3f8ee7e05c01c61ab863e336b0f2e5e,2,580.76,219.9,computers_accessories
c413fa08b405af6edb9d49e85e241c08,2,54.56,12.97,telephony
c73d4f0d7a3313381d04c5311960edf0,2,307.5,88.9,furniture_decor
c7fd13b5e515bffdab855d0812842edb,2,186.62,78.0,furniture_decor
15859e3a8aaa3c192c10a91d8722abd5,2,625.24,299.9,health_beauty
159dc4423e5092c3baa443379a458fa9,2,966.5,463.995,health_beauty
16007704980fa90718364a0dd747133e,2,297.93,132.9,health_beauty
1612209b0b37fbe80e1e8e1b7d19ca1d,2,233.74,99.0,computers_accessories
8814a3da37fb9673a5ac06f82a2a00a9,2,184.6,59.9,furniture_decor
8817f0cda3d5b42e5f949ee3be9dc80c,2,109.92999999999999,13.99,perfumery
8828464e34fc3da3892f568218e14d61,2,93.08,34.0,health_beauty
883cea107372a7f07b5830904f74952d,2,176.5,64.99,housewares
2acce4db469045e8f9a863028abce19d,2,57.17,17.99,telephony
2adbf3f442344a158c04cb59b8db107a,2,439.25,189.9,fashion_bags_accessories
2ae40c35ef6620f730a55329d0cd3301,2,233.29000000000002,99.0,sports_leisure
2b0233a7e7ded4751e8e3812f9a4553e,2,70.68,21.49,computers_accessories
2b0c892ab2b8e600a0b186db31f5947d,2,197.76999999999998,79.99,sports_leisure
c5038055690911ed8e218cceb07acdf8,2,792.64,368.9,sports_leisure
84a5ff7347e4371b23168a1b69f2409d,2,279.24,129.9,stationery
84c79830527ae823029ee6b904cf948c,2,118.09,33.775000000000006,costruction_tools_garden
84dbf59971e2dd6aede4b0e0b1847a54,2,74.18,20.3,sports_leisure
2bb3e85f2a403543fdb64e266e70c792,2,810.6,329.9,toys
2be2be0a6a5916840503fdf50808ebcb,2,81.12,24.2,housewares
2c1cc48126c2bdca9e59a300ade4f1c8,2,94.58,39.0,toys
85d4c1a46f08f730de651ea6f6645313,2,145.07,59.0,stationery
86ecc269de40ba13205e7beeee12f26f,2,75.24000000000001,29.994999999999997,telephony
87283a98b24f9f1ac3a31b631073cf47,2,115.36,49.9,fashion_bags_accessories
875e0d1c97176d76e9b04c98d06383d2,2,365.78999999999996,145.9,baby
876a3339df70e1a65e56eb7715687787,2,305.1,135.0,sports_leisure
8792fbc1d128e768d160a74148aedaaa,2,229.14,99.0,sports_leisure
2b3b11d70c32fbfc8e850fb68985a000,2,224.98,89.99,musical_instruments
2b4662eb979b4254e70b334e76ba0470,2,301.44,129.0,bed_bath_table
c7287c42473206267a78a2189981a42e,2,219.44,89.9,furniture_decor
c73628b1c3144b2e0c9c88072f21a213,2,263.89,119.0,auto
caca7a42829960b94895b50412925a0b,2,1158.54,553.68,computers_accessories
c82f1b01c42306423e552a3df6875291,2,175.28,69.9,furniture_decor
c853cdc7ab9eab59b04f753cd9a2f27b,2,76.88,23.7,housewares
c8abdbe349a97073e7aebc795be55bd8,2,272.6,115.0,sports_leisure
c8c073a1cae6a98799d7581958ede514,2,1123.65,540.75,home_appliances_2
c8cfa622661e047ea2499f8bce4731a5,2,299.87,134.9,baby
c8e3a7fd4e2565e83122a3c9b17f7a80,2,242.48,89.9,computers_accessories
151133751552ad5bdd6645dfdcb0e728,2,182.32999999999998,75.5,bed_bath_table
1533438056d9a9bcb1295afd304e36df,2,88.0,28.9,furniture_decor
15416967b480fca6c3ceac3335e57c36,2,124.63000000000001,47.99,housewares
156fef830e2c8871e3f1bf4dadf8e312,2,89.0,29.99,sports_leisure
1574ed2c73e4465c572f68dd77528203,2,828.32,379.9,unknown
158102fe543dbaeb84d87811bfe06d0d,2,85.05,17.9,furniture_decor
c91fd1bf3e75d3b29370483ffda5eee0,2,82.06,27.99,telephony
83d55cbbf59542a0cb94f61387889254,2,117.5,46.9,cool_stuff
844c6d466a0b3ae37536094e43dc4522,2,99.25,21.99,telephony
cba1a3cf642112a308969fdb2c9f687d,2,136.0,54.95,construction_tools_lights
cbdb31ccb8741d52e26bf2a42c1648d1,2,180.23000000000002,74.9,housewares
cc1cb33bcc814aeaa4631761a34bd23e,2,166.4,69.3,furniture_decor
cca44f5c2c4c50a416b7ee155a58b2ba,2,1014.99,492.04,watches_gifts
ccb162ed569f47d83f62aebd5700d7ad,2,318.06,139.0,air_conditioning
13db47eae724e2848e12b71a617a3a41,2,1013.35,483.495,audio
8232a265a535c1f886b38335667be2a5,2,151.24,59.99,baby
827c4a77226a3e7ef259d61eaa775df9,2,104.76,39.9,furniture_decor
829002c1d5f40820ebbc6ecd4bcdf3ab,2,399.34000000000003,150.0,home_construction
82b73150f90f4fef92913e35b9984bb7,2,239.51999999999998,94.7,housewares
82d7b276f49e72ffce78d10b20518808,2,52.76,18.99,books_imported
8340594577e768fdc5ceb3c3973a064b,2,143.82,59.99,furniture_decor
83b00325c13c44245b2c3a2befa62a0e,2,394.27,169.99,baby
2cbd0f06c3123f0bd14c4bffc0498996,2,97.34,39.99,telephony
c98758f52b522bc5fb31ab10715553e2,2,215.14,100.0,sports_leisure
c9d1849f97b6fe404378805a105d64ec,2,221.96,89.9,housewares
cd46a885543f0e169a49f1eb25c04e43,2,234.35000000000002,99.99,computers_accessories
cd494d8236315646d34e31b09c5f86a4,2,156.4,59.9,health_beauty
cd935d283d47f1050c505e1c39c48b67,2,170.28,69.9,sports_leisure
cdeefdce9704b2a961a01e89b1f19e7b,2,518.47,240.35,computers_accessories
cdfbf89ab41de77f2bc60c0194c00d37,2,80.32,29.99,telephony
13050bbc5cf6938a3760e43f1a845fcd,2,138.66,49.9,bed_bath_table
1347d4320dcd0acd750e37bb3d94a918,2,315.13,129.99,home_appliances
2e9575efe2eb834f5673cb75df8537f9,2,536.5,249.9,watches_gifts
2eb6e8f39feaf75fc5163f774d38f0f1,2,213.29,89.7,pet_shop
8100d323ffa1909cfcf9fdf05f20b678,2,342.44,152.9,toys
817a6779721af586b76778eb4fdf98da,2,424.19000000000005,189.99,furniture_decor
81de659bfde3389fc8614bfba92e585a,2,565.6700000000001,240.0,furniture_decor
2d760d94cb67db3551e9a01ceb060161,2,101.82,31.5,computers_accessories
2d7ec74c6f93ad8234f2e29817b2827b,2,301.26,132.45,baby
8215db96a612d69839c27866feabf350,2,92.28,32.349999999999994,health_beauty
cb074bc171407ab2a90167782076e919,2,101.86000000000001,41.95,home_construction
cf6514025ef5d3a93d69d2a7bfa4036b,2,66.37,17.9,bed_bath_table
cf78006a2a6b0429b9663edd99bb38f9,2,642.1600000000001,299.99,furniture_decor
129de02d0ac6adf4f77c41bc157adbeb,2,62.400000000000006,18.4,auto
12a3dba07d03c2dedf0c40d6499b55d3,2,419.03999999999996,189.9,furniture_decor
12cfb75a481057d8c401f03f870a3305,2,139.75,54.9,sports_leisure
cf8316c961640d38321241895b7811c2,2,280.13,124.9,bed_bath_table
2f178dc91b792930e1ff40a77a123506,2,847.18,399.99,telephony
2f1927c926303d27159849d2601d5d96,2,228.44,104.9,sports_leisure
7f0c80d54ee3b7b11646f4eb9a087d69,2,184.56,64.9,housewares
803f77475e1b51b47f1bfec4f2ec353f,2,165.07,74.99,auto
808190a48d18d09af357796e2b30d932,2,392.22,174.4,toys
80c8ded77011b1d2c8e3bdbff65eab23,2,272.1,124.11,health_beauty
2e64d11879c5bbda600381dbb5452a38,2,201.92000000000002,81.9,health_beauty
2e830c73f28d3b8542af03cf2637dfc4,2,58.08,15.75,electronics
ccc61dc31608c5b78cf0cbe85582fb77,2,300.51,139.9,stationery
cd2ea14a901da3b47b33516f3ca6929e,2,166.14,69.0,health_beauty
120fa011365fc39efe382cba4e50999e,2,384.08000000000004,179.9,bed_bath_table
122cdd27eca7a057e97242c3642c5645,2,51.540000000000006,16.89,sports_leisure
2ff995aead9c63a1f37a07b3664ead37,2,211.14,72.49,furniture_living_room
7c55ea4aea1acf1ce11440010f5aa298,2,848.67,399.0,housewares
7cfb84c1323fb861a17478de42b1839f,2,287.57,129.9,bed_bath_table
7d1a667dbc183583078324f912d42c6b,2,255.06,112.0,sports_leisure
7d3297b1d734f63d40632fcf8e1a2cec,2,72.86000000000001,24.99,telephony
7d537f37cb20c7ccb74397390322047d,2,192.64,84.52,health_beauty
7da9810448a8f92f73339d58b1dd73a9,2,73.78,18.99,telephony
7e646f7e1e428a1ddde5a18dd9d42e95,2,277.2,119.99,office_furniture
7eb96ea641252f20b26fd6878d009a1d,2,100.77,40.0,housewares
138dac44dc568cd36c6f1d1e5e181d5d,2,109.0,36.9,auto
ce6f74096c84567f22728c84f3d6e7fc,2,269.14,112.4,bed_bath_table
cf28a2b7bc92809a0574cf07772c88c4,2,76.75,24.9,bed_bath_table
cf492edce9b45b948fae7ca5cfb4c24c,2,213.9,99.0,air_conditioning
cf5407ad3a5c603fa46d5c2613661a09,2,87.8,29.9,pet_shop
d22bbc02259111e107ee7916637d4791,2,165.83999999999997,69.99,sports_leisure
11068d52d5927407c556ffd893c3feae,2,178.34,78.0,health_beauty
115e606ac8059e4cfa1c6c3310fb365c,2,123.6,39.9,computers_accessories
d272d0921188b0bd91542d704b21404e,2,38.269999999999996,11.55,electronics
30a6a74ad9391b95bfc088f875ce8cfc,2,81.48,25.18,sports_leisure
7b66dd141e94feae8c845e69fa60ac9f,2,149.93,49.99,sports_leisure
7b951373f6045db69ff7a2e4d8c40071,2,439.88,202.495,watches_gifts
7bba94ded780db46c857a6ce6db81c5a,2,48.24,8.89,auto
7bdb28a55646012fb3348058d629d9bc,2,196.52,59.9,musical_instruments
7c1e2b3fa0233e46fb3bcdcb9919a72f,2,251.16,110.0,stationery
7c2d0df8e5fbfa71d54a400b33a8502e,2,216.36,96.45,health_beauty
7c3dd2ee1b4512bc2c741154fc0d2ad3,2,51.7,14.0,home_appliances
2fd89f236e3e8f4b81b7b74f09f40186,2,94.43,32.49,toys
cf8c83ef74f69705d1bec196473b1b45,2,59.88,20.0,bed_bath_table
cfd414b4463647f58c7775eaae06893d,2,234.38,98.9,health_beauty
11dc4053871ff53ff79fb1fc7e6b160f,2,235.87,99.0,sports_leisure
79938780eb7ffb7289f59a9a283bc06b,2,155.2,59.9,health_beauty
30f2abe62a0f5fb21e4361e83e19f3d8,2,180.62,79.9,fashion_bags_accessories
310b40ec41fbfc061e5309006482e68a,2,1070.7,515.9,books_general_interest
79da264732f717f10ebf5d102aa6c32a,2,91.08,29.99,telephony
79e42c4fa2bde6e0c828d23c4fb7df35,2,159.98,59.9,musical_instruments
79fc4c7da6812091c88d89e02e02887c,2,243.12,95.0,furniture_living_room
7a2428849e8c9e1cfac00494791ca876,2,121.2,43.0,bed_bath_table
7a27d105703555063bfa42ea2bfb32c8,2,666.9100000000001,299.0,furniture_decor
7a9cf133da2a6494259ffeeab11b6276,2,67.38,20.99,telephony
7ada7bee4052075cf6310885da8c4392,2,185.14,79.0,stationery
7afa8c8eca2a26b599823eed4975a820,2,376.27,169.9,housewares
7b31b39ebebeb8282009c48e5587b1d0,2,228.2,94.99,baby
7b4d5bca6951e2d3f89fa2bdfa6791aa,2,37.63,9.0,electronics
3006b8f5b476750a03137c1b2755cea1,2,286.86,126.12,computers_accessories
30469bb5ea377eae7121981e2f0778e4,2,285.15,113.0,sports_leisure
d1fbb5683c8e93f314d0f2bf40d07761,2,233.06,95.03,bed_bath_table
76f2f7a8fb20b4d5abffaf4a2599153a,2,178.68,72.49,sports_leisure
7703b8cb5b77fbb36518ea91e2ca734f,2,99.87,39.0,watches_gifts
770c257cdfc072fb50ebf2bbd6696fe1,2,163.32999999999998,69.9,baby
31639956e7fac87ecfd9d608040638bd,2,221.95,70.9,cool_stuff
31699327e8b1095210f7c48d91fc09f0,2,175.29000000000002,76.2,bed_bath_table
316a71b4e7fd164c8f70e6a505044a69,2,110.2,40.0,home_construction
317a06884480d645d7f0bc82455ec277,2,205.89999999999998,84.99,computers_accessories
77f896a49e4b52c7886411acf219f98f,2,551.12,259.0,watches_gifts
78119fbfa709d07b86f5ccf15043c6d6,2,445.19,184.5,cool_stuff
78819ab10b4a44927c832a21c06849e0,2,1213.8899999999999,580.27,computers_accessories
7893c68e0a8b6e58a70390551e8a84d9,2,228.0,110.0,baby
78b7b1ff2d3f06a589354ddf2f4f9db3,2,624.52,292.9,perfumery
78f29023586e374cdc3773ce0af6bd2c,2,283.66,128.63,construction_tools_construction
79366d6a24de9351b7ca6e3cf75a68ec,2,420.01,193.0,small_appliances
79706e79825f7409ef032653a271fba2,2,517.69,189.99,office_furniture
7970fc94b50ea49cd73d4f2910f2f5c7,2,431.05,179.9,furniture_decor
31b8e7c2a22f3dba5183cc110bdd72f7,2,460.84000000000003,199.6,electronics
d2c277a6bd8e9119fa1a84c70f3eab5d,2,190.44,79.9,furniture_decor
d2c7a1e57b8f3e74095798f867334b36,2,122.59,49.0,watches_gifts
d2e8130fbec52f5dac0571ea1993f28a,2,531.9000000000001,239.99,computers_accessories
d32c445df9d36f1cdfc915ed14ee44cd,2,182.74,69.9,furniture_decor
d370e908175e2f3b39bb7fd33fd4c530,2,65.43,19.99,sports_leisure
d39421ec4cc2bf52e35f8bf00f1ec314,2,139.71,49.99,health_beauty
d394d30215872be4cda2c67c1ce5b981,2,83.0,34.0,sports_leisure
d3c044bd42d84a79e3b0c42662806a48,2,77.36,30.9,sports_leisure
10d2b7a176cd8a35bcae7c15e0e7626e,2,176.38,73.96000000000001,sports_leisure
10d9c039b5dcb3b2a4a4fd507fd187a0,2,103.58,39.0,bed_bath_table
31dbb0d1815bdc83c93f4b3472fa7c4d,2,89.58,29.0,unknown
31fd02b02c33827cbde22902cf80338c,2,90.46000000000001,37.45,housewares
7620a27f1d6747511f1c6f0ddb63c0ef,2,92.81,29.89,flowers
76b7fa5da50b22fe17d1e7bbde661106,2,132.25,45.0,furniture_decor
76bf75da18ed680c5e5d7c720a49e7aa,2,193.73,75.6,furniture_decor
d4484cc239fbd0ac671ab04d931edc66,2,35.760000000000005,9.0,baby
d465fef4e52e46bc9e04996b37789bbd,2,138.78,56.875,garden_tools
d496f7647d2eceba04455a3e682c59a6,2,354.12,139.4,bed_bath_table
d4a8ab90e626911fa92af68c07228390,2,117.28,45.9,furniture_decor
d4e19eb1e5c5d6194af618d3a67de4e6,2,298.7,132.5,health_beauty
101103127867af6d2af98dfb2da6c78f,2,926.3,399.99,furniture_decor
101c51628f18e013a1b2900a8f275fd2,2,649.82,219.98,office_furniture
10714d6a49c0af9ccdab2d806887c5f5,2,171.72,59.9,sports_leisure
74e5e7c0ad09d8fec4d30c75a70a7799,2,168.24,69.9,auto
750dcfda0a9788bba89c94bb82a322db,2,74.73,22.99,housewares
759c85bda80286f647f1f71b847c6457,2,80.8,29.9,housewares
75b4372e69a42f8ae1d908c076f547b2,2,538.87,255.0,health_beauty
75c06ee06b201f9b6301d2b5e72993f8,2,57.18,13.99,perfumery
75d29df6618d4aed0c7860c0be80ebe5,2,130.83999999999997,49.0,furniture_decor
75f3ef6a5cb0f2d5aeef15925f0ccf69,2,537.1800000000001,259.91,consoles_games
7614c62b86a81021243e438cfde78ccc,2,1073.94,503.34,health_beauty
72a30483855e2eafc67aee5dc2560482,2,233.28,99.45,sports_leisure
72d3bf1d3a790f8874096fcf860e3eff,2,102.55,38.25,toys
32f48d8080ba3d1d0cf00475f68cdb07,2,550.26,209.99,furniture_decor
7344630ca6c1a4917e55f35c729baa7d,2,47.56,16.9,telephony
735b17533036ee19f4c943704271660a,2,219.11,89.99,health_beauty
738121d1a5b54545080cef01275446d8,2,115.9,41.9,health_beauty
73c61364b22d14eac780a200b81d34c5,2,81.68,28.99,telephony
740281a23898e6af55b5aad34a41f0ad,2,643.82,275.0,pet_shop
7405b565a367960901d88f91c514cd90,2,371.09000000000003,149.9,sports_leisure
7413f40201dadc558699e8de1cbfa922,2,449.3,112.5,sports_leisure
3207a174f3e42a042883848bbbf6fdf8,2,400.64,186.0,computers_accessories
321fd48981c751663bc43487274e7609,2,65.38,19.9,baby
32ab984210a9cc604931ba8408ec6994,2,526.84,242.0,sports_leisure
32b168004f17c743f16bcf5bab0de982,2,130.95999999999998,49.9,cool_stuff
d3f53b3b397407f469efd4820b1ce250,2,150.16,59.9,furniture_decor
d428453f5428574ccf030518d30d13cd,2,162.06,62.49,signaling_and_security
d51f9e208b88e49c98f6a55649d5df35,2,144.6,55.0,housewares
d5c6f370cae2b55a234255c110feb95b,2,102.02,35.9,computers_accessories
d6771ada82143b0a04ba2cf7690bfcc7,2,127.16,45.980000000000004,housewares
d692d19cee022f7acab76373f297ad6a,2,277.02,127.0,bed_bath_table
d6c69817b519edddbf1b289631b7160e,2,766.76,349.97,perfumery
d6d73c1fe2e8c0e3e90e2421ffa4b963,2,84.18,29.4,computers_accessories
d6fe3b4ddecd4a8393c6a1385de3bfb6,2,487.46000000000004,197.47,office_furniture
33ba4b29d820b397054cc97e892ab1bc,2,78.77000000000001,27.9,auto
33c4b54c2a3e60ac5beb217d833d9f52,2,147.24,58.46,garden_tools
70d01ae15a5d5ee38388b90c0470d9b0,2,223.54,89.99,toys
70eb8ec63fd4f2a0bf8607712407727c,2,109.74000000000001,45.99,furniture_decor
717c660fd7ed52fdaa650d509dda7912,2,81.97999999999999,30.45,small_appliances
719d571299707561c34ba04ab867b32a,2,164.29,64.995,health_beauty
71a5f1c2a5fd9889ef26b5ac22aec9c6,2,75.17,22.4,furniture_decor
722dc14e0848efdb771dca6de2929c41,2,217.57,79.0,health_beauty
729e4dedfa3ed50a3fd4898b6f11c715,2,633.1099999999999,299.9,fashion_bags_accessories
6d5172990dbf91301b99da2fc11c9609,2,115.0,39.9,home_appliances_2
6ddc47ca7a57816752ed7bfc1f9757e3,2,100.5,29.99,furniture_decor
6e2a68aa94eb2a3b5b3499bf2314d544,2,541.0,251.92,bed_bath_table
6e70e2f56d6f07cde6377a05d1679f79,2,186.96,79.9,health_beauty
6eca85eeeb222dea025ec02b288a09a8,2,97.86,39.9,housewares
33e503f68fb60fe165ed992965f2c737,2,288.0,120.0,computers_accessories
3429d7e4892a2df967fae671f4c98deb,2,814.59,370.47,health_beauty
6f0169f259bb0ff432bfff7d829b9946,2,266.71,119.85,home_construction
6f28f90ba66cfbdbe2b962446a0bec69,2,1851.3,890.0,telephony
6f46359e56f51d5deded13adcd1c255c,2,94.44,31.9,health_beauty
6f58431a7150fa91bac9f28f5454a8e8,2,89.15,25.89,computers_accessories
70869aae4d447a8815db20569604a9e7,2,235.48000000000002,98.99,health_beauty
70906e04da1eebf3d1b8791bd09ffe85,2,165.04000000000002,69.9,computers_accessories
338925450cde31710e3fd65b8bac0b1f,2,1736.3,760.0,health_beauty
33a07ea8a7b3dbab277c180e9f1233ea,2,95.88,37.0,auto
33a85d94302e1c6fd9890d9501cf05cb,2,170.94,49.8,stationery
d7d5562fce331ad958ca6f57057b3526,2,171.73,65.99,cool_stuff
d7d794641d5ada503ecda1a6f19199d5,2,66.38,24.9,sports_leisure
d8cabd83757ecf48a7d2628dee9135c1,2,407.8,189.0,perfumery
d902e8400cd0c58b64ea157af940e670,2,354.68,154.9,baby
d918b3f4aa5272c2c3cd088d087ca069,2,324.82,138.7,sports_leisure
d986e4bd747ca20b348abcd013cd1303,2,338.0,154.9,sports_leisure
d99526b1e4fa5f57b8bde34a7337b5ee,2,143.32999999999998,58.0,drinks
d9bdf643d95cb89844c0da1a0df1d16e,2,304.24,132.0,perfumery
d9d4c1378e3c6564f55c02bec84e8f2f,2,141.85999999999999,59.9,furniture_decor
d9e7d13814ea50f9ae1f612ef6b3a1f1,2,121.76,53.2,bed_bath_table
d9fcf1be6830bf510f03d9e6c979e4df,2,467.54,148.5,luggage_accessories
da1cfaaffa7720fe28f26f18d52f5ad9,2,111.91,39.9,fashion_bags_accessories
0efc91aa52d1f0669126d3000a94279b,2,245.63,104.49,bed_bath_table
6d0663c395a253a37880561557f660e1,2,808.0899999999999,374.44,toys
6d07236d4abe99b5b1cbf368971bf6e7,2,108.16,38.5,toys
6d2c812450dd02b2f87495af63f9b709,2,78.35,26.99,telephony
dabb495df6a109d46f8faeca31a1c75d,2,105.16,45.0,luggage_accessories
db25a58a5da5dfe2fd19f2604491bd27,2,168.01,51.75,small_appliances
db31f6c4f2b2a910fab39406640ef294,2,92.02,29.9,bed_bath_table
db91bca0e0253d71433c22ac5acd0fbe,2,277.24,119.9,stationery
0e4fe8b32f8101e9c6e915281498cf1b,2,84.78,35.0,furniture_decor
0e942ba3342dde6fd0f8d2e735ac4264,2,200.06,89.99,bed_bath_table
6b770b5934dbdb29064efdf34bfa6cf5,2,118.02,42.9,sports_leisure
6bd248f93425ceeb625a8a97e2404112,2,148.59,56.4,stationery
6bda6606bb4db26fb219523d6fd40869,2,148.8,59.9,fashion_bags_accessories
6c6a78e0768babe7473b5eccf0fc6076,2,92.14,34.22,furniture_decor
6c712952b8ef62f8d06a0314917400c8,2,236.83999999999997,102.95,health_beauty
6c75a613c78086bc739497cfc7b14f7f,2,276.18,120.0,sports_leisure
6cbe4bd19efc4606eb2a9448a47e232e,2,95.24,38.9,consoles_games
6cc9186dabae23739b55d97cc649c686,2,123.56,54.0,furniture_decor
34dabb8af33b3756cf72df05fb327011,2,174.55,75.5,tablets_printing_image
0ff3339eba4028a9dc569a61229c465a,2,69.71000000000001,18.99,computers_accessories
dcd7a14115098925c83dd54daab99cbd,2,155.37,62.5,stationery
dce24381876a1d59ccc9d00d3dbade56,2,216.62,78.9,garden_tools
0dc3bdb1240958ec9be2c91cba5bcc57,2,116.34,35.99,housewares
0de1e69dff6f40f9f71be7034a8bb8d2,2,659.0,309.9,perfumery
6a94cf283fcc6b16942f0d13f35fa7b3,2,264.65,116.0,health_beauty
6adab229374835b551f6402e0dc53267,2,144.61,47.9,pet_shop
6ae3f85f46a37844372252496c77b4d8,2,434.75,196.2,telephony
6af89b97a841482f79c52765bfe0d699,2,583.64,279.9,sports_leisure
6b00cb3fe05c73d0acef3fd949a34c0f,2,118.41,45.99,toys
352710ec4fab1854c11d4044880afff3,2,63.17,19.9,telephony
3552627a68384dc559f0fd4cce173269,2,454.5,194.9,fashion_bags_accessories
35537536ed2b4c561b4018bf3abf54e0,2,768.5799999999999,370.0,sports_leisure
35a3e0dd6e0b5b84dfd2997546da5df8,2,627.06,292.0,sports_leisure
35b265fd684b08f6f780239bf05a390b,2,136.48000000000002,47.49,furniture_decor
0f0c4960b05d6145bbb4b348423503ef,2,110.74,42.0,electronics
0f4a3e29a1c122f94fe4c48c49d9cfa9,2,393.0,169.0,sports_leisure
de36d205f68196c28c2575937b9e737e,2,656.16,299.9,construction_tools_construction
0ce1e35bdc6af7e582e7ef9363e29b5b,2,88.93,16.99,telephony
0d12d1b700e15453260b6cbc961c04e8,2,58.44,16.9,auto
0d90fced28b749fa0468818d98cb8212,2,137.63,54.3,health_beauty
0da9ffd92214425d880de3f94e74ce39,2,326.5,112.0,construction_tools_construction
68bf40b3abd5ffc25981c25df9ed9087,2,191.19,82.0,stationery
68d89fc0b9f098167d94c8bc6e843994,2,158.68,67.9,health_beauty
68f3adaef1620e7b0c4c7cd9f78d7ed0,2,1646.73,799.9,musical_instruments
69268ea255c0a531db56f066777fdcf1,2,160.98,68.99,books_technical
698b3ddae2f0b80c2a48fb40624ca4e4,2,525.33,224.45,furniture_decor
6a2909ac21d16b721e4795e7e8ff3e68,2,73.56,24.3,sports_leisure
6a4a789c85b5704975300632152e595c,2,253.4,119.0,perfumery
3606696d19bbcad6cb6c0e985749862f,2,107.0,36.9,auto
363a742635cc645c207ce8102de9b837,2,344.61,126.69,furniture_decor
dc0fe1906bacc99199eb46fce442e1de,2,149.88,59.0,sports_leisure
dc881ef926ca402063ea142afc83874c,2,209.48,87.99,cool_stuff
372645c7439f9661fbbacfd129aa92ec,2,256.40000000000003,114.9,bed_bath_table
376c3b8593f2ab163a7c1036e8307123,2,294.12,119.9,market_place
66421745b3128972e1b0dcb3123e8c1d,2,209.08,79.9,baby
665adf6cc6e09e6a770ba182ea6a50f1,2,545.78,256.0,fixed_telephony
666696771a5dd7a28816eab47b70d966,2,264.38,111.495,costruction_tools_garden
66b4cbf7d9a6926661daf377dab0d697,2,312.46000000000004,129.99,cool_stuff
677d8ace413e0060fa8686cde56eaf10,2,533.3299999999999,246.95,watches_gifts
6789e81c62b672bf413759d22ecacaf7,2,47.8,22.9,housewares
67d2c4ee8fd08752a32aae5f878740aa,2,76.06,22.99,telephony
6843fcf2daa799e469f08d9ded452d01,2,212.76999999999998,84.99,telephony
371c121dc86b3821f720e7dbe1928207,2,68.12,17.49,stationery
371fa349d92646bbeea5873df0bcdc5a,2,102.45,39.0,housewares
0e323ee8f8dc60a0b875e9ac4daf1337,2,132.01999999999998,53.455,telephony
dd1759836cc99a88be1a42bf6673abe0,2,368.86,169.0,perfumery
dd47440cb56de3ab674f9208ff0edc3e,2,187.4,73.4,computers_accessories
dd768d259ee6054e0dadd66c8e2be0b6,2,90.22,29.99,bed_bath_table
64d0feb1bcf9c7fe7b5dad3271c10910,2,220.9,89.18,furniture_decor
de80c37c338574091896b7fdc81dc376,2,409.98,188.4,health_beauty
de92134fd940e9302d27c31af4581fbd,2,102.02,34.9,small_appliances
df42f27d852d49828f9f9fcbf29820d3,2,79.64,23.03,housewares
df480c7d3f979093ac4c2d1109e78289,2,1410.55,684.9449999999999,watches_gifts
dfb8e83d3ad8c5ce34db45b25f755b46,2,181.56,75.5,auto
dff96addbfdf534a44ed5094b8c6765d,2,55.74,20.0,signaling_and_security
e04ca4dba6bfe0dceeedca468acf5014,2,85.54,29.9,perfumery
e06f99e79036d681effa3de75989bf22,2,163.1,59.0,watches_gifts
e07fbd0969dcddca941b8c4adec498b1,2,108.0,38.9,cool_stuff
0c71252f37443403376d2008034a7240,2,253.0,111.945,pet_shop
64f905cf518f84bfe0fbcc33bf6f0e9a,2,357.78999999999996,159.9,sports_leisure
652698dafbccac29d78c7ba70dceef10,2,187.82999999999998,67.5,cool_stuff
65c5f70a0cc1d74c36cb5e8de51582e7,2,104.2,37.0,toys
65dfa5d20f4beb1a0f6aad75c004434f,2,519.0,232.495,cool_stuff
65fd9b358b7ee029fba34839e9c35fdf,2,75.74000000000001,29.99,computers_accessories
e3dd5a5b73bfbb610ada4ed74a6612b6,2,171.16,69.99,pet_shop
0c79aab7a6a2449f932887fb3c8d0127,2,140.18,58.5,auto
e0ce26ae52c9ab0b8c8e42129d6c1996,2,82.76,24.9,furniture_decor
e0eb83f5cf9560ca3b976eea5dcfdfde,2,94.52,31.9,garden_tools
e0f33a3329af6716a0bb47fd7a664439,2,128.64,49.8,unknown
e0f55a53bebaae74a51a8fb9639681d6,2,62.38,18.4,baby
e1ed9c25b42fc1afbc7459cc821a9d44,2,154.18,58.8,construction_tools_construction
e251ebd2858be1aa7d9b2087a6992580,2,282.28,114.45,garden_tools
e25331bf25687974d6fc419b3bd576dd,2,86.28999999999999,27.9,housewares
62f423e57a8c157d3877ee5867d7db88,2,378.38,169.9,computers_accessories
63085bb4366ded27bcb63cbb59b4103a,2,894.73,408.0,baby
638882546765f357dc667b5987ceb69d,2,216.74,95.99,garden_tools
63ddf5df9f36e2fb2fc11b3894222c31,2,47.58,15.5,housewares
6490b9f63b0b595e1c1402b46b0f50ad,2,590.0699999999999,279.95,telephony
64b4f32393cbf55be791078e7a2adca0,2,294.82000000000005,129.9,watches_gifts
64b99eed898c1b99a94d93cbf5873690,2,207.66,89.9,furniture_decor
e5b1f66dbce509c58fa37ff08428f91d,2,121.27,46.9,consoles_games
e60929757cfd605adb6061bc68412253,2,346.65999999999997,150.0,health_beauty
e60baffb5636b104f06ecd9aa28e139f,2,389.12,159.9,air_conditioning
e61c78a7343d82c0539d27df0f7dfc31,2,435.91999999999996,199.9,bed_bath_table
622d3b263cd40b06e1eeea144fb83f19,2,52.599999999999994,14.99,baby
625dac8156b3157351e7257305148f3f,2,93.32,23.99,telephony
626fcce994b573d0bd54d6447d5badd3,2,153.38,59.0,unknown
628d0ba951ebb8fd1edc5ab3934468e0,2,190.65,79.9,garden_tools
628f5ed6c14790dcb9233c8dbf596175,2,1160.0099999999998,539.9,health_beauty
62c89abe1afe3a23c17765d462718a4c,2,524.36,246.0,perfumery
38273c03eb0f88327f62c1d521260623,2,54.58,19.9,computers_accessories
387e781bdd254dd8821e6194af0fa8d7,2,272.25,114.4,housewares
62d41a80c366aa2d8644e3270adf8440,2,554.73,247.945,computers_accessories
e307200b995cf8d99d85db7d09e4ba00,2,58.44,16.9,auto
e35b496654367ba8f9ab8974a23331e6,2,38.03,9.99,fashion_bags_accessories
e3dd336775af78a83fc27ed85f0f15da,2,827.38,395.325,health_beauty
5e34d2963378695699827b6e629392b4,2,183.9,79.27,sports_leisure
5e3b4b17383b90a3129e552bd71bf2b8,2,201.82999999999998,83.45,health_beauty
5f439ff2783a474946e17badd77aea1c,2,71.52000000000001,23.95,health_beauty
3951784ecfbd4c912d2e02245d8b5e89,2,186.38,69.9,housewares
5fc3e6a4b52b0c414458104ed4037f1c,2,209.43,89.0,computers_accessories
6109d0cae3bcb57d579bc0fab6e61814,2,197.12,80.95,luggage_accessories
610e045d4ebcfde8d0c8991e8b1f39bb,2,196.64999999999998,83.8,sports_leisure
61a53738adc5c0e8d243553320f9ba1c,2,211.82,84.97,sports_leisure
38c56c5c5b16958d95bf8254498ad555,2,1639.7,799.0,watches_gifts
38dcb9ae53c258cfba73583f9454d721,2,2573.75,1250.0,garden_tools
38ef617a023fc4398829dd8c2b9e8be6,2,132.99,53.0,bed_bath_table
3931aaf38ba4cc928100541ff51b82ff,2,286.26,129.0,computers_accessories
0bc4d2de176747bbc8b5e680bfdb66b6,2,323.07,129.9,sports_leisure
e4dbc5980f1159e257a31c8eb4ecd78a,2,70.71000000000001,23.95,computers_accessories
e4fe462cce9f36e312b869418a86bc3a,2,459.14,195.0,auto
e57eb018e37376580079825eb29a3419,2,222.8,98.935,watches_gifts
0a407038cdb51df51fa8d01c54fa05f0,2,339.43,119.9,housewares
0a4af8f868e8a22b279c9d0a24d36537,2,120.78,42.0,furniture_decor
0a4f9f421af66d2ea061fbb8883419f7,2,236.7,110.32,health_beauty
0a6cf067b01351046739940c8cb7f60f,2,95.42,36.75,toys
0a783d7ce18a37749c3a059cf829564b,2,341.67,155.0,health_beauty
e7d5464b94c9a5963f7c686fc80145ad,2,321.45,144.0,watches_gifts
e7db7c40ea6647c808d48581f1308d88,2,247.65,109.9,baby
3a135477bf41350a0b1d8afdf616d446,2,339.16,147.4,toys
3a362c0e7f9a69276e2d95869a3e143b,2,244.54,110.32,health_beauty
5d2d01b64b76916f0cbe74e407041187,2,91.6,36.66,housewares
5d4259625c11acce3dcc39c169037a9a,2,258.2,114.0,construction_tools_construction
5d6d8d46af864e4241365a5cd4980a53,2,525.04,240.0,baby
5d790355cbeded0cd60e25cbc4c527a2,2,224.28,97.0,computers_accessories
5dee2c14e1989141e15d341d4c62d72a,2,204.89,88.7,sports_leisure
5e21d5cab5d33e770d8150a4ee6117db,2,119.9,49.0,watches_gifts
5e2ba75ad255ff60b1c76c5bf526ae9b,2,168.28,69.9,health_beauty
59fc88d07b8100b80600e42f3e5ac79d,2,158.16,61.9,housewares
5a0783457f0264ade6beeac64ba145f4,2,153.22,61.49,small_appliances
5a1a5bb0e9e3dbd18e6d8d3c326d3fed,2,182.36,74.9,bed_bath_table
5a7373ba4c9b3e13513ded06cd1986c4,2,92.7,36.49,sports_leisure
5a7863759f1ae1605d08f6900ae8a90f,2,130.13,49.9,stationery
5a790acce109b9b76e3446f96430a1d0,2,54.18,12.99,stationery
3a7553224e54d216c4a65c85f2d04deb,2,488.89,230.0,home_confort
5b75bff143600c85dd1fe69b7055982b,2,417.26,199.08,health_beauty
5b8a5a9417210b1b84b67b9a7aefb935,2,182.01,74.9,computers_accessories
5be51b87d3f543e942bb8299c5bd4423,2,142.14999999999998,54.9,sports_leisure
5c692818d313aa12864b48ac0c2472c2,2,83.41,29.0,watches_gifts
5c6a3e484e7aebf406c2045718dea406,2,265.15,94.9,health_beauty
5c77339ada5044e33450d5c2660692e0,2,127.13999999999999,49.9,sports_leisure
5cbd407f3315b628a89206fbc140f6c8,2,68.0,19.9,market_place
5cd07c84a1c25575ac2fc3fa73f1d952,2,1234.45,597.9,toys
e6fd80a00ebb1a3e0d58a38555fbbf2c,2,66.55000000000001,22.99,computers_accessories
595b8278e4e5c52c86a4da3812b70081,2,350.26,156.9,bed_bath_table
e7e0728e9e488b0a67ef4d95e98ee4c8,2,510.62,209.99,home_appliances_2
e7fab7a4d6f0d5abfb66e1dd2fc35d4e,2,110.1,39.95,home_construction
e84bf31698e5842d605c5aa9cfc8b02a,2,52.46,14.5,housewares
e8ca1ff2d0a28edb5be8bfbf2964dc3a,2,136.39,49.0,sports_leisure
e8cbef97b4aa646fb8fa170f0da01b5b,2,291.84000000000003,129.9,bed_bath_table
e8e3b26a966bdd1260fe48e92972f670,2,172.72,68.0,computers_accessories
e94df75b2e9a8b056be0c144a731f55c,2,222.6,94.55000000000001,pet_shop
096e14458100c2b6d10f72d69f80cf34,2,590.63,274.99,toys
098c8d862a494bb5926e558a87687768,2,447.96,199.99,cool_stuff
e97c75fa6d2e8a1b94aeb56327b25493,2,286.68,116.95,bed_bath_table
597d26435e8ef77bb0fcd26f6c07d486,2,759.98,329.9,furniture_living_room
5984d199ed3cbe4f2736a4c24559af8c,2,133.68,47.9,furniture_decor
5999995b8f64d769dbc6f592b86d6f8a,2,103.12,36.99,pet_shop
59b47581b7ba51a62bf9c3dd4fef36fd,2,326.61,150.0,furniture_decor
59bcfc096cb9fa35b5c5294582c78486,2,550.01,244.0,health_beauty
e9ceb9123d3103b7ad293c168dd3a547,2,445.38,195.99,bed_bath_table
ea3be87c5c6c69043c9eb7836199c200,2,146.89,59.9,bed_bath_table
ea3d1fd6192d8c4443e67d2360461a70,2,152.88,67.0,furniture_decor
ea5e798481ff9bb1edc6823d98d83634,2,121.36,47.99,bed_bath_table
eaaedcf6f1fee559b27b286e16afdf88,2,120.72,44.85,computers_accessories
eb7172d8a3c64298d2d767f6603c231e,2,133.72,47.47,toys
09661a3f29765eeafd2f05d7ad22310f,2,370.14,139.0,musical_instruments
5809b7fd257b16bbd9bdf9507931673a,2,123.78999999999999,49.4,fashion_bags_accessories
583916a5dae918f5e89baec139141c54,2,136.01,49.99,unknown
584c6fe37bfcd52c63fac43e26c71b83,2,56.16,15.0,sports_leisure
58727e154e8e85d84052cd22b0136c84,2,395.9,177.99,sports_leisure
58a56598bd27e4169dd5ab99d2eee335,2,70.51,23.99,sports_leisure
3b4a72dd3f5ecc82d97d6a54725952ec,2,317.23,138.0,housewares
3b4db17ce4f2c8731f83b093db7aa0b1,2,438.83000000000004,198.0,market_place
592962829d5a715304344e656e39108a,2,263.54,116.9,bed_bath_table
593236d0ff46b4299b4787fb8d43f7f0,2,208.78,79.0,industry_commerce_and_business
ecb624b552f939e58c7881de58ece085,2,70.02,19.45,garden_tools
ecf23a6c1689e2bed38171ececac6138,2,346.99,149.9,housewares
ed00a8453145186b3f071f1e3edef33d,2,96.94,40.4,construction_tools_construction
089447f48055194b36dd135e1a353cff,2,276.34000000000003,91.0,auto
089526cae28a7fd487bfb3bab161d701,2,181.94,74.85,computers_accessories
570509b6d981370031c1f839592a1be0,2,292.74,133.0,housewares
5730d73af7faffe9b95d69fd03ea51df,2,406.6,99.9,furniture_decor
575617410387f4e614f39628fe8e81bd,2,96.4,33.1,sports_leisure
575a896d07cd269eb0b2b8762e0be261,2,416.59000000000003,174.45,sports_leisure
57c580a8fbf3d8374b06bee7b6f4ce31,2,118.17,49.9,furniture_decor
3b94e26edc496743bbce82c42f0a9903,2,122.99000000000001,49.9,furniture_decor
3bdc103ff400f1e4c1136dfe4ebadbd1,2,210.0,95.0,furniture_decor
57d2fa6882b789ad55e86074398826c4,2,207.94,89.9,perfumery
57e089e3103f5cda6a4ce23b77399bdb,2,151.16,59.9,baby
57f2bc497c1a3ebe41ba7a06d78ed159,2,125.3,55.0,watches_gifts
e9b9ae098d62d59c20cfbfb265403323,2,151.06,59.9,furniture_decor
edfc544c4047e30a3bc73212e414330d,2,636.49,299.0,furniture_decor
ee3d532c8a438679776d222e997606b3,2,234.08,99.9,computers_accessories
ee4007b2b6a389f76918b093ff7b6523,2,141.86,51.6,sports_leisure
ee4a5109a6b0bf0dd3a3347b73955c95,2,370.38,139.0,bed_bath_table
083178fd17a5d863811733e46fc529ef,2,150.4,59.9,sports_leisure
562502b79845deae9bcd86384921a2c5,2,206.57,79.9,furniture_decor
564f6ff7ae760d6eda6d32c551724036,2,454.76,199.9,bed_bath_table
5650f9e1f73d0a1c0176988cf2e950d5,2,240.39999999999998,99.99,sports_leisure
3c139df1bbfd2c48c110bc9ca5d8c133,2,832.08,389.0,musical_instruments
3c2f792f1041177a81913a977431a99e,2,89.57,29.5,electronics
3c46d3f68a377931cdadfd72c6158643,2,225.08,102.9,tablets_printing_image
56c221c4c1a4a98293895c4563cdc6bf,2,94.46,29.0,construction_tools_safety
56d45b2c27871322801134f57d1b9dfb,2,324.77,145.99,bed_bath_table
ebcf9e2edf1b5ef61117102401561d4a,2,62.18,16.99,telephony
ebf1c13032246ea801765e8cb5417365,2,1073.29,399.0,home_construction
ec7dad92a5f70cbc21297b16d7a2be96,2,218.34,89.0,bed_bath_table
073a5dfc26cb33ef440b2e0aa29343a8,2,66.44,32.9,housewares
07a6879526099e7f3483481e5bd60b77,2,425.06,189.9,sports_leisure
07b90e3c7e287977b2e8cd54a98ddb89,2,85.4,21.9,garden_tools
541fe3a51f05d6f3ee6e730fafa0b8d5,2,54.78,19.99,sports_leisure
542b3d80712d51eefe3a3cd1c5f4e8fe,2,117.57999999999998,39.4,cool_stuff
544c14365db76307e0820a1468ed8114,2,125.38,49.9,furniture_decor
547b95702aec86f05ac37e61d164891c,2,344.94,132.0,garden_tools
54b755678728b84472c2b654ac4de777,2,129.22,52.0,food_drink
3cb39171fd36c50097f2dedbbe0dfe6e,2,88.41,29.24,auto
3ce21e38e6a3060c20f4e74bdab770c8,2,178.38,63.9,baby
3ce7358fb633d033a700464c6a82e0bb,2,434.26,199.0,electronics
3ceb44c75e6981ff0987bb90c95694c0,2,117.55,49.9,furniture_decor
3cf8d7db7dbaeb28f077151adfc59340,2,779.32,369.0,auto
3d0552899dbe2f89cff6197aab33fe99,2,276.1,124.5,food
08c816d9a716567bf436173ef6f5f12e,2,65.12,19.89,electronics
ede062bcd13ef64b5cc87369e4edaf62,2,75.62,29.9,health_beauty
f083f237cbf95dd0a5185e902f385dd5,2,55.58,15.0,home_appliances
f159439c5c382fae366d444e05c590c1,2,328.14,149.9,perfumery
f15c46e2da924b1fc76fe638911262bc,2,785.5,369.0,consoles_games
f16e5b7883c1349e57bc5e92ba9e0d96,2,96.65,39.99,furniture_decor
52e316d4cfc422b232b280bed1c53236,2,558.44,258.995,health_beauty
536c8e098046b44a7dbe87b1a5d6eb02,2,94.58,39.9,fashion_bags_accessories
53bd0c908c6ab820c9828763348728ef,2,180.68,74.9,furniture_decor
53ea9da485f6aed8a6f03a85831fe021,2,551.31,259.495,watches_gifts
53ecc2857666872f67f44e60b13d2ed2,2,71.41,27.2,garden_tools
3d74d787086b0e22ac320ae43b240aea,2,97.44,40.0,cool_stuff
3d98ab25b3b0c893c78f2ce1dc31e1c4,2,140.5,54.99,consoles_games
3db8ae718c645f8d0de8d1042bd9acd6,2,267.88,121.0,sports_leisure
3dc7db1edfac20883ed35ecfec05a3cc,2,140.74,40.37,auto
08401f48b67a852d06105725c3013eff,2,74.72999999999999,25.0,toys
eeb2d1e155818957df60a76fc47e75a8,2,181.34,76.2,bed_bath_table
eed58af018f022f0dbd193a8e81b9321,2,84.32,27.46,sports_leisure
f282b8032570cf3ce692b8ea7e1b6c53,2,374.45000000000005,144.9,baby
f292ca832e0400809217dc0478a31650,2,77.48,25.9,perfumery
f2d649f157cebee085ed738f23d5d6b7,2,90.23,27.9,baby
0615dcf981da53a5ca8777cd6a80361b,2,291.71,119.85,home_construction
064d09b1de34c17dbacfa4096f79f256,2,115.44,48.87,garden_tools
f303e2cdf0967ef1a153d12f2685d280,2,149.28,56.99,bed_bath_table
514171f9d45a3d93574fc587ef775579,2,100.25999999999999,36.95,small_appliances_home_oven_and_coffee
519f3a4ea67cdce4923fbc76badd6bd2,2,109.00999999999999,30.99,garden_tools
51f876eb62be778c757503cf7f8a3b74,2,35.480000000000004,9.8,health_beauty
5218770ee0cbcad0666569202deebc4f,2,104.54,38.7,sports_leisure
3e5201fe0d1ba474d9b90152c83c706c,2,260.33000000000004,116.9,bed_bath_table
3e8defa155f10823f9e150b05ad71408,2,84.56,33.99,sports_leisure
ef8856db4e302ad33dc4d91e40f7593c,2,225.70999999999998,95.7,sports_leisure
efa91c03c750cf82e0e9fc5523aca73c,2,168.82,73.35,furniture_decor
efcef300fe9b2c558a8ea258127f6e6f,2,191.28,59.99,pet_shop
f03859e4cc21018569f5ae7a03897ff4,2,126.06,42.495000000000005,consoles_games
05f9d035b92494874148f32f940b0f4f,2,422.56,190.0,furniture_decor
060c17562f97e5bb60bc0dfa4dd5b3f2,2,86.54,24.99,computers_accessories
3f4a7c8646dfebf0d04ed19adab8e9cb,2,333.24,149.9,bed_bath_table
4f1a7a45b6d43fa7e4958e013923d9e5,2,127.82999999999998,46.9,musical_instruments
4f88323d03ffaf090b8fb0116b33c95e,2,269.58000000000004,119.9,bed_bath_table
4f9172df8e9ae60aa90c14fb36afbcbb,2,255.28,109.0,musical_instruments
4fa33915031a8cde03dd0d3e8fb27f01,2,319.74,144.0,perfumery
4fd6ec612afa6f67b850b157f00a3368,2,63.22,22.99,garden_tools
50627d7c3dd43902d64134574befe12f,2,626.1199999999999,299.0,computers_accessories
507e1658812a4451005d2ff5a09ccd6d,2,559.06,269.9,housewares
508d5e8ce8e79bb506f9f0c096b295c4,2,314.76,79.98,office_furniture
50f1880f1989251727fbbfe8c0a346a6,2,305.37,134.99,cool_stuff
3ecdca110c08b28987d694dc625bea20,2,197.48,79.0,bed_bath_table
f1da618218e0af87b633532b561f5e6d,2,347.76,149.9,sports_leisure
f2610c932aaabc3eb24c3512b498a838,2,153.14,59.9,garden_tools
f27aff266ad97e75d4a24c893b2c311e,2,1650.79,750.0,home_appliances_2
f59ff3f667dc8dc2b42117736585c1ba,2,95.28,34.9,auto
f6085e99db2df10f9829b6193314615e,2,422.91999999999996,195.0,watches_gifts
400e2ea46d0af06d91c744b624ed8a59,2,298.98,139.9,sports_leisure
4d58a1ff101eae5005f818b97740335e,2,222.76,92.4,fashion_shoes
4d68f0bb076a44142f1d1725ba3b3bc8,2,416.98,189.9,fashion_bags_accessories
4df79064ddcd595b7c0ca80f9729a67b,2,208.24,84.0,stationery
4eba76ab901d06e619d8d7ac69b3579a,2,159.31,66.45,baby
4ebb87ba41ca446326804d0e7f8dcc93,2,264.58,114.99,cool_stuff
3f212fef0e1f11b343226b633f0426df,2,246.14,110.0,health_beauty
f32415d23c358ef1e387a7d329d9ce9f,2,102.6,36.9,stationery
f350db8fa8baef574660ca4ecc96180f,2,114.48,45.9,electronics
f361fccba568fabe00db466f80626d1e,2,61.06,15.9,auto
f39a8b27ce90ac582103bf36f09690dd,2,673.05,325.5,consoles_games
f3b82a9bd4330abce1d6fc15a966e6d7,2,1466.29,712.89,health_beauty
f40e67d9fbad11e25f958cc8b534af73,2,51.28,17.35,health_beauty
f4851ffef385d506603396041da7c1d3,2,205.18,89.99,computers_accessories
f76b8eae9da79861cd75f86a1020879e,2,513.82,237.99,home_confort
f7740e5b4337a3cc4a8a204553101a85,2,1126.58,541.4,health_beauty
055019def765ce08da9fac0585e927c3,2,162.66,65.5,baby
4c05be00027392c898ab59a94fad2151,2,125.52,50.9,health_beauty
4c3867e5fe6e42a0c2a5d37efa2a0608,2,258.90000000000003,114.9,sports_leisure
4c5cc632a68ce10ff22b58b5b8c8b8f3,2,231.17000000000002,95.0,bed_bath_table
4c7d4a2efde21e3bf1660926fabc6a9d,2,113.45,45.995000000000005,health_beauty
4cac1a12a6fe9ffba4a9556dbe582e28,2,81.16,26.99,auto
3fc3d637781e5d185455013606a6e2cd,2,91.53999999999999,32.9,electronics
3fd97d8c7b16543086520039b5c7267a,2,121.46,49.0,housewares
f49e985b4cb2d0543890d6dd00077663,2,1717.3,795.0,small_appliances_home_oven_and_coffee
f4a38926843e01497a3f63a5d5740c72,2,56.5,13.65,electronics
f522bb1400b17373f48c625ccdcb3a13,2,1152.36,525.0,garden_tools
f53103a77d9cf245e579ea37e5ec51f0,2,111.72,41.99,bed_bath_table
f58f86b3091f0a1080607870539f2e56,2,80.26,24.9,bed_bath_table
056d012d264624accb7f73d31caee034,2,273.6,116.9,bed_bath_table
496f6bd86011e5a9ddea8dc96e802340,2,171.4,72.9,furniture_decor
49eeae59754cbcf1abeeffb8f51184ee,2,178.51999999999998,69.725,bed_bath_table
4ac218f276a40201c282dd01401e9bd8,2,420.58,195.9,computers_accessories
4aca38e787c979a6106440c7a63036b4,2,183.32,79.9,toys
4b2c89ca021d0de0c060387a34588316,2,94.0,31.9,unknown
4b5e26931a0b0d3a690a3f520329a975,2,484.45000000000005,210.0,sports_leisure
4ba9263261711e19aa09a61e3ab72316,2,125.82,50.0,small_appliances
4baf15e171b06455c5cd23453db0cab3,2,142.51,56.58,baby
4025ee582ef6b8c478af3b44cf89054b,2,78.44,24.9,bed_bath_table
404c6e8590cbb06f8c5e911d8a90b1e5,2,395.5,169.9,sports_leisure
407bc2771e1ae0911576de1560d3adcc,2,212.43,69.9,furniture_decor
40c7fdb4c192c7df52431d1b079f9026,2,96.35,39.0,watches_gifts
f60e19fc3b0ee38735e6a6fefe937bdf,2,31.54,7.9,signaling_and_security
f62cbf4416c9ef8e1b4e8d5279891f24,2,53.73,13.65,electronics
f63e5eb82736ac58d9d286f64fe5c44f,2,88.54,25.99,pet_shop
f6c8384f424cad1a22fd89bbc62ff7ae,2,264.59000000000003,109.99000000000001,pet_shop
f80214fd7d681d1dcf12b3acaf4f0da7,2,495.40999999999997,203.49,office_furniture
f8077831f3c3f393fb67b93c5acd8daf,2,199.3,79.9,home_construction
f819f0c84a64f02d3a5606ca95edd272,2,1319.35,629.45,watches_gifts
f87341d0a32c1998e212c1c9ec6d3362,2,628.82,286.9,garden_tools
f889fb87b505b73de10c18b93352469f,2,236.7,110.32,health_beauty
0412ec72192f1d85e92047c0773434ec,2,1927.38,830.0,musical_instruments
04433a8021475a2002663f94203c88da,2,126.63,45.9,costruction_tools_tools
04601b648d7d2dcae6e285a41e276a3f,2,136.99,49.9,toys
47ea90e9a2976bc290c3cdf3b5e0573d,2,171.14999999999998,69.0,bed_bath_table
47ed478ee7b2696c2c49229fcad56e98,2,308.67,129.9,perfumery
48401d4a555fd20aa93a202a4ed3b598,2,234.07,104.99,industry_commerce_and_business
485aa17cb179a6624fb0c9e12cc639d1,2,212.69,89.9,cool_stuff
48640118918b5bd6454e3fee20ad637b,2,643.0999999999999,294.0,sports_leisure
48bc0b16a79dc0d94adfb679e1f6e965,2,158.69,66.495,health_beauty
48ee9be392f28ae3a64518a070f4d06a,2,170.18,69.9,bed_bath_table
49366a8fab2e191239a143647474e7fc,2,97.11000000000001,33.745000000000005,sports_leisure
f919da4f716dc149cef4551a322001fd,2,242.54,98.0,furniture_decor
f95dcd7b0926e47d0f20a9050aea2e9e,2,151.18,60.9,electronics
f9a508234fed38c95437c5a16b847774,2,190.54000000000002,79.0,consoles_games
f9cce3e19235fa7d11942f69caaa22c7,2,676.04,309.9,telephony
fa126ff62aae83e37857ad495641c878,2,448.54999999999995,202.5,computers_accessories
fa23bf270fb9880690b07d09b9f9ff20,2,152.41000000000003,59.49,sports_leisure
03bb06cda40712fb8473f7962fb7d198,2,307.98,137.4,bed_bath_table
4660d9b4ae2a49dc7a5cac39499b204b,2,183.56,76.99,health_beauty
466d263ce8b7bd275003ee2104428127,2,85.14,25.99,telephony
46ecee6884bec6bffc7e5cea0ef7aecb,2,488.7,224.9,home_construction
47376be1404bbe927766e8a9011714cb,2,72.96,28.7,cool_stuff
47a67549d9b00310453dec1c3902e391,2,152.09,59.900000000000006,housewares
4180a49d4b879e727ad2c8e82a9f4d87,2,424.75,170.3,sports_leisure
419cb1b441eda9b92ebd1a1b96090c26,2,89.31,29.99,telephony
41c24b8ce92d1a2cac62db5edfd088b2,2,258.13,108.4,watches_gifts
f7e0fa615b386bc9a8b9eb52bc1fff76,2,217.14999999999998,91.5,computers_accessories
ff3ec972ebd16eb98d55e8ea2fa255ee,2,475.73,219.99,sports_leisure
fed5c40c27e1c88560a9e92d82ee0825,2,75.34,19.9,electronics
43f88c8353708451babf9bcdd1fda92a,2,130.29,57.400000000000006,fashion_bags_accessories
4464ecc5c8cd38eff5beae1484f80166,2,145.41,56.0,computers_accessories
446e83f3f31931e9eda31363bde07293,2,80.54,24.99,furniture_living_room
44e6ec37a142be331fe0241006d0b389,2,261.9,112.0,sports_leisure
457953cd3ce26e8f7c9037bfb9e19b14,2,119.74,46.5,furniture_decor
029e44e66d4690b45077bee6d76799f6,2,97.56,39.9,toys
0364c36f8e845e4d309c0a3accc04b1c,2,495.96000000000004,194.99,office_furniture
fbec390384fbb8d53d97c29a5bbb26ae,2,267.40000000000003,120.9,agro_industry_and_commerce
fc2351bcf24c714e5d21b44ad41198b7,2,208.48000000000002,52.0,baby
fc64f94fa41c3384cce3defbe89db72f,2,148.32,59.99,housewares
01c96f284d6c40f92f25142a59328511,2,833.8900000000001,389.0,garden_tools
01f2d77d8a63937c77c7128ce4bd2ada,2,198.1,84.9,auto
01fc56750f0d3444c4a1746ecf19dee0,2,203.31,84.9,sports_leisure
02475368dfb38934fe55f574024fe1d7,2,73.24000000000001,29.0,watches_gifts
abc3432ff825d8e524db1d4eac6d2099,2,114.25,39.99,telephony
ac44def10e24998cdee20a208d691127,2,204.14,87.9,bed_bath_table
1e1a186a03f0d98268516827690d4fd2,2,209.88,71.5,baby
1e618d311a1b7f88a9d96ec50aa85582,2,415.59,129.0,housewares
a9516a079e37a9c9c36b9b78b10169e8,2,294.36,118.99,office_furniture
a95c77f369c8486c3ca5d101c49be836,2,121.72,49.9,furniture_decor
a9ccb9dca11ae8ca804b47417d0411f2,2,384.03,169.9,housewares
aa53b7499856e6df13008f34100cc336,2,222.34,77.45,furniture_decor
aa5d6a9bd4be367ae1a3a29c323c7c11,2,246.0,107.5,sports_leisure
aa864f45a26bbc494d37ae12b0065222,2,114.35000000000001,45.49,auto
1ec486885049bbb9b79351d150ed18c4,2,131.82,49.9,fashion_bags_accessories
1f30aacc69904c0d0bf8d05cb2abef72,2,312.88,135.0,bed_bath_table
1f411e9a31196b71ed8438c8254b858e,2,1288.74,619.99,computers
00baba5b58e274d0332a0c8a0a66f877,2,126.0,47.9,perfumery
00de7f393d962717eeeb2d7131a40dba,2,231.74,97.9,telephony
ff09b38ea3889c433325e313807936ea,2,113.38,39.9,unknown
ffe0fc4e02c3559643ac063fa5cf9d07,1,70.73,56.25,housewares
005c6b24cc96dca3e2c01e824401030e,1,58.6,43.5,fashion_male_clothing
fe7d52482b17e6b3466f4b8f3ce51a9e,1,65.09,49.99,health_beauty
fe7ad3e3828f32193dfbe6359f733a8f,1,187.65,159.99,toys
0185e6719ca5c224fc53853997fa3f68,1,125.52,110.0,bed_bath_table
017692475c1c954ff597feda05131d73,1,21.38,13.99,perfumery
014fcf6bd5cd4c7ee29fb3bb618c445e,1,738.16,699.99,unknown
0134eb6b933b7ebc0f9e24ae5abefaa0,1,49.32,40.5,home_appliances
0129d1e9b29d3fe6833cc922374cd252,1,15.49,7.78,consoles_games
0127db1f4effcf8f5b88d80588bc5624,1,86.25,49.0,watches_gifts
011ae9863bd5b15e528a16dd8ceb4772,1,777.73,749.9,toys
011967a30ceeaa86acb72e79664544ad,1,139.88,99.9,sports_leisure
0110573bc9195aa810a4384f189f48f5,1,154.19,119.99,furniture_decor
010c38887e6a41a5acfea2687515b254,1,77.57,59.9,furniture_decor
fe7976532777922f0d60261e75f7ad36,1,21.450000000000003,10.49,telephony
fe75529a267b76ac6e96f0c322a899a4,1,142.67000000000002,119.9,health_beauty
fe6f03cedd96bcbc5c8726c5963fd35c,1,82.06,54.99,bed_bath_table
fe5554d1ac1a1d70c97854dca21facb0,1,114.53,94.9,pet_shop
43d9ce1b4573a087677c2bd656131b94,1,39.84,27.99,bed_bath_table
43d6624c213f21168ead351def0ad36a,1,2151.29,2090.0,auto
43d2e0df7224cb1c252c23cf36d597ad,1,170.32999999999998,157.89,baby
43cc8e4d981bc04b9d78b12e8a908d41,1,1312.67,1240.0,health_beauty
43b069f855679eb3d3589e55dcfe968e,1,27.380000000000003,14.9,furniture_decor
439dee65f97bb5e70b021e1e7cf54a5e,1,84.87,59.9,telephony
43944a8f8f0b7ae86b6c3d3c2f257375,1,732.68,699.0,home_appliances
4376da457a3d2de22a9a615196ab5ba4,1,50.41,31.89,costruction_tools_garden
4353af36fe588dc73497fa158ed6cefb,1,388.01,289.99,luggage_accessories
4352aa5f49dc18ba0eb54e57e632281a,1,136.41,118.0,furniture_decor
43354a2ac9eca9f50cb31647c6d5516a,1,96.36,78.9,toys
432357855585cf634fc9923523ce5e4a,1,84.07,63.49,food
43222c9a989813b389d36fe5a1655c05,1,109.98,95.0,food
431dc11c26a67c6a49e81cee84f35b28,1,417.55,399.0,consoles_games
0030026a6ddb3b2d1d4bc225b4b4c4da,1,49.24,39.9,sports_leisure
ff9fa77f938462abd16b53c0d934099f,1,136.5,119.9,sports_leisure
44a879f6d43c4750534a30dea1f6d804,1,1006.12,982.0,watches_gifts
44a6e4ecf7b48f87481c243383b1c4cf,1,58.13,42.9,health_beauty
44a36ac829dfa2dace1d880985b71344,1,33.379999999999995,19.9,health_beauty
44980f2abfac3c9364a666403350799b,1,537.0,520.0,sports_leisure
449686d8083aaada627cbd307f0feed3,1,228.32,209.6,toys
448dc3486005777a15d7b3f445637ee2,1,44.0,29.9,market_place
448cbeba9628acd8b5b8bd6c8a5018a0,1,88.31,80.0,cool_stuff
447b7437663c07b241787482238e1d58,1,73.92999999999999,48.3,fashion_bags_accessories
446f791c0261ad0a93d4dced49d5d0bc,1,157.36,139.99,furniture_decor
44625a08c05dcb9f85a1973644c69c6a,1,106.72,89.9,stationery
44523a5e61f0a718c2231922b8856ad7,1,397.41,379.99,watches_gifts
443686a203341f24c2cead2297359568,1,122.49,105.99,pet_shop
441d07171060d7bca33d9946d792da25,1,154.64,120.0,health_beauty
43fbb9403319de5e660094ddbe8cc0a4,1,22.38,14.99,computers_accessories
43e6aab5f2602eb0af739f270de920d5,1,27.75,15.9,sports_leisure
43dab0384fdbf917781e1b91109bf3df,1,94.21,79.9,toys
457ca2b0e3bf044a65c8bee434d5c5f8,1,99.38,90.0,garden_tools
4573d8f4ebc14fa74542265b9c01d065,1,58.28,50.19,home_appliances
4565bb5b964cc42b49780586560c98e0,1,107.46,99.0,sports_leisure
4563d900cd3080ee4854e36ea7d0f156,1,42.38,29.9,fashion_shoes
4562a1390da3bb292198395483cdc7a7,1,277.16,259.9,health_beauty
4534bceddbf90ce5876ec482cc5c74d2,1,34.53,16.3,home_appliances
4532fa1bbe47099ce5c9e2313fb9bf2a,1,27.39,19.99,auto
451f60a1af05c5bef8d9e93fe847f6bc,1,37.44,27.5,housewares
450dacaafbbed8ba05e3ea722ec893d9,1,135.59,120.0,musical_instruments
44feb28a74abb0f2f303412d60160750,1,141.64,127.0,books_technical
44fded21627553d1886d459384bbce06,1,23.29,15.0,electronics
44f90f085c7a825863cbf867990e1513,1,45.6,31.5,health_beauty
44e64a128c258ce579cca498e05b614a,1,211.6,193.0,sports_leisure
44dcb08478450d530b70de0c5c7c5f4a,1,116.58,103.9,unknown
44c7b85d371365e52230e2e0efb8e0d8,1,2787.87,2749.65,health_beauty
44b4230f8020e880f0a7d9113a2af369,1,280.59,256.0,auto
45bb3dc2bad11474b99f167b3e95fd02,1,507.17,489.99,watches_gifts
45ba26803dbbdb26ec5757546929ac89,1,89.36000000000001,69.9,pet_shop
45b280868bcc8124d9309f459a42eeaf,1,202.07,179.0,sports_leisure
45a15b38cc3c0514717a1de673c6193c,1,140.3,127.9,unknown
45986044725e448e85eb0d81251a8892,1,228.07,189.0,bed_bath_table
43158180e30b3c0c252049265370d7b1,1,860.66,649.0,housewares
430d215740da7fdda91cc938f8fd92f6,1,118.9,104.0,telephony
4308439e0d80d5fe03f17ba83b57c493,1,237.24,219.94,health_beauty
42fffc68ff7e8176f11baaf4a4227557,1,210.39,184.9,health_beauty
42f03aab9564c9b88c5d269eee68a79d,1,72.66,48.0,stationery
42ef2bdec0493fd90852352fcfbf2c24,1,225.8,195.9,computers_accessories
42ed7ff87eec051d7f9364afbf091dd3,1,178.64,109.0,small_appliances
42d2add84cc80443a8128adc87b6a958,1,319.09,299.9,perfumery
42c28e0e09e582dfd979242c53111e6e,1,33.65,19.0,auto
42c0e34ecbd01632df00dc96670c92a0,1,263.15,249.9,watches_gifts
42a437e306c8020b829fa2a5c55d3b62,1,194.32,181.55,home_appliances
4615c086d05b264e9ff7004fcb515e37,1,56.43000000000001,38.2,sports_leisure
460a66fcc404a3d7306d5f50fcb2d18a,1,35.03,26.68,housewares
4299cf45bc9aa8ef5bd9337035c286e5,1,61.79,42.9,perfumery
42697582a754e573f9e3e9e78752252c,1,95.8,79.0,computers_accessories
426844dd9ed9ae105a5d4b3f1e18becc,1,31.69,14.9,garden_tools
425db55cb3b0f5b18a2d9964da31c3c0,1,64.0,49.9,stationery
4257f45f6ea58aa46885ed7ef723b6c0,1,119.04,85.99,unknown
4244733e06e7ecb4970a6e2683c13e61,1,73.86,55.9,cool_stuff
4211583ce8f0b2bfb7471b49d9bacbdf,1,63.9,49.8,bed_bath_table
41fe836a60674d3d25645e3698651f6b,1,227.71,209.0,garden_tools
41f9d5d764dc0fa4928c9177275e5763,1,66.82,48.9,construction_tools_construction
4601231c3480315049971ea0a61d3839,1,94.3,79.0,fashion_bags_accessories
45fc964dc03d16147f82dbe844e2cdf1,1,48.15,23.49,furniture_decor
45d7d0595f83b5260d6b0328393c1686,1,280.95,252.0,air_conditioning
45d0bf74166b507caa830564130b5ba0,1,63.41,55.3,unknown
45cfee87da128a8f939226bedd92a72d,1,50.24,32.64,pet_shop
469d5c6b5dfef236029c4bfec6b4fe0f,1,443.86,419.0,sports_leisure
468f9e86ce85d599b7f48ddab25f1b42,1,82.73,71.0,housewares
468d0a8c1313382adf379d69bae15798,1,51.12,28.99,telephony
4689718bc1b839a9baeaa91d2c278598,1,161.72,139.9,bed_bath_table
46863308a64073698eed8895c70cf318,1,140.89,119.9,furniture_decor
46805be02f14add01c364b5ca18959ec,1,104.1,79.0,housewares
4678fb24818cab9ec956d9b610435d9f,1,14.29,6.9,perfumery
46734f8521a7998c55748c1abbddeb12,1,53.98,39.9,housewares
465b705779143ae0e43048b1a25007a1,1,24.38,16.99,computers_accessories
463eeb3db6fefe01fc8f4d3bb00bc018,1,43.0,27.9,pet_shop
4633dfeb3a2588bdb52af32d504b44eb,1,34.09,19.99,fixed_telephony
462ca84097e3116f8dc7642fb057b4b2,1,42.0,27.9,computers_accessories
462a59e8ce95b0cb4df207fce782648c,1,40.61,27.92,books_general_interest
462646c1c1495199e63684d79e6e0d1b,1,52.620000000000005,34.99,stationery
46255a421f244cd985f138a63d77d09c,1,96.35,78.5,unknown
4621f88827b983332c2a833d49c2ae35,1,324.63,219.9,luggage_accessories
47969dd948e918289f809be899ddfb4c,1,57.46,43.99,stationery
475e8a9ddbebf13af503d1c7eccadb1a,1,187.91,149.9,office_furniture
4745d118bc09758d0a4bf795b7bb5cb7,1,98.34,79.9,fashion_bags_accessories
473e6d1c85bacb1bc3280dcda0f5321c,1,135.09,125.0,books_imported
472e6464088101bf2ec351d222c415ab,1,85.49000000000001,69.9,computers_accessories
4723ab93377036eb7e0c15dfca8c8ce6,1,43.68,35.9,telephony
4720b3e7d949046722aaa29eb7c29d9f,1,69.73,49.99,housewares
46fd22a153db867285b826a2c62b446b,1,545.46,515.0,housewares
46fc5520f38dedac20cbf5e1b78ead91,1,115.22,103.0,sports_leisure
46f739c1cd676603026c0af4d29ef7a5,1,165.71,139.99,auto
46eb4d4e006d97abd3bd84c23fcee7d9,1,95.66,80.0,perfumery
46cf6ca1bc419149e40e461be15b92c9,1,78.1,69.99,pet_shop
46cc07237660346018f8838ae0b7ed2b,1,70.44,52.5,baby
46c01e269265ddd1b66ccc8b4588a411,1,57.51,44.9,housewares
46bbd7e6d1f636953ddaf38d4abdf115,1,90.62,74.99,sports_leisure
46a4b4529fb2c8fbb84be938c9bb8b02,1,478.9,455.0,health_beauty
48270bcc7097939dcf14a537d7128054,1,23.24,13.9,unknown
480be8d20c4b6a7df1eae0f2c17f2db2,1,42.27,34.0,books_general_interest
47e175ac0195aa4774597a07c912415e,1,79.61,60.0,stationery
47de5f36ace720b578ca1b30d0b45b8d,1,266.49,248.99,computers_accessories
47cd48073d67f91f09cb5ef9496c920b,1,107.88,90.0,bed_bath_table
41e4e4c8ab0ec1fcde0df5679749a3e4,1,63.08,25.99,housewares
41d7e4805e2a22cc8755e50fe37e5c6f,1,29.22,13.99,computers_accessories
41cd333a4af5e36df81fc0b83ccf8e2d,1,428.47,388.0,baby
41b4baff1ceec845ba126eaeb07efa4a,1,37.5,24.9,watches_gifts
41b32e93d4f4db03491412efc40f3c91,1,1424.0,1399.0,watches_gifts
418d8bb517562fb8e8a2f1c5de0afa70,1,36.01,19.9,computers_accessories
418b40c9e83b7e5ac79e4a7ef975ebbe,1,197.95,159.0,home_appliances_2
418aafa8794c4c22bacfa453f98bbf26,1,247.31,230.0,health_beauty
4182ad8f6fd91b6064f2d1097d8a4291,1,55.83,34.99,health_beauty
47ccf73e45bf059c94e9d025329206ac,1,309.35,298.9,sports_leisure
47b8c79d616369fd222f0bb68ea0293b,1,233.28,205.0,health_beauty
48f933e4480c7187cd28b1637ddca29f,1,131.72,105.7,garden_tools
48f866f20b5b6015a324210988e73387,1,167.09,153.0,bed_bath_table
48e82f62f499350869ac7529efd9fcbd,1,71.03999999999999,54.9,furniture_decor
48e5af4df590c37a05a29b5c86e020e1,1,85.24,70.0,art
48d560392eb163f1f9c3e4f032f81da8,1,68.6,51.8,perfumery
48cf041a87beac458328d395d035515a,1,49.09,34.99,telephony
48ce12dd2efb6bb7f38a34eb4723c10e,1,303.19,284.9,consoles_games
48b412d7a87b3279a7dda5f00e23ca91,1,617.94,599.0,watches_gifts
48a59a89c4c68ff3e20a8b7586f33337,1,275.76,255.0,health_beauty
489b5af4a311587c81ed419dced92dba,1,53.26,39.98,furniture_decor
48972c4d034d78bb520475d037515238,1,88.02,79.05,bed_bath_table
48711538a9ed71dcb2cdf01a38974abd,1,312.06,294.9,telephony
48698ba0cfe847b41430fa00081b5619,1,53.1,39.0,stationery
484970ea2647dc058e9c81ca31e65ce9,1,103.37,89.0,baby
484619f908431240f47e8c9e96ca00d1,1,83.45,64.9,computers_accessories
48428054567e07738a70f9d2a9fa0475,1,71.14,56.99,perfumery
49a2fa4ccedbad4f2e7ed4287fce1a6d,1,107.78,89.9,furniture_decor
49898603599da69a7ec746e336c2b4d1,1,324.04,298.8,baby
497bf3fd2bfb679b5fb1bdbde4950ff1,1,82.68,74.9,furniture_decor
49770e2e1a22b61e15a13c2cbfbfcbbd,1,160.37,139.9,toys
495f9290868e1bde785d3c372608ad54,1,132.6,109.9,housewares
495bddc7440e227dcf4af56f47749587,1,234.95,206.96,health_beauty
494f6aae5fcc59af1db7b6dc85df1977,1,66.96000000000001,49.7,auto
49484d56efdb9b218cbb9f96a117ffd2,1,107.06,89.99,health_beauty
494822838e3883190a3b0834d5124c02,1,97.78,89.9,fashion_sport
4945f34d8df378693f6b84c437b414dc,1,226.71,199.0,furniture_decor
4943769229463d7bd0fd5af9baac46b5,1,108.02,65.5,computers_accessories
492bfd5c7a82cfd6dddccdec443b2ca4,1,58.59,41.99,pet_shop
492bcf01a7a40c8fe5c720574dc786b3,1,275.67,265.0,cool_stuff
491c6b0ec61399a890b22a6ed2d9a4b0,1,39.08,29.99,furniture_decor
490b7f74cbef35be4b6b69bb5f177386,1,32.43,14.2,sports_leisure
48fed1b321d23ca8ba0752b138e7fbe5,1,94.55,79.9,bed_bath_table
4a266296cc64880551c3efad9739fb2e,1,335.29,315.0,musical_instruments
4a25fe90f6685b9fc991af9a796f74c3,1,165.57,153.0,bed_bath_table
4a25d757ff72fad7534f478c90be77e6,1,27.08,12.98,telephony
4a211fb7f2b6822d48f63629207a9f7e,1,35.7,20.59,small_appliances
4a2103f59fe65c15afb3cdcd24a7ff70,1,98.43,88.99,housewares
4a1ccd2d546bbea7809a0cf98863eb50,1,243.36,189.9,luggage_accessories
4a1a97d058036c89da35d3e66bcaa5d7,1,90.63,77.07,bed_bath_table
4a0c2a56e65c941a0bb9874c47dd66d8,1,95.22,79.9,bed_bath_table
4a0297fe087bf3ab8e126936cef30a28,1,148.22,120.0,auto
49f19939bc5c8639e06c36d3bf01ee98,1,131.99,113.1,toys
49edaf05a81224abe21b929ea492ccf9,1,98.22,86.99,sports_leisure
49d89239eb92d383e390b38b9bb792c6,1,22.77,14.99,auto
49d23d4887468040921b413a6d4f3ec7,1,82.14,69.0,bed_bath_table
49c5279cc2c4e8ee09dd2871bed03114,1,356.89,339.9,cool_stuff
49b624365d1b55a1747aedf255a15e62,1,219.67,179.9,auto
49ab5384de586d3e4efd9072c43d50be,1,136.79999999999998,109.6,art
40e834fa1961d072be482a772dbba0e1,1,95.21,79.9,sports_leisure
40df4be4429553e18755913ac3cfeac5,1,71.81,59.9,musical_instruments
40cb7bb3d30559b9b6c4fb62bc837962,1,69.4,57.5,bed_bath_table
4abef02c9dfc89006cb3d501d1f291c1,1,60.96,50.0,baby
4aaa2ddc43f64a2db232b71fc4639064,1,158.17000000000002,129.9,electronics
4a9947ec1fcec2b3321193ed5590e8cb,1,74.16,59.0,watches_gifts
4a90b44b456e79e7a33435fdd36e551f,1,425.07,380.0,garden_tools
4a85b07765a341b846c963da0381db96,1,232.07,213.0,health_beauty
4a7531e96f92f841439a63a41ccb24af,1,86.15,69.9,bed_bath_table
4a7056788ce9287c76ade358f2e2572a,1,29.84,21.9,party_supplies
4a6bed9678fe2fa40d7a84063fde6f89,1,40.0,24.9,fashion_bags_accessories
4a613da687465cbb56070936889199f8,1,58.99,49.89,housewares
4a41bfa11528f2c8133c8fceb4494e84,1,65.4,52.9,perfumery
4a3ffd5293869f4b85d163eb3b4d0faa,1,36.22,17.99,flowers
4a3b0111d9c112251e4732b44d1d118b,1,122.27,110.0,telephony
4a37fea9a17c3cb688dc22802a698a80,1,111.17,87.97,cool_stuff
4af41a3530a95522cbfcff5ad13522eb,1,68.32,49.0,furniture_decor
4ae6bbbe40edd8689f356e7d822c6dd3,1,194.3,179.0,cool_stuff
4ae289635418a8110ea2d5fb86472c63,1,91.78,75.0,housewares
4ac533f3cdb87b7764bf5fd518a85bda,1,108.96,80.0,bed_bath_table
4177b72d13340189543215377d48f3c3,1,206.63,178.0,small_appliances
415800ba8edc079e255fcc4ee5790376,1,73.56,55.92,health_beauty
415229bc91af2ce6c766bc42ad4f395a,1,84.48,68.9,health_beauty
414c53fa9c5cc4a0390682aeb2e25ec1,1,29.75,17.9,furniture_decor
41414ba9bcc97ea83730baf9c9d90adb,1,58.13,39.9,garden_tools
41347179516c8b9380040cf54274ff80,1,251.88,233.0,computers_accessories
413226ab18680c5c2e79a753f2fccd24,1,388.68,299.99,computers_accessories
410fdf98ab61894c35ffe4e1f76e204b,1,78.51,59.99,bed_bath_table
4100a608bd0aa524b06ffefba973707b,1,54.14,32.99,health_beauty
40f9d700a4bf5e0d84c70d704147971f,1,255.26,239.99,sports_leisure
40f9995eecfc68f54991ca49582e9885,1,37.53,19.9,telephony
40e8b425d1a26e2d9cb77363523e05ce,1,98.35,79.9,christmas_supplies
4bd3f968f30558ee2b17168cd3930fff,1,175.19,159.9,pet_shop
4bc67f0e0c4badffd66ddb6641122a33,1,62.52,48.0,watches_gifts
4bc15899b2cd7ade6db2fb0a5188cd24,1,69.17999999999999,59.9,bed_bath_table
4ba4b0ac2133ce048ceedc2355bec253,1,146.88,99.9,furniture_living_room
4b7ddf18ef3c5205f6ec288dffcd7c55,1,149.69,139.9,cool_stuff
4b7758a4177f67648ad233ef07da2b44,1,204.54,179.9,furniture_decor
4b6b3a7072d549354c3743dedbf4170a,1,72.67,55.0,watches_gifts
4b5df063d69ffafb87c279672ecb4191,1,82.75,49.9,baby
4b456247c6fd6370f0c01903b0c6d67d,1,150.09,139.9,computers_accessories
4b44730a7923e3c19eb67f1c8bfa1c39,1,77.25,59.9,luggage_accessories
4b2e8d0baa7e0e7483c8bfe1dc33e406,1,276.47,259.9,watches_gifts
4b2ab372456de58e4d5588f0fed9a065,1,62.02,52.9,fashion_male_clothing
4b1bf508b7e2b27e8472c16d7f189909,1,158.72,139.99,auto
4b13aefdb8d42b55a96d9985fa5da023,1,50.09,34.99,pet_shop
4b04a764c875af7101955fbcd3989b7e,1,134.07999999999998,112.8,baby
4af813a3e5bc89370ef80fe126542076,1,543.99,479.99,toys
4c4fd057b307bd432dd7588d56ee9636,1,205.56,179.46,bed_bath_table
4c4a683ed26e07635c1be832f48df0ae,1,146.11,129.99,fashion_bags_accessories
4c1fdadeda244374699fdc31917e5b34,1,200.21,168.0,stationery
4bf9cbdc54a2b6e26a7c00aead4fe01b,1,839.49,819.0,cool_stuff
40c9f84a8919516ca9b0d6a9f5ad27f4,1,81.12,59.9,fashion_bags_accessories
40a1e3c65a0bcf6f4ebba840a8156ba2,1,45.0,29.9,unknown
40a13d0a09a3d1334e8537ce3194f0ec,1,102.87,79.99,sports_leisure
408a59367613a62d59b6e3ca5ed58631,1,113.92,92.96,office_furniture
405b665fb38de919ddef2046a207fddf,1,61.75,49.9,furniture_decor
4039e5b67d430bc9a4078e814d7fafc9,1,54.63,29.0,fashion_bags_accessories
40376ad8bd1bd1066449dbb09440dc43,1,40.36,27.9,fashion_shoes
4027c03e4b0afe1963877d2d164f880b,1,175.78,159.9,perfumery
4025cbfac798d74f87c30ee87e6e9f70,1,183.03,117.0,bed_bath_table
401b5632c06c51319df083f1245a96ca,1,93.87,76.89,audio
40169f8d8c6b5ecde688c395f306812e,1,37.82,19.9,sports_leisure
4bdcd91fcab0b7401865fa7d7f916253,1,146.42000000000002,129.0,garden_tools
4ce6c1b5cfe26c9f980438fc1c810f8d,1,298.61,255.0,costruction_tools_garden
4cde3ff89f4a66c712c088e5542ee7a6,1,150.89,129.9,furniture_decor
4cd6ba4ea3112de8fc238307c4dc6307,1,52.43,39.0,bed_bath_table
4cce3fa9fee9eb2361e0b9bd32516958,1,817.15,799.0,construction_tools_construction
4cc07f390b20092747e033df35805a15,1,47.23,32.0,furniture_decor
4ca1bfda77dc7aef2433d6818bd53f08,1,180.51,159.9,furniture_decor
4c9c5d9cbd2475b109784b48a70a5c70,1,343.95,320.0,watches_gifts
4c8c1d73644dce680ac36856d70c1f9d,1,76.98,53.0,pet_shop
4c8b28305f570899b6ded964ddd234a9,1,102.87,89.9,furniture_decor
4c82c8d31845d751d797debc3d03697f,1,25.78,12.99,computers_accessories
4c77d14c542fcd857dddc3df2e82329c,1,276.59,259.89,perfumery
4c6a40b5fdcc849875c3d0b3144ea1f5,1,37.84,24.5,electronics
4c65515115c33a1c4c21e9b40f85942d,1,279.7,269.0,computers_accessories
4c6018f41a6c2e5543cc034e94f5ce5b,1,777.0,739.0,garden_tools
4c5f70248102ed45620167bb6f80d2ef,1,106.19,89.8,housewares
4c55077cfe05007e8051304d1b721343,1,43.26,32.3,health_beauty
4d3e81b2dfb45a73759982d63e532e94,1,47.71,38.99,cool_stuff
4d2481b021cc6916e6c45615ee2d7638,1,77.21,54.9,unknown
4d153cd0e49c232e55168aff53489c07,1,110.04,74.9,auto
4cfc416f8442732b89ab2c1bbeabe9da,1,56.15,45.0,baby
4cee3d875eb2f9d331aae01b8c4781e8,1,85.22999999999999,69.99,bed_bath_table
40002041835941ae0e10b9716ab7b03d,1,83.93,67.7,electronics
3ffc8b6c3ae2afbf307cbd802bfb5e4c,1,131.58,90.9,baby
3ff53c0418c367eb333906f83eff8fbd,1,67.88,59.0,stationery
3fedaec688964ccf38949f271a51c888,1,204.34,180.5,stationery
3fe46d73f7527ad59e36c21c3e783041,1,262.24,249.0,consoles_games
3fca280b9c1738d8d7996c7373d3ecee,1,71.03999999999999,54.9,construction_tools_construction
3fc18e3aefe7b9346bd15de863fa0365,1,90.99,71.0,housewares
3fc00af0f0a8d4ac2933d3900416c977,1,112.83,99.0,air_conditioning
3fb22448e11f38ac4437c25693fcac1e,1,162.62,144.9,office_furniture
3fae92f8d0ebb3317991934a6d717c47,1,87.95,69.0,bed_bath_table
3fadfe202fc3ad333cdd51870f1ddb03,1,237.58,217.0,housewares
4e2fa5131fc9956bb6a6b9e84b39e798,1,214.17,195.0,pet_shop
4e18c6967304419be650ad67237966ce,1,40.22,24.99,electronics
4e0d588f8e002f2bad9cbe0b8f66f6f6,1,54.01,39.9,unknown
4e0d01d5e5e4bd454e71e7cd1491c052,1,94.29,78.99,health_beauty
4e0946aebc8e1d7521219ec1e7380aed,1,144.94,128.9,toys
4e064cdbe4079c84a33181a96cf5609b,1,64.1,49.0,watches_gifts
4e04b7c4ec31cc8172cf3e5b863d34d0,1,41.0,26.9,sports_leisure
4dfbe01419f983d397ed0439f090541d,1,141.23000000000002,119.9,bed_bath_table
4df83a41105e00e0845b9d12b5fe601c,1,834.12,816.9,watches_gifts
4debd977b5bc245487ec61b7961b16e3,1,26.77,12.67,telephony
4dda033e39cdc37ce2932b7ba6e8a0f7,1,211.21,203.99,bed_bath_table
4dcb49b9ca7e48d2f108d40caa77caa2,1,119.79,99.9,pet_shop
4d99fe6463cbc101057f59a2380bf2ba,1,72.17,49.89,watches_gifts
4d94f51353a058d28468a03ebe1aae33,1,279.17,225.0,toys
4d5bb93bfa70f67cda10b1428f2a252c,1,146.47,130.8,books_technical
4d3f50f2d92dba9a93f38260dceb9838,1,58.39,34.99,furniture_decor
3f0376e782caf27ef19342d8e5c7e6f5,1,33.230000000000004,15.0,electronics
3efe696e322f9139e3d2b894cb1f7a09,1,226.55,189.9,furniture_decor
4ef55cfc0052b8c8c9313fd35d00289c,1,77.8,50.9,luggage_accessories
4eea8502d7c2de8da6eea6bc6243b50c,1,161.12,145.0,computers_accessories
4ee8c9943111595b7dfc4d9031854a21,1,248.85,229.99,cool_stuff
4eda54569384f6cbe0511828fc574fb0,1,122.34,104.9,baby
4eb99b5f0d7e411f246a5c9c0ae27a5e,1,80.02000000000001,45.2,furniture_decor
4e90dce938e15bfe8ef9b962391e9866,1,80.27,62.9,stationery
4e83195accfb3316528acc16d754fdb1,1,211.03,184.9,bed_bath_table
4e72c18c19fee00460f9504012cb244d,1,73.32000000000001,59.88,furniture_decor
4e674f56be3a9b8c94fafaa44cbba42e,1,63.42,49.99,garden_tools
4e5e41fb7d296a6f776c63fee5cb9fac,1,607.87,589.0,watches_gifts
4e5bbc386fa77265275c4bb8c0d65be0,1,30.58,16.46,housewares
4e46d4d7bdbc358eee60e44df825dd01,1,50.1,35.0,fashion_bags_accessories
4e4533c3f5832b58737e5a6229fe39f5,1,51.59,35.9,bed_bath_table
4e3ebb4f257a1b5a8180093f6609aa72,1,117.17,99.9,garden_tools
4f0abfbee7569e43b80f9aaa256a9bf8,1,118.35,110.32,health_beauty
4eff4dd8918d15c9a308a9645d353807,1,68.43,48.9,baby
4efd402dce639aa129a7f15b17cc898b,1,184.03,165.0,fashion_bags_accessories
4efd35570dbaaa27e216bd8bf3ed4cf3,1,94.54,79.99,office_furniture
4ef60b1f697ffec7b21fb506866496f6,1,1291.39,1240.0,pet_shop
3fa7fe855040269e26ef452c5679234e,1,188.39,169.99,small_appliances
3fa16862566852fd5dcdb4c0e24c9db6,1,274.29,250.0,furniture_decor
3f994ee4a0b20760d1b173aa65037c95,1,236.0,215.0,cool_stuff
3f98320412a131f7346baa2aa2de7540,1,258.81,119.9,sports_leisure
3f869288a822d85504c7a423c9b473e3,1,619.44,599.0,cool_stuff
3f865b4848677595ed67740b3330d99e,1,259.90000000000003,249.99,computers_accessories
3f56545df76cf762c62d35d987a29962,1,57.6,40.0,bed_bath_table
3f4269f81421aadbfc643a23d5dbf3ff,1,33.65,19.55,auto
3f3695c50cf443bfc1058ce0c8ab6a46,1,31.53,13.3,electronics
3f31ad7df5482b3e8fcaac6ea060574f,1,33.94,14.9,watches_gifts
3f1361100ad34281edf04ce745f62b89,1,289.02,249.9,furniture_decor
50b0e47f8219992ae98677122c483fde,1,303.02,239.0,luggage_accessories
50a64d6b01398039142e3e0be6f2fca4,1,148.12,119.9,art
50a3cafc73d5530ef9a4f1a5a5cc194f,1,209.43,190.0,home_appliances
5099f7000472b634fea8304448d20825,1,27.19,18.9,health_beauty
5096e827f6152df3974343e735a52dc9,1,88.56,65.0,construction_tools_construction
5083416598756311d4bb4ddabd661e25,1,76.98,53.0,pet_shop
5073cb7b965df5f1fea32e8728782a8f,1,158.13,139.9,luggage_accessories
50571d0f0f8ffbeec1c64cefeec01135,1,97.85,83.9,fashion_bags_accessories
50565731f3aeea3f334d15ab5bb98546,1,65.13,49.9,housewares
504f07e36481e5e72043def3d874b92a,1,109.0,99.49,sports_leisure
50147c350ddbaff0646aeac455c7473e,1,129.73000000000002,119.9,bed_bath_table
4ff38de0673d41a0da1499e300720ef6,1,115.7,99.9,health_beauty
4fce0eab61e01d521044c8b071cdfead,1,36.28,23.8,sports_leisure
4fb3e6ce442ce9c621ea9509e47ac951,1,139.07,109.9,sports_leisure
4f823b57fbf2a359f9df38dc72ef0da6,1,33.34,24.0,books_technical
4f3192a28c9da057319996e1502dc216,1,514.6,499.9,cool_stuff
3ea344b27741300cc4724d2a5af94460,1,139.41,111.9,bed_bath_table
3e935c981d34489d33ea5c721ab2e14c,1,53.68,35.33,food
3e8f52cbce268fc54677be617e399ba2,1,69.67,55.2,computers_accessories
5113c9a5037013b0a750444df6dec60f,1,140.56,109.99,sports_leisure
510c5b37537320271cbcbbec65740c16,1,61.78,54.0,furniture_decor
50fd2b788dc166edd20512370dac54df,1,36.0,21.9,electronics
50fcba527cde578e212f114ba5cfdfef,1,84.72,72.99,cool_stuff
50f39d42ee3c1155a39f330b0b53c735,1,40.47,25.95,unknown
50e9e70a21b874311949e3db8ace597d,1,46.89,33.99,health_beauty
50e08517d3e71a6c24abf633e8d88ca1,1,254.45,235.0,housewares
50dfe62a8a76632271d4810efba06a5e,1,56.85,45.0,fashion_bags_accessories
50d77758742285ff49f340ebdf0df5a7,1,35.44,26.0,home_appliances
50cada320c34c3d63fa8598fdda8e06e,1,34.01,19.9,health_beauty
50b82b74dfaf7b1e257d85b3e58bb977,1,17.78,10.0,health_beauty
50b671fa06a05828948cd518088eba27,1,29.34,20.0,baby
50b2ddbf47bd0b8eecabb404613e2a45,1,51.63,39.9,bed_bath_table
516ccdc0667fe7e260156d1998ef9546,1,153.32,116.94,office_furniture
515778ec4dcf81869530fe93e6710ef8,1,171.72,159.99,auto
513d6bfa0cc5198ae04a6ebf0baeae98,1,34.31,14.99,home_appliances
5135301d684848b74276f22afcc6781c,1,59.0,49.9,housewares
5131368354b35ed441caa8ca27244f16,1,110.13,97.49,health_beauty
51250f90d798d377a1928e8a4e2e9ae1,1,25.84,13.99,perfumery
3ef787b4af18c9a34154a46928b09b24,1,26.39,19.0,auto
3eeb9c7bc48cbf70ee22b1b1361bd0c3,1,213.37,189.9,furniture_decor
3edc3d3ffe806f5115118f86cbf5a021,1,63.52,49.0,sports_leisure
3ed1acff2a294f6e314f95ffdd76002c,1,123.37,109.9,auto
3ece1fcd5a64459a4e24143920178f42,1,64.1,49.0,furniture_decor
3ec2984cb2de1675a0306bfc60dbe5a5,1,127.92,109.9,bed_bath_table
3ebc8cc75e312d29b5120d0cdc20bb4e,1,57.06,34.89,auto
3eb2d78dda82bc83c9b047fbba954dbe,1,98.46,76.0,sports_leisure
3eac3be4413c51ec917d2108ab24e69c,1,68.22,49.99,unknown
3ea7e516d573a0445abc7cab48949be0,1,49.47,34.95,fashion_bags_accessories
52261c8a90724edab7b960c69dbf7a9c,1,93.85,79.0,housewares
5215505db2113a032810c3644c346a38,1,133.49,99.0,watches_gifts
521527593ca1726b992318e034dd5690,1,45.62,19.99,perfumery
51ff363ff8346f0fb99858f2c0954231,1,67.39,60.0,sports_leisure
51e8cb2e53573210345e6b2f0168206c,1,245.35,229.0,watches_gifts
51d646c5c93e0f1de543528d0e24eadc,1,76.57,59.9,health_beauty
51ce723ffd19d9d8d7893b8e835bf3cf,1,117.08,89.9,unknown
51c3bce480bc653e51d768e09253d6dd,1,58.72,50.0,auto
5199c64bddaad759e3cc82d7fa449570,1,60.46,41.14,bed_bath_table
519909332323abec396b19dddaebde3b,1,105.65,93.5,health_beauty
5194b6f4fa50ae9404bfd3e48ebe3911,1,201.96,181.5,computers_accessories
51945302d0858fe2efed398e1fa2df04,1,83.55,64.99,baby
519246f38910c45249e57a9f9b9fc142,1,192.91,179.0,telephony
518ef5de2c2b3a255e326a4594ba15d9,1,160.18,145.0,bed_bath_table
51899631eb4e0fed8bd38bbff9894229,1,48.28,29.9,furniture_decor
517dd1c1cda3892f83d386dcf9a4e9b7,1,74.05,59.9,furniture_decor
52d163dd9192d5a70afc33cd8c60131e,1,80.33,65.0,watches_gifts
52c87e7b33516eb97c3023a20848ea81,1,33.03,28.0,fashion_bags_accessories
52bd2502183574fc11a434d5d215a4cd,1,347.06,329.0,toys
52b668edc0d0c20cd9319bfda4019597,1,76.1,59.9,furniture_decor
52b1c0366d4346d02fe4ca6e7c88e32e,1,82.22,66.0,sports_leisure
52a085323b6c368f0ab93e7540614992,1,34.03,14.99,electronics
5295e2ed3de019d54ea93507c27b3ded,1,33.69,19.17,computers_accessories
5292d2a10d727811b78d5b7dfb6c96b3,1,58.7,49.6,construction_tools_construction
526f833e1eb0a32ad9351145a761b9ab,1,141.4,129.0,watches_gifts
5264bb8a8395e30c0d59ac73be2c7613,1,30.700000000000003,12.47,telephony
5263b67de8e3edbade45ea923f6c4e79,1,2626.07,2600.0,sports_leisure
525f8fbde09c9bf777025c3141fbbc6e,1,86.75,35.9,air_conditioning
525cb8d7fb28b9615a1cf6dd55074865,1,70.89,52.5,bed_bath_table
523af7268f3fb3b843cbae0c6b6526e0,1,32.86,21.9,electronics
5237c554fade603fbb83dcbcdadcdaac,1,145.88,129.9,auto
522e80f11e2431474e70300f12a6e45f,1,352.76,317.0,sports_leisure
5304ff3fa35856a156e1170a6022d34d,1,12.22,3.5,art
52ed6cbde6c5bee6f2ea166bf4c1d972,1,32.7,19.9,furniture_decor
52e9413ed0d3e64b796aac2bc2291d50,1,164.70000000000002,149.9,sports_leisure
52e8598530d1015c00613dbb14c307f8,1,240.32,223.0,drinks
3e824028352cd013af85473283f832ce,1,233.61,209.0,health_beauty
3e7ca2ff3d372303c5773c8018746fc2,1,80.19,64.99,baby
3e6de3159fd57b7d7e62c584a3c9fc70,1,102.86,88.9,home_appliances
3e6ccb382c617b7e07b5865257f8bdec,1,107.41,64.9,bed_bath_table
3e591cbf1cec40074c24a2ce372a5b62,1,204.08,188.99,unknown
3e4176d545618ed02f382a3057de32b4,1,158.26,142.5,luggage_accessories
3e362e76af5b6669122b87d6f0a38eca,1,173.99,151.8,furniture_decor
3e31fd1419cc4cd6adad1925e72e3a03,1,93.11,58.9,cool_stuff
3e0569568b8fa37cc1f767bc94fdc395,1,210.55,155.7,auto
3e03619d360cd44f29e094aae3c4a76b,1,75.66999999999999,37.8,sports_leisure
3ddc79cbdf7e79ea75449765656c3b3e,1,85.62,64.9,bed_bath_table
3ddc568a05383c2f24b4d47d1b41f819,1,57.69,40.9,perfumery
53d8ee87caa1a2320c66074ff9c99e61,1,819.47,799.0,watches_gifts
53c2dce98e95822ca42cb5cac7352d8c,1,92.67,74.9,furniture_living_room
53b0b6e69e80935440712605cd5699c2,1,83.33,65.0,perfumery
53a0380bace091a275d6f6a7e46c07b6,1,38.5,24.4,baby
539cf9fd268552759c133043a1dcc5f8,1,90.26,74.99,bed_bath_table
5389dbdf62ed8bee6b52fab9c9891f2e,1,98.56,83.23,computers_accessories
536c813a40c7f1e71aad4f9e1a7da2b7,1,174.56,149.9,toys
5368f8caaa939da050e8dfd7d08fde62,1,19.29,11.9,unknown
5357a190f1759dc5ff9bea83eb195b14,1,31.26,21.99,sports_leisure
534f3427412169450d7a63330dc968e7,1,40.69,24.9,sports_leisure
533282178a0de6f31a7d6fa9f2eea7c8,1,107.85,78.9,health_beauty
5322d72e04acadda01cd9c274b4af288,1,29.49,14.39,garden_tools
5321c283dcbf309eac57110f5e306cf0,1,67.68,60.0,sports_leisure
531caee8b7069e4b692eddf59ff98eac,1,178.52,139.99,auto
530d9436af6fa4960e9754ce4128b468,1,86.25,39.0,furniture_decor
53075a78fc601d6eb47e8ad2d142b7a8,1,36.68,28.9,telephony
5415fa4d6c000c97cddafcf0419b09f7,1,45.86,34.9,fashion_bags_accessories
540a93038cc8b4c42ef0821b2cf067d3,1,73.31,49.97,furniture_decor
5403528d987ad26e8d7cb25940411987,1,67.44,49.0,watches_gifts
3dd6c9d499e7c311a29e08afe1fd8fc6,1,52.63,44.9,cool_stuff
3db10af4436918fa150bb41ae578d812,1,161.01,129.0,bed_bath_table
3da76d120922f2c5c94b3ec02db563c9,1,162.51,139.0,housewares
3d92b609f553af0ae89982e4fae15b1f,1,55.25,40.33,sports_leisure
3d92028223ae14160bf1938a522de2b8,1,73.03,55.8,toys
3d8d8d5750896bd918ef07a8539da096,1,18.67,10.8,home_appliances
3d7e90a312a036ed4ae2ecd2a459a629,1,69.06,47.0,food
3d696187f8d3543290f64ba2f7b5db9b,1,35.0,20.9,auto
3d63afec955956d47d796237f6725cde,1,48.13,29.9,construction_tools_lights
3d5837f86205fe83f03fb5f7e4d5b9cf,1,133.27,114.9,toys
53fda2e4872a41ed984770d4c60a5211,1,139.61,124.99,consoles_games
53f345740817185c3b226e722a2f729a,1,30.95,19.99,computers_accessories
53efd9ce31847b93ddaad249b879b88c,1,126.58,97.5,sports_leisure
549eff3b8a1a37069310736110a92939,1,87.43,80.0,fashion_bags_accessories
5496efb86aea6e3862b6cb394dc020f8,1,239.18,238.81,computers_accessories
5494497e1078148d7b0e41d4551412a7,1,79.89999999999999,64.99,bed_bath_table
548e5bfe28edceab6b51fa707cc9556f,1,107.78,89.9,bed_bath_table
548ace38f22cc53db6f049c551d31397,1,196.92,179.9,garden_tools
54860a1533edf6c65d974441713ead8e,1,214.56,199.0,health_beauty
547041433f87f5c5a9ef21b598661cd3,1,61.96,39.9,fashion_bags_accessories
5457c026a643626249213e1e39c31d10,1,274.73999999999995,259.9,perfumery
544523486eda57c8fe25acfe423abaf4,1,47.8,27.0,auto
5440e1ed49a1153d573b1543dd10d95e,1,194.16,169.9,perfumery
54405df05005a5933a1a2851d1c69c86,1,158.45000000000002,139.9,signaling_and_security
543fd1c1fba9cfa6e424473dd4d830f0,1,112.99,104.49,health_beauty
543b4f1745e0cd1505219f3af6d56d7b,1,74.69,56.0,perfumery
542d8fcc4a81cd455526d35b556437b7,1,116.85,89.9,auto
542d6af4881a5a647cde02c201f43916,1,58.45,38.99,bed_bath_table
541ff1bb76a9502be425895dc6726d1b,1,52.78,39.99,fashion_bags_accessories
55742882e846f5896e72892678652057,1,24.09,9.99,fashion_bags_accessories
557281eded333607ebffd2e626f96101,1,227.93,199.99,sports_leisure
556f5f6c941fc24540f7602d7079d1e6,1,212.38,198.0,health_beauty
5568499d3c902609fbaa24d6639ef909,1,37.24,21.99,telephony
5563f6b699b362e1bd6a2e1e650f52bd,1,133.62,108.99,books_technical
555fb1933a0229450e7c01860a394dd4,1,40.78,24.99,telephony
555cdc8ae3abc9870afa02367539b799,1,56.78,49.0,watches_gifts
55552e80f046fafe13e130e6a07745e2,1,280.65,219.9,sports_leisure
5526b1ae9ab2688cf600783cece249df,1,112.25,98.44,computers_accessories
551ae6a7d21ef0eea7b844dac0cc9de8,1,384.7,349.8,cool_stuff
550fc11ceff23335b50bdab8f9d3c3e2,1,78.19,69.9,sports_leisure
550dc4417c636abc04c71404342de695,1,166.71,149.9,computers_accessories
54f8f27ac6543c074ae5c4e7759b054a,1,45.05,29.95,pet_shop
54bb3470c28291c7252832f0437ca469,1,49.64,39.9,bed_bath_table
54af11c815f92135fb554bd9c97dd418,1,83.41000000000001,69.9,bed_bath_table
54a0f3e8ca45ad0d439759eda20c864d,1,290.84,272.01,telephony
55b0c08f98075107c8b7d4ccded44f05,1,54.1,19.9,fashion_bags_accessories
55afdf91178e38185fa461b5ca028a57,1,149.16,132.53,health_beauty
55aefe286a63b5e07f42a63c10371020,1,410.61,399.0,watches_gifts
55a257b8a93fa8ce0b4774de48718126,1,685.93,669.0,sports_leisure
3d4609bbecb3db49babe621f46b1b8fb,1,39.05,16.99,housewares
3d37da85f5e66558333fb5daee494736,1,89.38000000000001,69.9,health_beauty
3d36ef6c6d553500f4240920658689e3,1,317.3,299.99,toys
3d3204ab08bb14fe5114502ad7809384,1,81.72,65.5,baby
3ced865c94d3396f990864fa7aef9104,1,46.14,24.99,telephony
3cebb9158a3aa0b3f78ee0f934c9f032,1,86.39,61.7,sports_leisure
3ce943997ff85cad84ec6770b35d6bcd,1,187.79,175.9,computers_accessories
3cdff94d5455b793b415be775cace03c,1,173.77,156.97,health_beauty
3cce0d166c3fb2507956c630c1d0f87c,1,135.6,120.0,home_construction
3c949f7dabf571691248f935a0063fbd,1,75.08,56.8,health_beauty
55945cf4a4e6def88dcc8996a581608a,1,107.19,104.49,health_beauty
557484a8965bdc4e548658239f7663fd,1,200.61,149.9,garden_tools
569216db5e4a857c4056614de975617f,1,1778.01,1750.0,watches_gifts
568e52d4c670b4d5130bae2dbf211c40,1,117.58,92.1,auto
566a14211efb01bf3e8ac11007379e93,1,34.42,19.9,fashion_bags_accessories
566837caf82af3f65421f9d9d8820a27,1,51.64,39.9,furniture_decor
56537b99d06c3516aeaaadad438c9f64,1,128.73,109.0,luggage_accessories
563bbe0d8473acb99ec159079a8352f1,1,172.22,155.5,home_confort
56303e28cce31802381aea252883b8b8,1,72.14,56.99,watches_gifts
562cdf9387a027681e0a59b4202e9a40,1,108.81,89.0,bed_bath_table
562cc818d2fced5e90afc6c220636bff,1,223.26,199.0,musical_instruments
562970ce0462981e1699d50878a10450,1,67.91,49.99,housewares
561e48cdfacd14e7cfe67aa4ebd0caea,1,111.32,94.9,pet_shop
56190ea1f5b28f23ba0065cfa36b7de6,1,54.09,39.99,sports_leisure
560ed840b584c6aef5c8959366dfd41e,1,455.04,428.0,baby
5605e265607c01c1242a18219d7e396e,1,75.07,59.9,unknown
55f166570845e0a7b4456edac9c420b7,1,58.78,49.9,auto
55c241d4a5f20682cdeaec642cb06fa8,1,417.46,399.9,cool_stuff
56ad64ea1d19bc4b26b61088d89e6f41,1,67.53,49.9,furniture_decor
3c883b9d3fd2d0ce448d4136349dc0a4,1,73.27,55.0,bed_bath_table
3c8403a4f7135ffcb0e050a81764088f,1,115.46,105.9,bed_bath_table
3c81b58ed91e248ab04898f42e223b1c,1,61.05,39.9,sports_leisure
3c726b5f595b976b4348899225d955a5,1,110.26,89.9,toys
3c61c2007c26ec50365d6c385e088ca1,1,28.77,20.99,sports_leisure
3c5b70965b3d63c66a18dd46881a58c9,1,46.22,29.9,housewares
3c5559ffe829dd89665484c98f0c4e18,1,79.14,69.9,consoles_games
3c5229dee6997f28485a65cbabceacb8,1,79.63,63.0,housewares
3c40f1198e8e92e3c84c84bf8a8e1f0e,1,67.57,31.9,bed_bath_table
3c3b7758fe340e0cc216142b0700124a,1,94.49,74.5,auto
3c261802e239d1f2dcda5ed49aa14220,1,87.94999999999999,74.99,toys
3c2417f0f42bc3de63d08893b06571e9,1,97.79,89.9,toys
56a59e73563d9b8d536af8b0dc9e0995,1,183.93,168.0,pet_shop
56a46955ecaf11d037f22e3f11b903d7,1,117.58,89.97,bed_bath_table
56a37c8f41558bf4f515e0a835083543,1,63.33,49.99,bed_bath_table
577f102553175d51e571885be1347546,1,141.63,125.0,home_construction
576787fafc333d1cc0ed0be68a39d001,1,227.1,210.0,sports_leisure
57646b730d659bc73d8193fc5131014b,1,61.38,52.5,flowers
5743cde12b14a481dbc29d4dc336f92c,1,68.48,59.9,sports_leisure
5742ee1a5d941486111ab986f6611735,1,96.41,39.8,housewares
57414a165829139b9b534f0b4a794fe0,1,115.6,98.0,pet_shop
573aa554222fd2492482fd6b91c7aa3c,1,243.25,220.0,auto
57398ec023989dbb7618acae002f3370,1,77.16,59.9,unknown
570df4c7c2a1ba5d810f27b93c584232,1,180.91,168.0,sports_leisure
56ed53afb0d6ef2c843df74a4c1b573e,1,245.19,199.99,construction_tools_construction
56e841b3011bbc87265ef5c05544e7c1,1,40.25,22.0,electronics
56e4165a2811a685d231891404533e01,1,374.73,249.99,bed_bath_table
56e04ad5959e2c30a6754d9cc1f098f2,1,52.21,38.6,small_appliances_home_oven_and_coffee
56d708cb5ce58c2040a3b18a0cb33497,1,41.84,29.99,telephony
56cd306d7a869c029cd2f165e4dc928e,1,69.4,57.5,auto
56c1cf251f11ba5c5f1dd029fa148363,1,68.62,53.5,toys
3c025396e63ff6925a3b68781e8b3456,1,35.86,24.9,musical_instruments
3bf95cf337a8c87435a2949c48350fc7,1,115.42,97.49,health_beauty
3bf56e26b61ad28e0d04d2278fcb7ba8,1,741.44,699.0,stationery
3becff10d1deb92b02f2a1ee62a04524,1,463.34,426.99,computers_accessories
3bebad3cf2c8d1a8d3ce97174643e054,1,40.38,32.0,agro_industry_and_commerce
3bd016185be10ea4b4b2baa6e7dd9e9b,1,50.23,35.0,books_technical
3bcf64d8d26d6e06bd568d27fe31d8e8,1,172.9,142.99,bed_bath_table
3bbacbe586e957acbf26c63b3ed532a3,1,165.99,144.9,pet_shop
3bb8427f7700385308f42cfcf4c8d10d,1,621.29,599.0,consoles_games
3bad4452b9bf0554748e82f3a4a5673c,1,113.8,95.2,construction_tools_construction
3b91132e7eebaa17b615edbcdb5baa8e,1,178.69,160.0,construction_tools_safety
57c9362442482cd2451f2eabf468e532,1,1125.57,1099.99,watches_gifts
57aae7271c7c24614b0d663c6df83f35,1,267.93,252.0,sports_leisure
57a8dfdc8e9c5f16bfe0d6762706944b,1,89.05,52.0,auto
57a2ee969286488b5437acce27b74259,1,49.47,34.95,fashion_bags_accessories
5788687ad396e23d2c0332354be2d918,1,26.69,9.9,stationery
58e3e57e37601dce8a567e7c1f9e2090,1,33.34,12.5,toys
58e03c2c00f9e4f3a35b6cf0d13cbb67,1,186.46,149.9,office_furniture
58c975d8b74f2c5a520b580f46456cf5,1,61.85,50.0,fashion_bags_accessories
589f959f5ff55283c59dd9b27bb1ba78,1,29.6,15.5,cool_stuff
5895e5cc058d6773e63c7084c7f6e636,1,41.29,33.9,sports_leisure
588ec31c89dea5de5dc87e15790df3f4,1,77.97,59.97,bed_bath_table
5877301b00f95e3c6118738b293dfab3,1,52.47,39.99,home_appliances
5862da8a8a08881304fe2dc5d8671200,1,76.55,40.0,garden_tools
5861217c6b00a886e28a101167dbb1e1,1,30.78,15.55,housewares
584c7a0f5da1770ba58350c8d8176b45,1,459.69,439.9,auto
58306668d7263e8ebd2d5c69ef31cc23,1,90.75,72.99,health_beauty
581de99ffa609d5f7b841f0d81df3f2f,1,222.87,185.49,baby
580f59d167b4ded91943ef2b1f3d0077,1,38.75,26.9,bed_bath_table
57de1d67d6badffc863b651c74e59dd0,1,205.99,189.9,stationery
3c0c25556095f68ed9d05df570c9c587,1,291.72,249.0,pet_shop
3c078c878d44c18bb8c02acc54ae25e5,1,48.86,37.9,housewares
3b82e71cc658bc6deadebef95075ac55,1,27.68,19.9,baby
3b7929cc079c14493fb6fb3373dbc1e1,1,122.5,110.0,audio
3b5c8da5a1bb814b0a0d43918fb1223e,1,163.64,139.94,office_furniture
3b473a6b1c280e0345e876648a61a032,1,216.05,199.9,construction_tools_safety
3b43f7794dc5da533ffd74ebfeccf539,1,40.77,22.99,sports_leisure
3b42242085259cb66b6e577ae5173c76,1,116.21,69.2,bed_bath_table
3b37da20f1b1b8d79065208761003a69,1,62.28,19.9,housewares
3b10cf7d1e08c598428ad6eb7c59d09c,1,141.75,89.0,bed_bath_table
3b0fbb3ab5b1512278d2e1c695b07e85,1,84.91000000000001,72.9,bed_bath_table
3b04dbc12a3fcaa8402b8dd2b3a909d7,1,1022.65,989.0,garden_tools
3ae687254f61c1ee2d53a48299fc2cc7,1,107.78,89.9,auto
591afedd45ae097827bf674a8491ea21,1,88.84,62.9,electronics
59127843f6ce173b6e22322e7f10ab82,1,47.68,39.9,fashion_bags_accessories
5911ffedc1c50c813140e8a27035f2bf,1,1391.39,1319.9,health_beauty
58f82cc5bebd588e5cde0b3a89059da6,1,76.69,59.0,computers_accessories
58f1f70c378b16f78eff44c7104aa772,1,156.73000000000002,139.99,sports_leisure
5a21ffb33906d29b4ad9edf60f6f1b2e,1,161.47,149.8,sports_leisure
5a0c21ad6b82a1b61856e48ec959764d,1,128.04,108.0,perfumery
59f17be62604541797d4df87ae80cf73,1,146.02,107.0,consoles_games
59e9e55854bde29f3942510af639b7d1,1,27.29,19.9,auto
59dbefe045e850ce6df6b1fd5dce14ba,1,206.76,119.99,pet_shop
59da9108971775375af05a7280fc14be,1,171.59,149.9,sports_leisure
59c1840441f4df065f52760bf51a8442,1,57.68,49.9,fashion_bags_accessories
5994a2fdff4b0f9ca4376c4226adb442,1,180.91,129.97,housewares
5991d036c20c6afec567cb3b852e616d,1,72.6,45.99,housewares
59614aca5e5ddb29fd461f83c8f32b1d,1,121.68,102.0,furniture_decor
59391e840980a4bb6df5f44d3d734df7,1,65.22,49.99,sports_leisure
5929e483b6df44414c047cac38873fe6,1,58.46,42.9,sports_leisure
5928c970e675d6fdf39abc0dfc431ee9,1,36.38,28.99,telephony
5926c58c462b5d1f932ef3f0a9e37d41,1,415.78,386.75,home_construction
591d4f16311726b70ab348c9e3c49a33,1,840.63,791.95,bed_bath_table
3b8b957801a5b4bca1a4f5d1f5d32aef,1,27.67,9.89,telephony
3a840a54907a1cb180954630cda7928f,1,22.78,5.99,housewares
3a806ac1ab98107febb4ffcf38bc1fac,1,138.32,119.9,baby
3a7d90845985f39048815a6939c56be4,1,54.72,36.49,drinks
3a7c9b0413d7b9cc7f4a18318fc5afb3,1,145.65,129.99,cool_stuff
3a7bc7a262077b18cf16fb5333a98b00,1,34.03,15.8,costruction_tools_tools
5a9db0654a2a5e1ee2b517023d04f279,1,95.99,83.9,health_beauty
5a76b277c6c31033b89362512fb80274,1,50.68,37.99,bed_bath_table
5a7437ffa076413d6ab152c80b04bb9b,1,59.0,43.9,sports_leisure
5a5d7d4e7f23de210890506c818d2b8a,1,64.56,49.0,unknown
5a5acb6ac56c50c8e988f2c93cc8b7ef,1,29.77,21.5,home_appliances
5a57a59c44429be19e1ce8e69e15c473,1,136.79,120.0,housewares
5a4f16bfafb54a744311f01c11c05737,1,205.53,179.0,computers_accessories
5a47c5b5c3866f29177d497727f22f38,1,152.04,128.56,sports_leisure
5a4491fb73ef5c6689be17bfb30642eb,1,219.28,200.0,sports_leisure
5a3f2f6e363dcc2277ba8df88f3a078c,1,153.63,93.9,housewares
5a3320037d5922a7708647c81ecc1f15,1,112.95,75.0,housewares
5ae7943d5ce738386050e944a06f9603,1,60.63,35.0,auto
5ae533eac9c0e93b3f89bc9aea079ed9,1,51.09,35.99,computers_accessories
5ae42f9d8352b9edd11800ebd575f4f7,1,524.48,499.9,auto
5ae2f57d379f89f995f9444cdb6d5c60,1,40.04,27.19,cool_stuff
5ade9eaa68986ae388b9d6ba2aa185e8,1,280.65,238.0,furniture_decor
5abf8ac7fdb8291904445c4bd64ac917,1,274.98,259.0,luggage_accessories
3ae28b124972bb81eddcb644cd284be9,1,122.56,99.99,toys
3ae13337333ac7ba984074d5a6349074,1,384.79,369.9,sports_leisure
3ac618d307e5f58f1cb1f8b5e7195a28,1,62.91,49.9,auto
3ac52f93c2299daa201fbb7ff36546f7,1,69.52,43.89,computers_accessories
3abefa3ab32440bb6f5937c65c6652f8,1,58.62,49.9,perfumery
3aa87ff048f23ae9ac589dd73c21d98c,1,98.53,89.17,unknown
3aa3fb2fdb16c7383879e48a574fc8ab,1,278.11,219.9,furniture_decor
3a9d55dadd7f45b28659b20a81c48cb2,1,207.94,189.9,fashion_bags_accessories
3a9c4070ee3d8325be46ec77b483c6e7,1,238.1,219.0,baby
3a85491e291016cb452b9b8e78c30ddb,1,426.96,410.0,costruction_tools_garden
5b99f79ba0d929b0f3270ab0f0f5911f,1,57.6,40.0,drinks
5b8423dc7f23089c9c59c5d140eb5a1c,1,147.99,129.99,toys
5b76cbb9c422e9f3920a1a75a88f0cf0,1,15.78,8.0,home_confort
5b7692c4f3cff85f88ad6255269c696c,1,90.17,66.9,bed_bath_table
5b7266a9c1cfa2df264b8d703258fc38,1,227.96,179.99,furniture_living_room
5b71073dc2a8c72a945d7c5000c3c199,1,41.77,33.9,baby
5b668636d65ddf4e4109c6d8fb13ea56,1,63.41,44.99,books_imported
5b4b8595bd33017cf3c87c8ab09c2e42,1,59.25,47.4,stationery
5b488b474a4f2519b7826390b1873a58,1,225.87,209.9,housewares
5b457a0222eba04e6066025115952773,1,92.32,72.9,sports_leisure
5b3b5f9ae84ca9ead3138b199420cc94,1,156.22,139.0,toys
5b394e3d290882de22e0207c7027fdb5,1,33.68,25.9,food_drink
5b3242867b3c1f86ebe790699c88b901,1,127.99,119.9,luggage_accessories
5b2bc7f0927cf91077fcb99abcde248a,1,88.89,75.0,bed_bath_table
5b2b72f58d212a6e4733884ef0ece564,1,249.02,233.35,bed_bath_table
5aed6af9bb6c3f903bef12b8c56e235b,1,69.03,54.9,perfumery
5c9f86c0e642b62c2100fd8d26f38771,1,106.97,89.9,sports_leisure
5c973b4202aac5c372a483e712306f4f,1,61.8,49.95,bed_bath_table
5c86703f3b01f9df579c3a6232bb908b,1,21.04,13.65,electronics
5c61329e1b7e18310bbc294c17cd47bb,1,127.31,89.99,toys
5c59756861f289b773f83871924200eb,1,121.64,94.9,bed_bath_table
5c5378e8476e24c149e5b2e678ff4212,1,208.2,189.0,bed_bath_table
5c535d2479b9759c3bc8d6ac57085cf0,1,202.17,159.0,computers_accessories
5c3aca5c078a343b3b873362e7ac2fcc,1,168.13,159.99,watches_gifts
5c31001a08d64b7c60a58f6e5a9604b5,1,356.74,289.9,office_furniture
5c0b5ea8a3b6a1ac9d0e5c58e97ba24c,1,41.02,26.5,sports_leisure
5c0826f946c32406d5baa79544668b4c,1,117.94,99.99,small_appliances
5c04d019c44f9f7da2d2b9508871a243,1,567.3,499.0,construction_tools_construction
5bfcd193eb29c1c8332e2d4ca804d54f,1,239.64,223.9,consoles_games
5bfc7506459ae2a7b4b573fe557a58e1,1,89.36000000000001,69.9,bed_bath_table
5be202203d884803b74c45c7ff991706,1,157.3,149.0,watches_gifts
5bd6493a2d5a384987386f2696bae33d,1,34.08,18.98,telephony
3a156bd35ef75525c9b43dbed71a9734,1,64.56,59.99,pet_shop
3a0a670620f51d9287a85a9d81474dc0,1,107.42,89.0,housewares
3a07f82957867a5eb477dc7f2f60c2aa,1,45.78,38.0,watches_gifts
5d0b3bded37ffeb1e67b324f3301ccb6,1,125.52,109.0,perfumery
5d030df086e7b38e143350d4c99db48d,1,492.36,429.0,furniture_living_room
5cf337446524f9125e42b40abd6ccb73,1,101.91,88.95,bed_bath_table
5cf32074c765ce825b53e1241b79e544,1,70.69,55.99,bed_bath_table
5ceafdc1d838f693f92b8c2d8c3bdc86,1,36.11,20.0,auto
5ce6a6914bbb228f4cb4ee93c1cd0d15,1,368.52,349.99,toys
5cc3b3b52374e67281fd366c03b57ff5,1,152.95,99.9,pet_shop
5cc23f2c72b47d7b95f4df9855848a46,1,173.57,159.9,bed_bath_table
5cbecf1b44b9abf491a61aadf2809f1a,1,46.42,31.9,bed_bath_table
5cb96c51c55f57503465e4d2558dc053,1,53.38,45.99,sports_leisure
5cb44566230140a581c49436b00584f1,1,47.64,40.25,auto
5cb27eb7202ae6c53809618eb8549007,1,131.95000000000002,113.9,toys
5ca5d42f98d39aa421923c2fde2c1558,1,1042.51,998.0,small_appliances
5d98f7de3b78c8dd8d7b62ea22000a65,1,37.38,29.99,telephony
5d91ebba17efcefccb56680d45aae16b,1,344.04999999999995,314.9,auto
5d90b82ad1fdff812987fa28158b7984,1,56.5,39.9,bed_bath_table
5d7c23067ed3fc8c6e699b9373d5890b,1,78.1,59.0,fashion_bags_accessories
5d52927f3cf2e3266c5dd6e4d2dd566a,1,71.82,59.9,telephony
5d43da09d9bdd70109b2cccd41632a06,1,179.35000000000002,131.9,luggage_accessories
3a73521bf3da5249f02a6f3843d707e8,1,138.64,120.0,health_beauty
3a621027279799b05b8b6492a92308ca,1,34.51,19.99,fixed_telephony
3a5ef18a79b288df31a2b4bf5b2d17ce,1,98.32,55.65,toys
3a5dc69f4360ae2f4561d165c2ee8fae,1,79.33,69.99,baby
3a53c1796dd7e4050fdfd2f5d4c90f70,1,351.5,315.0,pet_shop
3a4db42aea95097b7a616b36f21d143f,1,253.79,234.9,stationery
3a4113a7009a9fda9cc0021c98b74332,1,69.53999999999999,50.0,books_technical
3a3f0628722b2f548673a2f7f5fa5605,1,170.84,155.0,fashion_underwear_beach
3a3232c5a8df0895d04012fb058f4bbe,1,41.05,19.9,telephony
3a21e6f5a154a5b03b6edb8fc6b24c5d,1,64.0,49.9,baby
5e6935146c2d07b17b2ca0d3e98cb1f6,1,32.239999999999995,18.9,health_beauty
5e6248437b2668bba62c0fdd71eaf72d,1,187.37,159.95,garden_tools
5e5d267a41f3d8bb608c2f0bd4b4972f,1,242.44,223.0,watches_gifts
5e57a146ccdca976190821a00a059ebf,1,354.35,339.9,perfumery
5e53af05c040b01584b81b3549945faf,1,56.98,29.9,costruction_tools_tools
5e2ac503775a811be6aeeb9f87830e92,1,73.25,53.9,bed_bath_table
5e26cbd45b83e411e82e3a8cafa8d951,1,119.02,109.9,baby
5e24c1972fa0093e3ea96de1107ac733,1,219.4,199.9,watches_gifts
5e205629195bef6194e3ea62cc7778c5,1,34.0,18.9,books_general_interest
5e0a88877b8f7889949d0a7b3fc12d14,1,88.06,69.99,sports_leisure
5e015730deea7dfbee442adfb1e29b27,1,194.91,179.9,perfumery
5ddf71f0c832e1af820031a5a62beb01,1,35.959999999999994,18.9,home_appliances
5dd65915a87e9031993b18e481a3cbe5,1,121.84,106.0,sports_leisure
5dcceb4689c06ac693117bc4296986ef,1,112.45,59.9,bed_bath_table
5dbd7cc557840defa81a4a99590b215e,1,379.11,350.0,housewares
5da61f03fa61bb3e2d965b98aa102ad7,1,96.88,89.0,watches_gifts
5f2ad53b751662e4c54dceffadb3804d,1,75.07,59.9,fashion_sport
5f2641478d7b5ffbfcf1f2b5cdff4709,1,143.5,100.0,housewares
5f24a2c5fe04fac8072d899fffa77540,1,63.92,49.99,housewares
5f19455f0c3902e89f16a6042bd4221d,1,435.44,414.62,health_beauty
5f0bdec2fb222061ed8fe52586a5957d,1,26.77,18.99,telephony
5f00c50de3d989194f0439e343480372,1,94.3,77.99,bed_bath_table
5efb4125102dcaa9a937dc2002c96aba,1,29.55,14.45,home_appliances
5ef336462ba740ddd4727319e26207e6,1,69.13,41.89,costruction_tools_garden
5ee76866fa61481c966c02a129dfac08,1,64.22,47.9,housewares
5ee245f4f514e8937aa7a5ef3ec2c8b7,1,58.11,42.0,bed_bath_table
5ec2e292f7f45809fd14d9f45583e2c1,1,149.71,125.9,bed_bath_table
5ec1f2abfcd415baea5b1729d4cc5f83,1,120.61,86.25,auto
5eb9aa8db351127bf2212636cac6e0e7,1,68.05,55.0,health_beauty
5e864d9858dc9a7b55f937ed8998ffe8,1,278.47,259.4,toys
5e7f8e7aeb1f57dd83aae171dec38a73,1,186.92,169.0,furniture_decor
5e6cea9c30c88f6ddeab0dfd17b5c7a7,1,135.59,120.0,telephony
39849897ee574a067adeb72b6c8e84fa,1,49.96,27.9,garden_tools
3976b9f62045be05e8bbd11c4fc19360,1,403.24,369.9,bed_bath_table
396fb20791c69a78b3ec80ccc7e9edad,1,145.56,129.9,watches_gifts
393d0083cfbd985699f8b7aeecc572fb,1,169.48000000000002,159.99,auto
3938defa878985e56e22db94bbdea2ff,1,285.58,225.0,sports_leisure
5fb00b8c5c7ec5ea3a19223f6e8d6b40,1,39.08,31.6,baby
5fb0031ce4395d307321919f71ffbdf7,1,217.64,199.0,health_beauty
5f8d452952e14aea06671fcc55e9b3f2,1,170.68,149.0,bed_bath_table
5f76bb88bf4410580362879247ef7248,1,380.29,312.89,housewares
5f6906793eb1d554d76c39398ce08693,1,60.42,24.75,furniture_decor
5f622da714951c5ae86acf68c0a03d30,1,75.51,59.99,computers_accessories
5f61715df376d28bae7088fde14894e9,1,139.52,124.9,bed_bath_table
5f4f1408e6d6f0653e18c25131dceb77,1,61.09,45.99,toys
5f47bed9e5b0a01f44ce1ae93da98e70,1,56.35,44.5,bed_bath_table
5f42d57952b7815098979a5c4fa6f82a,1,117.96,110.32,health_beauty
5f315c482ee138f3766f5a9169f16ba6,1,207.55,198.9,watches_gifts
60184212dae4e6b0da32bf54271a8c4a,1,386.33,369.0,watches_gifts
60142008404f92c16972d1cb6dd0e3c8,1,67.22,52.11,housewares
600807028ef02560765e441c161a9da3,1,98.88,89.9,stationery
5fe7fd1b8ea02958b45106dcd79874e8,1,112.45,59.9,bed_bath_table
5fb8e63ae576fbfbd243c50c5ce74050,1,32.84,20.99,telephony
5fb1e24560c31b0eaa1911d4247187ed,1,317.53,299.0,toys
3a04684bdbb06427b4adc0acc1236def,1,78.76,69.9,sports_leisure
39f9ab5ea27485a4c3d32ee4c45630d8,1,144.76,126.0,bed_bath_table
39e3d246a3edd7b9ceba203155c1542c,1,53.6,38.5,bed_bath_table
39e09cc90decacc7e5ab1a15fea86f56,1,58.59,49.9,baby
39b86f4e3aedf22731990099a660a6f5,1,56.78,49.0,fashion_bags_accessories
39aa98469aa7460a9764311b3f8efb12,1,62.74,45.95,bed_bath_table
39a1a3b9314738724fce4b2907ae6686,1,158.27,149.9,bed_bath_table
39a0578866cba21bcead91f5221af2a8,1,40.37,27.9,fashion_shoes
3997a6da5a88930a92998ccbf98adf32,1,371.28,348.0,cool_stuff
3986c6e32f39114eff1ded07f1cb16fb,1,778.27,748.0,industry_commerce_and_business
60d60857503b0e721781320f4fa28acf,1,270.55,189.99,kitchen_dining_laundry_garden_furniture
60cf4effb6947283fa638d570bd07318,1,367.02,269.0,baby
60c93709754c1b56d6fcc7187a4810f3,1,96.8,85.0,housewares
60bc15240c03ba82f305cd923bd93598,1,92.57,79.0,perfumery
609b1b50202d276e56b2468006fa82aa,1,97.0,73.9,bed_bath_table
608b018a4443a457a5cd1e58de213cb2,1,38.42,24.0,furniture_decor
606a5b6dec14661643801e2cbf308b04,1,67.24,57.9,small_appliances
60583a83a08e3bb8c9fd974983021a34,1,190.58,169.9,housewares
60567eaf5cdf794639e94508ec387a82,1,196.02,169.99,fashion_bags_accessories
60525d5b6a1658c5eea3c64713922000,1,127.5,109.99,bed_bath_table
60495adb1f1a49c8aea75e5e56a47a48,1,109.99,92.9,health_beauty
603e77844ae424a4842e8cb31309cffe,1,43.25,24.97,construction_tools_construction
603a1aa9fa912225142d0857890735bf,1,26.85,15.0,telephony
60377afd6f6da838f980b2522636cc22,1,305.63,290.0,baby
603751cec205d947f27ef1ab32b7fb26,1,69.84,59.9,cool_stuff
60314cbf527af04ebc935be7c02dc1cd,1,65.32,49.0,sports_leisure
619d72a5e53d41d7646274a3fa20c2c4,1,95.21,79.9,computers_accessories
619d2ba7f3d5ad00cbd93ecd49789a44,1,70.14,55.0,consoles_games
61937887eb6ee0b405a5759756426486,1,681.82,661.0,health_beauty
6186e311c6a52e7438c538015e82cda4,1,78.18,59.88,auto
617f3626c1224c1c2afc6c9a4cecfcb1,1,449.01,389.42,baby
616042729c11849827291496b18e9ec5,1,69.03,54.9,sports_leisure
615cdd12d2db03b570f68c5ac19ab026,1,263.95,220.0,home_appliances
61509eaebb2d4bd1a7511b1a75703f8c,1,36.75,24.9,housewares
614d9b959168fce3e0cbd0645acbb666,1,50.86,39.9,furniture_decor
613db2ca288a12dd07e6fb99974800e8,1,34.230000000000004,19.0,auto
612da1ab2099d81e7da8a5769663c1ea,1,126.86,109.9,sports_leisure
611a736015e65141abd844f0f37c84af,1,67.86,59.99,bed_bath_table
60f98d8f55a602509885faf42c0095a2,1,305.19,289.0,perfumery
60f1546ceca9c1dfd87b26c9c6482846,1,337.51,295.0,housewares
60e77eeb5275ed33a04d1fd482feaac8,1,58.09,42.99,computers_accessories
60deed43085d22ed6326c2f10336d8c4,1,290.6,271.99,bed_bath_table
61eee7a9f1884caed59c316047c5832f,1,138.55,129.9,stationery
61e0273e790dee51cd095c1ea887bf23,1,37.22,21.99,telephony
61c59ebbb2d9510287434ab66f6fc237,1,83.41000000000001,69.9,auto
61b5c300f3e56ac6bda4cb54de396f9b,1,60.95,49.99,telephony
3933e8a85308e9e9e9bc428355ba203e,1,103.07,90.1,bed_bath_table
3932e37f1f658768ac53fbe680f145bc,1,66.57,51.9,bed_bath_table
391a014a66920fa0ce468319264e0232,1,139.0,129.9,consoles_games
39084b68d30ae3ce2bdaf467ed4f3dbc,1,54.6,39.5,perfumery
38fbdbd0a9be4733e29cd1afe360e23b,1,163.39,149.9,auto
38faaf77a4cd4dfb50ea8512e66285b0,1,707.16,689.99,watches_gifts
38f21c6fb55695dbc9bed247687a20ad,1,36.23,18.0,books_general_interest
38db388d2fc1b20662fcfd3f38b0be28,1,163.38000000000002,151.3,construction_tools_construction
38da2dd3fddf4b5eda6d46d781fde41b,1,89.28,61.9,bed_bath_table
38b5079a807bb9f22ddfa46f929accee,1,32.85,21.0,perfumery
38a3986954ae656fba0263c496a8b447,1,75.6,62.5,bed_bath_table
61a15da36ca0448be0565f8ee41dd37e,1,56.96,46.0,unknown
62ad9a8972411e333e16347051a98e2a,1,32.84,28.9,electronics
62a5a3de0af802fb3718a83c74c3ff8d,1,163.22,145.95,health_beauty
629397d35e30e4a0b7d3da8bf69be7ca,1,247.62,220.0,garden_tools
628677036f276f6c0792cded8e9211ee,1,145.15,120.0,bed_bath_table
627dce1ab24323cb7ac147cad5ac0b8c,1,556.01,536.49,garden_tools
627dc84ce949186519dbddc2f58fbdfc,1,41.62,23.99,fashion_bags_accessories
62744bf012b60074e5fa0fcd657cbd34,1,83.62,74.9,furniture_decor
62644f19deb898e43ebdcd29ff3d9361,1,249.08,231.7,cool_stuff
6263969289f84cd8bde876597407657d,1,85.18,69.9,market_place
624dfd4e171c102a6b6f50a83e522019,1,109.6,99.89,construction_tools_construction
623fb8cc5f36842aa32650e2208a08c8,1,33.17,24.9,watches_gifts
62298e8302e154172f8904c0c2fc620d,1,199.14,181.62,furniture_decor
621b15d249d471192c1bd7ade2dd8b86,1,33.36,22.4,fashio_female_clothing
62193e3c21994f1b746c4bd4f0c2e287,1,134.01,98.0,computers_accessories
6211cde2a8e52071bbb756f59569701b,1,37.99,25.0,consoles_games
620b45f968a49556658d15ef8560a30d,1,341.62,329.9,computers_accessories
62ea5f65c53b526eee8ccada76b1446c,1,139.98000000000002,119.9,furniture_decor
62d2c177dc54994c9103c09e92a05c04,1,361.45,349.99,toys
389c2351d11b4f543c93ceb7e966315d,1,199.4,190.32,computers_accessories
38841dec90eddf2f43cdfabc48b3831a,1,54.1,40.0,art
387f1559343d513c4383bdb99672e431,1,115.35,99.9,bed_bath_table
3879913e3a462abe3be99c14310898b5,1,221.09,198.9,watches_gifts
386703f26f328414fe118e10a5d92675,1,43.29,27.99,telephony
3863a6df816f3b8ce0358a1243541fcb,1,92.67,74.9,costruction_tools_garden
385a33a408e9c35c9fbc2025c12f3784,1,89.55000000000001,75.9,computers_accessories
3846c262ddb08db0ea2cc1a1685590ff,1,50.1,35.0,unknown
38327e062df5eb11f9ff87b586df0fd4,1,65.89,54.9,sports_leisure
382db2ed3015c04d4b844d2a0712494c,1,105.78,95.03,bed_bath_table
382132cf96c88a277a65226833af5f61,1,75.08,59.9,computers_accessories
62cf23497081c863dc4b2935c279d5a0,1,85.72,67.99,bed_bath_table
62c7230e65fd9da6326284606ee1b197,1,69.03,54.9,perfumery
62b0aaa3af54c1599523aa7505ac5216,1,57.51,49.9,telephony
64123627d4116a2bc8284f1bc0a257f3,1,162.68,145.9,toys
63f7a4366da7b3a3cb5bd2336ca15f7e,1,365.3200000000001,329.22,telephony
63dfa8b12200610ed7b5e41d3c888a25,1,123.18,99.9,bed_bath_table
63c21c167a87abcbed6efe83c8169866,1,339.12,285.0,construction_tools_safety
63b1e1149e547163e18adba529c9cb5d,1,60.23,45.0,health_beauty
63ae63c279f3ccd864bc7756f81bec2a,1,105.77,87.9,bed_bath_table
63880b203cc3bae1fd0520242cdbedd1,1,48.23,32.9,housewares
636636222363eaf74bf5e313dc934cd0,1,49.18,31.99,furniture_decor
635c8b84adb4d0849874331d19fa25de,1,84.78999999999999,68.55,pet_shop
635c4d1abbc47f87a51cec367caeccdf,1,340.34,320.0,fashion_bags_accessories
6352f75289c0456b2ddd48723e2e8fa4,1,55.01,38.9,computers_accessories
633ab0ec23c18ed1b64356a25ea7b5bd,1,1314.86,1298.9,watches_gifts
632921e8d6c6b23ae47ff20950a56854,1,150.89,129.9,bed_bath_table
631cc372948b89f0211271f2546d9f44,1,96.22,79.9,unknown
62fd674a590e093bfc9aa9515d94caee,1,140.79,120.0,garden_tools
62f5caa3d09aa499e778927db65547eb,1,91.57,79.99,computers_accessories
37c3932ee8a101cbabcfc597e92c26af,1,34.85,26.5,auto
37b99aa22bbac19b2a4afc4b2a958a53,1,354.9,279.99,garden_tools
64874a0d6c1ec460c2f59886c51b9711,1,274.71,264.5,perfumery
6480f3f31b23d41c1b8ad051c201b244,1,186.7,171.0,health_beauty
64769a595cce4c13428fbbd069fb285e,1,99.65,79.9,bed_bath_table
6473836fcba4675677ffc426c98db787,1,214.14,197.0,auto
646998fa29db22fe94b0bd31b8d228ac,1,32.61,24.9,baby
64693ed5472651f9ea64d52a689d9ea0,1,109.48,96.9,housewares
6463e442310f2f4f321c83a32d8c662b,1,118.35,110.32,health_beauty
64361cf847b7ebbd89d37266c947356c,1,81.4,67.9,housewares
64315bd8c0c47303179dd2e25b579d00,1,106.84,86.99,toys
6421588f55f75de28cb3357e07723d14,1,62.68,49.99,bed_bath_table
641a45900528e8324c4848dda4e0a3fa,1,33.43,25.99,housewares
6416e0ecd625ef4adf18658a9aca2e10,1,56.01,39.9,health_beauty
641444946fe3a839d726c32804cd1aff,1,313.5,299.9,bed_bath_table
6413f7a28e149a324c4a914000399fb2,1,163.25,144.99,cool_stuff
64e77a6fb5b8e01019106773518b5a71,1,128.09,99.0,stationery
64d33e6bd1b905a31c2f96f584e6a0c8,1,48.22,29.99,telephony
64cb768ce668c3df58334a28d528b754,1,141.11,129.0,toys
381c84a4eb64a931d793f69112d5a34c,1,70.74,49.9,computers_accessories
381169576b9f3c083a1c3261da161a3b,1,67.7,46.86,computers_accessories
37fe4cdce8bd0f643d3f943a6a3b8e89,1,51.59,34.99,bed_bath_table
37f9b5f1e37fc317e03a93b80915992b,1,171.51000000000002,154.99,office_furniture
37f4d0bf85fbf875c920d460766d6a5c,1,51.44,37.0,construction_tools_lights
37e6d1846b84ed781ae3af2fd42c7469,1,98.35,79.9,christmas_supplies
37e65c3560cce352429c7290f74bf7ec,1,85.71000000000001,62.99,baby
37e4c14527273be66b84b8836bba463b,1,101.99,69.9,unknown
37dcce9d511e9729330ad4d80de13cfa,1,35.4,20.3,fashion_bags_accessories
37d2e3656244fd840ebd0460360455cd,1,58.82,40.9,stationery
37d007abbb05d792773dcf090208e077,1,140.22,118.9,market_place
37cc742be07708b53a98702e77a21a02,1,27.19,10.4,home_appliances
37cc5883abe2ac5703f1cfa3a9ec41c0,1,50.7,35.35,electronics
661a91a30ea8c794b9f0b1797d8832c0,1,41.01,24.9,health_beauty
6617dc0e4b4e8c383c5b34faaa2da4ca,1,33.61,19.9,books_general_interest
66122b7ff167774803377cb2b1af7799,1,107.35,89.99,office_furniture
66119c056c1be2d1d57d65fe7a91ce6d,1,377.31,366.0,sports_leisure
65b96f012e6206481aeb67d31dd9b146,1,76.78,69.0,watches_gifts
65ae1951caecbb80c7d5e2e662ddb0dc,1,89.52,63.0,housewares
65aca437a0c87d858fed1fd11dda2f4f,1,65.33,46.9,auto
659dc4a2860c19265edc2fe7e451329c,1,72.78999999999999,45.9,luggage_accessories
658bcede7062d5688cfc91d0e81f570e,1,236.96,222.7,auto
65785506a1566ea8655e9e1665754947,1,25.1,10.0,auto
65769f6fabbfd7d399bb5851d9af3fba,1,45.09,29.99,sports_leisure
6562dd6467621f6b5ab019a96d4ee8c7,1,350.07,329.99,auto
655110abedc57d73d3b2150d8ba2092a,1,113.62,99.9,bed_bath_table
652b078a8a6450ae6bf0823f150c7ede,1,236.23,219.0,sports_leisure
651fe753ea1d6ad3d5744c1bffd3d6e1,1,36.69,19.9,health_beauty
6513f1270c9ff1de6da7c745ae2910ae,1,24.87,15.99,toys
664085fcb2616db929da15dc9ac204b4,1,42.09,27.99,telephony
663d6ef343ce527b3548d6a255f89eb8,1,104.41,65.9,musical_instruments
6639a238ead6779d6ef0b3eea56f9f86,1,56.09,34.9,fashion_bags_accessories
37b56eb8cc2988e0d7b5cfd7858d67b3,1,135.16,109.9,pet_shop
37a6534264082d880dbd603dae588aaf,1,89.42999999999999,79.99,furniture_decor
3799649bfcc7821635d757a711ae7357,1,77.66,59.99,health_beauty
3793f9a5cee3d440b31c209500f28743,1,113.44,99.0,sports_leisure
3773a3773f5978591cff7b3e614989b3,1,133.45,119.85,home_construction
37687af102d29a6259f660049b66872b,1,29.27,20.0,computers_accessories
37664a6100bf523c545b7040be69ad00,1,148.06,129.9,health_beauty
37537165733f365867e2f4aad71aef6a,1,57.39,42.0,computers_accessories
37470d84427730445b3b251bb796d528,1,108.53,86.0,home_appliances
3745086e428495d12317f5864306279f,1,50.19,38.9,toys
3742ea63675dd01004c7dd8a3cd46d48,1,77.57,59.9,computers_accessories
373449943bcfafb2d3ff7423408a1c9d,1,35.82,16.9,unknown
3729e88d6c44656dc1bbd5f3c57b00d4,1,56.1,39.99,sports_leisure
66fb81c8c95a92236d7858a4303dc0a4,1,171.97,149.0,musical_instruments
66f9d3c83a10e9ee98857bb89831ddc4,1,81.36,54.9,auto
66f7f8d449192024900375fad770d864,1,1023.44,1000.0,watches_gifts
66f4a4e7df716d7d67d81496ccc1ccf6,1,147.65,129.9,sports_leisure
66e9fb73e349cba44b29951e558a6780,1,25.71,9.6,housewares
66e94c5c07d64d44c16cd6903a79a453,1,523.23,495.6,agro_industry_and_commerce
66e2abb080c6383458347f1e6d47ed4a,1,218.55,199.9,books_general_interest
66d92b0c49af34728904a73c26e9e59a,1,371.32,359.99,watches_gifts
66bec13b9ebe0d45e2589d18e9b160a4,1,120.09,99.9,sports_leisure
66b7fa94628214c463164097cfbadb7c,1,102.35,79.0,bed_bath_table
66b538ce389d817a5123146347c3fdc8,1,340.99,299.9,toys
66a5ffd1047bfd6230ac214e03257bae,1,182.45,169.76,unknown
667058878eaaa9a381ed3e6b1f8b8cda,1,58.22,39.99,telephony
665839d5bdf604c2909beca037c57144,1,66.75,58.0,toys
66484d3ad6c8fcd55265bfdb060fc8cc,1,342.88,328.0,small_appliances
6642e66f26b6e23817ada36eeae229bc,1,332.71,204.89,computers_accessories
6761b88d4716b34a0d41bb8d13e20db0,1,122.17,109.9,home_confort
675eadffd43ac06d1bead694fb553d35,1,133.03,109.9,furniture_decor
67523567791b73064e78d6a5731f379c,1,51.52,37.0,auto
674eb10c95caa2b4df48609bf38cab7d,1,119.08,108.9,toys
674882c56b0e1ef7ce973f10a6c02b1b,1,598.58,583.0,pet_shop
67473aa97e981b3b8abaa6a8a768eb26,1,161.71,145.0,health_beauty
6742c031c6ff9b57e732163ac4ca368f,1,37.95,29.0,stationery
672e757f331900b9deea127a2a7b79fd,1,465.23,410.0,agro_industry_and_commerce
672bdce161930b1c72890c619224376a,1,405.45,389.0,fashion_bags_accessories
672a21bf17c63f71edbe01ecb9b14814,1,47.05,35.9,pet_shop
6729125daaaa8f2a7e805335437fbc96,1,93.19,76.89,toys
6722735e7b6ea43bbd86b1c9074c3057,1,119.7,62.49,auto
67210f2751a0c0aa78d46d9513abc836,1,61.14,44.0,construction_tools_construction
67031f1b5ba68a9997efb630e43ada88,1,107.62,99.9,sports_leisure
66ffe28d0fd53808d0535eee4b90a157,1,290.07,254.0,garden_tools
66fc767a58575873dad11a4c717727dc,1,90.25,63.72,housewares
6831b5d22263248cd732a13b207fd68a,1,93.95,85.0,toys
6818d803130fa8df4d513db9d6289dc2,1,58.22,39.99,books_general_interest
6814dd9a0fcc3213534377d08d8a24fa,1,106.15,82.99,bed_bath_table
6802aa790a9a2217f0019b44973c8268,1,113.15,99.9,sports_leisure
67ee002d7de2ab248bef398033830866,1,20.68,12.9,electronics
67d9cf5b0dc7a0b9fb091efc68b14140,1,302.91,269.99,home_appliances_2
67d87e3b4ef9e609ba5eeed6a4b3b5f8,1,70.78,61.9,sports_leisure
67d2d3861a68afa1c91b8b909df0ac7d,1,134.75,99.0,sports_leisure
67c4868694e75a87d7d0417c14fc26a3,1,276.11,259.0,unknown
67bd616e1ba0d3d3e8545f3113b0140d,1,32.72,14.49,health_beauty
679c97b6819e657c506237438cacf60f,1,238.67,229.8,watches_gifts
679bb6cbef77322da2a4719b6d7d0a96,1,42.0,27.9,cool_stuff
67810bda0db346d0eee1ac3c6314af35,1,113.82,95.9,bed_bath_table
67682f5c5170c72b398941e2193735a4,1,61.59,43.99,toys
67677f0c9d58c64d17cdbad0abe40285,1,104.83,79.0,computers_accessories
6766f04fea82c46bd3001e969a5ba795,1,324.44,284.9,furniture_decor
685919d3ededc26c0ec078b32241025a,1,96.16,52.0,baby
6856ab01ef22301e08a45d5842ccb247,1,132.89,129.9,bed_bath_table
6848854ba286220d5450296fa28f9099,1,138.44,99.9,furniture_decor
37244e10d8b612acfba950f0ef0be093,1,524.78,399.0,construction_tools_construction
372124d6931c4bc48dd0d56075ebee7c,1,40.0,24.9,bed_bath_table
3713c1ed7f99a240189778a1ef65d6d8,1,40.13,24.9,housewares
37108281cfb6d9fa07baf471f27eed76,1,43.1,29.0,stationery
370c500401de58da2a25c8cab27527cc,1,151.29,129.89,toys
37055d9442bfc227231d5983f329ff9f,1,148.48999999999998,134.89,market_place
36fc6e3cc37a14037506dde26d4e8655,1,16.89,9.5,electronics
36eef04eb938af8bd108b4e2753b5a95,1,147.15,129.99,furniture_decor
36eabbbffe429d2997d5bf9b40695335,1,51.47,39.99,telephony
36e89a9ec56f96288ea7fbb266132288,1,34.42,19.9,fashion_bags_accessories
36bd3e4daa4604d112f17dccd24ee59e,1,58.22,39.99,telephony
36a4730522f6c06d61028293616a9ec5,1,253.1,169.0,construction_tools_construction
36945ab7b40f69883323c9be517b640d,1,127.92,109.9,stationery
69474edea9d9def8b68de248373f1ad4,1,38.42,23.9,perfumery
691c322c9ee65a95651ef57d6b0875ad,1,181.83,155.9,air_conditioning
69114932c5311e312eaf356081313a4d,1,341.58,320.0,toys
6902c1962dd19d540807d0ab8fade5c6,1,4016.91,3999.9,watches_gifts
68fe8893052a044100e60cd0c8c6b274,1,780.59,750.5,computers_accessories
68ea0193be80f4865155be5c96c58f43,1,267.28000000000003,249.9,bed_bath_table
68e2f443d819056e1a6b7b29729f7bb7,1,52.59,39.9,health_beauty
68e1b58c49059e266502773ceb45c249,1,237.61,218.2,computers_accessories
68c923fddf7f83316b53252eaf830724,1,81.72,69.99,cool_stuff
68bfdbfe84f03af17733b10362f10020,1,62.19,45.0,furniture_decor
68b7fda28d528d3fc87e60fcafc5830f,1,186.92,169.0,furniture_decor
689c51a11e9c5daefc1f9b0782e28fcf,1,31.43,24.0,stationery
689a9f33ae479ec0d9f68a9b6b0cfcbf,1,65.1,50.0,furniture_decor
688f7f7b6c5a6788b084c4cc80f988f8,1,38.78,21.99,telephony
6871a3c157d6f51697e887f3c3598479,1,103.06,89.99,computers_accessories
686c91d509cb70a2148ac3ecbb8a4f75,1,240.87,209.99,cool_stuff
6a31191d5ac5852b0478f6e245ac5b02,1,135.15,118.13,housewares
6a2961a3f5c85026ed1b3406a9ac27cd,1,113.98,75.9,stationery
6a222302a2e1749b050b0897a01765f2,1,340.12,321.9,auto
6a162a899a815ed15db1689e8efc976c,1,671.6999999999999,649.9,cool_stuff
6a09ecc3113cbbf409d21369dd82f854,1,216.05,198.9,computers_accessories
6a0713a63e990052795623e76cc2995e,1,84.91000000000001,72.9,bed_bath_table
69d1a2681324d48bb7f38a7bb7b2646f,1,28.09,13.99,perfumery
69c5919a1b057b3d3d8b58f3b9b4b89d,1,131.56,71.0,auto
69bad3501e439434005e16bfcb98968e,1,246.92,199.0,cool_stuff
69b45497bec8e36af6fd1a31b2cd8f9f,1,93.82,79.9,home_appliances
6987398dff454a3138231540e2a6ec61,1,152.09,133.9,computers_accessories
697b581688dd771021a47554cbff8f94,1,119.53,98.0,auto
6965419e0d5116b685c3f825e4752231,1,63.7,51.0,computers_accessories
69523f67543ff9ea6b1a15858fb59b3b,1,65.39,58.0,watches_gifts
694e58e56c74114ee0628c25f3f26f8c,1,68.63,52.5,sports_leisure
6947c3397dae24c49aa4b34b68bf3b09,1,37.84,25.99,bed_bath_table
6ab6d9589ae19abcee458918d4779fae,1,209.32,179.9,electronics
6ab41d7f15e7af9d6c7cd912055acc1a,1,133.85,119.99,sports_leisure
6aa8f339965debf52a549f8aade6d068,1,66.46000000000001,51.0,home_appliances
6a6f44b373a9e9a45c9f214e63a2f3d4,1,63.18,39.9,bed_bath_table
36940188c2ad1a212b94931a08cc3c29,1,62.2,39.99,telephony
367871ca2236ba02679d121c50db7265,1,145.41,109.79,auto
3663ccbce96bbbea6b1b38558b5356a0,1,321.17,298.0,musical_instruments
364c1b9489e407ae88e1d12e89514428,1,81.67,56.0,books_technical
3648e11d15ee75fee70a690f89bc9100,1,1568.72,1499.0,garden_tools
363a9f5b97bf194da23858be722a7aa5,1,1311.46,990.0,construction_tools_construction
3631b85819ccd66432f8e4b5fb568cf2,1,33.1,19.0,housewares
3625fbaf8284047185fb0351f2f84ae3,1,199.49,169.9,sports_leisure
36244ee06dc3aec1f9b7b5852e0f7bc8,1,117.07,90.0,computers_accessories
36174802c8879b643cefc0511e7f06ed,1,352.97,257.19,home_appliances_2
6a56304794f91b7996022b7ce5337371,1,130.20999999999998,122.1,stationery
6a3370dbb5bd5817ac81a5db12cb2baa,1,55.26,36.9,perfumery
6b5af19067eeadc0f331687a79ca656b,1,84.32,59.9,stationery
6b5170a2d3ae93a38e63f17b356da239,1,54.18000000000001,33.99,housewares
6b42b1f7dfb74bb23a01605fbedd5b85,1,118.88,99.9,cool_stuff
6b3c88110203820df52c762cd2d2e80f,1,74.84,65.5,toys
35d6a7880150d5dacc9ad0c9a9cfb233,1,300.76,283.02,musical_instruments
35ad08ea141acf7c484c97075944610f,1,83.65,69.9,perfumery
3591b4602bb8316dd178c98a97c29454,1,105.94,85.39,housewares
35819a9e5342bae7ad7a0016460dee25,1,44.53,18.9,electronics
35780c73ee3f0cda4f99733734a30cf6,1,69.43,58.0,health_beauty
35535e9b73528a87eb39b134a72a6544,1,288.33,270.0,computers_accessories
353356a910b2a42aa75a888a5d348997,1,340.12,320.0,watches_gifts
351eb84de99fb5e43d8706bc3f41fbff,1,20.77,12.99,furniture_decor
6af944d65385c537dd7fb26787c7dae3,1,103.11,79.9,furniture_decor
6ae38d49db7fc65ad1779828542aecba,1,235.74,219.0,garden_tools
6addacff5b9a648cf0760f3d943b99b0,1,69.73,54.6,computers_accessories
6adc47df234495741cc1af4ffc25b58c,1,51.33,34.9,health_beauty
6c698925de870b02a87e337a0d3af1c3,1,89.58000000000001,69.9,perfumery
6c50c87e36d8641d67fbcceed5cfec5e,1,70.14,55.0,watches_gifts
6c4e8db600904b7200ebf7774c28ae9c,1,188.94,179.49,auto
6c3fc3c928cf7d57418923ffea326d9a,1,68.32,51.99,cool_stuff
6c321ed0f47858a8650f4104771224b5,1,56.78,49.0,watches_gifts
6c25ce13992ffcb21d6f65764e5624f3,1,97.51,83.9,luggage_accessories
6c134d5cb3a3dd71dd85c1b5cb4fc7b0,1,144.03,102.9,health_beauty
6bf1cd252d73626ab181be470f56e07b,1,49.72,37.99,furniture_decor
6bd755fb81238df1567677fb15b2daaf,1,53.5,35.9,health_beauty
6bca83dbf6e081bccb2b23188577ad36,1,308.12,288.0,watches_gifts
6bc8dadd7731eae110fe2d177361784c,1,202.06,187.0,computers_accessories
6badcb10ad09ebf25ab2e97fc1b95b1b,1,267.9,239.9,garden_tools
6ba4d9e6b21481dcc4646250fa189ac1,1,99.01,92.0,electronics
6b90709b6db8b6076b0b0c71cc70d06b,1,37.77,29.99,fashion_bags_accessories
6b874ff4c71d18e91079b40396bf176a,1,33.94,25.3,auto
6b5b5ab1d2e0bc35b3c2538d7bbf460f,1,179.15,159.9,sports_leisure
3470ec574925a96bb8480140fddb1050,1,37.0,21.9,pet_shop
6cda4e34e42ceee3bc219010c1333577,1,21.81,5.7,housewares
6cd51331a07b84149502aa6c9c5b536e,1,85.14,69.9,perfumery
6cc77f7f5a82f5afe9ededad3e9d9400,1,106.26,87.89,cool_stuff
6cc2b92f841b20c5e39281a44a9c68bc,1,176.34,149.0,sports_leisure
6cbd4637b69fff7d983bb1a757febf71,1,370.49,356.49,perfumery
6cbbcefd974f08f72023c05064d96f27,1,83.22,68.99,sports_leisure
6cb48625a007f38d7a62a62cccc90f76,1,84.1,25.2,sports_leisure
6ca32b4631431cb1fe976880797a0f5c,1,148.79,130.0,pet_shop
6ca11e79ed1acb748ccbb8e6b821967d,1,212.0,199.99,perfumery
6c9e39d79ed78d8a01bd1e8ffc551a40,1,266.5,249.99,sports_leisure
6c8dfcd9be1c04a1b4f98bb6c283a6aa,1,36.55,29.0,musical_instruments
6c8353ee35a281d45677fc3715958586,1,52.39,45.0,computers_accessories
6c81db10f914c4d032b14fa93aa0a818,1,50.6,29.99,fashion_bags_accessories
6c784e2ed24a972a024321ea3a4ab88e,1,47.68,39.9,fashion_bags_accessories
6c706bd66d6df5b9eaa716699943efd0,1,162.77,148.0,furniture_decor
6d377b5a340a90e525d388010b3062cc,1,239.38,220.7,fashion_shoes
6d313b6e250189718db2169e5e3a38c2,1,143.46,119.9,drinks
6d1befe53a3d28e0d0d8b3bfcce11195,1,422.03,399.99,auto
6d0a373c460a041c86167a92a5d3383e,1,325.54,299.0,furniture_decor
6cff6d6aec600f9164a32e927f72a6fa,1,65.5,51.99,sports_leisure
35099f8f045d9d26eca4cd4dfedf7320,1,77.28,57.9,perfumery
35084deab9603bbb6035bb8638b1df89,1,111.51,93.9,furniture_decor
34eb0685663d60e57a9ca086c8e33423,1,218.35,199.7,fashion_shoes
34dcc2f0a890f961ee6252a1cd6ae3f2,1,537.99,470.0,housewares
34dc9ba20762290886d4d94d07a102e3,1,136.37,119.0,sports_leisure
34d25803f90d0109da75922858aa8aec,1,55.79,43.0,bed_bath_table
34cccfd20accc19f71b0eecf4106331b,1,48.29,31.5,sports_leisure
3498d7bf6679faec5a2e7d2b2e45443a,1,20.29,12.9,baby
348b10ae8463b0ee175ad03103e59f83,1,193.25,179.99,toys
3489d3fae282f7944399bc697554a1e5,1,37.26,29.79,perfumery
34742604f6cd1e891726b849b6890f81,1,956.27,859.0,sports_leisure
6d97e5cb4df5111845c6aaafba7111ca,1,148.60000000000002,134.99,home_appliances
6d8e78c479334cba03552e61a97eca2e,1,166.71,149.9,fashio_female_clothing
6d8df074fad8f0315c8226b43f71a084,1,298.89,258.0,housewares
6d88fb20983e211be9168534b580c833,1,47.01,30.9,pet_shop
6d85d9d5f551adaa92a276918f462fbe,1,718.95,699.0,fashion_bags_accessories
6d83ca45d94919027131b87caf3b2a6c,1,15.89,14.0,bed_bath_table
6d8096ca93caea3416a6b24bf411bc86,1,347.31,329.9,watches_gifts
6d7d853286dac8449c42146f8ce5dedf,1,31.0,15.9,sports_leisure
6d7a4492be45dfb8e38e762efe6614a4,1,43.09,27.99,telephony
6d779dde21981220a9ea25b508015461,1,185.55,149.0,pet_shop
6d6fb3617bb1e64626e29d95ff678d1e,1,114.8,94.9,toys
6d68112743e7ed2de3932554b033f544,1,36.88,28.0,books_technical
6d5b63b6c4575265bb9236cf355baed0,1,608.28,559.9,home_appliances_2
6d5a9cd602c26f8751612f77ff4c6a90,1,127.92,109.9,baby
6d43aa08ee344527fc3e86b90cfd2379,1,116.94,99.0,toys
6d426dd1336e5a7d34470ae65bc68abf,1,1404.41,1380.0,fixed_telephony
6e59a5107a6102148b438cb33d5a2529,1,124.42,109.9,luggage_accessories
6e514bdf6cbd5137a3795ff90e3ec1a1,1,86.15,70.9,toys
6e4b48692263d4b62965273275cb2b66,1,46.53,35.0,stationery
6e49a0cef77b3e3680a0c842d0bb612d,1,66.22,52.51,sports_leisure
6e4918d7c7d1499da5ef7bae5e0cdef6,1,28.14,9.9,electronics
6e40985ec667ded54668d2b70a7aa0a2,1,55.0,39.9,garden_tools
6e2c62713ec17c681eacdf653dddb4e5,1,585.64,548.0,garden_tools
6e110609c2314bbd56666eb2cdb464b3,1,99.99,85.99,construction_tools_construction
6e0b3bc6a8bcfcca9005f9d220fe4af8,1,93.07,70.0,furniture_decor
6dfe5ffea29ecbbe138a4066b5ebec9b,1,120.45,79.9,bed_bath_table
6ddcabeba730cb81a3c9570a595a12da,1,93.79,77.0,health_beauty
6ddc95e87149457c4c5177b0a474a9ba,1,25.09,9.99,furniture_decor
6db72cc3d861dbea370e6959aa850b8c,1,36.46,27.49,housewares
6db41bd5a650ed247a5690c0e78c3969,1,29.24,19.9,housewares
6db02fce12f88341876dbb10e2c16d8a,1,87.71000000000001,79.9,toys
6d9c13461ff3d5e84455aec235969d23,1,17.68,9.9,electronics
6ee1607bacba780139e7f7fcd316c1d0,1,125.96,117.33,housewares
6ed8558c820f37754cef08c7719d34f1,1,83.25,59.9,sports_leisure
6ed0ed10d62b45f3de46933b0b2989a6,1,122.02,107.9,baby
6ec26b3516fecd18cda3001a9c48a242,1,118.35,110.32,health_beauty
6ec26071510e1cf38d6988f473f8d7a5,1,95.67,69.9,furniture_decor
6ec18f98bd4eb7efc0989af1505a3f86,1,36.24,26.9,computers_accessories
6ebc84d95d4340324cf0cb525e495eed,1,31.75,24.0,perfumery
6eb6c5cb7df0f863538b61a47fcce962,1,169.49,149.9,perfumery
6eb6618376baf873225738ce4fe760ac,1,36.73,24.99,bed_bath_table
6eab02945f640e007c4b9a26fbbecc94,1,116.45,94.99,toys
6e97536d81d74f5020c95ca434c850f7,1,107.9,94.9,fashion_bags_accessories
6e8d2a5a16437217f5ad2706ce6550b3,1,76.89,59.9,baby
6e79f7513adfd9ac67faa19f0d4ace53,1,27.29,19.9,computers_accessories
6e6cc4bc64ffea91782dbc0cc7c325d9,1,47.3,29.0,stationery
6e69b019a5ce263335eacafaa68ffeba,1,84.49,58.8,toys
6e5a50058aad97da9c92bed17918bdbc,1,26.19,17.9,stationery
6f2a4da2fb20abf7cfb17f4ccdba0fdb,1,288.44,278.9,health_beauty
6f053a0a4d934dfde147e71bcedc99e8,1,501.61,489.99,watches_gifts
6f030babbca059aa3951ea26d5bbbe0d,1,59.45,49.99,housewares
6ef76b1a0c15eb96ed49c78d38f37b68,1,62.86,51.0,bed_bath_table
6ef1b4541a8b88076d3833f127617025,1,390.59,369.9,watches_gifts
3468ce5f37112c609796bcb9ca2c67fb,1,14.29,6.9,toys
345ebf31824c3871cbb94c377190d6f9,1,99.74,87.0,computers_accessories
344e500a6d4d2085337b9e81c0b9c9de,1,251.4,235.0,musical_instruments
342936541051cf54fbe4879bd6e84985,1,59.56,45.9,toys
34194988e78bc60417003c8a235b8083,1,209.49,195.0,computers_accessories
341687b53eae81d74a13127e8e23bd0a,1,140.08,119.9,sports_leisure
3410cbd7df2130ec3cb9300ef0fe3df1,1,76.98,59.0,computers_accessories
33fca9d59532dd4c191217a979346ab9,1,259.84000000000003,249.9,perfumery
33fac76e7f17367dedaef7954bbb33b4,1,105.87,88.0,health_beauty
33f17ed3c6906f7a7ae17a0843536db4,1,43.22,27.99,telephony
33ec1056063990a554e2e2cd85219de5,1,74.59,59.9,bed_bath_table
6ff1fc9209c7854704a4f75c9fac41b4,1,52.87,45.0,agro_industry_and_commerce
6fd82d8f842424334fedf31190e54d24,1,72.67,55.0,watches_gifts
6fd771d57c8870a7affe71227bea0d5c,1,81.53,72.09,small_appliances
6fd29b4c024c598e9339e67a7469be43,1,254.42,239.0,watches_gifts
6fd08d44046ab994b96ff38ad6fcfba1,1,36.36,28.0,baby
6fc983af1a5229efebcc40ab26d6226c,1,89.75,79.99,furniture_decor
6fbb0abf0f08af0f649fc1d6372e02fc,1,431.57,395.0,sports_leisure
6f9771652ad5ec58e58f50475d6bfe0e,1,84.42999999999999,70.91,furniture_decor
6f7a8ba0af4207c1312825a95b63478e,1,221.79,199.9,toys
6f790ed0f75949b7fa234ec087aed912,1,691.0,669.0,baby
6f6d0c21d57a3bac0a6dc84cae4c0bcb,1,96.74,79.99,toys
6f62dd1f280a651e3334c84c4f1d96b6,1,51.44,35.0,perfumery
6f5a84d79bc9f79ecd9095e91fc47a2d,1,225.85,199.9,sports_leisure
6f57ca539fb6b20b79a272e17194d9c9,1,139.09,129.9,health_beauty
6f33a4a09ae1180a0ee1ff4682b2d21f,1,178.94,139.99,toys
6f2af80a4dddb41170c1afe551f88765,1,48.21,29.9,pet_shop
70c9d38055bb316285aa937715c2e82d,1,183.6,159.9,housewares
70c325280f670aee445babb3400cf804,1,21.71,12.99,furniture_decor
70c09a6d537cf2d213fe0169db7d209f,1,66.47,53.44,sports_leisure
70b04b1d699a19d1b0aed994d64d13f9,1,259.31,249.0,perfumery
70aa499facb0946dc40ff974166fd522,1,142.70000000000002,129.49,auto
7099b88be79102f4ec1fb1410b28d466,1,357.81,339.0,health_beauty
704e67b8c7ce855d8760c074b4530fb5,1,1048.7,1029.99,watches_gifts
704e268deb9b8eb20603204783b7a0d2,1,130.0,99.0,furniture_decor
7046a5632fbe7baa273b14b3253e1547,1,97.58,58.66,electronics
7041ae473941c8270e3a0f3cf73a379f,1,156.51,139.9,bed_bath_table
7039b86e688d15677bdccc14562801dc,1,161.34,153.4,small_appliances
702a14f9c5a93130c3346c4de901d864,1,80.29,57.95,sports_leisure
70275b3042e4c4b6f18637720387bc0c,1,195.71,185.6,health_beauty
701e076c7aea72b5f668183dde0afa9a,1,69.49,49.9,furniture_decor
701cfdaf6cb0e11a4200ec31fab1997e,1,96.88,84.9,furniture_decor
700a315aa104dcf3ea345a850f746ec1,1,230.7,180.9,fashion_sport
70e4915197d6c96ebbed11364d8ce3bd,1,111.92,100.59,auto
70de339311bbfd116a461e25c9fb79ca,1,115.33,97.9,furniture_decor
70d57e1031cc2064017c1dadbb672a1b,1,83.59,64.9,bed_bath_table
70d17ed46123e5b68dff23e113415d5a,1,67.62,54.9,toys
70d105fdaaef81ef28419e11afe0372c,1,148.15,129.99,bed_bath_table
70cc46ccdfff951dd7829395bce256ca,1,68.74,43.9,garden_tools
33ca6f53f303d370a64975dc0e2c86e9,1,243.71,224.89,toys
33c818b0b45badf24c437fdf7982f58c,1,99.74,87.0,computers_accessories
339dea747edd309d3de1cc833cd28137,1,159.76,149.9,computers_accessories
338f1838eb9cd29b59c9c2f4ee158f15,1,45.09,29.99,unknown
338bf1554cc911be551275c6c6c396c7,1,81.01,71.67,housewares
336cfb12a5468070795ae4c964f4ce47,1,108.21,89.0,sports_leisure
3366363f84c6f967f12d15a59b1e7839,1,20.75,8.9,computers_accessories
3360da0bdc5e96e78beaade20beeefa4,1,27.39,19.99,auto
336090aa9bdfdc02b01b154b2d0abda2,1,69.93,59.99,electronics
3356d43bd57f974c4ae7fc5f9c4e589a,1,123.4,99.9,sports_leisure
71d22271ee986bf5a46a2c199da0265b,1,52.59,39.9,bed_bath_table
71cb198fc9db8f9015998870441d9ef3,1,25.130000000000003,9.9,health_beauty
71bdf1a4d18c3cd68f108547f0b4cd1c,1,75.17,59.0,furniture_decor
71a7800a633691de8ecdd17463335e2e,1,85.95,67.9,costruction_tools_garden
71a62950e363cbba0816448a733a58e0,1,118.98,97.99,baby
719e28d81da534e007a853030cb8dad7,1,20.87,13.0,sports_leisure
717e96fd0fc2d06fe158982bce5e6a8f,1,243.5,229.99,cool_stuff
717e3638662e1747dea15a605cba7914,1,363.07,350.0,furniture_decor
717782a9317932b317d99e416c04ee79,1,76.55,49.9,furniture_decor
7172a7870fee91850dcbcb1f4de40cfc,1,107.78,89.9,bed_bath_table
71540d636652fc682032d3b3c0a180c1,1,125.98,113.85,home_construction
7152e6cb147a800b37e853d1f16c7ea7,1,351.27,329.99,auto
71137504070dc94a0e1d04089985f3e2,1,187.15,124.0,sports_leisure
70f4ee470f7fc40e48a98f2903ddf010,1,436.32,396.0,auto
70f1b82f8f17830b01c2ff30ef958548,1,454.97,409.87,cool_stuff
70edd5335ad299e9e54698f46a88db07,1,153.09,119.99,office_furniture
726b4e18f00255e2e63491bcba3f60b8,1,121.69,85.0,furniture_mattress_and_upholstery
725cbfcaff95a4d43742fdf13cf43c75,1,60.63,48.9,cool_stuff
7254c9cf327a9283f9532eeeb1058eb3,1,52.23,34.0,books_general_interest
724ea95fdce3d1238faa891234996887,1,65.61,51.5,toys
724e311fce23cd5509319b1fd68e5622,1,96.32,82.0,books_imported
723e69796165c9cde80c4f791593df74,1,157.49,148.0,pet_shop
72331bc45c5e8665ee12999363bc9186,1,226.12,209.9,toys
721fda30a0b343c44e828d8402b41cf2,1,64.23,49.13,toys
721b56b7d205d6750e97716593bcb370,1,609.9,589.9,health_beauty
7209cdb0efeff5f50f20b2ff4cdd511d,1,146.92000000000002,120.0,housewares
72030f5a9528ee708f8d865fee65b29b,1,126.9,115.0,bed_bath_table
71f4e8616f830f33d1059bad50cacf99,1,63.91,45.49,sports_leisure
71f2ce4ae5dfdd3b55a51c7a2d3c4da8,1,606.59,579.99,construction_tools_construction
71e5d0eb5a5fcc829dc6c1bc1ecac7cf,1,67.28999999999999,59.9,sports_leisure
71d3eb56de43c35d4386dcb564a0fc92,1,75.07,58.9,health_beauty
71d2e375cd7ae542240f5f335894448a,1,274.97,250.0,baby
32bb152336c896d906a6344cdbe1993c,1,222.48,200.0,furniture_decor
32bad49615b7c5da42609b98df97482c,1,34.52,16.29,small_appliances_home_oven_and_coffee
32b8ee42e46363609baa9d10ce94d460,1,111.77,72.99,sports_leisure
72f3781e31206029b40584266bb01799,1,75.07,59.9,bed_bath_table
72f2ba8b34e02757c445970388158e46,1,65.69,48.9,watches_gifts
72ef87b1953a2844ed089bd6dcf73913,1,75.08,61.5,office_furniture
72ef2864978e354bc54f72073b13f17d,1,138.57,129.9,computers_accessories
72e13fd16060f40fa8bb8e40533a7f6e,1,77.1,55.0,bed_bath_table
72dd2e7b7e10b8a4083e53c7867c1564,1,49.57,31.25,baby
72d6074ef5c81ec3102b3f2a052c5f49,1,165.91,139.65,health_beauty
72ca7a219f9f5b1be88c79e3aedd0152,1,129.66,120.0,stationery
72b88dcc0910a3d1db986870c1515029,1,126.23,94.9,musical_instruments
72b253635b316f49e42e618d6e585ebc,1,20.130000000000003,4.9,toys
729a75e5cb63f785e67ebd8c44a5c0ee,1,122.19,99.0,watches_gifts
7273e94a33eb07341d5d86a7b815f901,1,151.49,139.9,consoles_games
7272a36ac93b0f214500840025f04a73,1,30.0,14.9,furniture_decor
734b90405c30810d3c6d8029d503f4eb,1,24.84,12.99,furniture_decor
73326828aa5efe1ba096223de496f596,1,101.17,82.49,food
7324c4b82393a004e3e38a7632d1bba2,1,130.8,115.9,perfumery
730937a8c78836ad923291765cbd8b38,1,51.79,39.0,bed_bath_table
73026ce2daa69ea29901945b1f915846,1,107.9,89.9,health_beauty
72fd27ef586cb111f4a1364a61734a6c,1,108.57,96.4,toys
332b3e10a1e54aa72c52f41221eb53ab,1,103.55,89.9,cool_stuff
332842d24e84234cd91299a225de76ab,1,419.67,399.0,watches_gifts
33202a8e7a645388c41ed714203d7131,1,181.98,149.9,food
3319ec949aa117693a4d6fd941858af9,1,134.38,115.99,luggage_accessories
330a8a8d810e84c45bf6fece44e082c8,1,185.32,175.91,computers_accessories
3303c5bebf8d9dd9394a38501c4033f6,1,107.79,89.91,furniture_decor
32fcefdea166b8a08f869ab8e6e29086,1,176.38,131.0,housewares
32e18e89237933ebdaaebd78a27e7fa1,1,42.78,26.18,housewares
32d058f0f2989cd05c927c0f481a1e43,1,188.94,179.49,auto
32ce8729ae3e7d91243934373ab532ec,1,68.27000000000001,48.95,garden_tools
73e0db4719016f90a37238ca8e5a1cab,1,187.19,159.99,home_confort
73bc42701d50d3c0673b38ea8fbe2e32,1,283.61,229.99,office_furniture
73a79a46f21913c65ebb8071f480ee11,1,82.78,75.0,toys
738da8ddda2e593acfdc53c2d1520dfa,1,99.7,79.9,musical_instruments
73852ee3739732147010f2be732d597c,1,117.97,104.9,sports_leisure
7384fb8f06ad25539cdc1f9f56d02947,1,177.88,139.99,fashion_bags_accessories
73824b1ce8126cd05ce6e1a0aedb4797,1,176.87,159.99,watches_gifts
738067b78d178e457fa0dc6db5d2cc58,1,673.5,615.52,computers_accessories
737d985cd93b0a4844c3c5847d945ca4,1,155.73,140.0,watches_gifts
737c8b027476dde99e8075d3a0bbe28a,1,49.09,34.99,telephony
7368c0d612a177b6cb085f56b823dc08,1,84.24,69.0,small_appliances
73654d559ec8c7b46ae0c6419cd59072,1,598.15,579.0,health_beauty
7358faf3ccce6ed3a2913667ffc1a395,1,129.44,73.5,bed_bath_table
73554174c2dccb01cade8d0ce976b791,1,216.26,189.9,perfumery
734cb1ee54f5d7e96c0c9d9732a21721,1,67.59,49.99,furniture_decor
734be9836ed8115f981a072369c2516c,1,186.79,169.9,bed_bath_table
74a92612f70f4ae7bb26ead72c53b5d3,1,90.3,78.25,bed_bath_table
74790a8acfbd4d1a9d5a81b7780fb24c,1,216.82,179.9,furniture_decor
74706845a60b5ad457b7fa501aca8b93,1,953.82,899.0,cool_stuff
746cc974fbb29d7d1bb638e588b7c8d8,1,51.5,34.9,bed_bath_table
746c36df2702006bac777bbb9bf8a0a5,1,76.88,58.9,sports_leisure
746191562977a60292922c316e21720b,1,183.79,159.9,auto
74437e600638a59559c5238c84805b76,1,29.02,14.5,sports_leisure
743f4eec5711267026a93df72eeb7174,1,46.6,31.5,books_general_interest
742a85d0c5a5b777484c139c7c07bd0d,1,107.24,89.9,furniture_decor
742778ff0ce574b84b7ed2fb0788cfd2,1,41.75,29.9,sports_leisure
7425866c309c057d4a7a4631c78e84d1,1,266.5,249.9,computers_accessories
740d6d43b4024544171093587908a23d,1,188.77,165.9,sports_leisure
740adb81f19fb346d1ce72237211ba51,1,162.9,139.0,pet_shop
73fdc89a7474d12e91ebb4a38341fd84,1,287.0,249.9,auto
73f904226d62f004bbd49c022e686999,1,238.41,224.5,perfumery
73efecdfe04fa13599a99282cebf99ff,1,61.64,49.9,furniture_decor
750e3a9d8289e451a68398b2c697f119,1,218.21,189.9,luggage_accessories
74f6667fd85d8261aef8e980f235a38b,1,118.79,99.99,pet_shop
74f250adf8f41738ca96718232a41499,1,30.69,17.9,furniture_decor
74e48c5377480b7d048d7b294abc569b,1,91.23,75.0,cool_stuff
32b2c8b108d24d0729982597ff9aa62c,1,65.0,49.9,stationery
32ad146ce66014dd98fdc2190bc995d6,1,46.28,33.8,sports_leisure
32a6743a58d26480b6aa3850856286ac,1,72.78,69.9,toys
327018136fd4a966408df8243383a233,1,164.79,149.0,watches_gifts
325c397d5d1eebe97422d6bc1ed8709d,1,143.2,85.0,office_furniture
3258acb04d37e2f91f76c9250f3b80a0,1,133.81,110.32,health_beauty
32459442f3b850918e20febc47c9edfb,1,58.13,39.9,sports_leisure
323aa447dc953b5592e25c37ce6f36e2,1,68.03,53.9,perfumery
322c315bc0661c64fdcab7a70dbc0354,1,113.62,99.9,consoles_games
32267de030005084d4b6af64f22143b8,1,130.85,110.0,furniture_decor
3225c54bb2785c33f49f50398fcdb88c,1,286.77,270.0,watches_gifts
32224b437cefd35300f4adeff01db8f4,1,62.91,49.9,furniture_decor
761673fd35e2e24ad39b5f6a96c1692c,1,256.35,229.9,sports_leisure
7612afaa8218e79b3011243ed9edea9c,1,418.58,389.0,sports_leisure
75fc57fb06b1d35ea433e16ecbf5a6bb,1,22.29,14.9,electronics
75f95431890ea981914bdb4772341221,1,92.83,84.65,furniture_decor
75dffc4de999c1c28630b084e58beee4,1,244.34,220.0,auto
75c1defd23a9893201a8bed3740168eb,1,31.56,14.5,electronics
75b44a10da90b5dbfcfb773c62a492c5,1,106.87,89.99,sports_leisure
75b244904ed62f3af89d3fa542c41026,1,46.6,31.5,toys
759d6e247dae636cc8e135f50052865e,1,195.5,149.99,office_furniture
7594c5fa74bceda1c2540003533a6e02,1,44.75,32.9,auto
758acc685222455688ff4b46d5f5dfd6,1,200.16,178.0,furniture_decor
7569eb05a9b91e5137cd9cf7494043e5,1,176.75,164.99,health_beauty
7552749c1a1124b5590d5b7206324daa,1,81.99000000000001,32.9,furniture_decor
753e430b6eed95b9d517a7a55eae6742,1,131.38,112.49,sports_leisure
753a7c03962394fbdf40fbe595048b89,1,69.85,49.9,bed_bath_table
753a100906f88d8b0a5ec196684e028e,1,75.07,59.9,fashion_bags_accessories
7659404ade89460a4be1c11ac47d5f2c,1,60.88,53.49,sports_leisure
7650dd3b2dc10798a8cbccc78d9e6e3b,1,177.25,149.9,baby
7648a2a07675230af77cdcd849834e57,1,188.37,169.9,health_beauty
7642ddbf174d9a97119510f56be6c201,1,306.99,279.99,toys
762e9c384b4752bbcbea568e3d89856f,1,82.24,56.55,pet_shop
76265fc5cc76fc5f09534fb307605c10,1,256.79,239.9,garden_tools
31ec3a565e06de4bdf9d2a511b822b4d,1,93.13,79.0,construction_tools_lights
31d976f5306d3408e3d41d670343495f,1,380.66,359.9,auto
31d6f0a621ee145ae8c70304cf564483,1,42.51,35.0,watches_gifts
31cddbc370031fbb839a21441df28015,1,93.49,84.6,health_beauty
31c50827b6b5d0f51d61c8b2aa98f6e6,1,151.53,129.99,cool_stuff
31c1d1dfbb4b2730140b8bd9248bcd58,1,33.989999999999995,24.9,bed_bath_table
31b8c37adb9572ed34757d9368d987ac,1,56.39,49.0,watches_gifts
31af99e01af722adb2067b365a311998,1,95.43,79.99,health_beauty
31aaae9f2af6869bff6b8cbbaf195e65,1,90.28,76.0,housewares
31959c80177d03b7e67c88baffa71d6e,1,162.03,135.0,furniture_decor
77115ce07da135cd94ffef9ac16bb1b5,1,37.77,29.99,telephony
76fab799e52e98680a1aae62daef914f,1,529.55,429.99,home_appliances_2
76f4d017416dbf316f05abe3a1aa04df,1,102.74,84.9,fashion_shoes
76f4ae2b91f4c543cb215e778747a63c,1,151.47,91.6,construction_tools_construction
76eb799b655cf6ad3354a092e11246dd,1,73.83,36.79,computers_accessories
76d75f398634bf194ba99d7297e7d1fa,1,71.46000000000001,52.99,computers_accessories
76c9ee3e7933e2d1f88c093448065e06,1,87.71000000000001,79.9,toys
76af9e7b28825784063eef745c2bb63a,1,184.17,168.9,housewares
76acdd98759c649f3b6ecd0dc8576c8e,1,172.55,145.0,sports_leisure
7698e984bafd195f739522d13645012e,1,64.6,48.0,kitchen_dining_laundry_garden_furniture
7697c75660a647dda82cac88c20a77b9,1,98.23,81.9,musical_instruments
76951acb34204078c0dc377dfc4233aa,1,1629.33,1597.35,health_beauty
769083fbf5eb9f3f132a633cc9809388,1,90.19,64.9,cool_stuff
768cb9a5290c41d7968447ae28c64cca,1,58.55,40.95,home_appliances
7670134d0deed66c4befad4f59d0af49,1,30.41,22.99,housewares
76603a4bccfedb23ac477d3cf1f69ce1,1,188.12,172.04,construction_tools_construction
779559842fc122d55edbd03153f35e81,1,45.19,26.9,sports_leisure
779471f3320ebf3c8695d3774cd90d98,1,33.85,22.0,home_appliances
7787f84dcc43ef95552cd95d2c86f418,1,63.11,49.0,watches_gifts
7770bdde7d6bfd349bfdeabc4ce54c07,1,37.09,21.99,telephony
776ef0ee36e20757c513e64903f1fa8a,1,125.23,98.0,health_beauty
77626943dadc1bafb9625f65d98724e3,1,221.16,142.0,housewares
775bca2cd0c1c8165c893062195f9429,1,340.29,325.0,furniture_decor
775917a2882dceb1d02aaa6b1abc1b24,1,332.3,295.0,furniture_decor
775596b5ab8f1cb5890c7263c1c92bc4,1,160.46,139.0,la_cuisine
774ea72f37a7fbf1fb32b973a18f2348,1,210.36,144.9,costruction_tools_garden
774c67cd53f1586caac72b52fa5a097e,1,140.32999999999998,120.0,furniture_decor
774ad2570c29b52d50433d7bb89273e7,1,87.58,69.0,home_appliances
773fc6de13d1f04a533ab4186b52420a,1,182.3,164.9,baby
773089b6d8197748b1b173e39dd38ab6,1,43.69,30.0,housewares
772583ef39582ddf5068eba0296c24f7,1,130.26,110.0,sports_leisure
7724d1e2711ecb5f0b7678257e1a1cc6,1,313.53,299.0,bed_bath_table
77b8df1769ca65b7d8beb835ba31d297,1,113.62,99.9,auto
77adf2a023d22fa0414ef9fc947c1c25,1,38.22,24.99,bed_bath_table
77aadda8f3636c56d2e32ebf735426ba,1,152.06,131.9,luggage_accessories
7798ddd884068c64f261fa5d6a7f6cd9,1,92.62,69.2,pet_shop
31945c8811d04df20bf86224210b4084,1,153.41,134.9,cool_stuff
3186cedd4e2b68aabc3aed94ab1ea91b,1,30.130000000000003,14.9,telephony
3175584031f7db97743c7b8aedeb3d03,1,38.42,29.7,auto
316f27506e0f2a39700f801e859576eb,1,126.68,99.9,sports_leisure
31624e01ac12f2bfcc363d6abcea278b,1,125.15,99.9,sports_leisure
315c6373ff469f7b7f60bbb36c319f7b,1,48.84,36.99,bed_bath_table
315affd5901833621c947264eb9f2588,1,155.05,139.9,watches_gifts
31596cc4bf31a702bc34ab7223a827da,1,167.35,139.0,home_appliances_2
315274d6751133f612a67ccfa00c0522,1,437.26,397.79,musical_instruments
314f853949a68233748ccc6092eaf51f,1,119.58,110.0,sports_leisure
313f8ed3413f949a1c0eb1cd6495ae5d,1,142.79,109.0,bed_bath_table
3138a5168026c06238f332528ec8e0ee,1,126.02,102.5,furniture_decor
785365b9ad25d832bdde56f305159fdb,1,73.64,56.0,bed_bath_table
783dae38feb9e3a364e24e25168cfa8a,1,227.81,159.99,housewares
783caabd539c4079ec08423e30719fba,1,41.86,29.0,construction_tools_lights
78258dcdffa72f0a40e1fd93b9a52b3d,1,394.42,369.9,perfumery
782447ddd6d2ba5b64cb23ef7a8db626,1,72.08,48.98,home_appliances_2
781a5256893d06b9526750ff0b5f50e4,1,87.97,75.0,health_beauty
78120320a8a3d2656f159d513fcb83b6,1,61.85,40.9,furniture_decor
78108fe8e4d5ccfe8ed10f92f7d73c2a,1,320.58,299.0,furniture_decor
78018501054dd80dc909eee2f22ddbd4,1,157.22,139.99,cool_stuff
77fdeb8d4f7502f75b6779205f30a875,1,146.84,109.99,bed_bath_table
77fa3381855b6763c52ca3b72824f508,1,56.39,49.0,fashion_bags_accessories
77f217636750a5d2e21017effe0a634d,1,143.98,125.0,toys
77d3c6966d712652953a0ddc6e6f24ea,1,75.07,59.9,bed_bath_table
77ccda894b672fe1214b0101d108d7f7,1,414.81,399.0,health_beauty
77c2aff3c37f549284828851709cedee,1,50.69,37.9,health_beauty
77b91313bf9acf3eabf9abc503d99366,1,106.3,89.24,health_beauty
30ccf4724f5227265f837e9ba0246278,1,122.04,83.9,luggage_accessories
30b6868bde148b4c71716da3f1cdd9e3,1,86.15,69.9,baby
30ad9d2c8a8e788a606a6c23e07260a9,1,72.1,24.9,computers_accessories
79be3804af052f5d6a473dfdeaa38f06,1,65.95,49.9,computers_accessories
79ad39409fa4bcc36b4b7f734c79c2a2,1,77.77,69.99,fashion_bags_accessories
793ee3bd01e3ecec7ab94aed9aeee415,1,190.17,179.5,computers_accessories
79351053555d5b98a09738e68f891f1a,1,265.85,249.9,bed_bath_table
7932fcce65e2aee84d6feb4a288f9cb9,1,20.0,5.9,fashion_underwear_beach
791052a0d5071f87efbc002b579ccb9e,1,58.83,35.9,unknown
78f5f8f4547e4be0449bce34eb0557f2,1,112.84,99.8,furniture_decor
78f3531b3a1bfef3513d4f344e0c88d0,1,120.09,99.9,furniture_decor
78a2a96601d7940594f95dbaa4c368d0,1,165.70000000000002,149.9,perfumery
7899001d8d8933d11d0f18ec5943f79e,1,54.03,44.49,unknown
786248c98cab9ad5cccdb751909da1af,1,47.0,15.99,stationery
785c2986ce8232a718aaad761ac2a321,1,215.63,197.0,housewares
78540167bc14d4024b1aae7adfa2f7c9,1,120.47,59.99,health_beauty
79f0638714bca6309431b53ecfdb4b54,1,1759.04,1699.0,computers_accessories
79da19ec2e6e6658145790d93991da9b,1,184.64,165.9,toys
79d5da4087dedefe5ef7086bf68e6408,1,158.77,139.99,housewares
79ce45dbc2ea29b22b5a261bbb7b7ee7,1,14.37,7.8,health_beauty
79c0ace2ccf0da036e787875a49151a4,1,415.96,379.0,kitchen_dining_laundry_garden_furniture
3120b244fb6ccbf5e91a53148ea1bd88,1,55.95,44.99,sports_leisure
31207fc086e99a46400056ea7f77857e,1,152.91,80.0,health_beauty
3117617b81eeaddd6d5a788a3d4230f1,1,27.79,15.0,small_appliances
310d46301bad5f6b27b3638b81d9cc99,1,445.38,417.9,auto
310b993294194cea025dcc9c23637b62,1,283.8,179.0,housewares
310806337e8a62be35203aa25d302b08,1,2098.4,1999.0,baby
30f902329cc4fd7dba514f7a5b629b2d,1,323.82,162.0,pet_shop
30dd245a5cc5a0def5b5d42b024a17b0,1,137.48000000000002,119.9,books_general_interest
30d755143f7313a7c3d24f936273dc19,1,511.23,485.9,health_beauty
30d2a003c4b64468d0a341faaf1a7fef,1,191.84,148.0,furniture_decor
30cd699c7958f8352c9f479572eb66ad,1,46.69,29.9,computers_accessories
7ace8e994998f636a12d3cdc71c6b942,1,41.75,29.9,computers_accessories
7ac6cda1ec564b21b2daa9dc0973c1df,1,210.2,199.99,toys
7ac5f520abfc0589418bc7c76cea7a7c,1,166.04000000000002,122.9,bed_bath_table
7ac0d3f8ac5b60c13d74b02b8cbb4623,1,107.9,94.9,pet_shop
7ab21257ee876b3897bd55046d3d81d3,1,288.46,269.0,toys
7aac5971b0560a816c14f6b6e9185bcc,1,228.71,209.99,health_beauty
7a81751397c8813678761201a7114339,1,22.68,14.9,housewares
7a7be236d8368315680071df4209dd4e,1,68.59,49.0,furniture_decor
7a6aebc4c1205818e64f9275475a73e9,1,237.48,199.99,furniture_decor
7a5d0e89d069c89b2112e9da539343c2,1,146.12,118.99,housewares
7a42af4cfc71b5e250b2effd6f37cb35,1,65.13,47.5,stationery
7a3d2e33323f0341eaecc6154c003ac0,1,315.75,299.9,consoles_games
7a3bc1b5f3ad201ecd5d03d51d34bedd,1,319.57,305.0,health_beauty
7a2db74c8e2d40cd60fe4677d38a74ce,1,99.15,64.9,computers_accessories
7a22c18ef5b314ac41161a5598c05352,1,168.88,114.0,auto
79f9bb25cea215b868332aac0125c4f0,1,111.79,99.6,housewares
300a260403e9dddec957d7f272faf20e,1,63.44,49.97,bed_bath_table
300469628605afcf5cc9759fb4cffc02,1,171.75,149.0,stationery
7b49e585ac8c80b14c9b2815d4db465f,1,37.84,16.9,bed_bath_table
7b453aa3584d61c1268d77ba6fd5956b,1,130.16,109.9,housewares
7b44e5ea770ef06810f5df89006cc8b2,1,103.83,89.9,electronics
7b32b1b87594b60dced8abb4531d2986,1,134.57999999999998,119.99,telephony
7b2fc344801b7bd210743493b0cf9385,1,23.35,19.9,telephony
7b2a6e3216a405943fc9e3acbff18cae,1,224.2,200.0,small_appliances_home_oven_and_coffee
7b1f8f93b6f8c691bb739451774f07b0,1,94.43,79.0,auto
7b10697c2c3686763958e2c55e8fe2b9,1,96.03,79.0,musical_instruments
7b07e5afce1bb1e6fa3ffcdc718d7e69,1,55.05,39.95,computers_accessories
7afdd65f79f63819ff5bee328843fa37,1,30.42,21.52,portateis_cozinha_e_preparadores_de_alimentos
7aeb83cae61b0e94e6426cba2598ad9e,1,65.13,49.9,housewares
7ae8d9b8eca8a6daf066e53ddc7034d3,1,28.0,12.9,electronics
7adebeebd22a2f3271bdb33ebe37caaa,1,163.97,149.9,auto
7ad0b0e87f7c4eb1b68a8cebf875257b,1,92.3,78.0,furniture_decor
7bb755757b4b21a1abc9cc6e9991a8ad,1,31.94,12.9,baby
7bb6f29c2be57716194f96496660c7c2,1,77.6,59.9,furniture_decor
7ba2e13e168f62391e3f2e9c946bc2be,1,171.03,144.99,auto
7b8c427eb09be88d32fcfaa8018f5caa,1,107.79,96.49,health_beauty
7b83c11ac78f11bde67542beb12e8163,1,71.03999999999999,54.9,health_beauty
7b7827f65a44cb0a2a5a1021757fd119,1,47.8,34.9,pet_shop
30ab498424a05754d445336acbcf05d5,1,227.01,189.0,watches_gifts
3096d513ef378c2f6b32b7f4f42a471a,1,136.77,129.0,watches_gifts
30916403a2996c146b5598774d657c55,1,56.77,48.99,fashion_bags_accessories
308f901f3cbc9dd383146e97562ef8ed,1,180.62,129.0,watches_gifts
308a7360ee2e0ecfb6aa7708428692af,1,41.0,25.9,electronics
30715b45872148dd5322eb2989228a43,1,74.57,61.8,bed_bath_table
3047d2ab7a976a0149292daad0acba79,1,194.29,168.98,bed_bath_table
304104a478e3a605db6072a22e4ee228,1,316.13,299.0,small_appliances
302ff907f751a6ff40456ba47db233ae,1,89.02,69.99,health_beauty
302a19dacdbb5ed2f74f9dee8126ef79,1,69.82,54.0,baby
2f785af0f4f132585052347521b90b29,1,49.45,41.0,health_beauty
2f70195374f6c3d3c6542edf5bd17c8c,1,46.39,39.0,watches_gifts
7c5514c269002959274a50b996f04e82,1,202.82,189.99,stationery
7c467bb2783193fce00e68a53bf05fbd,1,230.75,185.0,furniture_bedroom
7c3cbbd1a99a73b3dd683eb7c0570801,1,123.78,109.99,cool_stuff
7c0a2a31bc479e366fe9fee1f5bc62b3,1,143.45000000000002,129.99,health_beauty
7c09ac0ca5900bf6f957121ebfc338e3,1,49.0,47.99,pet_shop
7bff21aabd6f1c9055ef5c2a262fd62c,1,42.69,30.0,bed_bath_table
7bf085cb634a5038e227ea40490c3beb,1,949.97,899.0,cool_stuff
7be620cd314ce6460033ba9017be7a7f,1,59.4,41.8,toys
7be2cf904217376863ada2c9df82c8f2,1,147.16,124.98,housewares
7bd42138fcc3aec6e8a0494f5a34bd25,1,95.3,79.99,consoles_games
7bcc81e7096d625f592094c60385ebc5,1,57.99,48.9,baby
7bc637a5504e0cfdf08490124d681fd3,1,466.81,430.0,pet_shop
7bc37d0450ed1fb9e76f9c0305838c7c,1,63.35,47.99,sports_leisure
7bbe91ccbf899dc40a38d012a4dc411f,1,197.87,179.9,small_appliances
7c898e0b8ea203dd94ba846627fc34d1,1,201.89,169.96,office_furniture
7c888c2f683671fce1d3a9db421ab15e,1,66.18,42.5,furniture_decor
7c6ff274f0411bde88f5df8db5f64693,1,204.88,173.0,computers_accessories
7c6fbb3a5346dfd607386155c6f628f8,1,118.35,110.32,health_beauty
7c6bed3d75273973d74b1ba957c024f8,1,48.73,30.5,bed_bath_table
7c65bcd66be0ad761948bfeda4e7bd2f,1,92.19,76.9,home_confort
30001d6521e7d5826eb1881050cea7e7,1,35.42,20.9,computers_accessories
2ff17002562478fb03cd44f09e7ca51a,1,243.14,227.8,watches_gifts
2ff06b0fd363bf0462e1116bb6060379,1,150.89,135.06,watches_gifts
2feb7008fdbbf5e65a885a1e5fbd49d1,1,214.13,190.0,sports_leisure
2fe1e09df32992e9e5041a2671233e20,1,75.07,59.9,fashion_male_clothing
2fe0cccc00239f01484b97ba65408800,1,132.95000000000002,114.9,bed_bath_table
2fb0efd1f61f186ffdda9e8ec70f27f2,1,159.21,139.0,baby
2fa5da96109ea94cc9fb50cc589ed65e,1,155.65,129.9,watches_gifts
2f9c2888168b8c2d8e625905f3737057,1,114.44,99.0,telephony
2f8720465c51a4f13bcd060e76014b3f,1,78.01,69.9,health_beauty
7dddc9aac98dd159ea9e9c1f68654649,1,282.62,250.0,health_beauty
7ddc9c0c8d8ff59c19050d36d2bdcb2a,1,224.39,199.0,home_confort
7dd3fec3502f7ef333da2a73e00db394,1,287.56,264.0,perfumery
7d9f42ecf65ca91f7e28483c5008dc4b,1,162.04000000000002,149.9,bed_bath_table
7d88b5bdd4a526aef4368cc593209f42,1,79.1,63.9,construction_tools_construction
7d681d24b9bad757fb34b0d464c350e4,1,85.5,59.8,health_beauty
7d50930301709838d8e90dcac5cfaa84,1,76.08,59.9,sports_leisure
7d187801885842645486f00fb166f378,1,22.77,14.9,home_appliances
7d0e0214a0852cf0c90032c7992cf27f,1,102.14,65.0,market_place
7d08c685504c66533015d5366856da12,1,76.05,64.99,toys
7cf805b1d0c5c1c84ae24c34beec0958,1,49.45,34.9,housewares
7ce1d4b1922136117b48d0c2b64ad165,1,36.7,28.99,toys
7cdf063c858373234611848620a5c950,1,335.16,250.0,furniture_decor
7cbe94f9b52c88ed1adf7a1300a7b3da,1,65.46,49.9,furniture_decor
7ca498260c343bafc4596d101ec12490,1,174.77,158.9,stationery
7c8e2b381bb0fcba5b368961d7823cd2,1,672.41,599.0,computers
2ed4ea5a5394cfcb0d052cdc587fc78f,1,102.98,89.0,bed_bath_table
2ec8497962cc5f7730756635a5cbbf16,1,50.5,32.9,garden_tools
7efa345eefd35e2fc11d13201436bf38,1,84.13000000000001,68.9,home_construction
7eb9c68704af5effea1cee6f3a6b4b4b,1,98.51,84.9,fashion_shoes
7ea49f9a853882a4a3b2f6a4bf47c11f,1,64.55,56.0,food
7e93d6b6ef018d488da72952ce48fb9a,1,292.72,269.99,sports_leisure
7e857e35018e4a05b7d124d1628dc1f0,1,51.0,35.9,sports_leisure
7e7da0ee83024e649680e11ed76dfe58,1,93.53,79.39,health_beauty
7e6850f360e60da72b7d3b1b37f42312,1,94.91,82.0,computers_accessories
7e503dc4ddcb4b145a8bb4c00a7c3249,1,52.07,37.5,construction_tools_construction
7e48d9554094858ee2269c4ef809f50e,1,67.85,45.0,watches_gifts
7e437c1d65a7baab7e7ca6c9f4e98b84,1,85.94,65.0,health_beauty
7e42a5d6c862c0078b9e31fd9daa31f8,1,94.39,74.9,auto
7e34dea6bf1b26c294d48bfc3fa41d9e,1,66.12,52.0,fashion_underwear_beach
7e0f1b886ed1dd65930f3b9a30d563d2,1,188.64,88.99,health_beauty
7dffa5a576c3022da3db58e3b829f886,1,53.58,26.69,watches_gifts
7f34b85142d1ef9e077a0da9ada27385,1,139.98000000000002,119.9,furniture_decor
7f27a510cfe7b7c16bdba4e185dd7940,1,126.04,89.9,furniture_decor
7f1e346754bd4283e2261b71bc4bf4b0,1,45.1,30.0,consoles_games
7f064525eaaa1ce9d22c085f7ff5413a,1,56.78,49.0,watches_gifts
7f0362988b16ac7b5f65dc5fd0fbc77f,1,37.68,20.89,telephony
7efd7d1a1a985eae9fecdb134fd657d3,1,79.24000000000001,69.9,bed_bath_table
2f5e485bacfeb554bec55cd497c9bc51,1,60.09,45.99,housewares
2f5895fbda5cbf713513c5b641383a97,1,47.29,27.9,garden_tools
2f48e99df2052ce8a7d14855ea40e838,1,100.57,74.99,bed_bath_table
2f465f0f879ab88842042a85bac3a937,1,1310.95,1189.9,office_furniture
2f2eee65fc4cc4a5ee8362730719d290,1,137.45000000000002,119.9,stationery
2f11a6e56500357acc716ab4c17d5bde,1,132.17,119.0,toys
2f0f230a6d1c2189c346d0992df870fa,1,161.01,129.0,bed_bath_table
2f07e976774b91520e17dd3b2dba73c3,1,394.31,369.9,air_conditioning
2efe8f5e5c3b7327473c75cf2f11bb02,1,35.78,33.9,perfumery
2efe79c475e4c22430aedf7eacc830ee,1,101.73,89.9,sports_leisure
804276969fd6adfcfb9c9dcbce2fe8ec,1,278.66,255.0,sports_leisure
803668f063859a1f96b67b83b71e86ef,1,88.69,72.0,housewares
8032bb148ff355a9d402573fbd6c4b89,1,233.84,225.0,fashion_bags_accessories
802b191477641b98e903230bcfaa2a47,1,44.1,29.0,telephony
801abf9ab81269e94b64dd62fbd50fc2,1,91.95,78.67,baby
800b4691fe11622089b5437c9713fe95,1,78.5,65.7,furniture_decor
80033c8e73f5b367b3809549337f0122,1,172.14,160.0,sports_leisure
7ffd81a5a062250921d431ad78ecb9e7,1,80.03,66.9,health_beauty
7fe14f1d9c5f003f196c92337d12810e,1,68.52000000000001,48.99,furniture_decor
7fda46e6f8996ebe3acf684cca0124c2,1,125.53,99.99,bed_bath_table
7fd5ed44c2c119be619555591475b233,1,67.13,54.9,bed_bath_table
7fc59915d9bde9a845801ee04a8658fa,1,28.41,20.3,fashion_bags_accessories
7fb06133a9a56c3d8a2819e9f4d45422,1,146.07000000000002,136.3,construction_tools_construction
7fa9cd17cea7ecbac9778cc86b7f9033,1,41.1,26.0,housewares
7fa79f73326e6b9b13b79f60a435d4a5,1,232.97,219.0,sports_leisure
7f967740bec1ec031ac460084afcb4b1,1,303.72,289.99,stationery
2e58d459f2a674ee7b0d3d1336712acb,1,143.83,129.9,perfumery
2e513e110e3f95926fa3d1ac44444ff4,1,25.38,17.99,electronics
80d3aeff2ab6c9d795010c029dbd5ddd,1,201.16000000000005,179.99,furniture_living_room
80d2404aa74015aa6cd21863642295f7,1,133.89,109.9,baby
80b5182ab2afa5091844c94a0106b843,1,89.08000000000001,69.9,fashion_bags_accessories
80ac250f5bffe3fff8097929c3c4a938,1,29.61,19.99,fashion_bags_accessories
80a354492ba20a7ef994a4cad98e807d,1,64.53,38.9,bed_bath_table
80a08e4dfa5115b34f674eca035a01dd,1,98.35,79.99,sports_leisure
809ab2033b8267fc321860bf0d4dbb11,1,30.0,14.9,furniture_decor
8097e6d8de77768d9f72295263e440fa,1,156.0,121.35,health_beauty
8092fb20e422a961ea52cd441b5a4244,1,171.85,155.0,computers_accessories
8068fc569a07dc765b9620783787233c,1,217.96,199.0,air_conditioning
805967bd91579942b3caac4ebcc39a54,1,65.05,49.95,bed_bath_table
8058b0067728a211c68874081e7352d4,1,58.82,39.5,sports_leisure
8049d38dde63e0ca96af1e9511d4727d,1,307.94,279.9,bed_bath_table
8047a9de3dd280cc068a2cba4586b91f,1,59.11,43.0,housewares
812b558694cd8e22f35f9d1bcfb549b5,1,75.75,24.9,dvds_blu_ray
81227b918dc751995a7301b5f38437b8,1,132.19,122.99,fixed_telephony
81040eb9c21d4f60b7771836b3255489,1,67.59,49.99,health_beauty
80fb011fd54fa5e1911a2f80c0fc878d,1,65.50999999999999,51.4,toys
80d702d8e2231e25bee9d145c2c86b6f,1,47.68,39.9,perfumery
80d63636780c5975e5c93b63236d481d,1,185.88,142.47,health_beauty
2ec4063419591b373f7990da94fb2c6c,1,49.34,24.99,telephony
2ebe00f53430b4eb4086f08409ec7760,1,36.68,28.9,telephony
2eb9b2ef7c1da3c7b99702452ea4729f,1,110.3,99.0,tablets_printing_image
2eb8c6f513599fd67149f8f9cd8e2ea5,1,132.03,119.99,cool_stuff
2eb3f7edda1f0799d78ffade55e64374,1,147.28,119.9,health_beauty
2eb384017334e47db9ccf364216799df,1,41.99,21.15,housewares
2eadf6089620e82047e4d24101dc6759,1,24.27,16.88,perfumery
2ea8ec61f4c1078cdf7b1df620135059,1,283.86,239.9,fashion_shoes
2e8eb076261eb842a7e1bdf64e1facda,1,102.74,84.9,fashion_shoes
2e8e86c56790104d65709ca485a26281,1,58.62,49.9,baby
81ea712c5f76a3b1c0e4c3dbc5126404,1,52.23,34.6,garden_tools
81e7937893af4703d4d14ca3e3765b59,1,85.22999999999999,69.99,baby
81e686e36e79f0d2612346cefe1379cd,1,143.99,105.0,sports_leisure
81dba264e2c91829b19c58fa6eb33072,1,64.11,49.0,furniture_decor
81d2fa5b1805af5f9e0d08af321b2f35,1,168.8,149.65,health_beauty
81cb8d21c3255d5c2143be50785cc2ad,1,154.45,129.0,furniture_decor
81c891c541361f1108fe9e2a645324d9,1,893.0,869.0,cool_stuff
81b454070eecf89b21503cd5d313aa57,1,328.08000000000004,318.98,auto
81a7ce9e5b3c92b523c22a4d3d3e05f4,1,57.65,44.0,housewares
81a3f1e46ec16acb4800a5002b014438,1,145.0,136.78,perfumery
819fc0e9c061a08bac3d5044eb92b173,1,155.05,118.9,luggage_accessories
815ab08327dd05cc75b2b67311f83239,1,25.09,10.99,toys
814db92f0cda8c71fa27f4b022cea56f,1,41.69,25.9,fashion_shoes
813a9ef2db7efff209973a335d043c0f,1,342.39,299.0,furniture_decor
813a30050677eb6996e12eea9ad400bf,1,472.41,439.0,health_beauty
812caec8528c1f3b1bed583530023cb5,1,105.72,79.0,bed_bath_table
821a07e1e2a0382df1f3761ae3cd435c,1,132.44,119.9,bed_bath_table
820e8f306dc9ffcf6d0957516084cca1,1,56.49,38.89,toys
82029e5d2411cd3a74021d94ee87d457,1,112.69,104.2,fixed_telephony
2e274768896aa2c7635b9689423a5d34,1,60.88,44.9,sports_leisure
2e0b9273624db778d82fd3b18becec24,1,86.24,69.99,toys
2e0725613e75303bb162ff2f58f112e0,1,61.22,45.99,toys
2de5c479fb0c490a0f2a2f3ab36e71b6,1,195.18,174.99,garden_tools
2dd91cf063cf57cb0eebef072746daab,1,126.19,110.32,health_beauty
2dcbb450bd8303344a342b60610f3d22,1,79.09,55.9,bed_bath_table
2dbed858ef1a666ec3afae6566400a06,1,537.71,519.99,sports_leisure
2d89e78798ca1f317b4d3a96c74248ba,1,48.75,36.9,health_beauty
2d771944d4a7dc7d95d974cfe4be96ff,1,30.09,14.99,christmas_supplies
2d75cb4f23924fff112f06ef3520c120,1,101.03,85.0,toys
2d677673c369b1d62187bc49ab3e9331,1,257.34000000000003,239.9,computers_accessories
2d62078f4b87416a280931049a9d7cca,1,75.85,59.0,toys
81ec0756335856bf7e5bd40073652c44,1,65.34,41.9,sports_leisure
834df04774f3aa4b60bfd6f839f448bc,1,37.59,27.9,fashion_shoes
833984d7021e50b11df8113b7794e920,1,81.12,65.9,sports_leisure
8338cef8355d238f43711dcb9c0657b2,1,60.42,45.9,furniture_decor
8307d6d6781b40a6b3b4c222da56f274,1,126.46,109.99,unknown
83039266ceedb3640c6dce70f01bf2d0,1,95.31,80.0,fashion_bags_accessories
8301e489165ea0f91dd987fafebbe58c,1,44.13,28.9,fashion_bags_accessories
82ff6972ccf4255e24cd470d8fd8b539,1,227.47,199.99,auto
82fd0e5d33b58ad696f75449679c1470,1,142.14,125.5,health_beauty
82f0d5f5a4d52cf6ca68a2080bdd0d02,1,158.42000000000002,134.9,bed_bath_table
82c51c3938503a4ddc096fbed86428d6,1,117.57,99.0,construction_tools_safety
82c3ea364e5480f335f6743ee725a921,1,40.1,25.0,computers_accessories
82a61259a621866c4ba63743da29a342,1,146.96,119.8,sports_leisure
827f677ed9cd1e18a5f4e8ecd4eb7489,1,20.28,12.5,telephony
8275ff8af7dedbf142a446d74d0c5daf,1,44.23,26.0,home_appliances
8268f227748ea57889478c74ca12d151,1,286.17,220.0,bed_bath_table
824d0f65de327bae9d13bbc23528c79a,1,31.69,18.9,telephony
2ccd049c8e7ea210e079a1aa8ad92477,1,103.63,79.0,stationery
2cb7610ce5b2b73be631121560aeecaf,1,381.59,329.0,home_confort
2cb21a33326f4accdb9dcbaef4a46180,1,95.21,79.9,fashion_underwear_beach
83cf2637b3c035693ee58369b791d966,1,77.47,58.0,construction_tools_construction
83caf799100f6f9418e0eb2950b757af,1,41.5,34.0,housewares
83ca77d87b187321faaee535adbce26c,1,816.1600000000001,799.95,air_conditioning
83c3d4602324544954d73486c1a47455,1,336.99,319.0,computers_accessories
83b92639fffd1d55c9e04c77c86d8d2c,1,65.66,45.5,computers_accessories
83b7e1ec294af41b21657b105834c836,1,45.09,29.99,sports_leisure
83aae8023b8feda53259f63e0ec06390,1,131.29000000000002,89.9,furniture_decor
83a1778b0d5b20c0724c97e35f083082,1,82.60000000000001,64.9,toys
8384a437925520e96cb6acc65235e499,1,30.84,18.99,bed_bath_table
837b5c6df9ceb8a9c604e78fde0e60a2,1,49.05,27.9,computers_accessories
8375cac77900898b899b33ef7b966bb0,1,31.24,21.9,bed_bath_table
8370300e444c4394d3c3f878606a9601,1,314.66,299.9,watches_gifts
835d8502d265ddeb4bdd39591d55fa2b,1,165.8,149.99,health_beauty
84003eefe52bb4112252409a24ae3a73,1,176.53,163.99,perfumery
83fe1ea6fd12c51fcd341a9968e65cc3,1,53.37,40.0,toys
83fc9abe24667777b997571da7b6052a,1,166.98,159.0,watches_gifts
83f86eca5473b6d1c7d566223592908d,1,70.44,55.3,unknown
83d68ad4e5707409089afff26a40b2df,1,838.32,780.0,toys
2d5bb6fc16b9fb75539ddcd93de86aa4,1,97.78,89.9,toys
2d31f67b1edd83be73d1448bc1f1a7c7,1,47.75,24.9,dvds_blu_ray
2d2fbde9939c282238dc0847b04c5018,1,66.1,52.0,computers_accessories
2d27434c710806b971a721da337a112a,1,53.1,39.0,watches_gifts
2d1ff2e44c1df1b288d32c02737d6f34,1,203.43,159.9,furniture_decor
2d12dfe2cf5a6677b26067f2ddb55844,1,196.01,179.99,toys
2d110366dd24a714cb50dddc30b4101c,1,46.69,33.9,sports_leisure
2d063994ae4667cff3d6841e9d441d1d,1,135.57999999999998,119.99,home_appliances_2
2cfd372900c7c65e4c4ed2ccf7a1cfd4,1,687.43,667.0,watches_gifts
2cf9ec82c2ca858baedfb2c2e5c06b6f,1,35.53,9.9,housewares
2cd4861a56a6f98288e0281e47f4b1d5,1,468.53,422.0,bed_bath_table
84c7330da95da86fa555e15070a8b1d3,1,107.87,73.56,garden_tools
84c4e13ecfbf13c8e4039927f887154b,1,62.16,44.05,furniture_living_room
84b88b5f25e4651dbc4c1c9c7e4b7d27,1,168.56,154.9,bed_bath_table
84b28e3bb08a928eb998111b29adf0fe,1,302.27,261.58,baby
849bbcb8cdb844f1cb82330de929a1e5,1,130.20999999999998,122.1,luggage_accessories
8498a9b0c20fa9075241141de7f756fb,1,113.15,99.9,sports_leisure
8497f1169a2edddf1a2a226f653be594,1,44.09,28.99,sports_leisure
848064637fb2f160e5456e94f1f58d5c,1,81.08,65.0,bed_bath_table
8477d691ae21afadfa805681bef3a620,1,80.10000000000001,64.9,fashion_bags_accessories
8471182114c4e0e3b1586fef0ad240a9,1,159.66,144.9,auto
845968d70e40e2ceece1bc1d3f5812d7,1,53.34,34.99,bed_bath_table
84412fdf17ffe7f7b52913a82e73b5b2,1,190.33,169.9,sports_leisure
8434c9cfbd72cba6e81064e65d2f05d7,1,79.94,70.0,furniture_decor
841fe54d564df8d45b7832717de220e3,1,119.6,100.79,stationery
840c7da1a74c54e903c0c6b86d44deed,1,426.42,409.38,unknown
840b41c3044d2b09db4933d48cffa924,1,35.959999999999994,18.9,housewares
855bbef550f31af6cf9387e9362b11f6,1,21.17,11.9,home_appliances
85567ceb8a1521a09cdab785ab726b03,1,127.38,109.9,toys
854f1672c41eaa84b3e3a79e06146f63,1,32.77,24.99,telephony
8546c6aec945658dd6de0b125806bc8a,1,115.02,98.7,furniture_decor
85337022853da10b8f5fd7d1ef180421,1,74.05,39.9,consoles_games
852f63621d87c7e78bfc4246a251e11f,1,34.89,27.0,furniture_decor
851f4830cdcb436185cfcc40b8bffb15,1,79.38,59.99,furniture_decor
85156b6f3e9ba85d83b17b0c3c8cc627,1,90.17,66.9,bed_bath_table
84ecc25f4c77dacc5c0ceb89e09492e9,1,284.90000000000003,269.99,computers_accessories
84e1b9c6ba2ed178bd217097b41f1251,1,156.51,74.9,kitchen_dining_laundry_garden_furniture
84db874a1a2d895b0eece26cc9bb3dd3,1,61.52,49.9,cool_stuff
84dacba9d49f304ee015bc094083df20,1,616.5,395.0,housewares
84da49736447aaa6ca16652f7e5a77d8,1,98.85,84.9,sports_leisure
84d866290cb98a0253e770a862679579,1,445.64,399.0,health_beauty
84d85a2f13ed52a5f07ce6d1497a397d,1,46.0,31.9,furniture_decor
84d0e98e468edffdfe4f1f5b178d4ecc,1,135.48,104.0,sports_leisure
85b39215c2d7de985b5a34b759255d03,1,113.45,53.9,bed_bath_table
85b2e22dc10456c8ce7b81f78ba8624b,1,195.36,179.9,bed_bath_table
85ae33cb0cb21c6fe6b021faf074a682,1,53.620000000000005,35.99,telephony
8580e348f827bc4699d12de9afc2305f,1,39.62,21.99,market_place
857dae9f7ebd67d5920e6543f24c3841,1,487.27,449.0,bed_bath_table
2cb04e10eeaa0cc28bb0b7db018c9056,1,106.85,91.9,health_beauty
2cab5fb805c35e09a71fc411c7849ec2,1,79.56,59.9,toys
2ca431a4c4a04c65e66c345e282d0a54,1,234.34,199.9,small_appliances
2c9de16d31145f7aa376c2dab35a2b81,1,256.24,238.81,computers_accessories
2c52e710fd7c065119722cad50607252,1,394.09,379.0,watches_gifts
2c2b1db11f5ec66bbc6ca9d1ce3f81a4,1,72.68,64.9,toys
2c004d873fda9131eb12f6b71538087a,1,58.36,44.99,bed_bath_table
2bf749803c44ed8670283404d3c2140b,1,603.24,584.4,industry_commerce_and_business
2bbafc7b18384308a1fb3f64c022b25c,1,176.07999999999998,159.0,sports_leisure
2ba4dc95f18bb2bedbef662cb24de95e,1,420.88,329.9,toys
857be5cab7b9c69b973ce723ca69c9f7,1,58.08,38.62,small_appliances
86ae34138b66d08c1d885736ba39e6df,1,107.27,89.9,bed_bath_table
869c418f22e0c0ed9207ff691f279e46,1,50.53,32.9,housewares
86766d5e84f560b949d8a4582e9fdbdb,1,211.81,189.99,bed_bath_table
86742dc5c815f1c8c04c6e323e3c1865,1,46.82,29.9,pet_shop
86513cbf63bb505ec42c62b661324672,1,178.52,139.99,cool_stuff
863c150f7756157ab06ad61737ce9a16,1,118.74,109.22,health_beauty
86265224a1b25cd13f8b20ffeb6c8e5d,1,76.63,48.9,health_beauty
86133a7d6682fcb51debce06e6514f93,1,394.49,373.0,cool_stuff
86133a2151bd98a3ed2ad758709e6d1b,1,71.63,59.9,cool_stuff
860ad475cebc2e85e852042dad735be0,1,46.85,35.0,musical_instruments
85f709dd4e8f207aecdfaeba8581c1f0,1,119.32,89.9,pet_shop
85f0972baa5c063019825fbf04f0d6a9,1,66.00999999999999,49.9,luggage_accessories
85e8e8aad6ad12d67c21300379760196,1,1220.72,1160.0,garden_tools
85df978207ed4024ea16570dbb64fd6e,1,36.04,24.0,cool_stuff
85d619318aa201aca57171aabeed0048,1,21.39,14.0,sports_leisure
85b6cd7f57f7a06d180c93e8c74f6381,1,69.13,53.5,bed_bath_table
87a9863375a0a462b168cb02bdad360c,1,154.15,144.97,baby
87a97ee722d5e544b3c929b36443b8b9,1,718.89,698.9,watches_gifts
8794dfe7cd526fa69414f8364e09470c,1,43.0,28.9,fashion_bags_accessories
879257cf953f931693a39f7b492967dd,1,84.59,64.9,bed_bath_table
879089af9bd91cf72a7154b3be3e1074,1,49.54,41.99,sports_leisure
878c61936b5c51f321ac165750d97a0b,1,35.129999999999995,16.9,auto
878188aa7c7a5da44f5038c7fdc68ac3,1,226.79,166.99,furniture_decor
875a509e10e1382ada98cd0c25f0a256,1,57.04,38.62,garden_tools
874439b263dc72fa8c7d8e24fa7cac13,1,115.45,99.0,sports_leisure
873d2aa3911060e77ac89009410aa908,1,191.07,148.0,telephony
87351480a75abfcf15ec67af64f28ee6,1,126.25,102.0,furniture_decor
8729e9bc4b7f0422448d80ed35ae329d,1,85.63000000000001,67.9,health_beauty
8704c63bb391e44566d8dcf13d863081,1,38.53,20.3,fashion_bags_accessories
86df1e9a07c3d463f6a6c3f776051e9d,1,149.36,116.1,housewares
86da2c247cca57fe5928cc175e2a65e3,1,118.54,104.9,baby
86b4986bc313d65b0b5e46f5be8d11ce,1,458.72,445.0,consoles_games
87ceed33e1f7fe39fa06b69c9fdf9e53,1,57.0,41.9,computers_accessories
87cc2aef12eddf0b170234138b0946e0,1,202.87,185.81,computers_accessories
87c9f9f88ecd5b9de26a0a61e06e1d67,1,37.0,21.9,sports_leisure
2b939dc9b176d7fa21594d588815d4a4,1,103.25,88.9,luggage_accessories
2b87ded5c8c2c971d4d5a2e4bd7b85bc,1,80.10000000000001,64.9,toys
2b86ffeae831b59e4fb849565cdc28ca,1,81.57,69.0,toys
2b82632fc977852ca422e8bf3255912f,1,36.15,25.0,garden_tools
2b7fc5ab38be42d8f5498267d2ebe344,1,27.38,19.99,toys
2b6d377fa9397de28c3d3e1684bb2c4d,1,869.09,659.0,auto
2b6aba96aca0f3f5f28779c8a4395f42,1,95.59,74.99,sports_leisure
2b6726ab177dc4ec000e5fcfc6926cf2,1,349.57,339.0,sports_leisure
2b5fddc2b543ee8d6699fb8687fac6bb,1,95.3,79.99,consoles_games
2b4ad41f87f5ca9daba350c8f886b729,1,185.61,159.0,furniture_decor
2b4472df15512a2825ae86fd9ae79335,1,257.85,209.0,kitchen_dining_laundry_garden_furniture
2b3a5c2260dc61103f0b61bfa35a5d2f,1,186.84,159.0,sports_leisure
87ac7e3e844a79b97f7b98cecfbc69db,1,156.03,140.3,fashio_female_clothing
888de7e3435c871d1020b85023328c5b,1,151.99,138.0,sports_leisure
888bc229e8f4a4bb412bdea51c650a49,1,52.95,36.9,computers_accessories
887c03038c774a15272a3e75ca7b4fa7,1,83.51,69.9,computers_accessories
886321836971176f30bc1eff5237c263,1,68.12,53.0,bed_bath_table
8852d1878bd27d8e1fe4e403c2a0100d,1,327.30999999999995,269.9,air_conditioning
884186aaa2ba70b64827a86966f583bd,1,90.88,69.9,cool_stuff
883e57b1f0fab96202d9e39efbe3b671,1,157.7,119.9,auto
88316766399e9545cb650c3ab70208a0,1,56.78,39.99,fashion_bags_accessories
882ebbd926d1093b09ff76e976866954,1,117.85,99.9,furniture_decor
8812d73b9937b5bd3648ff9d11f9c3fb,1,97.0,73.9,bed_bath_table
87fe3060b63fb773ce7cc144ec313824,1,32.13,13.9,housewares
87ea2f45559e10519513a20b24147316,1,210.73,158.9,computers_accessories
87e6cf7eb3e4996b725323a1d704fb8b,1,244.36,228.0,cool_stuff
87e583842cc9122ded9f8eafbf42894c,1,69.32,50.0,electronics
87e0a0706a9ccbdd1784f76e01b40176,1,105.01,79.9,baby
87db1d6af39ede804084ef2f8e6b9b46,1,49.24,39.9,toys
88d524b8b5576da63abf7b16bef48a39,1,63.01,48.9,computers_accessories
88d1ed18fd38fa0ffeeb4b517ca42a9d,1,53.96,36.9,housewares
88cd1536cced07ce8b7eb699521f841e,1,50.1,33.99,bed_bath_table
88bffa97ba651ca4ee0710fa7e0e9653,1,28.79,19.9,computers_accessories
88bcd4cc43e257bf69ac62b2540f1c14,1,51.73,33.5,watches_gifts
2b250e4c796f4ce9da7ee0465bd1b574,1,72.17,52.61,music
2b1736cd698222fad698e3c1be9dd4a3,1,142.81,130.0,auto
2b0943c63387bbdc046d9a7692602388,1,39.16,29.9,sports_leisure
2add772ac1b21ad0f2a8f7bfda8723db,1,697.3599999999999,656.43,bed_bath_table
2ab3eebb03e660d44470d936c0f20bb6,1,52.37,43.9,sports_leisure
2a97ccde48b4f516a7a76352d03eff88,1,106.78,89.9,bed_bath_table
88ab3ce1ded665150c5cd6adcc5287e0,1,75.07,59.9,bed_bath_table
88a82488ded06b62a95df35c384cabfb,1,22.27,14.49,sports_leisure
8899e549604c83a99da5fd3ec51d955d,1,44.87,31.99,cool_stuff
8895ac34adda705a5d93c05aa5141205,1,75.16,59.99,computers_accessories
888eeb22340037a42971d30e3808a745,1,75.99,53.9,housewares
8999ae93f98ab5d5b5f5efbd4c2b8f88,1,53.27,39.99,furniture_decor
8974fd022d2eca68246a2f754bd7de23,1,42.0,24.9,telephony
897238958781769d5c277043c154a3df,1,57.82,49.0,baby
895fc53d66ecb6c1afc40138dbc2a73c,1,45.01,29.9,bed_bath_table
89427567da9c9b075c9dca131535104d,1,41.11,25.0,toys
8934769521d632e65c27992662f05673,1,163.08,149.9,cool_stuff
891f85176bb33d23b19f1cc30eb2660f,1,160.21,139.99,audio
890b077b34b5d22c8c56d60536ab9e75,1,45.36,37.49,sports_leisure
89045cfdb97f8a26621954162a34462d,1,108.88,99.99,health_beauty
89039f76a4c1ed8e4c13f4b531f158ca,1,58.88,44.9,luggage_accessories
89005f5c60b53829a9a617fe5e292221,1,64.63,40.0,auto
88fb259945a739dec6cdd001e2cbad55,1,171.56,120.0,watches_gifts
88f723b1cc87199862c31b071276b0f5,1,240.73,224.99,computers_accessories
88f07c54aaac38face5f27e7d71922f8,1,102.96,79.9,fashion_bags_accessories
88e40881adf08ea3b87cb1d65c8c1d83,1,49.09,42.9,pet_shop
88de5a4c9a8190df7f9b4a5b4f3f68cd,1,34.6,19.5,pet_shop
89e30d3452ed2e7f8d86803da7954f05,1,312.07,284.8,watches_gifts
89e26dce3020ad6cabac5c86120d67fe,1,44.54,31.75,health_beauty
2a46d3a8cb337e4c4b5db2d6df599cea,1,139.04000000000002,119.9,electronics
2a3539131370b3ac020dd5f7a656a53d,1,40.93,21.89,electronics
2a256d1fd193c91de19036b7b9bde617,1,125.56,99.99,costruction_tools_garden
2a15783d3cb601f8d9a6a86806b037b3,1,75.18,60.0,baby
2a00350b02e85228f3a3749f39ede66c,1,340.13,320.0,toys
29fd9022374ff3fef2e8f82c39b4133e,1,79.93,69.9,bed_bath_table
29f63bab786f598d17b6ebeec83e78d1,1,126.19,110.32,health_beauty
29f4b939c9bce7b71f366ba0eef2c4d8,1,117.75,104.0,sports_leisure
29e690f79f608a27a9a02dbf5c3c0c93,1,183.22,159.9,baby
29bedbfbe73ea473396306b4f0c010ec,1,114.77,89.9,housewares
29b85c2f1ec5f4d02b03737a8fd3698b,1,220.19,198.0,furniture_decor
29b18b99ca3c94cea05efa9e11465440,1,310.67,295.0,housewares
89cea55405dd7811b48e500d9f263e43,1,128.99,113.1,telephony
89a85fb039d401c099e30c569a6f2e07,1,62.15,45.9,auto
8acfff88a4a05f0ce1b0336e47d16825,1,44.13,25.9,furniture_decor
8acf0061d1c7b72c3a4857db994ecc79,1,81.95,69.97,bed_bath_table
8ac47b3ab13c68f49f10dde899674149,1,102.16,83.99,dvds_blu_ray
8abe436e6720087517880868bee69fab,1,194.99,180.0,sports_leisure
8ab78b6f871fd72d1ef38097498b70b7,1,70.12,46.99,construction_tools_construction
8ab2bfb191a18b11427454a8419d01bc,1,525.46,475.6,cool_stuff
8aa87bc5f3053b4df2b05a2d3059790b,1,102.69,84.0,bed_bath_table
8a9efe06f7135fd2dfc7b84b30144bda,1,68.7,59.98,cool_stuff
8a5835aeef83efa6aa947f84f92deb0e,1,81.89,65.0,watches_gifts
8a551a6371de62f6f595bb25c473b877,1,134.43,120.0,health_beauty
8a3254bee785a526d548a81a9bc3c9be,1,19.08,0.85,construction_tools_construction
8a2fde854a6f41aae89ce99303a847e8,1,209.78,192.0,sports_leisure
8a26f391ab8b209f67d87dd358f6f004,1,68.82,48.98,unknown
8a15d0ee52b120e0b2bd5549434f05cc,1,134.28,113.0,health_beauty
89f59eee27a6a49b9f0d887136c71cd4,1,1317.0400000000002,1299.65,health_beauty
89f46d1e213867388c2fac6078f5c06d,1,80.10000000000001,64.9,fashio_female_clothing
8b2e2ee3c4042bdb5b3c5fa6b8663b33,1,87.64,69.9,toys
8b199a0f183f8011403f53356c564d80,1,237.36,196.0,furniture_decor
8b18b26ce90f9f0e4c9ae339e532f325,1,202.46,179.9,sports_leisure
2990952a0c7c8dd6c64d1db4d183c1fb,1,43.09,27.99,telephony
296160f1474264a2f1d7e738b999b93c,1,368.82,339.9,telephony
294d41c2e68c3452a16c269c5a969537,1,218.28,194.99,perfumery
28fe7bc9b73556b0cee83320fcd2600e,1,157.34,118.0,housewares
28fd1639ff52d870a3d2c38090d2d902,1,207.0,189.0,air_conditioning
28f2e74ecd7f12eab02ca9b3c2bd9c5f,1,98.16,87.37,housewares
28ef7ba5765422d40274d5ebeac97c9b,1,315.84,299.0,bed_bath_table
28e9bae875be608d290966c72d2d7f73,1,223.97,199.99,auto
8af78635010ca0b1366e5a2b17f52b59,1,484.94,448.0,watches_gifts
8ae935cab2de3f74f4960de6ee604f90,1,38.62,29.9,housewares
8ae2a62356fe10b4261e16268508ddb5,1,175.77,159.9,luggage_accessories
8adb806e404876383ce47845af3ddcb8,1,44.0,28.9,books_technical
8ad5422c2f13436a172cbdd5f2faa00e,1,52.01,35.9,home_appliances
8babfe496d325893ecf4a9ddefb1b31c,1,26.29,18.9,bed_bath_table
8ba8c90e50add29be3159373ea7cb990,1,188.73,171.77,perfumery
8ba12b254c2fbb3c2dda9bf44da89d18,1,134.81,99.9,cool_stuff
8ba0118a487ec8671aed57e5ef846574,1,234.46,219.9,stationery
8b92139f9270553dc3fefeac3ef69034,1,70.47999999999999,46.9,pet_shop
8b8b4d3f77864f6e8f6b35fc23ff63ca,1,106.38,91.99,sports_leisure
8b87bdca52ab6d4c79661a4dbcf903c8,1,51.6,38.67,auto
8b8702416a4fecb685fc70b056cac372,1,30.58,15.48,health_beauty
8b8191f9283cd3c98fa9b37a0b0f99ef,1,336.99,319.0,perfumery
8b7a9eed0d30c43346eb8de2d821b2fb,1,519.72,379.0,kitchen_dining_laundry_garden_furniture
8b5a201cdb79e1962baa08534f71d382,1,168.95000000000002,149.8,watches_gifts
8b52d90d2e8716dad633486c6cc94ecf,1,1002.79,989.0,telephony
8b52ce7d34b48cfa97fc4219b3fa4e39,1,502.23,489.99,watches_gifts
8b4d1b3f6edcc74d027e598a572ddcae,1,73.76,60.99,computers_accessories
8b41fbc2b984a12030090112324d1bc4,1,58.64,48.9,baby
8b32eb3053c5c248a5e547f8a1bfb859,1,76.78,69.0,computers_accessories
8ca6ebfd6293a5b03f104d27c4945718,1,268.31,199.99,health_beauty
8ca5d414f750bd92cedf636c6f5bd355,1,181.82,159.0,health_beauty
8c8d924b1b31192b10a89b46702cd501,1,87.72999999999999,69.99,baby
8c881951778b843dd2567fe997812ded,1,65.43,48.9,bed_bath_table
8c7442b088dc69fece3db05b53234860,1,170.91,139.0,auto
8c7274c4e638e7f229007fe28aafc741,1,198.31,179.8,unknown
8c70c4455a59267e8e2ddf800792d77b,1,284.81,269.9,computers_accessories
8c1a826d71a778dd432e35d77a6faf03,1,278.85,169.0,pet_shop
8c0c3a8ad1d1896e7d9d66921a4b66ab,1,246.35,229.99,toys
8c0b38fcee9ef771b9da3d7dc849989c,1,22.54,14.99,telephony
8bef2f3e34f2cc22c908921e6e9eebee,1,56.63,39.0,watches_gifts
8bc6752b88d4909a129ee0abfd76875b,1,74.05,39.9,pet_shop
8bc30c38b76dfd760a9e57ef36b6e0f2,1,458.46,399.0,toys
8bbc072e9ad5dfad286bf7965b945217,1,36.24,26.9,housewares
8bba564030745976b3975e212e113b6a,1,252.59,229.9,fashion_bags_accessories
8bad0b03a701f851b31594eb2eb758b8,1,37.59,20.99,cool_stuff
28452e5e58eb9105476492224d573c43,1,52.53,34.3,unknown
8d3c0105549f11e6059bb69fe51659c0,1,68.16,59.0,sports_leisure
8d29622ad4b816113fa721f21af4f667,1,64.42,49.9,health_beauty
8d2453bdd784cad1b09625bad27e3bd9,1,563.45,549.0,watches_gifts
8d219c7aa1a8032569bbd8c4ad515daa,1,140.08,119.9,sports_leisure
8d1cfc0463b545928bfb4e589e017bd4,1,76.99,62.8,market_place
8d139b1550c8cc91a3babc9cfe9fc147,1,71.15,55.0,telephony
8cefe1c6f2304e7e6825150218ffc58c,1,35.379999999999995,27.99,telephony
8cef0a48dd6a31a4da7683d1f35d8925,1,163.44,129.0,housewares
8ced2631a18d2e0814557875b3bb907b,1,65.05,49.95,bed_bath_table
8ceb6a29cf065f382c7b8cbc9fea3a84,1,126.19,110.32,health_beauty
8ce5f222608f6e18ea3b7acb84313c6b,1,99.24,84.9,bed_bath_table
8cdb9ebdf8dcdd09f8495eec1851b0ae,1,73.69,49.0,housewares
8cd0af4160df609b19513a93e40899a6,1,114.0,99.0,bed_bath_table
8ccd37c870e395f818066927a748565c,1,72.27000000000001,49.99,health_beauty
8ccac7e503c0ba1f7e7b3aafeae52cca,1,108.67,88.99,furniture_decor
8da77162e41d47464f9806727417cf6e,1,309.16,259.9,bed_bath_table
8d9d31dc8d8c05062987d883cefa98be,1,61.63,49.9,bed_bath_table
8d991c2f0c5075b7a88c07d1453ac80f,1,44.29,36.9,housewares
8d8109048bbf6f0369b1522029f92a19,1,59.86,48.9,cool_stuff
8d4f2bb7e93e6710a28f34fa83ee7d28,1,36.69,19.9,telephony
8d437dc54645e02e40d13fb2de911c1b,1,47.38,34.9,sports_leisure
28e734fac9ca5436945bb771fe50a35f,1,76.28999999999999,59.9,garden_tools
28e5475b2d4d01acccf9a5a0c0a9adbb,1,117.2,91.28,housewares
28dfc4b48aa78bae6d69b43b2742774d,1,281.96,233.5,housewares
28b5fef7b6d63771e9784bc68c783793,1,56.86,45.0,home_appliances
28b5eddd0f9eb2e6a7dd8a36e0a79828,1,40.77,32.9,housewares
289eec3989226cd68c6455416caaedc5,1,283.54,249.99,toys
289d248f6a9046a0f0be47cda2b45537,1,21.77,13.99,sports_leisure
287398c3a5da555d519e464b674c1955,1,469.71,449.0,perfumery
28701167ae1ea90aa657c81171d61c30,1,56.88,49.49,sports_leisure
2848023ffcfb063bb7aa0d0c447bd116,1,237.17,220.0,music
8ebd584f33b5fdca6428a5130d6e17d2,1,56.86,45.9,furniture_decor
8ebb3f77fca7f2ec3283f8850ac55a15,1,61.32,45.0,sports_leisure
8e6e09d38503b28b4d2f3f0450bd6fc9,1,95.21,79.9,health_beauty
8e62a6c85ba7c71b607e8e7fdcefe109,1,178.21,159.0,housewares
8e4a6078c62896ce6e1bde5d53762578,1,237.52,180.0,housewares
8e49e2b4aaa2a78f82c80d2e488084f6,1,102.8,84.8,unknown
8e48c45980a3fee42f12f7986a4b68d5,1,436.49,415.7,auto
8e3a9b154a86602302ce789b9eb8b6c7,1,159.1,119.99,health_beauty
8e312c483d79e02dbc1d68cce77e26c8,1,40.52,26.0,bed_bath_table
8e30f17e8689a168dfee27521e218e75,1,37.81,28.99,luggage_accessories
8def905dc2fc7ae5edb3637821a7652d,1,51.85,40.0,unknown
8de310188938fc8abfe1aa7ee927ccd2,1,17.38,9.99,sports_leisure
8de065ea288024906fe52d09d8021df4,1,57.39,29.9,bed_bath_table
8dcfa66b623ac8be55e9b005121f3ef4,1,95.31,79.0,baby
8dc41bbd4f596aff149d8aa3e29521e7,1,267.65,249.0,bed_bath_table
8db97c571a61d830930cf029a34c33ef,1,120.74,100.79,stationery
8f19c4fa78ba4a8d037bc977eef22927,1,204.41,180.0,health_beauty
8ef3e9415bd7cc041d96fe685ad6dfc2,1,121.09,99.9,sports_leisure
8ef18e8943b9f07649b045b72df449cb,1,100.62,86.99,toys
8eed2a3a47f27f69cec34ff9562fc7b9,1,41.94,22.9,garden_tools
2844b71c076b32af55fbbf2eb7e0bd9e,1,107.78,89.9,furniture_decor
28447390cfd2a411fcb8c008b6163da2,1,86.24,69.99,toys
283fdfa75f7a2ae01b4dec87edd065eb,1,440.49,429.9,watches_gifts
283f243bb09e48e8f324d175182d5cfa,1,37.13,18.9,telephony
282d6e7d6d123206300fc97fb779d569,1,84.58,69.0,construction_tools_safety
281bbfe70848e0b304bef88fc2caf2c3,1,57.99,48.9,baby
27f7b5c6bcf21bb57da65887d11cbd51,1,108.77,93.8,bed_bath_table
27dd6092aaf2627e39331ad9823b5ebf,1,1322.97,1299.0,watches_gifts
27b99299bd10dc45971843eba0ef3124,1,93.5,80.5,health_beauty
27b8857ca0d1477e1ad34ffaba0b642c,1,91.99,79.0,electronics
27a7e832bcfcd69ff687d611c3e79cbd,1,46.78,37.9,perfumery
8edf8f0889f2cf40d743f3b983aebd3b,1,208.09,184.0,auto
8fbd36d3b045f5f38b252b1513478f38,1,40.68,32.9,computers_accessories
8fbcb15797c830eb81cb3368ffe4a851,1,47.7,32.9,housewares
8fae593cc19dca7764e3eea78ec0fd77,1,185.84,169.9,telephony
8fad1e543221d7d6867e756d4bc5e286,1,62.06,45.0,health_beauty
8fa67e5cb309b9cd7b4438e15948bdb2,1,18.87,11.0,drinks
8fa5bb1e4de7a63ee554487c2f2ee076,1,86.24,69.99,toys
8f9371c0e8042d93813647b53c195ddb,1,112.27,99.0,food
8f8cb7e4a7f16d339f87f8aa2711a003,1,92.8,79.9,toys
8f7ae8d7845cdabafb4b6f20d8bc5a43,1,177.15,167.68,sports_leisure
8f79800a347de2da5104a414bc791a0b,1,27.86,16.9,garden_tools
8f73613d06e3a557da0249015cbae6b6,1,248.01,179.99,office_furniture
8f61327bbc1b9096bd97323ab64fc6bd,1,914.27,884.0,bed_bath_table
8f5bd114ef009fccfa3fd221b6bf7465,1,218.48,198.99,watches_gifts
8f5b9d7258ddc83215b7efa05e73825f,1,172.55,159.0,unknown
8f3a1c2358138bedfb98645db449110c,1,292.47,279.9,watches_gifts
8f3746a9c5411cc7cfb03660326cd189,1,42.05,24.99,computers_accessories
90d44d8f3025c0bcf8ef83de3fe8011e,1,66.53,49.99,garden_tools
90ca3c3f457540cc342f428c771c9828,1,41.47,32.2,home_appliances
90b58782fdd04cb829667fcc41fb65f5,1,223.64,179.99,office_furniture
9095a5b548eb913258279d5aea381643,1,118.96,110.0,bed_bath_table
9091499533100191c6b89d09e43445e8,1,20.04,19.99,health_beauty
908a8949fc2615cde40d1568d16aa6ca,1,117.26,99.0,sports_leisure
907c84d5b8961d53ba1b803638fffcad,1,186.0,168.0,pet_shop
906b11f3bc3c98f883afa0eb67b0fac7,1,183.29,139.9,sports_leisure
9069c427ca36847bc3907c09712f6cf8,1,723.48,699.99,toys
905434463b9e660873f4c2833b75ae07,1,255.7,196.8,pet_shop
9036be77e0a74cca6eeef0740649b97b,1,86.24,69.99,toys
902f869d68a62356e8f9d054ad5e9072,1,140.91,119.99,bed_bath_table
900d210e9ea6ee40dd0290df76bde9fc,1,40.72,25.49,home_appliances
8fe6b4466c75060534fb161548531a7c,1,126.34,99.9,stationery
8fd88178b111d5d12b4a85be4ea8bf4c,1,49.59,34.36,musical_instruments
8fd0367b363b1c5cdce93b1f60116f88,1,84.48,69.9,bed_bath_table
90ebb732ad20456afe8516eb5fbf75f6,1,314.29999999999995,299.9,furniture_decor
278cade00c52e9e5c49c7c32c68872cd,1,44.29,28.99,computers_accessories
277e5a33059abc0cda00fa1db8a8dc2e,1,244.38,199.0,housewares
277bf2ba07ff0451aa37701b45aad827,1,81.43,72.0,sports_leisure
2772d1e494d431a05b7bcc95b02163b6,1,107.41,95.28,pet_shop
276e9ed23a30582d125743aaed57ed22,1,46.53,20.9,garden_tools
27672da99215b426dc0ced05731bccc6,1,94.3,79.0,fashion_bags_accessories
2748fba16a62f912134f7991548c3cee,1,159.35,99.5,luggage_accessories
274669a78ffdf9398adbd9502e6c4915,1,63.17,27.5,stationery
273e331241d86e8c9dd35408c755751c,1,164.42000000000002,139.0,sports_leisure
27287c7af954c885df547dcf11fa77a6,1,62.31,43.9,health_beauty
2722b7e5f68e776d18fe901638034e54,1,47.29,27.9,health_beauty
271dc7b756644a368e87e48c2d38c590,1,52.29,39.6,cool_stuff
2719b33ad5e693f64d333db5422585eb,1,121.6,104.9,sports_leisure
2708ea4fc1340081efeffbf11f14d765,1,153.36,129.9,perfumery
90e72f6ceee757db03bba3a4eaef5dc4,1,447.0,429.9,auto
9269d6409ec9f19cad883b2c1aa206d9,1,154.47,139.5,housewares
9256d5ffeddcdb1ee516de53414ff1a2,1,37.09,21.99,telephony
922ee69fced8c701d47470e02811d22a,1,31.0,16.9,computers_accessories
9223b2f02160aacde2903cf54f396658,1,131.61,99.0,furniture_decor
9219ce85918a5d26bca1a6fddf3a1402,1,72.07,57.9,stationery
92144cc00a16129494387f172aa54198,1,148.05,124.9,sports_leisure
91e9e720834fd442374e12835393387c,1,167.7,156.0,health_beauty
91d61438eb9c4168814ac58103174e40,1,29.77,21.99,telephony
9190ce23001d7618017faae67788ea09,1,100.25,61.5,bed_bath_table
916bcfd7e756e0b65372da1378d1c125,1,144.4,129.9,books_general_interest
914c9e9af640dd56f48764a225b00f89,1,102.85,79.98,office_furniture
913dfadde395f6049127173cfbb96121,1,46.0,31.9,computers_accessories
912d1fc21117a94dc8a67186df6010a7,1,221.65,195.0,watches_gifts
912ab68074130a81d1d94f48b67150a2,1,75.63,63.9,garden_tools
91025258cde9e3ab5c55b59dbc77cde2,1,51.510000000000005,36.99,construction_tools_construction
9102363e9fd5fc8fa4c0719ee704c89c,1,101.47,88.3,housewares
933bdcaec5fb56654d35ffaae48c7068,1,28.130000000000003,9.9,bed_bath_table
93399fcfc1e2c0a01ea544754fddeed0,1,46.77,38.99,telephony
93379aae3263d95b317cf987e99d9d0a,1,42.42,27.9,sports_leisure
9324d11d98d73e980e13fbd30569e9e4,1,116.36,99.9,pet_shop
931c60354b3929e5d44693757b11b5c0,1,291.19,267.0,health_beauty
9314e4d46aeb2c297e05d4ed36365efe,1,99.74,89.9,sports_leisure
930f6ddc396b23f823b6b520fbd528e0,1,22.66,15.27,construction_tools_construction
92f699740f5a71846565fa8a6f0bbcf4,1,143.49,119.85,home_construction
92f1f77b7f3c73831fef53406c195302,1,87.41,79.99,telephony
92e2d2146e433cd4d1f09a3f8633ead0,1,70.52,52.9,bed_bath_table
9291234bfd76d396f56b5175d435dd84,1,19.68,12.9,furniture_decor
927ee5ecddd59672ed4e40f96df68238,1,277.7,219.9,small_appliances
92785d022b4e0e6b7cafc45f87a281fb,1,42.41,34.3,unknown
9276ddb0d445c1bfcac493452b6f0ba4,1,35.77,27.99,telephony
927225847efa8853ebf52c9b5b9b8cc6,1,78.34,59.99,baby
926d11f0e2a1171fed968faf5caa8f92,1,56.76,44.9,garden_tools
943c812216923e4244e83099e0c62a08,1,146.23000000000002,129.49,health_beauty
9437358367868e28d75ce47e393eef99,1,130.26,110.0,sports_leisure
9434f2004187b3e71abdb691ce47e552,1,75.03,59.85,small_appliances
9431a9c618106cc583ea8b3381047c0b,1,238.41,219.0,garden_tools
940bcece77e20a1f6a21c1b7d4be75c6,1,84.0,72.0,computers_accessories
9400a388ad4fbe5e9d381a9762fc99c2,1,88.49,76.0,furniture_decor
93ebf843a46dd3ba8085784ff4c604fc,1,183.85,147.5,fashion_male_clothing
93ca601fb17b9bc29a7fcaa4e40f015b,1,129.36,110.0,baby
93b513d693c7e922381d6aec80dfb639,1,152.38,128.9,sports_leisure
93b498aa80cf4062f0c6636c038141df,1,244.5,229.9,electronics
93ad397044e27dfead96813e2f895acd,1,94.12,59.9,watches_gifts
9384e66a84d6f8833eb4c69a3d537fef,1,54.13,35.9,health_beauty
93846cfcd171609cebb8b3f8c553d23f,1,90.27,74.99,sports_leisure
936a034fe3b07b7ae7c87fc8ceb0749d,1,258.9,249.0,watches_gifts
9361d7d8750b24496371f42a056065b5,1,73.78,51.45,baby
93469d43c0b67d96b6b9156ba384f78d,1,15.37,7.59,garden_tools
2661ef1d31888c2ecf2c878d1c85545f,1,70.32,56.9,luggage_accessories
2655d926d7d25a339682b6d8b2d53a49,1,74.48,59.9,bed_bath_table
2635c3e7db0ac6cb3e733cac61ce0ba5,1,41.42,26.9,housewares
94ea362da29f43390e967e874c6fa842,1,183.39,140.0,sports_leisure
94d1135483ece2c7493dd8f6b4ad7454,1,580.9,525.0,home_construction
94cc774056d3f2b0dc693486a589025e,1,21.77,13.99,fashion_bags_accessories
94c8e41ff4b54668bf9a765e5a7fc9ac,1,36.69,19.9,fashion_bags_accessories
94c6d48c2462a85429fcc3b6bde00c4a,1,340.67,289.9,cool_stuff
94a6c010ef78e62cab34c6caf0a69b5f,1,33.56,11.5,consoles_games
94950d6ddd0b24c0d15f7f09d61a8148,1,178.18,157.0,bed_bath_table
948bd3e9180acc7aa263ae14a2075717,1,35.81,16.9,baby
947d8cb9d15cf25fff1d6116e0c09730,1,157.22,90.0,furniture_decor
947a46e4f6dcc04e256398abf33e272e,1,135.04000000000002,119.9,stationery
9474f3c0da0c4fd0bdf88cf6ac1b5d04,1,54.37,39.0,furniture_decor
9451e630d725c4bb7a5a206b48b99486,1,65.13,39.5,baby
94475071013412139f862c0bd7e3bb37,1,55.09,39.99,stationery
952e73f7e8bee61569a32b35c19bc981,1,72.99,59.0,bed_bath_table
951cb45d30e716a846d8cf5874034e56,1,27.71,18.99,telephony
951b64df30a368d839ae1e534ff79bd9,1,58.28,39.9,home_appliances
951098957e7871bfeab769de5e3871a8,1,164.06,149.99,watches_gifts
9503faef00966962beacdb4916272305,1,319.25,299.9,construction_tools_construction
94eecc7cef7bc0bb31e2c26526efdd0a,1,113.16,68.88,housewares
26dbcaad027ebbead6bb387c7d68abca,1,268.31,249.99,toys
26b2a480ced2900a62bb9431133e95aa,1,133.06,113.3,construction_tools_lights
26abb7e42cded69ba9b3736643ebeb39,1,714.35,695.9,watches_gifts
26a6aaf337b078349b5ec749be2e7a5e,1,46.87,34.9,housewares
26a5af09b51d4e5f17609f6c9ae7f50f,1,77.1,55.0,bed_bath_table
26a4f62a409a78816adb31e0d729a163,1,321.91,299.9,unknown
26a2bba56daa3e3b02eca0780176efd2,1,73.43,69.9,fashion_bags_accessories
269e87010f6d5e57015a90b00983e334,1,51.05,35.0,computers_accessories
267b51d6e08eb8326c49c6809558f262,1,75.53,49.9,bed_bath_table
2669a9fe1aaf6cb29071f8f866014afc,1,157.97,138.9,audio
95d0a6638a6e975feca32e90c15ce526,1,416.55,399.0,consoles_games
95b5038cce133b8c926678c768012103,1,324.82,279.0,furniture_decor
95a10f05868096cb2180c6a0bfbbbc39,1,39.42,24.9,bed_bath_table
9592ea6bf88d20db726179927bbefeb2,1,59.24,49.9,housewares
956d19f9b8366d1675cc4ffd0bf10d87,1,218.08,198.0,watches_gifts
261dc97192b478e60fd1318cd0650618,1,57.23,39.0,housewares
25eb0a9d681b3515ff680cb41e69f58e,1,45.13,29.9,baby
25e4d8fec8c2188a87e8c0acfd179310,1,268.42,229.9,auto
25e45921120d6d8a1688f076632bdad8,1,112.51,69.99,telephony
25d1ff5db102bfeb95fe4fcefdaca422,1,295.12,279.0,sports_leisure
25c0a95a596a4dc18b5dbfe4529ec550,1,135.04000000000002,119.9,auto
25a2985f8f3f93ddf1c1d26847658dad,1,29.91,22.49,computers_accessories
259bd66612b61aa4e82ce3cde9272bbc,1,49.63,32.0,housewares
955ef07f4e61b2033c9d6af6a6b61783,1,98.07,84.9,bed_bath_table
95561023115b71f8bbb280afc56b7bed,1,443.77,399.99,housewares
9538a4d0d20e31d209def88993f8dca3,1,25.5,18.0,furniture_decor
96d80c8b6c6545a30eb5bdc4961455f3,1,156.38,148.0,electronics
96d6c71675adc35bcf32f970cdffe2d6,1,33.51,18.99,telephony
96cfc72c759891226dacf3dfb303d6c1,1,71.56,59.9,fashion_bags_accessories
96cfc21d191df7257d9a6dfef4d897fd,1,58.46,39.0,bed_bath_table
96b7d9d0248d6f0f688e1a1987642733,1,203.04,135.5,baby
969b36d05b717529934b42457917f64b,1,78.47,55.5,auto
9696fc4ef13aa92c9933cc364d18ac40,1,63.11,47.0,home_confort
969250f1300755ae847449ef253547f1,1,130.47,96.0,perfumery
96717b4e4fba4d6fa1c3d179482afbe7,1,27.23,9.0,electronics
96629e38790e42abf9939db3063a7c6d,1,65.75,42.9,sports_leisure
96530fd162c17a87b70830cc5fb0f45c,1,117.41,89.5,cool_stuff
9616caad30917a469d87d2f95cd603cb,1,194.0,177.0,computers_accessories
9613dd0d7c6c50922dbbda403223381c,1,141.81,129.0,housewares
960a5bc8efefeecedab46b41324591df,1,86.72999999999999,69.99,bed_bath_table
95fcb44ada4cefca4f03cc0b4b69ee33,1,164.31,145.49,health_beauty
95d4404184aa5ce72e590362cc471d62,1,75.96000000000001,64.9,bed_bath_table
9755f955f1fcd2a83ca77997e9de8b83,1,309.41,299.9,fashion_bags_accessories
9749556e02a50c6e4d3535bf1b5be56b,1,35.0,19.9,telephony
97462c7ce5f69a26ace2c3c5da81a86b,1,127.48,118.9,cool_stuff
9739d07ec835e1c66eedb9a6df402bd5,1,111.73,91.9,cool_stuff
9738ecc3ec052b1a9186e591184dcdab,1,111.83,94.9,pet_shop
9738938cd501f323a5084de63086947b,1,40.53,14.9,furniture_decor
97373049bc86f3b3245c07a56795b2d7,1,58.22,49.95,computers_accessories
972d4aba7eb9ba03a5b7950751f11f60,1,22.11,15.0,auto
972362b8b232932af39c3b4b03b3bda2,1,120.64,105.0,stationery
97170c28efde1b426f1c52348fe1c086,1,137.16,129.0,watches_gifts
9712e67c33f564648b46afc6505db72a,1,58.32,39.0,bed_bath_table
970694629024df557d9b71b3088a488d,1,134.36,99.9,housewares
96ff741d2c7879406ec3054d6b2a11c8,1,64.23,49.0,watches_gifts
96f96ac6ce04504599e212a3d826361e,1,59.78,52.0,housewares
96f608a5fe010cb34dc25baee3274444,1,58.61,49.89,bed_bath_table
96ef18649cc53717e0028b36c7c69774,1,44.0,28.9,furniture_decor
2511e504fd7794c668a8521aabe3713d,1,181.1,159.9,bed_bath_table
250d000589d1bb22d6ec81449f05cf20,1,36.78,28.9,telephony
250a5d56eaa9f1bb1a998ddb0a10a2f9,1,135.53,119.0,cool_stuff
9818832859d572545cee5a86ff7f4a3b,1,215.06,199.9,health_beauty
9806189f9cb679bcd5326b460c2b9073,1,247.84,220.0,small_appliances_home_oven_and_coffee
9805b37a2e4983fb5dbb5c8168590c44,1,113.4,89.9,industry_commerce_and_business
9800689d93f54df6dc7df4ebd0aade31,1,69.44,49.9,baby
980036ff323e235a27b7999d343a8990,1,78.19,69.9,cool_stuff
97f1396a5a1f7c07ba51784efdec44b8,1,162.55,139.0,housewares
97df7b55f088f5c0c6d785d20a433d55,1,192.24,149.0,stationery
97df097e327bdfd11f7a1061fda6b89d,1,35.11,19.87,stationery
97c58626cc3e15d514d2095f69650220,1,164.28,155.0,perfumery
97b91c8032defad1460e5225a0049161,1,218.58,179.9,furniture_decor
97ab901f90b75df669b546a1d68d0512,1,558.04,510.0,toys
979a52ea2c0c4e9e7e7e4a766d4eeda4,1,76.74,62.0,bed_bath_table
9759a740aa84f55b71c0c8c306a80737,1,31.43,19.0,health_beauty
98600823ba81f3ba76386dac7c31ee06,1,400.1,389.0,health_beauty
9858707a4804bd5fe5027290870c37cf,1,243.51,230.0,cool_stuff
9849ba603e33119ef0dcbdba63338aa2,1,276.11,230.0,furniture_living_room
982d42e9ce06f5054407db7d1268029f,1,165.64,125.9,bed_bath_table
98190f6a2c3253d07ca86525bb238162,1,104.3,72.0,electronics
259a24ea2a742082c43dd2f5ce116b52,1,60.0,45.9,baby
259119fc5bca4237dc823bd8a92dc25b,1,80.11000000000001,64.9,sports_leisure
258ee266f0b142b30248b7c57b56d579,1,26.130000000000003,7.9,health_beauty
25830cd3f917e51e463f79c181a670ae,1,37.68,29.9,audio
254e83d8714765408ae71c07e6a972e0,1,395.46,385.0,telephony
254689a977285f8dd17c32b30870e933,1,917.8,889.0,baby
25437c6ccd9cdc28db375f821881224f,1,113.11,89.9,sports_leisure
253d579d3a543d50016d25936dc1be2e,1,55.18,36.82,toys
251876e7ba013b87b7262fb2524e2d60,1,78.36,64.89,baby
25179680ecacb54a036e9cdd27459da3,1,282.25,199.0,musical_instruments
2515eea3c60c67ecbb38b2f6b72733a3,1,140.3,110.0,baby
994f625d5c932719310d0a2f43acc714,1,293.36,279.9,watches_gifts
994e65eb77f3501f497e7fd860b0ea9e,1,173.6,159.9,garden_tools
99444c1e11fc38755dae86f5c67d3d1a,1,76.08,59.9,bed_bath_table
993dda4a23beb110830cd8d181abe310,1,54.42,39.9,baby
993ac19aa975075775c16ba15426f8be,1,2511.75,2499.75,computers_accessories
990ddab43ee46a1a76436796f92470d4,1,126.33,108.0,computers_accessories
990166f4c0d91a6cb92663b4d190ad1e,1,221.23,135.0,housewares
98f0299580af2f970c0297c4610292ed,1,57.59,39.99,furniture_decor
98ec655119c24de03b804696821f3955,1,58.17,49.9,health_beauty
98e55bdc6487be7b8c32b0eb689dcb8a,1,153.99,135.0,furniture_decor
98ba4d6506268560a9b0a03b6ae02636,1,361.27,300.0,luggage_accessories
98aaaedf37ab737ac27a285b011f42cb,1,234.64,197.9,construction_tools_construction
98a5e061c4731a1d4eba3e6f4b6d9b93,1,265.55,249.9,air_conditioning
98712b7f46e0fe4f4da2f7df1b9231a7,1,68.23,50.0,small_appliances
9867ef342d95bb4f9b6ebf39bad864f7,1,107.17,95.0,fashion_bags_accessories
9865c67a74684715521d1e70226cce0b,1,178.25,169.8,watches_gifts
99f5b2240b82bf9387e5cf2fc0335b08,1,117.38,95.0,computers_accessories
99e6f14f74a00605ad9cfe8c4bb29385,1,191.09,174.99,telephony
99de5bb76bad02d0f39306af0436bcfd,1,427.16,409.0,dvds_blu_ray
99d1f27bf9ea0392ab69d0203c6efdc4,1,46.29,33.5,perfumery
99c97d191bcc87e072acc4521bce44d4,1,492.93,443.0,home_appliances_2
99c88c191bbed92f5be4ca3b00eb1a42,1,45.6,29.99,bed_bath_table
99b7af24fd7be364e3621b9e751b048e,1,184.77,166.89,bed_bath_table
99b5175198369d12de8feee13dafac16,1,20.1,5.0,health_beauty
99a5870492a7bc363e2098a4bca9d49d,1,225.03,207.33,furniture_decor
9981d5a8b44135a14dffa76e857d2d83,1,220.43,176.99,office_furniture
99797fec32d275aa8d943b11bd6dd11a,1,545.42,518.0,consoles_games
996ccd494480f1ea4840f6099dba48dd,1,104.62,89.25,home_appliances
996ae0a67e63b78b427a1f8d07543e86,1,113.62,99.9,bed_bath_table
995f41643437250fce96885e56dd05d3,1,65.09,49.99,telephony
995e25d9b46dee183004994645768d95,1,57.370000000000005,39.0,sports_leisure
99563e23b641c8a43e04e528c10002e9,1,126.19,110.32,health_beauty
24b1fcad996ffb1ead90e324f264b783,1,32.96,22.0,unknown
24aaea2bb541cc5d78141f2bc053cd37,1,228.95,215.0,watches_gifts
249de764c23f381ef073c7520e0ab799,1,56.1,48.5,pet_shop
9aa27aaecd804beb57af8e700fd6e681,1,26.83,14.98,baby
9a78fb9862b10749a117f7fc3c31f051,1,204.52,169.96,office_furniture
9a5393d4713520f3751a62e79de3dfbe,1,107.46,99.9,auto
9a53219f889aa616af7f732ed9aa3fad,1,173.89,134.9,furniture_decor
9a4b403e612ff2c3b4867b318bb65d56,1,48.31,28.99,sports_leisure
9a469eaf45dfbc43d39ba1977a3c07af,1,62.39,42.9,bed_bath_table
9a442e31dcb07042eca00d73c1933880,1,35.41,27.3,fashion_bags_accessories
9a19dd63632e958f42a66a46afc0f05d,1,33.230000000000004,15.0,construction_tools_construction
9a1671211dbf49fd18dd1bd16cff632d,1,130.16,109.0,watches_gifts
9a046f988c3d7d4bf592c4f7cb40bf01,1,60.0,45.9,toys
99fb0293e181af6a2b692fef4ddac420,1,158.98000000000002,139.9,sports_leisure
99f8a7e47970133c14b3d79c27d921c8,1,49.24,32.64,pet_shop
99f84efaad4ec3bc71502bb7e6d8f8e8,1,103.48,79.98,housewares
9b1e33523029f6bde0a3fbe99d793cf4,1,47.25,34.9,cool_stuff
9b1689a9d895d266ce7134329b4e905c,1,120.08,98.9,sports_leisure
9afaad66aca8b0c79e4f084a89c9c92b,1,205.76,189.0,telephony
9ad536de496ccba6e4a9ac7be933ad9d,1,509.66,494.99,health_beauty
9ab817d90bc61ed772ffea01b4cdcdb6,1,157.81,149.0,health_beauty
24fffbd0188d2b7ceb351214c514b28c,1,306.1,289.9,perfumery
24f9f99148480cd31288ed4e7d962e15,1,76.89,59.9,furniture_decor
24ef70f010919148b022e66b05862778,1,101.08,89.0,auto
24e8c79f39c68fbdbd57a5813ae72b94,1,82.22999999999999,63.9,watches_gifts
24decea9d84c24b8c6c53a2df90066e9,1,54.1,39.0,bed_bath_table
24c9dc6efe88a1c3e794968ab1dd2a38,1,105.29,89.9,housewares
24c855c83d506d85c7386ff94d6c8db1,1,135.87,117.8,sports_leisure
24c5c7be57099780f07ded545f898d8b,1,228.65,174.0,bed_bath_table
24c0de23191c9450049b2b3d8749ad35,1,69.35,49.9,bed_bath_table
24c002cf6aa7f3c184a964064e2a2e5c,1,232.5,188.9,housewares
24baefeed71136f90df0149ca1e85c49,1,535.0,520.0,auto
9be8d8c1b3cb9e629230d4c176b14ae9,1,126.53,116.9,unknown
9bde344a67494559d37249506076d638,1,240.41,219.9,stationery
9bd01dd31e915573f3ab0bb9a6d7e113,1,72.53999999999999,55.9,computers_accessories
9bbd350bf9e9d00628872c869354b3be,1,120.13,112.0,sports_leisure
9bb2d066e4b33b624cbdfec7d50b3dcb,1,95.27,79.5,pet_shop
9b9d1c4bd979b93c138044e032f99780,1,111.89,99.99,cool_stuff
9b968712a8768d8e23318f73476af1a3,1,27.590000000000003,9.99,baby
9b8bc17a236d09185c2101d0a02f8487,1,97.76,79.95,cool_stuff
9b7f6da9aa9f1e413a63bec7924fdd38,1,50.35,35.0,housewares
9b77a0a174a0b29b5720de6cfcc17ba9,1,47.69,31.9,computers_accessories
9b6537fef0e6b345c644e019dbe8ac1b,1,86.74,78.0,home_construction
9b6459fd1853c7e4422ff0bdd8184cb3,1,156.1,137.88,unknown
9b37a918bcf2c8e1064e867cf1df4637,1,44.24,34.9,electronics
9b2a0b97c2471793b067f77f2252defa,1,108.33,89.9,sports_leisure
9b239ddc71920a6c762514e65bd0b810,1,63.42,45.0,health_beauty
9b20cbe99cd2a76d917fd7c13cc75384,1,341.88,323.18,computers_accessories
9cb854ba582f5a6b7832b86553c0b8ab,1,69.82,54.0,baby
9cb67ae6cec5627ef21cbadcdb357054,1,117.46,102.0,perfumery
9cb211b1d12a3222bdf0d49b1c3cbc24,1,176.56,139.65,small_appliances
9cafcacd991a72be85d1970013b8204e,1,74.36,55.0,watches_gifts
9c9c0e6325bd947d1468817769ed4197,1,84.0,72.0,computers_accessories
9c8d68903b5106018c797e0e862ae55d,1,20.08,12.3,electronics
9c7bdf67b06b419aefb93cfdfc96c55d,1,23.27,15.0,sports_leisure
9c74c26ab807a4a6a5c1dd3c0a112d76,1,57.53,39.9,bed_bath_table
9c6d5d4aaea6884ee19112567691a1da,1,102.06,89.0,bed_bath_table
9c66292a0367d1a85842e4b302acca69,1,56.22,36.9,housewares
9c5cec867c62c0ec4674b002eb1c3e0c,1,1089.96,1054.0,home_appliances
9c5748657c370b7dbd989b548b041544,1,155.63,139.9,stationery
9c54fc6d530332481d147e58ed7d3eb5,1,190.98,175.0,sports_leisure
9c48f48fd32ee1915d62d3670e2d1ba9,1,102.66,89.9,computers_accessories
9c33575aa341a769bf00ea6e3cd12e6f,1,31.0,15.9,telephony
9c05bfa05404168611d6340f43b4b022,1,100.63,88.99,unknown
9d240cb98df035e3ef147117b92aa0e7,1,43.22,29.0,auto
9d123055622741ac77766a4dbfa4d1b9,1,548.45,529.99,health_beauty
9d0bb30eed80184666c8acad23921283,1,23.3,19.95,books_general_interest
9d0aa87e8df1bdbe0f79353520a2d538,1,45.67,36.23,stationery
9cec1c525c7f0c91eb24c74d790d59ef,1,134.21,99.97,bed_bath_table
9ce4603565c839785b24a7e95e28f4eb,1,133.17,119.99,cool_stuff
249da6972f14b13495be6a75239e9a91,1,82.57,46.9,bed_bath_table
24908bd1bd10700a84f4fd551a3a52b4,1,106.29,89.9,bed_bath_table
2480cf865df7d91234cf0ea77e8bd68c,1,234.62,210.0,toys
247fa5b4e2f524a22b21ef256ffc23e4,1,39.24,29.9,computers_accessories
246bb3747799aedac65feef38ac9e734,1,416.54,399.0,consoles_games
242a6abd32d7630b48ef5c0a1bf527eb,1,19.35,7.5,unknown
24176f8ec4b087d7a48e356913fdd085,1,52.31,29.9,fashion_bags_accessories
23f91e3d76be3938bfad0ff292392502,1,286.09000000000003,249.0,auto
23ed7a10a36c6f88a757a9c83df9ea20,1,469.89,449.9,perfumery
9cd17b1cc8db0de6b175f213e9054c01,1,253.12,189.99,toys
9db0afe3dcd2942f8bef6f7195b9a2e1,1,200.02,161.42,housewares
9da950e8c8c482441f1b93955b21c827,1,237.59,215.0,cool_stuff
9da44726bd1515c649cee56a272795e4,1,110.77,95.0,health_beauty
9da0bebb7f9168679e748abbfad05edd,1,40.42,25.9,bed_bath_table
9d7dfc4cb2caec57922343876f5d3ff3,1,113.96,99.9,toys
9d76340f9824309c5737621474c28ab6,1,68.02,52.9,health_beauty
9d72e48d483b01cd07024793995aa30b,1,216.64,199.0,cool_stuff
9d703ce870d13f6fca072b0fca977fc1,1,121.28,109.9,small_appliances
9d6bf1b7a541b5205e4fd5aa40282f33,1,418.24,378.9,watches_gifts
9d6580f17a0cba74324ce82874fbbe13,1,159.41,145.0,telephony
9d6332c3e975253362b8cfbbd71f5a25,1,37.9,22.8,bed_bath_table
9d49ed52b4ab22845825384114799748,1,115.79,99.99,watches_gifts
9d40080a29872ddbfe64f036de4ccdd1,1,73.43,59.99,housewares
9d324850c39429150aa7f4524983e167,1,773.25,699.99,auto
9d32095f76b97762307e86cfc18dd7a0,1,58.56,49.95,bed_bath_table
9d2ff462feaaf88912539b8647e17ab4,1,409.79,394.9,computers_accessories
236634fd768c822b130b6ccf325e4c13,1,46.36,32.99,health_beauty
9ebb48bdfe9f9c51c6c9f8a32a18d67f,1,322.84,299.9,sports_leisure
9eae06d51aaa383b2bed5547a19d581c,1,67.94,53.98,bed_bath_table
9ea1152d6d52dc57ab2ea49aa626adc1,1,91.64,53.0,health_beauty
9e91c1a0603362cd90caa2e9f6580bb7,1,234.46,219.9,small_appliances
9e572ff4654f7064419d97a891a8b0fc,1,157.23000000000002,139.9,bed_bath_table
9e56be75b16c105f33d3f033597080a2,1,72.66,58.67,bed_bath_table
9e45be91c990797c9bb60ce6fa369bff,1,137.99,119.9,furniture_decor
9e3f014cac929951c0297e591fbb234d,1,117.06,95.9,market_place
9e2821b749b419a902d948c583175ece,1,37.28,29.5,fashion_bags_accessories
9e10ae46a3021a02f1692448ef9fa1db,1,53.0,37.9,health_beauty
9e0e152552a1323f7e5dcf63d50cdae3,1,73.83,56.99,perfumery
9df7a56fa4352899fa6976c54a35ae3a,1,308.58,295.9,watches_gifts
9df634af5c467f3b07f3d92f7765aa64,1,98.82,82.0,toys
9df0e8a7eef2a38b74e6d5c0e224b11f,1,265.96000000000004,179.99,furniture_decor
9de7867a5bc245bcbb1e2ce6471ba208,1,75.16,59.99,home_appliances_2
9ee8c8a931dd4d34148aa31f54ee93c1,1,157.28,129.9,perfumery
9ee8816f1d901f62f4c8b2bd32e46b4a,1,90.27,75.99,sports_leisure
9ee22e986a24607377ce379ebda2c666,1,371.14,299.0,electronics
9ede6b0570a75a4b9de4f383329f99ee,1,123.2,104.9,sports_leisure
9ec6b6619704c31e3fb6d15dbe229fba,1,166.29,148.0,furniture_decor
23ca4b39422a8ce105ac4848d5d9cad0,1,63.68,40.6,construction_tools_construction
23c6236434e58c6519c19e56c2dade45,1,141.53,124.9,sports_leisure
23bf81fdd5f4015f1b924385a3eda89c,1,487.86,419.9,office_furniture
23bc9eb1539ad6ea06090076ce1b93b4,1,109.76,89.79,housewares
23bb156d1ade824158d1b0c799f9a641,1,131.47,109.9,cool_stuff
23ab7bb9eac81e85ec43ed71064cf7ce,1,49.81,29.99,bed_bath_table
238314b88e4b8ffa496db6b1a201d897,1,86.24,69.99,toys
237428d1c44f69d9f7eb073c1baf34e5,1,110.91,102.0,books_technical
236fdb1c273caaa9a7dbff8111e6a4e1,1,395.74,297.0,furniture_decor
236f65f769241706362f78a15083e369,1,99.24,83.9,construction_tools_safety
2367943ffa6af39caabaf4f8f90e0d3a,1,63.1,49.0,furniture_decor
9ff668529410eefd5bca723acb4834c1,1,115.71,99.9,furniture_decor
9feeadd6b97835152e83e1b25b46f5c4,1,117.97,104.9,sports_leisure
9fe5201316c8185058e8a4056e53cc78,1,77.78999999999999,65.0,electronics
9fb9a39f2e393018aaeb432394aff48f,1,170.96,149.0,books_general_interest
9faa5e4f81da9a1b33f8d8f3ed90e89a,1,157.79000000000002,129.9,stationery
9f98cbe573253ebd8cc1c0f5f061451d,1,93.13,79.99,bed_bath_table
9f7f468f60c25b1f2b5183c259116c46,1,90.73,72.12,bed_bath_table
9f7b48e2d4e4d7375f71a10791faa1b8,1,82.19,59.9,bed_bath_table
9f6e8441548dd40516cdb98f1b29c3d5,1,138.33,124.9,unknown
9f69acd4da62618a3f6365b732d00ccd,1,57.18,33.9,unknown
9f14f401fce2d9ddd450e7ce60cb7f5f,1,18.08,10.37,consoles_games
9f0599e0b0d3f41749a3288e0043f21e,1,217.45,199.9,bed_bath_table
9ef6f9077917003875323be25c28c7c5,1,107.24,89.9,furniture_decor
9ef6c728ed471353c6f06bf8013882c5,1,93.29,24.9,fashion_bags_accessories
9ef3514cbcbf73d8b7d294036f99737f,1,114.79,87.0,housewares
9ee8f71db966916c4bc13c3ede22c146,1,27.39,19.99,telephony
a009f7437fb17cbfa796d4f55a13c14c,1,139.02,119.9,furniture_decor
2362291929f77eccf5f5cb26029dcf90,1,107.96,78.0,auto
235e0d56841710b62daf088840a96ba8,1,130.01,110.0,baby
235b4ddb049ab79478e058d0d3609bae,1,221.19,199.0,watches_gifts
233ad2cdae25fbf46f0d090b678d23f4,1,157.45,130.0,market_place
23318fc7dadffdde2b4ebf8dadefcf68,1,149.1,120.0,furniture_living_room
232e8b868fc5535b10702cb09d2d83a7,1,69.24,59.9,sports_leisure
232ae93f6ac6e6a57c1b34b312eb3826,1,66.78,54.9,auto
23183e8f6ee8b057ef5dd6fe16525ab9,1,24.85,13.0,auto
230aa1590e1e7bc88252d8f1649109c2,1,226.48,203.0,bed_bath_table
230383f11d18c87d4fe706850bfbd3ab,1,73.2,55.9,toys
22f799df8d5495f40f6ed3cc8b18b712,1,247.98,219.9,housewares
22d4437444eadc9f1c695f24d3f1aac5,1,298.98999999999995,279.9,bed_bath_table
a0045b8457877b5981ed6c79b9b0765a,1,41.05,19.9,telephony
9ffe607c48a0473e200e4035bf97de49,1,82.12,59.99,watches_gifts
9ff8568dfb9041b898e65ff4018c8c57,1,107.78,99.9,electronics
a0ab96e461d74537772b84950f26a257,1,48.37,34.9,air_conditioning
a0951eca8e874597dc3abaefc1940679,1,201.15,182.0,bed_bath_table
a082e9e8862e9af2f5a67c2dd1594010,1,593.62,570.9,sports_leisure
a07713fa6def350398642fcb700db2f9,1,102.74,84.9,fashion_shoes
a06a7deca7108e64a94482aae448c20a,1,104.3,85.9,toys
a069fc741ff92fd8af8270a66f35fcbd,1,202.72,179.99,furniture_living_room
a067f34727f55a883d84f5b3a5c72255,1,179.22,160.0,health_beauty
a06766fec51c96d4d0bce282906735eb,1,58.45,38.99,bed_bath_table
a063b454bac19ab435a4594bab9b9eed,1,415.68,379.98,pet_shop
a05f4c1d544848f9ee86f767c9cc0d4f,1,50.85,39.0,computers_accessories
a04087ab6a96ffa041f8a2701a72b616,1,648.03,599.0,computers
a029ecbeadd18685578725691cb11160,1,171.29000000000002,159.9,toys
a027d4d9a0ffc6b3c2cf45636b044078,1,34.13,15.9,housewares
a01801e4d348c3375e43643085a6b576,1,111.65,92.9,home_appliances
a00cd7752fb98e0a8382def60ecc0b17,1,24.950000000000003,13.99,telephony
a00a22560435cc439faf6163eabc1ef8,1,33.099999999999994,18.99,telephony
a17923e795430dfd9d8e9d5bf444cee2,1,1055.92,999.9,computers_accessories
a16a8eed860c19b57d6326c7f6936d3e,1,20.29,12.9,electronics
a16485b933e24a0ee5f137fec64c48d2,1,127.72,113.9,toys
a15b46c05a4d311665eac6750b3e4030,1,270.94,250.0,baby
a14f93c69d3e0d7482819dd023a1d2cd,1,138.41,120.0,computers_accessories
a14aea6067b93158e956612c50b74cfa,1,520.77,499.99,unknown
a11998d0de02ca907c060119dabe8ead,1,75.29,59.99,housewares
a0fe1efb855f3e786f0650268cd77f44,1,80.92,29.99,agro_industry_and_commerce
a0fe01e446dce7a61936310e6c3f3e37,1,90.99,78.0,sports_leisure
a0f27f57faa493eaa9d1609c45f7d16d,1,62.79,35.9,books_general_interest
a0f12db60a5019ce1a4c21fce1697574,1,112.71,99.0,stationery
a0ef8572cd061badd81ffc48dc04d1fa,1,137.48000000000002,119.9,furniture_decor
a0c6107c67d8dc850d070c70c7d32000,1,50.78,34.99,computers_accessories
a0bcb790b8f1249bec0369de04a72d33,1,52.84,39.9,bed_bath_table
a0b4002c65e49bff2f59d5c78c95fd0f,1,66.89,55.0,watches_gifts
a0adc3041e9917104f3fea4ba995adcb,1,344.61,319.0,computers_accessories
a1fcd4b731530eed7fa5531f3f0c2fe0,1,147.43,134.55,bed_bath_table
a1efabfd513c691eeb2650e5f04e5cb6,1,51.07,37.99,sports_leisure
a1dd59756b92c62cd39375d0b0222698,1,31.75,19.9,bed_bath_table
22c7191da97262f0f39de80e1951dce2,1,43.22,29.0,auto
22bd45d50bed841763d6f7f58cb7b6ac,1,21.77,13.99,perfumery
22ad84a8542945d56593a32b34abe336,1,138.09,120.0,toys
2267f81f3634e3fdd5d27151ddad3c26,1,254.95,219.0,cool_stuff
224f4ce3262279a31db214df54befe1b,1,116.17,64.99,health_beauty
223f6bc365de199df4fbd5db2ca6ec1d,1,485.23,425.99,furniture_living_room
223d34a3d9334039f5ff9511dc044bbb,1,257.56,246.62,telephony
22234a1dd91ce8e88c7b108d198c40ad,1,67.72,49.49,health_beauty
221734613a802d62bb706f54ae56f970,1,77.66,59.99,bed_bath_table
a1b71017a84f92fd8da4aeefba108a24,1,89.63000000000001,69.9,computers_accessories
a1b35ee994b8c571119976c30aa07efe,1,42.78,29.9,health_beauty
a18c130946b89ab774bc5948fe71e2a5,1,25.96,15.0,consoles_games
a188cd985f0f3f455caaba35a00dc5ff,1,188.34,169.9,stationery
a314a62cff3e5725f545fa263aed7a7b,1,34.75,22.9,bed_bath_table
a30ea5a9dbd95db5a674c4beadb4fb0d,1,40.23,25.0,perfumery
a2c98a9d7f6f4906717d7994e8a32e7b,1,93.48,79.9,housewares
a2c75a23c2f838881dd4275c0cec519f,1,187.41,157.9,fashion_shoes
a2c499ca39527cc328317e93c302112e,1,143.24,129.0,watches_gifts
a2a91fe6d8762e0371abd964cef88ec6,1,39.1,25.0,housewares
a2a1d57880bb40e60b59530ba0177ccf,1,59.23,49.89,bed_bath_table
a294436012a512193adfae667b8465f8,1,158.22,139.99,toys
a2746ab0f7535d34316ed109d859d7f4,1,114.35,99.9,fixed_telephony
a272b490eba6b022384f14ecb9afc7a9,1,74.59,56.1,small_appliances
a25fb4516757403b129bcfe366dddb9b,1,298.77,279.9,bed_bath_table
a25ca6677a2f9475bd59f706ebbe4d4c,1,45.3,29.99,telephony
a25903f26691ccdbd6d2c5fd73ca005b,1,20.77,12.99,furniture_decor
a25583531530c0913ea4dee2c5c73685,1,9.56,7.0,perfumery
a22e92e1c32bdf3db91e0170a8b18408,1,329.49,299.0,sports_leisure
a2048b46525cb5cb30be4e5ff3f83c5a,1,272.99,244.0,perfumery
a3ade87bbaa7f21569a935c8e3ab5b71,1,109.5,89.9,furniture_decor
a3a7f611af275e93e51407214929f119,1,72.76,60.0,bed_bath_table
a370599bb36b6aa53a8a4f428440f860,1,91.05,79.0,toys
a31e3a35fb5ac942c137446709379100,1,77.66,59.99,baby
a3174f2bfbbeca5734474d6046d76434,1,1116.69,1086.76,watches_gifts
2215034e518b8ae4090da2aebf8f7df8,1,27.79,15.0,stationery
22036f187132350920aea5aa0bb01935,1,67.34,48.9,housewares
21fd3b391a97c2fedab9d0efdd183a93,1,513.9,489.98,housewares
21dda9c8f188955446cf905038acd22a,1,176.02,158.0,garden_tools
21c7ae0df2196c656289e946024f9224,1,235.69,189.9,stationery
21b1c2f67a9aafb5af0eb06c13b9dbda,1,253.06,229.9,sports_leisure
21addb589dd9cf0c658177579dd2e99d,1,111.82,99.0,watches_gifts
21a95b5525c6d658ff4e5e1b50f7c02d,1,148.47,129.99,toys
21a6e49e01d1ee93aadbd8cdf776308f,1,188.5,179.99,watches_gifts
218de70a5a63ca13ad448aa4706d8ce1,1,43.79,27.0,fashion_shoes
2187a2f05e362364c24d44feaeb40243,1,120.18,99.99,toys
a4a04b698e98a60246c2ecdbe629c447,1,630.09,607.95,baby
a4800b5d0f4850922208a6cefcffed51,1,283.02000000000004,263.92,sports_leisure
a47674ec5bdc46617bc532a9839390db,1,88.37,79.0,air_conditioning
a45af86c4a7948f5fabbb5b0132475cd,1,44.13,28.9,housewares
a453b4ccccf554efba31d5ada5a59a60,1,40.85,27.99,telephony
a44f944687bbcf1d5e4f2af94a55dc05,1,268.99,249.99,baby
a448325c57fbf792a2f6ac7d1b730917,1,211.51,187.9,air_conditioning
a43babce83c6c14bb2444d64e7b3a263,1,52.59,39.9,bed_bath_table
a41e24aae442561fb4a9ef505ff1d55f,1,43.04,27.75,stationery
a41d9e51c365f6e2f5eb1f98fa4097eb,1,62.84,39.99,health_beauty
a40675a9c6ef2410e3420483a1f8c81f,1,135.84,119.9,watches_gifts
a3fd6c4ecde9035c3e8dd4e0fd8b8048,1,27.84,19.9,bed_bath_table
a3fc0390c2d3101f940c0d6e78006e4e,1,189.21,159.9,furniture_decor
a3e5f9cbee551f620eb3c85fed57c5f8,1,82.25,59.9,furniture_decor
a3dae37f1227e4037d5e3be3f228bc84,1,851.61,838.0,computers_accessories
a3cc2811456002f4baf5a88ab9ff3427,1,83.16,66.76,sports_leisure
a4c1d75f5db22319df894cf3f4609b81,1,132.06,115.0,pet_shop
a4bddd2ee75396cc2e47bdf21343261d,1,112.19,99.99,bed_bath_table
a4bc24bcb44abb54f2f6214991dcdab0,1,94.69,76.9,housewares
a4b5771bb3bd270e2baacfc4430798cf,1,26.13,8.5,computers_accessories
217967bea3b974779feb2aabef6c9592,1,40.25,22.0,electronics
21767347dfdabbe42b3ca5846a4cdb48,1,318.97,299.0,watches_gifts
21733435c91b1a39455537eeacd3c467,1,29.42,14.9,garden_tools
21634fadc73ca34ac36813b02f1f10c8,1,36.95,34.9,housewares
216085c4602f1d5e004e8e204a1c9752,1,341.02,266.78,auto
2149e9d51d629c16ce77c0f14c887e01,1,1123.86,1102.39,sports_leisure
214182ef6dd2635420e172166e7ee047,1,21.78,12.9,housewares
213875479a90df7b399cee17003be95c,1,210.02,189.99,fixed_telephony
2132979d9b6f64e99b8c9bb4da4e0323,1,126.02,98.79,computers_accessories
21191f1db2fabc46b8ae34857a3b130a,1,133.35,121.0,sports_leisure
2115a2dcb35d50b3726fbd24ab04aaa1,1,51.01,35.9,stationery
2109e8aeedbade2096a471740fb9e798,1,148.15,108.0,furniture_decor
a5be9e212231c53bd9a2dee5824e7355,1,33.82,24.9,housewares
a5a7c5c2be6edf0b10ce28ba5c6b4a69,1,217.64,199.0,cool_stuff
a5a03610d00573bdfe50a7a09e125efb,1,32.21,15.89,sports_leisure
a5845d48b5db7a5f0b41b39e2db4d42e,1,38.09,22.99,telephony
a5805a2671f8bb392f3282c35e0e81d9,1,146.9,127.9,watches_gifts
a56fbff66c12c1ef311cac69e7f2d5fb,1,62.06,45.0,furniture_decor
a56af7192032f295ac582a2d70e4caba,1,734.09,715.0,telephony
a5620dbc470a8e3ec837aaf1bbd48eb8,1,44.0,29.9,fashion_shoes
a550df17ed1c77a28e91a9276bfbd1bd,1,142.9,120.0,auto
a514c9314e6d8af09721786a8ab34c7e,1,37.47,29.6,stationery
a4fa3b8fa5953b0bd18bf4e0b4de499d,1,122.37,109.9,bed_bath_table
a4f6f1f22e3d5cae41187879ded62616,1,54.1,39.0,bed_bath_table
a4ec3aca85c0421e2cd607dc03162791,1,84.88,67.7,housewares
a4ea23e4c7a6ea7b4106779177221ce7,1,87.16,49.9,computers_accessories
a4d8f727f92014da5dd64116af14634c,1,39.88,27.9,unknown
a4c7e73a8ce075149b5f6592fdd29367,1,164.79,149.0,computers_accessories
a5ffaf53a3938ac2c92f493e524adfca,1,72.57,45.9,auto
a5e253ef6240a13a4d631fd39d2c7444,1,74.17,60.0,fashion_bags_accessories
a5e242d7d26774906928c7c4aa3916bd,1,23.42,8.9,housewares
a5db577b646be1ddbfdcf6dddeaf91ea,1,182.94,155.0,housewares
a5d89252158ff2fc7effe07dcffbbc14,1,155.18,129.9,sports_leisure
a5c9c1711f61d2b63cf996b4928092ed,1,89.44999999999999,69.99,toys
20f9d67f27a7593da8c9e8981d4f81c8,1,48.84,36.99,bed_bath_table
20ed63974a9207895b4e56993e5a9a3c,1,116.75,99.9,furniture_decor
20ecd51a1e2c3e5cc72096b2ce0d29d5,1,107.4,95.0,bed_bath_table
20cfa43a881c16cdedaaab83e139d302,1,36.17,26.9,computers_accessories
20c3404e9bea9621d876e152794ba2d1,1,41.92,24.0,pet_shop
20b4a894367b7b66ea1c5ae7efb5a7eb,1,39.03,19.99,computers_accessories
20a64c9ab614812a2634ebbd69bb4a02,1,118.26,99.99,cool_stuff
209fa5709fd95c3fac1edddca1d6c505,1,97.99,79.99,bed_bath_table
20992273fc264d0a559e37c346090fe6,1,44.24,34.9,computers_accessories
2072d4792ab7893ddbfc178948e0eb86,1,129.35,109.99,home_comfort_2
a6621d4ee609f3f917d04c11ca8f0161,1,116.0,86.99,toys
207053c7b5b4e03d5e96c0cc64e1aac2,1,71.66,59.0,construction_tools_construction
2056c9497992c9032fdd92346baab6c3,1,153.61,126.0,garden_tools
20531b0644a0719b8d506c4db3c56609,1,197.73,138.0,housewares
20518c6950587eb5e8f02dad2fa0d685,1,196.01,180.0,market_place
2043cae78c8b731c405c7329a05154b2,1,88.45,69.0,small_appliances
20415eb4f2c37838abe474b4d601da86,1,149.76,99.0,housewares
20340463234672489d7a3437445df770,1,69.07,59.9,furniture_decor
202bd859659a841de892b00c341300ff,1,45.96,35.0,watches_gifts
2020db9c389956e879dd05e6250413d8,1,243.01,229.9,luggage_accessories
201842e46ecc7b96047e78835d973548,1,117.76,104.9,consoles_games
a634f634b444139884120ac4915d134d,1,344.03,299.9,computers_accessories
a632b5621f2a0e69800b6d491f5a20e9,1,162.13,129.9,electronics
a611d42645c444a6c8a20c3d4f058482,1,34.0,18.9,telephony
a607011661b3f99887a6717ba7371840,1,30.64,16.7,sports_leisure
a60613d36f37a7b27d3344f40f6a7945,1,231.2,200.0,health_beauty
a7c73814e6894bc049f7aac7d37f7175,1,271.43,254.9,telephony
a7b42937ab954b0e03bcf6cc35209940,1,31.29,23.9,sports_leisure
a7ac695869dbbe03164408a2f081e0e2,1,96.43,79.9,health_beauty
a76d6212f99d1253fb7bcfe02ce87d8a,1,16.78,9.0,electronics
a767d41b71a909a1dd1e969f4b50732c,1,283.17999999999995,269.9,electronics
a75b732b129c2fe3d8e371dd8333cd00,1,231.34,209.9,kitchen_dining_laundry_garden_furniture
a7566c5565bf286a5c8fb48387d97bb8,1,306.1,289.9,perfumery
a72209f6ea270769cecf0ed4168d3893,1,71.57,59.0,toys
a7216be504e1ff211b67479ab193a552,1,91.03,69.9,housewares
a710be5818329b097a82bb26b480f5fa,1,78.95,59.99,sports_leisure
a6e0877ffaf0725d90e31e4350a3276e,1,48.48,27.68,sports_leisure
a6d351912e312fb24186739576d04fe2,1,98.79,69.9,auto
a6bfd5412c292e6ab465ba7d7f794727,1,36.52,22.0,agro_industry_and_commerce
a6883f92891e256b926bf8b9c40fbe9f,1,178.46999999999997,154.89,pet_shop
a67612e1012978cc97efe7834bd28b64,1,185.11,164.99,garden_tools
a662d99595c3b6054702480cb7382afe,1,72.75999999999999,59.9,fashion_underwear_beach
a869ec6209c361ca46dad85a5530e119,1,180.51,159.9,sports_leisure
a85e15cc715d8d8ce1d520208aa1304c,1,191.22,179.0,sports_leisure
a85c8524b5ee70cd1f5fc717304870bb,1,157.51,145.0,auto
a8557b8cc2880e245f6e7b7dbb0cfb04,1,43.86,32.9,furniture_decor
a85543a371d5cfafedb80a8177a692b5,1,25.78,16.9,housewares
a853bf1a5f8d9f04f5df123168164720,1,114.9,99.0,books_imported
a84e26c4cc7ea7884d3a81955a06cefc,1,43.22,24.9,stationery
a84d0660dbffebf352aefbf1a6b18d00,1,43.1,29.0,watches_gifts
a84a9be4cdf0d5dbd36103b1e1ebc82f,1,922.84,789.89,auto
a82a1fcaf427ceabe9df656409d7acdb,1,81.12,59.9,fashion_bags_accessories
a81e6e4ca394f33cd5a0c89188baecb8,1,224.17,199.9,auto
a80f456f25c5adc5c42db3a682880367,1,162.03,135.0,housewares
a80b3c9fe4065f8159d873438f88be4e,1,24.83,9.6,health_beauty
a7f67835c76b6bdd6950e1322c4b3900,1,60.39,53.0,sports_leisure
a7d2c99f1d0e7ddfbce06d48f12b61a2,1,35.34,19.9,housewares
a7c87b1bbdd51e0d68b0307cffd03d47,1,1537.04,1500.0,watches_gifts
a8cd3c264c6b406a06a23ace0b16fd9a,1,163.89,148.0,furniture_decor
a8c6827a8a59c4b3bd37a9761715f3d8,1,367.22,340.0,sports_leisure
a8bb7885faf316d9a5062d42d2b2fba4,1,113.05,99.0,sports_leisure
a8b5e02c7f69ca5ccdfa99417079d135,1,127.14,114.0,books_technical
a8b0dd2c57b49b649373ff5a495a697e,1,151.05,135.0,computers_accessories
a8aae2d57f0b7d4b495da36a2ea21385,1,135.57,109.99,costruction_tools_garden
a8a7754ff3a1724da8e68648ac505d6e,1,184.93,169.0,sports_leisure
a8a491b1916fc6801cbebd09e7c02567,1,56.14,21.99,telephony
a8a24b2139731e4be5246104224f0633,1,205.54,186.98,computers_accessories
a89e5c817a0c1fd1487d78cba0714a4d,1,125.36,109.9,housewares
a892ca050a783e4f416986981b37422e,1,36.7,28.99,perfumery
a889574d5db0d088abd953112ca2318b,1,76.73,65.0,sports_leisure
a8828da272eadaa78eed16beefd526fa,1,87.07000000000001,69.9,furniture_decor
a87972100f1fa4091a86d6801620656d,1,43.92,31.8,toys
a878ce3514b37e8bfeac8f881438b775,1,73.25,53.9,bed_bath_table
a86bf954ba3a0e7e31f2b6dc5267212b,1,551.96,539.99,watches_gifts
a9008450835cd38eabdf07eb6dd04bdd,1,117.97,104.9,perfumery
20090bcd0d43eb49feb63d53d387780b,1,174.26,158.4,cool_stuff
2002fc3ec2d8a30a7588628fe7aff958,1,42.79,30.0,electronics
1fd3bb291e0dba9d6081eb914303993b,1,47.86,26.54,housewares
1fbb1fca915498c75efc551f5a32f08b,1,55.0,39.9,telephony
1fb344134cd7164d32dea4d87ba3ec5a,1,133.28,120.0,garden_tools
1fa4ef78e1b8f0afea31e4ae9578affd,1,73.43,59.99,bed_bath_table
1f975d7b550d3ba8161a3c77a3d800a4,1,328.41,299.99,computers_accessories
1f8e6a79faf4326701aa4b07c0b955e1,1,1301.01,1209.0,telephony
1f7aa19e7161eef1ffff0599cebcbdb7,1,93.3,74.9,computers_accessories
1f75be631e988bb0ad750e60e18d043b,1,21.38,13.99,health_beauty
1f6cbd49dcb5d56eb874bf9889f9fd72,1,164.79,149.0,bed_bath_table
1f58ebdc810e1d5c7cead7f763c27a94,1,106.42,85.9,bed_bath_table
1f5542855786adc0116f56cfd6f9f830,1,102.53,85.0,unknown
a8f6fefd2f6ad22952337438aa1bfce5,1,22.99,5.9,sports_leisure
a8f6902216234a2535986d89451f9ad7,1,58.34,49.0,fixed_telephony
a9b3c1c9a790da6695b60d0b0070578f,1,115.43,98.0,computers_accessories
a9a7a63a3f3c6ddc6aba7b37fa85caf4,1,64.0,48.9,housewares
a996a150a7fd0eba6a177ec84b939b51,1,72.27,41.0,pet_shop
a996589ecdf800089835934a0360ccc3,1,34.69,17.9,electronics
a97cd00f5c1dbfbc7f0f4b6c1032253e,1,304.7,278.0,housewares
a97c27ea59cd231856af01eceb977ac9,1,621.21,565.7,housewares
a96d7b91547c9d381eef6793af2c639e,1,187.09,148.5,garden_tools
a96162639da9bf8cc57b7931a5fcbd2a,1,103.85,94.99,telephony
a95db8c4b3cfdf4a5d518e0d738e4374,1,34.69,27.3,health_beauty
a95b8621d9c2434bd66a426fa6dc959b,1,65.13,49.9,health_beauty
a9568a13a4077638b75b8a64bc4818bc,1,156.85,138.0,watches_gifts
a9410f6e58948e056b9eae0653aa0c75,1,46.19,33.4,sports_leisure
a94036c0bb4dfce8d5762777c07b7be2,1,140.08,124.9,bed_bath_table
a910254bb741f98d6d98a8286d66d14f,1,148.22,139.99,computers_accessories
a906f3b15e6e6333b408e9f8c34a6588,1,129.47,116.0,sports_leisure
a90344a21959338905811b0c0248ac4a,1,56.39,49.0,stationery
aa96d291abe7cd0000c25e34bc8ed316,1,39.4,24.88,housewares
aa968acdefd6d319d1f19bdc5c04670d,1,380.74,329.9,housewares
aa9077a4c7139067003eeffe84759def,1,38.68,31.2,garden_tools
aa7ace6965a30c1407687d1dea0c4aae,1,102.54,88.9,health_beauty
aa70c29cc4b519f080d45ba24d79e144,1,192.11,169.0,garden_tools
aa70ae9ee9a798d44ae6e00ce6d82cb1,1,118.28,110.32,health_beauty
aa59c9e7a89f70e05e190130174cd4aa,1,150.63,132.45,sports_leisure
aa53f25a0966489889cbfa05ad848d4a,1,57.69,45.0,toys
aa49aaae4bb4f02fb270790fd815b40e,1,51.83,33.6,garden_tools
aa36c2127048efdcd47f4ad5b6b68810,1,132.44,119.9,bed_bath_table
aa31ee71d625076e591e23416abc8508,1,87.64,69.9,auto
a9e1892ce37ec3b694e45a58e3377556,1,65.48,49.5,furniture_decor
a9e0e7b3976de987fdbd2773ec699f0c,1,169.23000000000002,149.9,bed_bath_table
a9dad2ea6b0cb39733febae5b7ec1dda,1,69.22,49.9,housewares
a9d28bf666feccc924dd16f0a19cb70b,1,73.71000000000001,58.2,health_beauty
a9b9032e79635ad9618808cfdd644c77,1,39.0,24.9,sports_leisure
aaac7cb8bbb8fe12c5758225cd464e5c,1,218.37,168.9,sports_leisure
aaa391b7c35a628a6318851e8e933e0b,1,28.41,20.3,unknown
aa995bbfcf2da055bed670f7282f90d8,1,74.72,62.99,cool_stuff
1f4183ec3278c69b1237f900c701b762,1,112.35,99.0,luggage_accessories
1f2b62e693c588aef7be1f457137b15e,1,157.13,139.9,furniture_decor
1f11ca0065518d335b576597c5b7f072,1,45.44,32.96,sports_leisure
1ef5ef43b311a978115840517ac78943,1,64.98,43.0,auto
1ee1a3e374020805c935a1a99975e414,1,29.77,21.99,telephony
1ec597ef2aaee9e73f32a970247f3192,1,60.85,49.0,health_beauty
1ec5253cf0b6d3a31b822770cfa139b5,1,179.32,159.9,housewares
1eba879220bd0981a0e2fbab499ed4e1,1,95.45,79.99,office_furniture
1eb85357e22bf0c8c2a6f10eafad8423,1,328.91,309.9,consoles_games
1e9718b1172540cd45abc1cfa8750da6,1,85.14,69.9,fashion_bags_accessories
1e96e085361f3bf21a06c876982b64f2,1,229.2,219.9,consoles_games
1e946cab712f702ca325f609894b7962,1,59.32,39.0,sports_leisure
1e8d46e0cdc62c1ffa69cc04a6f2660f,1,239.42,220.0,health_beauty
1dfb36d969d347f56f43590ec42c7b8c,1,176.83,159.99,sports_leisure
ac480ada5f06d9024eae2c6dd9de4c74,1,21.1,7.0,perfumery
ac305a1e7e7b958e961fd896ef1395c4,1,27.78,20.0,auto
ac1290e4432c1f2662b71ac47da47691,1,31.73,13.5,telephony
ac0bb4405e9661957160dd5ee9d5585c,1,173.84,149.99,toys
abf7c583f35ff13ce82c05debdef8ef0,1,141.98,126.0,bed_bath_table
abe6b1e401ce596ad0c493aeedb488a4,1,52.18,29.9,cool_stuff
abaa4c2633cbc40dda16b575531db57b,1,148.28,132.6,watches_gifts
ab674fcb1f06bd16dfbca8d91f016391,1,47.79,43.9,furniture_decor
ab52c2c44ec8bebc9559a03ec12c8eec,1,90.65,75.9,stationery
ab2d32e4d6a79780270601c807f391d9,1,871.38,849.0,small_appliances
ab142a566883e92ca907236477173c6c,1,52.53,34.3,unknown
ab1106e227a745836a0dc83b374e2575,1,28.84,19.99,food
ab0a97f604550b5b5b99180a6dc04461,1,30.0,14.9,tablets_printing_image
aaf29331649db17cf18a6bafc047f75a,1,741.75,639.9,home_appliances_2
aae5bd5080ab78211526b58244f1be68,1,45.13,29.9,fashion_shoes
ac8e7cf3a658f63dc68dd7f3b8b5f97b,1,140.16,97.0,sports_leisure
ac8af924237ed4591dc8d9b8c6a935f0,1,728.74,682.98,perfumery
ac7e981115ad47f0e051f1b8b97e73b1,1,45.46,28.14,housewares
ac715f2fe6957acf9bff43ab3cedde0b,1,65.53,49.0,sports_leisure
ac69f0bde551e0558dead5f71f7c70e3,1,82.82,69.0,auto
ac5bae85a895724330c4acddd581b02b,1,215.14,199.0,telephony
1e8c9a649b9c92a2acf771c3168e15b8,1,408.66,399.0,bed_bath_table
1e89bd6bc4f739a8b303c92d58bf8014,1,62.37,53.55,home_appliances
1e6981e727154bcd941d51fda894b183,1,165.8,149.99,baby
1e6742b4c9ab3675bfe578670f264ce2,1,39.22,28.0,housewares
1e662f768907b55013557beb5ccfbeaa,1,52.13,33.9,telephony
1e571e871a93944c5c48e6226f2cd94e,1,104.6,87.99,health_beauty
1e5428c428e0f783acd6e3d94ba4ee2a,1,672.41,599.0,computers
1e492320adb9484da91d2c8476fc0d5a,1,49.42,34.9,fashion_bags_accessories
1e2e095149b3e9ca487d9c2d8c20378b,1,526.93,510.0,watches_gifts
1e12f1836c1f08b25ef78fcdf76fbf08,1,89.42,74.14,garden_tools
ad4b943ef0b5cd9e4211c9cf6c27ff13,1,41.78,28.99,telephony
ad3cad415b6ec472fcdeff903a4a2567,1,89.47,72.99,housewares
ad354f777df2a1eee8211950fca142a4,1,158.8,144.77,furniture_decor
ad21c6ffe97ed6db7a3d73b51bca2ee0,1,60.39,47.6,health_beauty
ad19bca6e0f1919433d7e21d534ddb50,1,58.79,44.9,books_general_interest
ad0bce7600c071e450d162970917de7d,1,118.68,105.6,bed_bath_table
ad0bb547c950431dae08e48803ff6dad,1,390.63,289.0,baby
ad0a798e7941f3a5a2fb8139cb62ad78,1,49.81,29.99,bed_bath_table
aceab7cb5e3cc8e531d7e0fc7c4cbffc,1,83.39,45.9,auto
acdd9eaa79720ca045ce3768250b8e47,1,111.99,99.9,health_beauty
acdd408fe971bbe29a81f8febb575ffc,1,32.37,18.9,electronics
acdcfb0e41f8091492386a014aa8d57d,1,566.4,539.9,watches_gifts
acd999849b296e49ab668c7e832ccb72,1,73.06,60.2,computers_accessories
accb153aa91b42b1411c3b764f83385d,1,88.2,78.9,pet_shop
acbbaa8cbb7857102ad783c73caa55c5,1,38.28,29.99,baby
aca71e1fceaea4278f27aab8a3498f60,1,50.1,42.54,auto
1d54b96972338247c7341a2069e2bd96,1,65.8,45.0,watches_gifts
ae16b1d896c15ed60614a0d88c4abf03,1,130.68,107.99,pet_shop
add20623e743c90cefc65db803efa18e,1,124.97,99.0,perfumery
adc87238dd82fda48a77402f365a9cd6,1,61.84,49.99,fashion_bags_accessories
adc73ebfe461a4ec51e1b5b3338eca22,1,47.02,38.0,pet_shop
adc32eb18332c495cdfdd97d01520d80,1,119.08,108.9,construction_tools_construction
adb5b8ee8b86e86930bc333c182bbead,1,110.47,95.5,computers_accessories
adb1f1939b613f3078806b6afcca0e51,1,155.76999999999998,119.8,sports_leisure
ada800a927673ac73cdfbbd2c832331b,1,76.85,53.6,housewares
ad979ca019f5e2520379fc28f6bc8968,1,24.38,16.99,auto
ad938d3b79856582ace5b311ab864826,1,95.29,75.9,furniture_decor
ad7beed1d6b41ea967b2724468a23c92,1,42.29,34.9,furniture_decor
ad673c1cd02b966e931f9db4fdc34791,1,43.28,25.0,computers_accessories
ad59cb0673bceac69f32635f227b2ddb,1,184.93,169.0,market_place
ad56e265bd92e5702d171e6eb4a3593a,1,36.01,19.9,computers_accessories
ad548cefdd8ba3faa511884b1c8a0788,1,57.86,19.45,drinks
ae5cad88462eb7b7b61401e31c45618e,1,31.79,15.0,computers_accessories
ae52eeb8383b94455f0a08b1f88ad002,1,79.84,69.9,computers_accessories
ae4361f806c49f85066cc8be1370c91e,1,321.34,299.9,auto
1de85e3b5a43099a57d10a7d3dedf97e,1,44.38,36.99,construction_tools_construction
1de74e63d630007567726953a4eb2b36,1,91.66,79.9,fashion_underwear_beach
1dceebcc5f23c02ea23e16d5bedca000,1,61.11,45.0,cds_dvds_musicals
1dcd65bb5dd967d7b4c6b0223cefb838,1,109.89,98.0,unknown
1dc7685f4fdb9622d84ae2ec658d5bbf,1,212.73,199.0,computers_accessories
1da0fbb35cfdc9fcb6d48dfddca69513,1,26.29,18.0,sports_leisure
1d9fc0078db05f802e870d7601042c29,1,43.07,24.8,auto
1d94d1e0c7fb2dcf2811e093d2ca303b,1,313.23,179.5,unknown
1d93a1a9ef04cca09f4737fc380e0d6e,1,107.35,91.9,housewares
1d8ff272f4ff5248bde1358ef928713f,1,87.66000000000001,71.4,garden_tools
1d7db62a21ffb4f220d3e8a05fa77e02,1,57.63,32.0,fashion_bags_accessories
1d7997c2448b27bd70c631b37acd27c2,1,84.82000000000001,68.9,sports_leisure
1d6d7be70107889e3193819aca4dc1dc,1,61.59,48.9,bed_bath_table
1ce5b88456351c3b986532265a56d223,1,48.63,24.9,bed_bath_table
1cd35eaf33a642d4df4c9146837f5908,1,66.59,49.99,furniture_decor
af0a99476d96dcc1a1baa7c0d9ff6b9d,1,668.9499999999999,649.65,health_beauty
af041e55b9882e8263bde0a886b360be,1,201.04,184.99,garden_tools
aefae62335aa97901109f0c0f08ff0bd,1,210.99,194.0,sports_leisure
aef98ce647739e381bae28e004c63235,1,55.38,40.0,housewares
aef95f9d9e323e61a5caecdc41907c79,1,243.82,199.96,office_furniture
aef5dacb8cffba210a6e307dd01e4923,1,61.94,49.9,cool_stuff
aef09d3b8be874a0a8b1706573a6c9b0,1,47.38,34.9,air_conditioning
aef099a1948ab0d8a11c5a4b41ab3809,1,103.54,96.0,furniture_decor
aeecb1d0e5d4d5ccc3fcfe6fe91103b6,1,176.7,158.0,fixed_telephony
aeb37360d7dbf2f5136bb2ae449ac16b,1,40.0,24.9,toys
aeb2db5f8c0fe1e55a951d49dd331fc3,1,54.13,38.9,computers_accessories
aeaada71da15f2adff3012724f9f662b,1,168.57,99.0,toys
ae8b1d2c414a22d06ba197876eff92f2,1,75.28,49.9,health_beauty
ae7d8348fbef50928a680454fffbca00,1,85.14,69.9,sports_leisure
af4e303574dc703e52b2731419bd563c,1,104.61,89.9,toys
af4708c7522d336a01ea0a421531e56f,1,74.62,66.0,stationery
af3660080355b203936d26f31bbfcfca,1,57.6,49.99,toys
1d4de03a6141ce2a2ae5a97f51cabb37,1,215.14,199.0,bed_bath_table
1d3ecbda18167c766a3381fd16108e4a,1,128.9,108.9,sports_leisure
1d3d7e2bc2cb75e4e2c798ec9aae0279,1,32.77,24.99,telephony
1d38e85c3c89665e3c1d5cc5e6a829d6,1,57.3,39.7,toys
1d25200882dc5bcbff689ba2ba117f9f,1,114.62,79.9,bed_bath_table
1d2498694abb5754d2a497801dc4900e,1,43.09,27.99,telephony
1d16c0509e7011656e03c6a582ff6667,1,845.81,760.0,health_beauty
1d11e9991beabfd8071f2bfb73444500,1,114.85,76.05,housewares
1d116eece9b8bf17edaea2f3bc0f7324,1,109.5,99.99,fashion_bags_accessories
1d0e69d769465dd7bacc44f752215f10,1,124.02,119.3,toys
1cf4209f5358de32c5cae2c2dbb84aed,1,47.68,39.9,telephony
1cf22c0593f2ba8ecf404d0945a2036a,1,163.06,128.8,construction_tools_construction
1cf0c9095608952cb1c65c4789946375,1,55.01,39.9,electronics
afe60f026d04f54945ecf4c085eff7f5,1,217.04,199.89,computers_accessories
afb4b687981fad8723f84510c57c84bb,1,78.54,69.9,stationery
afb20d6bc6e0556ba8e9e724e6ea03bb,1,179.3,159.9,health_beauty
afad7a4420a4348d41da23ed8d0902dd,1,102.78,59.9,furniture_decor
afab5f7ab5c82f92ddcdc46c4cd85fbc,1,50.04,24.9,fashion_bags_accessories
afa3a51dec198b1d14a0c19849dab3a8,1,45.69,29.9,sports_leisure
af9e48cebe89ff658db6f0daee3d8057,1,24.68,16.9,telephony
af8215adef2df1e9e66642f159e81e55,1,527.23,510.99,watches_gifts
af79ac70de9a79b9c1c85ee0880c7206,1,132.27,105.0,sports_leisure
af6ab2d196af959df0ce35fc5ea50278,1,76.41,61.9,housewares
af680b3406a3179e4a4c2051c5384cfd,1,79.28999999999999,59.9,bed_bath_table
af64ef75bb87ced49e08b2f278bd8bb8,1,161.67000000000002,145.9,auto
af62192c9415dbf2b36c294762acd9ed,1,185.89,169.0,furniture_decor
af56e0203193f066ed64cbbbbf95ae6a,1,127.45,99.9,sports_leisure
af54833766006d685742bf140e6f0086,1,66.14,56.2,home_appliances
af53bbaeee1f3190c2ff939fc236b6f5,1,92.5,64.99,health_beauty
1c510e7a53ea02ee8cb8e8d42274ff83,1,288.23,269.9,sports_leisure
b0868ddc5f282e1e482593315aa0643d,1,400.75,379.99,garden_tools
b072088eb78d8d816d4c80cb1851a6f6,1,61.72,49.99,housewares
b07085c1dd895cb3ba680dd4cdf0dc93,1,893.12,829.99,sports_leisure
b061d19bedb7cb3af1ae9d6fb52b5712,1,291.72,249.9,auto
b05eda1aa0322626a26b40fe913ebfc5,1,21.38,13.99,telephony
b0528299d65ab35e3ed853f6a853b8b8,1,127.07,118.89,construction_tools_construction
b04c2b78a0d75eebc2fdcdf4cda4acdb,1,122.06,109.9,toys
b046862b2553fe4962392cdc93a2ae93,1,205.31,189.9,luggage_accessories
b044bda7bc05cc5cf14d4969fda159cb,1,99.22,89.9,toys
b01d34f6d2545269d348181768eca049,1,70.14,55.0,watches_gifts
b0141fc41043ae23a16677f3a7e282b3,1,198.1,139.99,housewares
b0137f9102be5a094d59c061fe106b83,1,61.22,45.99,toys
b00a32a0b42fd65efb58a5822009f629,1,83.69000000000001,75.9,baby
b0075cdedc8e455d734e6b1875336ca1,1,81.38,29.9,pet_shop
b000447e24e31a4d7e628ca4d0622131,1,33.73,23.99,telephony
b0fd7a18daa40299b5393b4280b55dad,1,83.23,64.9,computers_accessories
b0edba4fd6456eab5a6b6201caf7b323,1,277.03,259.9,housewares
b0ed7fe63babb3e705115f53fa74b20c,1,37.88,29.0,home_appliances
b0e9f0cc1a936b07b4fc11b3a35ad519,1,546.87,529.9,health_beauty
b0c89945c034268074f5f80b362bda34,1,49.81,29.99,bed_bath_table
1ccef988a8dd457a93b0b4833b8f0724,1,49.1,35.0,telephony
1caf2267e1334b93a9220b1a26db262d,1,49.94,40.9,construction_tools_construction
1cab19d5be9a1286428e85aaebf82906,1,99.77,83.0,luggage_accessories
1ca1d7d7a101a1d1f2ca213994fd8596,1,158.20000000000002,149.9,construction_tools_construction
1c9e034fdb330509dbe0f09e6a42f157,1,51.88,31.08,computers_accessories
1c6c35cdf70ee1c3515cd1527f4aa6d8,1,98.39,79.9,stationery
1c6b0760060e08631997f228e1d07a78,1,41.75,29.9,bed_bath_table
1c63d0a4d75df524d4605a43285925d7,1,69.34,60.0,baby
1c5cd477820c6046039178150f6f8916,1,413.53,380.0,furniture_decor
1c5bd6a742367ec4d654a0859523e880,1,138.63,119.9,baby
1c5b28beb34835f960261f45ba22a136,1,79.35000000000001,69.9,perfumery
b1551ef44e04265b510840b991b24b51,1,95.31,79.9,housewares
b146d66b6ce3b149187e9f3349bfad68,1,27.77,19.99,sports_leisure
b11cfc408f43a71b16c2288e79172244,1,80.21000000000001,59.0,cool_stuff
b112694f32005c5254383ccf38bfd11f,1,210.29,195.9,computers_accessories
1c4de4dd53a801716c8a3a2cf51f35fa,1,208.2,189.0,watches_gifts
1c4dbd58e9b07007a271122f96bb0add,1,193.84,149.0,bed_bath_table
1c4b558889819d00efc1ec52e76bc450,1,46.55,34.9,baby
1c42a107473d6b20db8ac7772b870e33,1,96.67,78.99,bed_bath_table
1c38f26a1dba8b5325c3b434679bfea2,1,23.69,10.22,garden_tools
1c33c71830d320620439a3236a1c4ae1,1,130.15,108.9,books_general_interest
1befaea8015cdb5fc2890a23ddf60cc0,1,28.09,12.99,telephony
1becf32f9c527bad8d88e8e6aa99f021,1,99.26,89.9,stationery
1be9a7b25f7ddfe1dfda88b9b64f595c,1,125.23,106.6,watches_gifts
1bab2e484686f57566de99a627223576,1,90.49,74.8,bed_bath_table
b1035b3d307f0aeb6157fdd3e09f8119,1,1549.41,1520.88,telephony
b0fd8a13c803e88ed77e3bfdb763afca,1,44.19,35.9,sports_leisure
b21edc5440d0a05522fa8d1bc1a4a26d,1,209.91000000000005,194.8,watches_gifts
b206760d97dbc76527bb07029a6179cb,1,54.0,38.9,computers_accessories
b1ffef38f0db9fb4e1a6f91b47ec63d4,1,29.01,14.9,telephony
b1f6881dc1fb3b2b665cb287418ba7be,1,148.33,139.0,toys
b1e67d8a817ad0c6d4681dc28be1cb18,1,79.56,59.9,furniture_decor
b1dddee0530f59d8b4808c007e8f14a8,1,325.38,249.9,office_furniture
b1ce6dc4824ff3e89a7a10426462158b,1,116.21,97.65,health_beauty
b1bd2eebcf90443f4f17e71bb89468a2,1,46.23,28.0,sports_leisure
b1ae85955829e28646e38ed2ff6ae776,1,99.7,83.36,bed_bath_table
b1ab8c16165f6d66427b01ac9b26e141,1,157.9,139.99,health_beauty
b191d7bf910b82744bf36a5ee9b041d8,1,341.68,327.99,perfumery
b18e0067418085fab0785606c86d875c,1,208.87,185.0,sports_leisure
b1877a842c7cc3487d5ead23827c45b2,1,86.96000000000001,74.0,computers_accessories
b18040a8b795afd0802abd9c3755ea64,1,173.49,149.9,sports_leisure
b17a4e7b997ea645dd323bb1bed802ac,1,65.0,49.9,unknown
b1631003bdbc3b1e876f83a7d851d74a,1,70.25,54.99,perfumery
b2fd74298e16eef2568d2f9dff6042c8,1,91.36,79.0,housewares
b2f2ddac0132a316e5b41a98684d3619,1,87.68,73.0,fashion_underwear_beach
b2f15c23f560da3b247e1090d9d12be7,1,26.77,18.9,housewares
b2c5824a747b4f147644f28103b45f93,1,45.13,29.9,toys
b2b748240f8b4fd833d2f61ec84d8ce5,1,37.83,24.99,telephony
b2b2279a0174bb3ce78d8b668f8fe27d,1,82.79,75.0,sports_leisure
b2a90ba22313bc64caf4664c557a7703,1,169.82,150.88,garden_tools
b2a40530065c5d88115cfa7560151794,1,28.94,9.9,perfumery
b29c9ac1d3d4e8866f6c4ad814ae9591,1,137.09,128.0,health_beauty
b296b1ee06b6739f8bc6b1d41d06dbe0,1,111.32,94.9,pet_shop
b28428391b08e61232dcc1ccf6bf71bc,1,122.07,99.9,health_beauty
b2572a992f6ea1d1a7eb518d54e64620,1,130.95000000000002,113.9,furniture_decor
b2545dd62c61d45d55ebaa04d1cb1e23,1,126.2,102.9,unknown
b25286ea1d4431a1f33b67a706e0f97d,1,108.51,99.0,musical_instruments
b249cf5fcf68f70e13515489f0fcb627,1,85.60000000000001,69.9,garden_tools
b2467a0d160e2d74cf50312ff80e75c7,1,167.57999999999998,155.29,health_beauty
1b43b0a6105ffaa6dae01356daec2657,1,80.98,57.99,health_beauty
1b3c5b1455f3e42d831fb778055c9e45,1,374.15,355.9,consoles_games
b3b9bbe2bce84b01d3333df71d742590,1,301.4,299.0,garden_tools
b3b0236137a276a847e6ee84c1a997b6,1,90.6,72.0,telephony
b3a3a5bfa5a1ee872afa9c86b8a0d0fa,1,32.83,9.9,health_beauty
b395922ca8e9ba82b2a81822968d0cf5,1,37.44,24.75,furniture_decor
b370dd237db6a8a0bd74a6da9e367a80,1,125.43,89.9,bed_bath_table
b365e38a72a4fa2b2cd83e14c0b51754,1,65.78,53.9,sports_leisure
b363ba4802d9eca552da85a1125747eb,1,170.95000000000002,149.99,furniture_decor
b357dcb28df5d58381e1c9d6541f8064,1,66.78,59.0,cool_stuff
b34b2c889f5b26963569cf421254e121,1,120.74,104.9,furniture_decor
b343cce43d6f08fe602d2892b106ad59,1,144.22,119.99,office_furniture
b32ca9d6896d74d345424426815c06a7,1,75.07,59.9,fashion_bags_accessories
b31bf123505c6df8ab973f7c40caf4e8,1,59.81,47.33,sports_leisure
b30bd2570ba0ad3ce06e785a7b23d544,1,63.77,50.4,bed_bath_table
b301f133a68b93a9a9a3db2987c1be36,1,45.22,29.99,computers_accessories
b3fa89053a8298a2d3265e6ea6c79588,1,196.9,149.9,baby
b3d1d218a4ff07119f546a42c6ee7d7b,1,101.14,89.9,home_confort
b3d141fdbe3680294a78f0b712c87159,1,29.85,18.9,electronics
b3cd491b3a347c8becc23fa5515440f9,1,173.2,145.0,housewares
b3bd55bb626fd2657bbb08dd016a0cde,1,165.8,150.0,baby
b3bce4552b02817249347cc257c9e61a,1,102.92,95.0,watches_gifts
1ba7948f3aa31cdaf78a4885f3c5385a,1,149.72,139.99,toys
1ba74b19c790ee59fb57fa2befa6e885,1,363.06,350.0,fashion_bags_accessories
1b947042ada4bafeaeb8714e1584d5b1,1,219.21,189.9,furniture_decor
1b81160192e096f4cbcf518ffa830df0,1,120.91,107.5,bed_bath_table
1b80b0a1f4aad5d1a1cff676b76e9eec,1,249.41,238.99,watches_gifts
1b6cecc37e5cf78922520ccb14860e63,1,125.39,109.0,housewares
1b64e3f229ea80e2b453b120cebcc448,1,486.24,467.0,computers_accessories
1b5b6bd531d2e0b1650bbabac62fa352,1,97.13,79.0,housewares
1b55611367793363c3aa1c9d888be7ed,1,159.21,129.9,auto
1b474c650cb9407d32a1e066937b68fd,1,190.0,173.9,watches_gifts
b4fc7e84dcaf2fcf3edb234e30362929,1,135.05,115.0,sports_leisure
b4f9530c931398e215242293c2c8ba4c,1,103.07,90.0,fixed_telephony
b4f2839696df5de18aa7168fa62f650d,1,210.61,159.0,home_appliances
b4e319cb48642fd748a387fb88c31c35,1,517.25,499.0,toys
b4c0a557e24a783073ea34fdabe4663c,1,367.2,349.0,baby
b4bcc9155de9c60e343ecbff22b86dc8,1,148.91,129.9,cool_stuff
b4a006be2cfa0a5ee4c36fe0b2e3d359,1,214.03,189.9,toys
b49315bbc5fe119fafd17c53f573bfae,1,26.61,18.9,construction_tools_construction
b47f5cf2e99655cfc404520cb7553e2a,1,42.78,29.99,market_place
b44ac72ece514e2e7985803cf7cefbc5,1,33.85,22.0,books_technical
b4436da747c3a53ab07ac0e71de17dcd,1,1668.74,1599.0,sports_leisure
b42e79652dbc591a49bdd2f577b57dab,1,156.94,139.99,stationery
b41d86054cccdd1d4bb6c1835bfee57c,1,39.23,24.0,health_beauty
b40f2e02089486d971fe39108eacc283,1,142.4,129.99,computers_accessories
b40ec43bdfc6d6fdd65e882066a5c895,1,213.56,177.0,computers_accessories
b40bd352960044e281fa405937aac605,1,235.29,215.9,watches_gifts
1ad3f793ff482f29c15596c3bc596812,1,63.44,44.99,furniture_decor
1aba5f6d342892bef219db99ae29f029,1,40.55,28.7,fashion_bags_accessories
1ab301df9ab26fc25842366a7c68fb96,1,195.0,179.99,stationery
b596e2d70dd2f5fb5ff9ee2a1c803e5b,1,309.4,269.99,sports_leisure
b587e5fbc8f3573cb77c210bae6c3093,1,54.33,35.98,fashion_bags_accessories
b582be000fb3a394254623d5dff60f56,1,50.75,38.9,health_beauty
b573e2860f2732edf610345956e81bb9,1,189.25,175.0,computers_accessories
b55d740a9c9a5e4b9d681828a82d28bc,1,94.55,79.9,auto
b53de21d6ac42f6bc21b82af0e89a002,1,78.72,69.9,health_beauty
b52e4724d5ae56c1e1503a363b388d2a,1,745.69,689.99,sports_leisure
b52af48deef5c1fb35c99248a5269973,1,444.23,385.0,cool_stuff
b520b78a494cbd6e36d7a1c64cdffe0b,1,58.1,41.99,housewares
b516bcd976124fe39effaa262a2d295c,1,56.69,39.9,computers_accessories
b51485801348808e02617629d896c936,1,47.53,39.99,telephony
b51119656391080bf4b0c2bb98b0f704,1,399.88,365.93,furniture_living_room
b5034cecd2d602fcc8175e8fe0988a3d,1,45.0,29.9,auto
b5e6d813290cd06e3015f41d246512e7,1,48.79,25.89,stationery
b5e2d4b3fa2f9ecad4c1df951afcc8ce,1,138.12,120.0,sports_leisure
b5c315fb01a02190500528edf520883f,1,66.78,59.0,fashion_bags_accessories
b5adf7b72a7eb667aafd446581c35f3f,1,260.57,241.0,watches_gifts
b5ac08b2bc73bc36eecc6107b78247d3,1,229.28,189.9,perfumery
b5a3bb1341d217322573b76c03d7b81e,1,260.97,238.0,cool_stuff
1b37d55343061aa2b18b807945ff9831,1,172.09,118.9,office_furniture
1b34de23397f9ce6cd0f7afa27b60eac,1,53.87,38.5,health_beauty
1b28df0b54809d40f2bd2f2218c601a2,1,72.76,60.0,food_drink
1b28754d4c3737f9655d4a27c118bcd5,1,283.0,260.0,auto
1b125123580a802629427ebd924ff335,1,184.03,165.0,fashion_bags_accessories
1b0f0dd824989bb4f30d03ac3d1e90af,1,477.13,399.9,home_appliances_2
1b01cabd433131aec917576c347f0dbd,1,1730.87,1700.0,watches_gifts
1af8902c3a99c03308ce1a8d05dc7d52,1,120.83,108.9,musical_instruments
1af2a3ec7cecc4015321e562a26c9d1d,1,103.2,42.79,computers_accessories
1addcc38627084ba4a99fe3efca1c65b,1,712.91,699.9,telephony
b6d96e7683a87fc151ea589ce97a330d,1,38.63,20.0,health_beauty
b6bdebb92f595f00c73bd42e0e3a8517,1,33.77,25.99,telephony
b6bdb28b376292b83135644ff8d4d6a2,1,198.07,179.9,bed_bath_table
b6ae63c5f2b226331d069831d5b1f570,1,238.49,215.9,cool_stuff
b6acad95bb80b9f438b3496bfdfd8257,1,40.53,14.9,telephony
b69585752110ce1af10cf9baee38e992,1,108.0,89.49,health_beauty
b687f7d54b34a215172bf55f9584584a,1,130.11,108.9,garden_tools
b667e64d366991432e4c9c45ec4d6d1a,1,87.8,79.99,sports_leisure
b65214d387c754bb0f858a4a5a0f41ad,1,86.24,69.99,toys
b64f2210138a8d97888314420d066b5e,1,212.32,199.9,housewares
b6475dae3a2796ed87cabc7b8e8debcf,1,34.0,19.9,housewares
b62a475bcfd309c66d84a1a93aa75fd8,1,44.08,34.99,furniture_decor
b60f6bba923daf524e87691951512e1a,1,96.55,79.8,stationery
b60856ce32d90658dbf99b9485327c25,1,23.1,9.0,electronics
b60704f84087891432bf27f3dd5fd003,1,128.25,109.9,baby
b5f7245e14a8a3d52f0a6e468971e6d9,1,46.39,29.99,books_general_interest
b79f1c3ee8b26b90db738fb3c4abc1ce,1,54.77,46.99,health_beauty
b7900dadb2e17d3f270cd487b7df185d,1,77.19,61.0,bed_bath_table
b77dac30490dcfa827c2060a7a3a2a0d,1,460.22,442.95,watches_gifts
b770fdfeb3598c315c74c881afdeacd7,1,39.23,24.0,auto
b76e88f2da688761c6f9ad9bb4f9513f,1,124.24,89.0,furniture_living_room
b761e337aed465b70aa4bf86f1b12f2d,1,57.68,49.9,stationery
b7605b5b483063d12bd90a772bff9d21,1,60.79,48.0,bed_bath_table
b75bc6d95abd11862892008658b17f49,1,156.23,131.0,housewares
b7550710491181180a97295a6b9faded,1,2133.69,2062.99,construction_tools_safety
b7545fcb6846edbe119f90a80889b31d,1,196.46,178.5,bed_bath_table
b746f0f77468910428130facb2ee2d1f,1,57.89,42.79,computers_accessories
b72569983090c8bcd75fe577f5be5934,1,234.63,217.35,home_appliances
b71c0cacf053d9d8f92eb5965d8bd00c,1,39.98,29.99,baby
b715d785d518112309c312260fd88842,1,338.56,329.0,stationery
b70722d88b1dddd6ecbb159db90faf61,1,27.69,14.9,housewares
b6f3b8136ba8302906df7e11ff908751,1,416.86,399.0,pet_shop
1a596515dcbe1a261f8dc0640ccb5149,1,114.07,97.69,furniture_decor
1a4eccba16567c9ffa6e98d0f552a883,1,162.45,145.0,housewares
1a4abdf8e4e0329e516e6e55260bb1d7,1,37.44,25.59,garden_tools
b809b20fb6e5f42bd6d7744bad9f1a20,1,33.84,21.99,telephony
b807683e40e7ea6ec8d74d34f2e02247,1,207.73,169.0,baby
b7edca604f2668c0f41fc7731fe640ba,1,293.36,279.9,watches_gifts
b7e5e565cf760233e922ed01e122ca8b,1,215.27,199.0,watches_gifts
b7e524f8ef0d4d4fe3a7a57fcc5c9073,1,105.49,96.0,computers_accessories
b7dbc7d6e73a828cc62756e693f48b7d,1,41.69,24.9,telephony
b7d8ee5cdbf5e7844a13e8e93ba81195,1,84.24,68.0,small_appliances
b7d3e30e28d937c46e0a72024c6cdc67,1,51.01,34.9,watches_gifts
b7c472e4bf39b63628ecedc8c9af805d,1,424.41,389.0,garden_tools
b7adcb01af7ce9db1f8192b9de8a923f,1,325.47,289.9,bed_bath_table
b7a89537c40b1f5a18b5ba75dbb91cbe,1,306.98,278.77,musical_instruments
b7a60a397d4efd05c1b5d398fb9f9097,1,2467.33,2399.0,agro_industry_and_commerce
b7a5b8352bda2cdda6964296e859f637,1,432.48,389.0,construction_tools_construction
b84c4c7f1845f068f40e350865b803fa,1,139.98000000000002,119.9,health_beauty
b83ba81552d0748b45288e7e57c62888,1,620.29,599.65,health_beauty
b8355aca8662d7e0c913ed67412d8ecc,1,57.82,39.9,bed_bath_table
b833b995caddd97b8786370988e32ee4,1,24.42,9.9,housewares
b815c6ac9af2fbea9b2588de81c53905,1,164.35,135.0,furniture_decor
b80b2895a4edf092d99f63d8d96d84e5,1,63.27,49.9,sports_leisure
1ab21e6620cb6346784529bff0a0c43b,1,30.130000000000003,14.9,garden_tools
1aaf80d4afeb6d8636711e75d02f1a7e,1,62.05,39.99,computers_accessories
1aa2ed670a95e9f475723707a7c3f386,1,57.6,40.0,bed_bath_table
1a96bfd3ef9221f2775d1eccd98a7f17,1,41.16,22.9,construction_tools_construction
1a8ffdee10d64528eb046117521d3953,1,47.39,40.0,furniture_decor
1a8c8d4e86c3b6d020f42b5621825ced,1,45.23,36.29,home_appliances
1a8aea590bd168ec134d9f19ae6d78ee,1,456.91,299.9,office_furniture
1a7e98c48e146130016fab89a43c00da,1,107.53,89.65,bed_bath_table
1a7d1ce0dddfef9f6f2ed280798fd9bb,1,106.17,79.99,consoles_games
1a69b9ec6d25d7656d024ad51f55c0ec,1,204.03,179.9,bed_bath_table
b9454f6cd728a6e0510e3c4ba8c25263,1,35.77,27.99,telephony
b932cbe9be7a3e71d8fa7f1865797ff6,1,48.38,35.9,health_beauty
b9311d581f5f341576a5a2892168355c,1,83.71000000000001,38.9,furniture_decor
b92a7304ebad1ca5b393b53b2de5c70a,1,168.33,139.99,office_furniture
b90e522acbe2ea08ee4ce317a90e173c,1,278.63,249.9,furniture_decor
b9023d686fca0dca3ac844814e92e92b,1,37.0,21.9,electronics
b8fefc9c1f951969968e904d08bfa8cd,1,89.67,79.9,bed_bath_table
b8faf829f47ba1f35f169da4acbdb88d,1,585.32,549.0,agro_industry_and_commerce
b8eb8663142255eb7ab4526b3ee1c7fd,1,155.07,139.0,computers_accessories
b8d9462d449fe376dcbefb544450ecce,1,98.82,90.0,perfumery
b8c89bc5fa5dc01a5d0e9d7ff0c6ecdb,1,149.29,129.89,bed_bath_table
b88182b83c726595532324fd84ac7db4,1,26.39,19.0,auto
b87be755b7af193bb1ddf878a7d2966f,1,438.51,379.0,cool_stuff
b87bbfdf00132276418f99d965fdf676,1,177.25,149.9,home_construction
b86342c63a6cf10c0bd92517b1a592bc,1,188.94,179.49,auto
b84ee1832bd494a163f0a8315efde95c,1,57.09,39.9,computers_accessories
ba230fc7bcaa2f503c46d73098caeb66,1,279.27,229.99,home_appliances_2
ba1d7e7ee1f055d252a2faa8ea3cea9b,1,124.98,109.9,agro_industry_and_commerce
ba16581014183c8415da15145f3d4c24,1,1011.31,959.99,furniture_decor
ba01cebc5a3c2494d0a97d4713ec8938,1,227.3,201.34,health_beauty
b9ca577f48894c59a9677f895f9a44bc,1,351.33,334.9,books_general_interest
b9c7a57c9d01c95a4dc4815e539852eb,1,86.81,79.0,watches_gifts
b9adb834b99082140e354bdd3bda7eb5,1,78.77000000000001,66.29,bed_bath_table
b9ac7314894a193a11fd3150f8c69307,1,629.13,599.65,health_beauty
b9900407a55cb2b306ae612415c3340e,1,51.75,39.9,books_general_interest
b98992ea80b467987a7fbb88e7f2076a,1,166.06,145.0,kitchen_dining_laundry_garden_furniture
b980f3256c981fc178514325143b1fc8,1,104.37,89.0,computers_accessories
b97f763397091be9d344874e6cd31028,1,137.67,129.0,perfumery
b96115c5e5fa5f083da5650e74411738,1,39.34,28.99,fashion_bags_accessories
b95d07d7e22e1e9badc878fd8ced3dd2,1,107.78,89.9,furniture_decor
b95ce147ff20af1909bd69a2901e39b2,1,236.2,219.9,health_beauty
b948a6dd0adccdcf3ea81888bf678924,1,80.38,65.0,baby
19ac68e14d04f4207dda95e2fd44a960,1,108.79,99.9,toys
19a20f150018f5e9df17c838f7139435,1,200.64,178.9,housewares
bac35584a4b6413380a74f9617e12379,1,286.88,271.25,stationery
babebd0af88094b11c6374034e7347f5,1,54.22,34.9,health_beauty
bab7ff9abbcc13690a62d015f2ca8e44,1,95.58,75.0,computers_accessories
ba92b5a0701d2f820ba6ca8f8c86294f,1,276.85,249.9,bed_bath_table
ba82e510acd9a0fe69a44cafea53f9aa,1,16.05,4.2,stationery
ba74c6b75d2ad7503175809688d5a03c,1,219.55,190.83,watches_gifts
ba71302e3a8b2129024487a3e54bc2fa,1,47.29,39.9,unknown
ba5fb4ab9cd70d201b74b5bad9d4ca00,1,32.77,24.99,telephony
ba5707ce3b56a880b7eb7bc826132db2,1,168.23,148.0,construction_tools_construction
ba52dec9207d2066d783571524614078,1,197.02,180.0,toys
ba4614e1cda7783e5c08d4372080d8b2,1,77.57,59.9,auto
ba453af64b21e4179a5635683be46d15,1,47.84,24.99,telephony
ba3f298a122a95c4928e8b8628e8520e,1,114.79,98.99,bed_bath_table
ba34539b92ec1baa3a9c108b81cd8344,1,108.03,89.49,sports_leisure
bb191b58fe5bc5a220db96fd387655c2,1,213.95,189.9,cool_stuff
badbf5d003888b6338ea8774b4ac9717,1,88.57,65.0,construction_tools_construction
bad02bda4c5cc1c81501022f3b06101c,1,63.6,46.0,furniture_decor
bacf2de8920bbcaf6f005a30d81391d2,1,329.97,319.0,perfumery
bace90a7338e9d31371ad47811cf4c7d,1,130.6,89.0,bed_bath_table
bacc5be083c3a7503fe1ba1392931b54,1,151.49,129.5,furniture_decor
1a428b685ede76217c9efb550c4aaa59,1,44.96,22.9,bed_bath_table
1a405418406359cc2b8815f93bf359c2,1,160.22,139.9,sports_leisure
1a37e7d1d8e98b3d70e6eb7d5deee99c,1,153.54,140.0,furniture_decor
1a264b7839c199ba4df21d5284492650,1,31.89,23.98,auto
1a0ef485e35802dd1d23ab5446cac458,1,259.94,242.0,cine_photo
1a0e58ba2d1b44924d3d7184ae40e575,1,85.24,69.0,housewares
19f2a215792dd5e7cfdffacd9f3d2361,1,55.09,39.99,fashion_bags_accessories
19bdd86ca06c5bcaf94fe9e856bd6a3f,1,288.72,279.9,toys
19b25267e01c8587981e55ec96673eba,1,93.41,75.0,computers_accessories
19ae992992da3f4401e014758f5d58dd,1,156.94,143.28,health_beauty
bbff7e0ea95dd990ce461d8104ee9173,1,2267.18,2199.99,home_appliances_2
bbfa49ac69fa06b8e7571151a08346c7,1,72.72,65.0,consoles_games
bbf76ccd9b620fb13136c95bc5adb5da,1,417.89,338.5,bed_bath_table
bbe8590c1225fbb6a477018283da0677,1,706.1899999999999,649.51,watches_gifts
bbdb487c5f9a780a6a574fe48ed37796,1,139.31,119.5,sports_leisure
bbd704063c23164b2674e893ac58d63b,1,15.19,12.9,perfumery
bbcf20cba92fac3eeeb994392f89569b,1,102.86,79.99,furniture_decor
bbaa976a69c3a1594ebc1fc560f62978,1,453.92,399.0,perfumery
bba0d9c4f470ff541dba7f02d791a4f3,1,606.4599999999999,579.9,watches_gifts
bb9a7bcdb8c9facc7f1262db27fb1300,1,24.16,14.0,health_beauty
bb77135946e78428a7a5634a46113a22,1,44.5,29.99,baby
bb7181410b4e02f93f3697f765db53c7,1,187.57,129.99,baby
bb6f30a0d7b5ea35ae9e052d52324002,1,37.65,20.9,furniture_decor
bb5d4ec6e4443ba8589bb940d5b2945f,1,503.68,449.0,kitchen_dining_laundry_garden_furniture
bb56f93a193b61dbb3ccc35c2cdd317d,1,111.41,97.0,furniture_decor
bb3542bf40cc975720ee44d03fcf0cd8,1,2105.57,2070.0,home_appliances_2
bc25318016b9db33106a908368443713,1,51.03,34.95,kitchen_dining_laundry_garden_furniture
bc14412610aee0e67600fc300c46226e,1,201.54,185.49,sports_leisure
bc137217dc0cb0559a1f46e0500f50b6,1,55.56999999999999,29.99,baby
bc072f287b475a918c00b3478d1bcef9,1,177.24,159.0,auto
bc055ae94989497c0d66bfa4263ccf61,1,72.67,57.52,computers_accessories
bc0246e1fa0a21cfceaed952d3e9cd38,1,135.59,119.99,auto
199f076c011ea5e8b546bff05d4f2477,1,70.92999999999999,59.9,furniture_decor
1994792a258088f40af8b4f4bd60d6cf,1,20.39,13.0,health_beauty
1978f38f6cbdcaf326ecbb4732f9f748,1,206.43,185.89,computers_accessories
196a8ebab62f48072dc189014d46a8d3,1,19.88,12.1,garden_tools
19629b1460e380638d4b9263bd31547a,1,340.96,308.5,electronics
195a72beccf48da20d71e2d7530b470a,1,37.77,29.99,health_beauty
194e74feac1f84a8ee5a517d4b3e107a,1,932.54,899.0,computers
194163a8a65a48a8c95623c399a9d4a7,1,118.88,99.9,unknown
193d170dd2f6849cf0cb92791a6a623b,1,56.040000000000006,39.99,fixed_telephony
192fdd97f716a6c79db0fdb15fadd854,1,189.51,179.9,stationery
bce551f6c568dca0b7e4cf5af7de7390,1,125.33,101.9,computers_accessories
bce474cc95b6e77657e10939b0b4248c,1,157.45,144.0,watches_gifts
bcc8dd5518ca336cfcdbb681592df5e3,1,115.03,101.88,toys
bcc4b932676146a860f295538caaff09,1,90.97,69.99,unknown
bcb815bba008d89458e428078c0b9211,1,56.56999999999999,48.3,unknown
bcad5b050c241af2fdc24c51556b297c,1,353.92,329.9,garden_tools
bcaccccaa0255d8132172dfe9c10ab2e,1,44.870000000000005,22.0,electronics
bcac6651b527e7de1413038c0df100d7,1,1019.34,999.9,watches_gifts
bca99cf9bf7b0bd7f56c29a6e297f757,1,13.68,5.9,perfumery
bc9f168ac01066f4f007d17ee4e2ea6a,1,45.01,29.9,bed_bath_table
bc9b777dcebf814cf56193dcef254448,1,73.8,54.99,health_beauty
bc86251d831265a9937ccfccecd6c224,1,138.51999999999998,119.8,auto
bc79c7b682c43251149b8546f189e646,1,55.86,44.9,bed_bath_table
bc4cd4da98dd128c39bf0b8c2674032f,1,1237.81,1200.0,computers
bc4c74766d34e4f4f9b803e75d1e689d,1,140.55,127.0,watches_gifts
bc3d15dd90a6794ea7710f1642aae319,1,201.18,145.9,unknown
bdb0b11a36aed4d0d862a7037c838560,1,1117.99,1099.0,telephony
bd9fca6bf4bdcbf4094d7bc11415dfe5,1,1119.6,1099.0,small_appliances
bd9d35f2bce5b870f79e5d7112a01953,1,57.93,35.0,health_beauty
bd7cab8de4d7943286634023cc06f8ff,1,292.24,225.0,baby
bd6e8cf9fe4122c385da2bcb9f979d5d,1,51.79,45.0,telephony
bd69e6d599b9a3d9c298617c14e46f9f,1,92.9,80.0,bed_bath_table
bd66403f5f11696c897a825d5235697f,1,235.04,221.99,sports_leisure
bd160228a5f454ada5a6b0354c96a0d2,1,248.26,236.0,bed_bath_table
bd158bef6c521e26c8af76664c4d167d,1,43.62,34.9,baby
bd121e63c181b55f2204d15c44795736,1,395.74,349.3,furniture_decor
bd0ac51dc93e62c4dbe6ca9d70a9b311,1,106.97,64.5,auto
bd08f3b4263a91e6d82b7ed0e8c4b75d,1,59.34,44.9,bed_bath_table
bd041552679986d30dd12e9cc32e3fa1,1,68.64,54.9,books_general_interest
bcf64c2356ded745b81b4348a8a763e1,1,121.47,89.7,pet_shop
bcf3aa04becb30e6279242e23dc516f8,1,67.94,49.49,auto
bcee0ddc3e34e3f03219ff29328f5636,1,47.68,39.9,toys
188d0b148e6d1c86faffe0d73c3f2dad,1,61.88,45.9,furniture_decor
188c2b55dbae7df073f4f4a24e232ce9,1,29.24,19.9,housewares
188ad420d63afdbdf6711580e40dfbb5,1,102.13,64.99,toys
be7f0912ba01126704c81b3f705aaaf2,1,172.84,155.99,perfumery
be59d6c35e43e4bae41772d4b87136a4,1,153.2,135.0,bed_bath_table
be55ae76be8824525f40695d49a5a7b5,1,88.83,76.0,agro_industry_and_commerce
be5353e2c543ba4f67831f95d3775420,1,27.68,19.9,health_beauty
be40dfccc49c5959cc0cc2f6447acc38,1,115.45,99.99,sports_leisure
be40b2de99172a1101c7dfc49a52d2cf,1,34.230000000000004,16.0,health_beauty
be3eb52ad733d7f7fff631a0cad35e81,1,179.38,165.2,computers_accessories
be19e1611a6015a66266d199ff3ccce0,1,88.58,69.99,consoles_games
be127a8a979cd5d591ea345f10bba28c,1,266.49,249.99,sports_leisure
bdfa2e2829c9ce3595af56cec003e9e2,1,77.89,59.9,sports_leisure
bddc1407637849d18d139b4012e4406a,1,86.02,74.0,home_construction
bdd7ae3003cbfd7704d3664e85201ba0,1,116.94,99.0,stationery
bdcb8b4ebca66cd01b512c0044f8258f,1,24.09,8.99,computers_accessories
bec7585cabd7834bae06fc5bd3475cc9,1,72.33,59.9,bed_bath_table
bebd15f906a87f7a83e9dc66896ff00a,1,150.26,99.9,computers_accessories
bea29aa4974e69f7e5873c7df0393b16,1,97.83,81.5,bed_bath_table
be9bda3f5667ecd07de6d194b60ddc01,1,183.64,169.9,sports_leisure
be96ebb16fae936ebe608daef14a2d21,1,126.69,112.99,computers_accessories
be92bd4ffb2aeb2776beaf42860ce0ce,1,380.4,369.0,computers_accessories
191c65cf8988d6fab9bde989aef39d61,1,166.32999999999998,138.0,electronics
191bdbe90160787e2232af92b5b53088,1,105.95,92.86,garden_tools
191bd142a00d0d95fa54118635886d9e,1,102.74,84.9,fashion_shoes
18fe664c1fb46f0c237ac8f434697d07,1,245.7,229.0,baby
18f968379c4898b794fcf83f317ba60e,1,330.31,299.9,luggage_accessories
18f0c077dff7331d813fd82f7dd05a6e,1,35.0,19.9,garden_tools
18dacb31f154c3607af782584f59b3c9,1,163.69,139.99,watches_gifts
18bbc803715ffa8ec1b58bd3f737fdca,1,199.4,190.32,computers_accessories
18962ffc781d31e8d995293458954e91,1,52.38,35.0,furniture_living_room
1891f20b2a27a8b700d7a7ff5a7a0039,1,36.75,24.9,bed_bath_table
bfc275f6de912665e4dcd8da32f43c10,1,111.76,97.0,housewares
bfa4ca2c253f707895fce02b4756f4c4,1,87.88,59.9,stationery
bf8193d8e1127957f3b82527c6d44c01,1,92.28,49.9,luggage_accessories
bf7a3359eeb43b9944c70293e4be896a,1,170.29,129.0,furniture_bedroom
bf645249c207bf3357cff89ac355a15e,1,55.65,43.8,fashion_bags_accessories
bf5cd6b613d9b11ecd53a9410e7c1f11,1,39.61,24.75,furniture_decor
bf53d80c6cb1cbf63ba17e2175d521a5,1,143.54000000000002,119.9,baby
bf467e0b677a9c83c0c71fc3b8f6f7d6,1,140.56,125.93,watches_gifts
bf35317e81a1e1477a2256328bce9e9f,1,71.56,56.99,perfumery
bf16de726d9f702aee68610fe171d70e,1,87.8,79.99,consoles_games
bf128711128b70eaa9e07df69e9a75e2,1,141.28,119.99,telephony
bef6177f54efb9a6218e124b629fc152,1,358.04,339.9,perfumery
bef13288a0f8b26d763411ced1dfa268,1,90.23,64.9,cool_stuff
beec9bc2305d3372fa3b3133ba3fd644,1,1755.35,1699.0,unknown
bee0c416b1b3ef44a263c18c47f76cda,1,45.19,28.5,auto
bed61c60f212a334dd0224469673c047,1,161.48,148.0,watches_gifts
c06d2c20b8ddf6d40c23294a6e361c78,1,159.1,144.0,health_beauty
c0603988d17e4588dfce0f7f01978557,1,51.07,35.97,bed_bath_table
c04ebe208ae260f39b376cd6ffbd0b14,1,52.62,26.99,telephony
c04dddb81af9afac2798f81e0ca7eed6,1,121.09,99.9,sports_leisure
c04b8195870068ff5c495f269a0bc993,1,68.52000000000001,48.99,books_technical
c04b6b2045c90dd226493e0413796f85,1,152.1,139.0,watches_gifts
c041a3fe1e9cf85721c1d1d054210279,1,635.75,594.9,watches_gifts
c03d44fcdfabbabd5185c8eb60f77aea,1,66.82,48.9,cool_stuff
c02a979508b4fbd64ce1db1ccd8dd6fa,1,25.38,17.99,computers_accessories
c0205b35b5e0f162b0dcc48572223b72,1,46.85,39.0,perfumery
c00f76b76f52037b0fc9f71fd8a7ac10,1,112.68,99.0,perfumery
c0047dd512738c1a067099c37b78f627,1,40.1,25.0,baby
bff67489d3a21dba020609ae1cbd65c7,1,206.34,189.9,furniture_decor
bfebe3af6798e21f14c80263db86b7a0,1,331.79999999999995,313.9,perfumery
bfd7070500b5ef628b0216d884d2bc02,1,26.28,18.89,computers_accessories
bfd0c7371a844fb057a67f00d67b4a66,1,45.0,29.9,construction_tools_construction
c0aed8767e46cce56e77db0ceef83035,1,99.65,79.9,auto
c0a3d13743c894a0bd017a85acb658f3,1,169.11,155.0,bed_bath_table
c07d367dd7b78b0558e7a3e1e1a975c8,1,440.71,422.0,bed_bath_table
c0704b7b41d23540e8576c5e84484dcb,1,49.37,35.9,health_beauty
18796df281656da4036dd926561a6030,1,95.67,79.9,bed_bath_table
1878fcfa202ce65b4bfaa9d16250ee86,1,150.67,119.99,office_furniture
18721a85f6f265d6137dfc0f88cc0534,1,76.08,59.9,bed_bath_table
1871f846d88e6b0632e1058b61d35964,1,52.69,39.9,telephony
186c635691c9437f7a3e928abd815213,1,73.38,54.9,computers_accessories
186052b3f166a0f7227e78b2d27652d3,1,181.6,159.99,home_confort
18409550226f40a1a8990fcd7e517c53,1,309.63,299.0,health_beauty
183c95ad186f48c320bbac4643829d3f,1,65.0,49.9,fashion_bags_accessories
183b0c895605218dbd34cdcfcfa8af28,1,180.53,145.0,kitchen_dining_laundry_garden_furniture
1837cb3869c5eca2fd665cffd1ec1854,1,118.17,99.9,consoles_games
183770fe75350bbf19c623927e1c0f72,1,37.53,19.9,sports_leisure
18301962305db63b0f3e995998075ffa,1,27.19,14.4,costruction_tools_garden
c18ac1d6cc053c0ec7296b994ae6ffeb,1,55.22,35.9,watches_gifts
c1848f7c08dcca8335a8e18f2d3f0ff7,1,243.24,219.99,auto
c18399e510fd09e3186d34f4206109d7,1,206.76,189.0,watches_gifts
c1678c7353738f1698430b8ea0d6a488,1,669.4,599.99,bed_bath_table
c166691d2e429a2e3ed641e29aaeb7f1,1,21.77,13.99,sports_leisure
c166595bd1ea20e060090a5b91145196,1,58.27,31.38,sports_leisure
c154ff1c4c87fe2e76bf46db6cd29d59,1,204.34,189.99,toys
c11485ba18bc927ccd486e58eaea6ef0,1,139.62,129.9,kitchen_dining_laundry_garden_furniture
c10d7c70907ad6d09ada0581ef6bf839,1,225.99,208.9,watches_gifts
c105ffe5631ecf052dd611db3693968f,1,181.82,159.9,perfumery
c0f22b22473bc776163846b49d650556,1,66.67,59.0,furniture_decor
c0eeedfd383f32ae9524a15a8898b129,1,226.35,210.0,watches_gifts
c0dab8b641584c5a4b8d600b5cc7b6fb,1,34.22,14.9,furniture_decor
c0c73d7ad5469efc6d40000a75eeee76,1,107.5,89.0,perfumery
c0c17f0a42c3ebda98f5805722969aee,1,75.07,59.9,telephony
c0b677cf65712618cd0d86b9303aa61c,1,91.66,79.9,health_beauty
17955d2806f5d00146744b206f2dee1a,1,45.01,29.9,computers_accessories
c24f692e0f20f854c24c31517610ba7c,1,269.08,260.0,telephony
c24d27905e6d1242d7366746a126e130,1,47.84,24.99,telephony
c2468c873ecd80413fb425d0db4b602b,1,890.59,819.99,auto
c23b47bacd44b878e3345d06ab5664dc,1,31.33,23.9,health_beauty
c23687a012b702cc7d231d3b07deb6e2,1,87.03999999999999,69.3,health_beauty
c233a2dd158de2f5877ef680906a2c33,1,207.24,179.9,bed_bath_table
c22eb1f87996d0da0b60271a9806cd59,1,218.97,199.99,housewares
c22d563bae38dd4598dc104eefa52224,1,82.41999999999999,65.99,furniture_decor
c224f464aeeb2c6af33f0682a181efa7,1,131.26,106.0,housewares
c21afe62d4629a660593fd9b5e6223bb,1,48.21,29.98,telephony
c1d6298abf132c4391d57e81599d415c,1,40.0,24.9,telephony
c1cf541d5b33a4b04ddc1c3be7aa1c86,1,48.16,38.0,health_beauty
c1cb3679d3aa242bb9094aa69ea47c42,1,378.33,355.0,musical_instruments
c19d5ba108c34b8255cf9a524da92bc4,1,90.28,75.0,computers_accessories
c18b9716f7bfbff80fd3e41cee298c98,1,22.29,14.9,toys
c3002d67c0b8c6449c3a80c1556ad8c5,1,95.99,72.9,kitchen_dining_laundry_garden_furniture
c2c951d6f458fe552a49dcd590bdb4a6,1,73.27,55.0,bed_bath_table
c2c4115f38ec8f43e1052cf0735e289b,1,120.18,99.0,furniture_decor
c2a241928535e097a96aa157dfaa86b5,1,275.83,259.9,home_construction
c2849941c090e1ee1732b25aaf01b397,1,307.11,287.0,watches_gifts
181abab3cccc131f868d3bc7a5b97fd0,1,88.28,69.99,furniture_living_room
17f1ed2a8b51d7dfdd9fec1ecc1c9abd,1,80.38,38.0,auto
17ec1cf6dc8dc7557ca34f1d64a93dc7,1,88.65,71.9,small_appliances_home_oven_and_coffee
17da5d80ea0eeabd565083183027d588,1,61.43,51.49,drinks
17d8b8e9c21ec0fc5b33724e32fe422e,1,85.85,58.9,bed_bath_table
17d68b6c1ebd7073e3689b9a26004651,1,361.76,349.9,computers_accessories
17d4764518c5a017b128060439d1559f,1,31.3,26.5,cool_stuff
17c9711cb08dc4757841afc6d4a239d4,1,532.5500000000001,516.59,consoles_games
17ad6786808ab3fedfb261a70a5932d6,1,145.57,129.9,audio
17ad136b7421ea8690fded631b651158,1,69.12,55.0,watches_gifts
17a1211f690515d1adf3300cd6278354,1,81.12,59.9,computers_accessories
17552c3e04bda2b08ac85c9c55137dc3,1,66.85,44.0,electronics
173e9fe34bfe97f3a5e6dc57fe897b74,1,77.27,57.89,books_technical
173d5a1b6c4ea4f41aafca840646d240,1,196.03,181.01,computers_accessories
17362fcfc13b829500dcd59fc4c02a89,1,419.04,399.0,fashion_bags_accessories
c36140521283624c2368a1f6c2fec1ab,1,113.53,94.99,baby
c355107c94aa24d4c2759b22041fa325,1,35.22,19.99,computers_accessories
c354569eefd558bf201d0aedf35608ed,1,66.00999999999999,49.9,bed_bath_table
c33d78b97260227119fb2b71be168fca,1,103.89,89.9,bed_bath_table
c3309944c260af795614f886c749e6db,1,71.0,62.4,health_beauty
c32884d4d3342f6417b68f1f46387a14,1,74.16,59.0,sports_leisure
c31ab3cbecdabf9d526d56d47a26c21a,1,100.17,59.0,pet_shop
c3182d1991c7d4859e8f39b6c45a026b,1,42.05,19.99,home_appliances_2
c31795158ba761acc612817d1c5760a6,1,82.34,59.99,pet_shop
c30c7fa239be1f5dc272ebd5345a91ea,1,76.98,59.0,pet_shop
c3099dfa5bca8734d228152d9c7d894c,1,109.31,94.9,toys
c30302f36e15f43c1b85c9cb002028d5,1,41.85,30.0,unknown
c389f712c4b4510bc997cee93e8b1a28,1,371.19,289.0,luggage_accessories
c3798d484fb730f0b5c23af0d5361595,1,19.29,11.9,cine_photo
c372010a1ffe3950b8fdfd365ea26d88,1,187.89,169.99,luggage_accessories
c36b3f0e13d2e953ee290c7ded304c57,1,171.74,154.9,watches_gifts
c36a269550e11c349965d2c033470074,1,133.58,119.0,watches_gifts
1792cba4f134a09e9450d6142fbe9293,1,71.06,49.0,computers_accessories
1789a1b00c33bec9db6e27b4848a5c94,1,110.3,99.0,computers_accessories
17865682ce7cccfe7dec02d1f74a8f86,1,120.29,108.9,auto
1782400950423c9b12600278b8ef65d3,1,436.69,419.0,perfumery
177f62b739076126a879238444ccbf02,1,618.75,599.8,watches_gifts
177d3d5bb9d4d29222a222e3b3554f41,1,160.81,119.0,stationery
177c3ebabe9adfcda1308c5dea939f6a,1,479.79,419.0,construction_tools_construction
17764de01dd9ad50ae317792ad2e2868,1,78.38,59.0,pet_shop
176faef125e3675b4eeaa6083ada61e1,1,31.3,25.99,baby
176b54e1ca47c0ec2bc2e298a76adf9a,1,117.79,99.0,health_beauty
176120d3ee50ae4945932ce1c6a70f34,1,64.05,46.9,perfumery
c43ab4269cbf91b373263db4c2973cad,1,62.01,45.9,cool_stuff
c41cb239626c439032c226463d082c9c,1,323.72,279.9,office_furniture
c415aad99ee06e0fe8a58c09d3598ef7,1,89.88000000000001,69.9,health_beauty
c414790bdf0857692c821035bc3f6a0e,1,76.45,64.5,electronics
c40b4d64d9a3328382ec1fc2948c4af0,1,62.68,54.9,telephony
c40b12e92be6aee40cc2adab6693820c,1,202.53,190.0,health_beauty
c403e106353e1aa40efe783ecb39ed7a,1,56.5,38.9,bed_bath_table
c3fb02b29695e526cd3988bdd55ba013,1,32.72,20.99,baby
c3df8a716bc06d8fed63c0ed6e2c904d,1,27.87,19.99,telephony
c3da6347b3df112e52de0d6f9443158b,1,506.17,489.0,construction_tools_construction
c3d5a66bdd6bd3a9c7b3b53a46adc4d7,1,36.75,24.9,telephony
c3b957b4e1d4cd8d595794d22973cae9,1,97.35,79.0,baby
c3b8f6be3507bb05fd83797f81f679bc,1,34.51,19.99,telephony
c3b271f47e73d0c9ccf1b43b7606c705,1,62.01,45.9,furniture_decor
c3adcd846a294794059da678fb939220,1,104.06,93.9,furniture_decor
c39f112a4f0d855bd197c065cb42eba9,1,441.84,419.0,construction_tools_construction
168b1b45c68037b0490157ee10540349,1,270.22,249.9,bed_bath_table
c4ff5e26b621356e9aa18a92f3743d55,1,28.130000000000003,12.9,baby
c4fc41aafff1435a44e93e06adc74bbf,1,68.7,51.9,computers_accessories
c4ee4437696f1885d323b41852fedc8c,1,41.69,26.4,housewares
c4e71b64511b959455e2107fe7859020,1,40.1,25.0,housewares
c4b5776ae19c3e9ee28323b38d41c72f,1,246.23,159.9,furniture_decor
c4b26e2f54cd0c158b3a8928968c80c5,1,139.98000000000002,119.9,auto
c4aa0ceec0529a29290c24f2bb490b3d,1,24.17,11.99,telephony
c4a75a5c2477e9b73590c227e72052b8,1,95.99,72.9,musical_instruments
c4a6de6225217d4539c861c0b6316d86,1,109.41,99.9,sports_leisure
c48c077b8b116d8da988077363070d9b,1,343.12,299.0,cool_stuff
c48aa9017e58836324227e1d2209e9ca,1,81.24000000000001,65.9,furniture_decor
c46a1855dd52a09f34d29d939a1fd975,1,1550.68,1514.0,construction_tools_construction
c45f017c36f9112a8bb4f170edfb1870,1,109.29,94.9,luggage_accessories
c44343d9d6d3551e161f3c72bfcbfc3b,1,168.82,149.97,housewares
c43b6a788906608b6116ed8198dae762,1,72.15,57.0,health_beauty
c55fe8cbb36a1353e443dc9e773b80da,1,40.52,26.0,bed_bath_table
c556dfe03a2efef617497a3de58cb44d,1,213.83,185.99,watches_gifts
c518e285e7aaff0537a2ad50dc3eceaa,1,41.23,23.0,books_general_interest
c50db74048e3d2e0d3d6dc83e1f92d02,1,179.97,119.9,bed_bath_table
c509d9cdf78468c910d844f16b29fc7f,1,66.1,51.99,consoles_games
1718ba9459e147186a7475f116526c99,1,660.8,649.0,small_appliances
170b033abb14ccc92a21b95dba58fa90,1,37.72,29.0,housewares
16e556eacc104de6e97b84512d426240,1,282.82,265.0,perfumery
16dd49ee10e688f75c41e83b4863f85b,1,122.75,107.9,bed_bath_table
16db4cae3a5ef838f492bd158ac9f69c,1,35.0,19.9,auto
16d096faa27582985f849f08370cf1ed,1,243.35,228.0,agro_industry_and_commerce
16cc7a098d176187b6d8e9519fa81585,1,104.17,84.89,computers_accessories
16cb37c8d7713ae295b4c1a92a3f338c,1,42.68,34.9,perfumery
16bf176650a888512655cc94f61860e3,1,64.63,39.0,watches_gifts
16a993ef9171a0380273f4fbcb0e8b71,1,53.24,34.9,sports_leisure
169e1fedd1319ca92e90e057e7123005,1,85.74,69.49,sports_leisure
c62b9187381d86ae031b0bac9ead4b3d,1,249.49,230.0,furniture_decor
c629f814c92825a1e5ec157ce8a25bd9,1,56.22,36.9,computers_accessories
c6147d11c322b6a63f0cdd8722be9477,1,63.39,34.0,home_appliances
c61066ec039ab5de17a7d3151f8806c0,1,35.4,20.3,fashion_bags_accessories
c5f80e9b4f6f51bc7cdb5d004643262a,1,211.03,169.9,health_beauty
c5f5b4b17e4cd989c39986cd0dddc018,1,87.36,69.0,furniture_decor
c5e9b73e5f4c644885862ba3e1137b57,1,217.15,199.99,toys
c5e31bcea566d7f28ebc011e9fee182f,1,59.85,48.0,bed_bath_table
c5d8b84a90f73bd09c30e71e76caaa11,1,103.33,79.9,market_place
c5b72065154ec27c2d1ed8a654c3348f,1,194.28,190.83,watches_gifts
c5a00e7e34e45fe4c79a38d102248b48,1,70.02,59.0,baby
c59f580bd1844c1f634ce410bda0a6ea,1,29.99,14.9,furniture_decor
c59a1dc190f9bfe826a1b40edb7593e8,1,49.47,32.39,health_beauty
c5944369a5cc96d600713f640e46ab5e,1,64.1,49.0,watches_gifts
c58a00c22983c35a40e549564aa0aafa,1,93.64,79.0,stationery
c56ecdd06c754c22fc5c5245d9502e30,1,65.24000000000001,51.67,health_beauty
167752e318335bf6bdd6906c4c470266,1,179.0,160.0,sports_leisure
1669a8ef7e316417da468a3599115231,1,58.370000000000005,39.99,fashion_bags_accessories
1666b6ce6543ea221eac0c273d4ce8d7,1,207.56,160.0,toys
16616beea59b12efb813aafa8b759f23,1,100.06,49.0,telephony
164a001b8c3c3be1c4c04f158bfafaca,1,408.79,385.6,garden_tools
164520f853fb53ecd0b55302c564f7ad,1,37.39,30.0,health_beauty
163da86e86f0089de089399c28c3fcbb,1,112.35,99.0,computers_accessories
163302a9e5ed53e2b3062577e254ce16,1,174.95999999999998,132.01,computers_accessories
1632189d4c3d9e64cf3fd110b93f1a19,1,56.4,41.3,fashion_bags_accessories
1629b469d01aadb4f92644039ad17d5c,1,37.38,29.99,telephony
c667317c8619402c91347027f2dadbce,1,62.43000000000001,39.99,furniture_decor
c65f71634a9d0de5b4a1d7dbb6d3ae01,1,54.57,45.5,housewares
c6563a7dfeba47f77da75352afb49d64,1,269.75,249.9,watches_gifts
c63ea4621680c1b0fca8864c0564bd78,1,195.39,179.9,computers_accessories
c63857f1b80521fbf01eb987423d0ccd,1,27.4,20.0,sports_leisure
c62bc42d383a40b285eee3f95240c817,1,132.95000000000002,114.9,bed_bath_table
c76c5091f2e4b72771beb812a07ef131,1,428.08,400.0,consoles_games
c765fb286266d05deb16689631d841e1,1,140.03,120.0,stationery
c760b9447b368feb545ae8c568e4c94f,1,196.5,179.0,small_appliances
c75d5edf6cf5302523d622c43a072be0,1,376.45,337.18,computers_accessories
c752f2bc46ad4b389290cf5828a1db62,1,39.23,29.89,health_beauty
c74a37316ea4fc5a410fc4ff2429a048,1,196.18,178.0,watches_gifts
c7466f1348d9a1e494343550ac3a2e23,1,192.76,169.0,unknown
c706d50b57c9e83293c2586d01f32445,1,66.91,49.99,stationery
c6eea384e62b799e78267eaeea987eaa,1,1902.55,1648.0,baby
c6d0daec0037d0ac4ee036ddff197b35,1,60.63,48.9,cool_stuff
c6bc6e6265a9e3e202b0e843c983e77f,1,68.82000000000001,55.99,bed_bath_table
c6ab3d8f4227913c4fa99e94ef84aa70,1,69.02,58.0,consoles_games
c69ee3d090e5c25f7e8633b164fc001b,1,108.42,85.5,auto
c696cd2db7870be08c37822f7c0ef831,1,514.35,489.0,watches_gifts
c695342500b74ff952db47b541726de1,1,19.77,11.99,health_beauty
c68307fcc510fdd70015276ba94cf5b7,1,36.96,19.9,health_beauty
c7dc39bcc7f9bf8a9b253b8727a0cde5,1,55.1,40.0,consoles_games
c7caa8b7b6e51a771b10a6565125b0f4,1,266.75,249.9,watches_gifts
c7c99e372ec2f873701c20e3a00ff29c,1,29.75,17.9,telephony
c7c27b5cbae5f0689560d8d154af7724,1,219.58,199.9,auto
c7b3cf9de7be95b3e09e7a63315685eb,1,125.77,99.0,luggage_accessories
c7a94c6dde9d81dc864941084dbdfe45,1,105.99,85.9,sports_leisure
c7a3f1a7f9eef146cc499368b578b884,1,1028.3,979.0,portateis_cozinha_e_preparadores_de_alimentos
c7963f30536d39f982fe6af66ab3e89b,1,46.2,27.9,auto
c795f412e17c825c7765adfdb4ecdc56,1,32.69,15.9,pet_shop
c78c6340ae7cb2e130f1d7dd49bd0f96,1,135.97,122.67,health_beauty
c784aabc6d8366b8fd85eaf9631cf96f,1,60.42,45.0,housewares
c7843df62cbb199241a00e90a988aac2,1,78.42,59.9,bed_bath_table
c77dfb9c5aa26053afa89e2f78e09719,1,508.77,489.9,fashion_bags_accessories
c777b9591e90c49e0745efb1051789ca,1,219.18,199.9,sports_leisure
c777355d18b72b67abbeef9df44fd0fd,1,216.87,199.0,furniture_decor
c770c3d5ab511e88a96d387bdb0b6ce0,1,75.88,55.0,housewares
c837ca3eaf5506275072300511cb7b12,1,60.19,41.8,health_beauty
c831ad5c44cdf4b4cf324dca0f4f6d8b,1,71.14,49.99,fashion_bags_accessories
c82a4bcc05f054e3084e20df4ee969cf,1,91.29,75.0,housewares
c81fba3eddbbb1ea8c6300e880673021,1,168.78,144.9,bed_bath_table
16042ffa9e13c9207641ee169b044346,1,81.82000000000001,67.9,small_appliances
15fdd6032f35d4add5066fb90be28630,1,104.37,89.0,watches_gifts
15de022edf1005363381e66bed514528,1,35.66,18.9,furniture_decor
15d9c7e1411ece24a0053b1e876e4d4c,1,704.32,688.0,telephony
15d8ac236009f0d5e74a5033a53ba460,1,336.32,309.99,pet_shop
15c30c08ae39469fbf52befff9569adb,1,195.0,179.0,electronics
15b5d9fcf84c060e00b0883def7d10e6,1,22.1,15.0,auto
15b3d4c8373cd64166af5504b49d289d,1,67.5,49.9,furniture_decor
15b0e8706bf37a95f2bb3665c4cc4c6c,1,167.81,152.0,fashion_underwear_beach
159e7e73295b609960c0797eb64b3d39,1,154.72,139.0,pet_shop
c8078bb7927143cdb008e3563230ca61,1,23.97,19.9,baby
c7e02747ef9366a4fb7f4ac4fd261c36,1,110.69,96.99,computers_accessories
c8eb5b2d7173db25ec9bfc54dcb4ccbb,1,157.32000000000002,147.99,baby
c8d415e06ebd7a37c7a5b4a18641ca11,1,58.58,43.48,health_beauty
c8b96022819f31119f1404ad2c3c1059,1,72.27,41.0,pet_shop
c8a4ec6d4201d92e157eafb89eab932b,1,89.55,50.9,auto
c8a4cbaafa1f0579063ec64cf40ae153,1,33.65,19.55,auto
c8a3354f3676a68d1d990112ee5f2b5a,1,38.98,24.87,auto
c8a1b14dcfbb5ab61591ab868d362d10,1,56.81,40.49,sports_leisure
c88f6f752875535d69510094205bab77,1,344.51,319.99,construction_tools_construction
c88cad677da134defff6855386125e28,1,242.23,214.0,auto
c88c6b94ef95d151a4c6043e26feae65,1,52.0,36.9,housewares
c888fc3b5c58172f23548aa2bb94a8d6,1,73.15,62.0,housewares
c87d290a69f27d78e303df61eb85409b,1,46.78,39.0,books_general_interest
c872a0597aebcf0777299db27d6d94d4,1,147.14,120.0,health_beauty
c866cfc3cef7412031f09f918ed2cd90,1,68.5,51.7,sports_leisure
c863f578eb77e9238bfc0db8d0ffa3c8,1,69.44999999999999,48.3,auto
c848bbf7ec73272cce4df7509a71afde,1,147.59,119.8,drinks
c91c24a6ec3aa0059e69656c4677e84d,1,217.01,201.99,garden_tools
c91906227d5fd5c07a47510e1651e46c,1,272.54,219.0,baby
1584ce1843990c0f62e353fd0478c2df,1,89.05,75.5,bed_bath_table
157ee978f4fcdf8984b0bb33a6687fde,1,43.55,34.0,drinks
156bb7508d25ad3108035c7ec3a3d2fb,1,69.06,59.89,stationery
15562257608ee6ca7974526ef79eacda,1,47.13,28.9,books_technical
15557c53492889a2b63e65df34a738ab,1,52.78,45.0,watches_gifts
1529199a7d88ac40cef5b4a508f18f2c,1,94.12,59.9,sports_leisure
1528d0673079ce2d79d29753b800d76e,1,73.34,59.9,health_beauty
1522589c64efd46731d3522568e5bc83,1,50.35,35.0,christmas_supplies
150c699262a053229e89213dc9c358d2,1,131.56,116.0,signaling_and_security
c917cd48f8178bc6e1e4bf902c7e0b83,1,35.379999999999995,27.99,telephony
c900eec3fdb80817c7bd189a548650b5,1,98.79,89.18,furniture_decor
c8f7df520102efbaf9927f5acf21b928,1,99.75,84.99,toys
c8f57335e06d8d4e73e34057dc92cfbe,1,30.0,15.9,telephony
c8f47078677998140708abd3c0aa15ec,1,242.02,219.99,cool_stuff
c9ea06f7fd4bd778e96031f46f60dfb9,1,112.33,95.9,toys
c9e5a053551073d27ded320bd05971b4,1,53.93000000000001,38.7,pet_shop
c9dcb2deb4a49214eb9e72aafd096eef,1,158.69,149.9,toys
c9dbe2eec19a8093cb5ac57486531c18,1,110.6,96.9,bed_bath_table
c9d067f785507045799795719e6e6131,1,1271.98,1141.0,sports_leisure
c9cfa62f6407e7bad1a59a8ad7255d4e,1,41.96,24.9,telephony
c9c95f9e62d83a9d190792abc83f6811,1,78.64,69.99,toys
c9bd28e8a4220af0723c7b7f97778681,1,143.06,129.9,computers_accessories
c9af29e8a0c52866bb2c9f5f6344d9b2,1,102.78,68.0,furniture_decor
c98f9b6939bc77914b077d6aa93cd97c,1,54.05,19.9,dvds_blu_ray
c988a235aba9c5a522df4bff0ef2a182,1,34.79,22.0,perfumery
c96dae58447b1aade5e8a7e28a87a31a,1,89.05,75.5,bed_bath_table
c9676685ee3aec26dd274549d54b85f6,1,44.77,31.9,health_beauty
c9599b4c6945cfb6df065039bf5f1555,1,32.95,17.85,auto
c956bde83b283fe27c438080dcb246c5,1,494.1,469.0,housewares
c92a8559445ec8f63ecf90c7dd910b7d,1,71.17,55.9,unknown
146e38440bfc14b0d923856ddac3709f,1,368.69,349.99,toys
1468c44dd6c3ecaa8e9b12a8a2a7ed0c,1,164.85000000000002,155.99,watches_gifts
cae4c48440297651e8ff3c2d58d314d2,1,417.16,349.9,office_furniture
cae2e38942c8489d9d7a87a3f525c06b,1,163.43,149.8,furniture_decor
caaa713799b547352795c831a14f1c3c,1,910.2,849.99,computers
ca92f5c2276bfd491db575cd9de5a70d,1,98.51,84.9,fashion_shoes
ca8b9b8192b5fd79de43cf6480c6cdeb,1,50.45,35.9,sports_leisure
ca84f66aece31f9e2298a1b53d9f39ee,1,65.09,49.99,health_beauty
ca813b8942f85ee66b7b16d0e3855c37,1,105.38,90.0,bed_bath_table
ca53753a29adfe8acad27ebef2eef9fb,1,123.56,113.85,home_construction
ca4b7ea1410f94107b9c97b09a6d4182,1,77.1,55.0,baby
ca3d7d7b66676d1731e2fe13b5243c43,1,520.65,499.9,cool_stuff
ca3c22c251a7108b6b122830eb0c60be,1,201.74,169.9,health_beauty
ca169d8dceee80e88508bc636a2aac96,1,129.47,114.9,bed_bath_table
ca078ba5884f07fd8e2ec7f7b13556f1,1,65.35,49.9,kitchen_dining_laundry_garden_furniture
c9fa6a0dbc5b979d8c99f38c3c9c912f,1,25.77,17.99,consoles_games
cb03e4f0503f45854e87afe535e0681d,1,368.6,329.0,garden_tools
caf4c19a55134cab8ebe2debd0f16e6d,1,124.0,99.0,stationery
cae8c962ad47ff05a508e6fec4146e1a,1,43.22,29.0,auto
cae7248e9bdfda82584faea19dbf793f,1,83.15,49.0,watches_gifts
15080188e14924ee2c15f19fd258c0eb,1,51.09,35.99,auto
1501b0033c68a37fa9560033a440e529,1,75.74,53.44,small_appliances
14e40526732f35d38620a487e0776b27,1,56.31,39.99,books_general_interest
14d171d5043b1b2e14498f580e6225eb,1,85.85,67.5,bed_bath_table
14bc0f89b7126bb00dfa6432d85340de,1,204.07,188.0,watches_gifts
14ae64f095e11f8010d2381ba2845cff,1,135.17,118.58,bed_bath_table
14ad6805c263d8d758d648f46a06570e,1,63.89,46.33,baby
14a174908a08ad7cfb56d3814d8e0ea5,1,114.74,91.3,bed_bath_table
149de4383ccb1829ea75380fc5f0b5fa,1,270.84000000000003,249.9,health_beauty
14814051ee1f5b23865b40f70a259d59,1,147.64,134.0,bed_bath_table
147df4d924f569e480fbd77099707f08,1,1101.83,1049.0,cool_stuff
146fed9eb1d0f9db43dad0c7c96fc6e8,1,83.86999999999999,74.99,bed_bath_table
cc03fe412a0cde1ba3de9ebbce01adde,1,154.3,136.9,health_beauty
cc02ea01817f1cb21e6708bc19f1ee20,1,154.79,131.0,industry_commerce_and_business
cbff1df298f7bfd7b65557cfc4133d62,1,192.16,168.48,health_beauty
cbfdbf24b32d9aceeeff3e9c77fd9d36,1,69.07,59.9,furniture_decor
cbecf0dca7a42c56c9ad9e20c74af1fd,1,96.62,85.0,housewares
cbe2aa650a14213dce463ed56755e979,1,92.59,79.9,perfumery
cbe24747d52ccb72f4fd7190c41aff73,1,34.89,16.0,unknown
cbc1321327e4846330530a9abcc13841,1,113.15,99.9,sports_leisure
cba54528d3adcef3c12d8e8b9a48bc17,1,58.46,39.0,bed_bath_table
cb9d764f38ee4d0c00af64d5c388f837,1,50.24,34.9,portateis_cozinha_e_preparadores_de_alimentos
cb9cc307a215ac435ec87b0f799e8dab,1,226.05,199.9,garden_tools
cb71b23bd70b9df12843e4dfb9ed09c1,1,62.05,27.9,computers_accessories
cb4ce8694660e0c90e4250ebfb0609d2,1,108.96,94.0,sports_leisure
cb43c6e1c451902b51f4f4ff512302df,1,56.45,45.49,electronics
cb378611bbb39f1716b4f0c335201448,1,436.33,399.99,luggage_accessories
cb0c2c97fb2fca149a11c2f14027895d,1,41.78,24.99,telephony
13a3c6eda5d4bac4227c158ff70f0a8e,1,186.86,152.0,fashion_underwear_beach
139a8ba50a931c4055ff072ef1817b06,1,227.47,209.56,watches_gifts
13944d17b257432717fd260e69853140,1,69.34,59.9,bed_bath_table
ccc4bd1600ccbb62e417409efc8301c2,1,88.74,79.99,cool_stuff
cca3a8714ce46539155f98fe944189f9,1,126.24,99.0,furniture_decor
cc74107a3eceb1b0c1c000edae5a8431,1,97.79,89.9,auto
cc6e31911e3db7f60e67069522872552,1,88.08000000000001,74.9,books_general_interest
cc63d91555437d9d8d9ae7bf007a1f2c,1,57.98,45.0,bed_bath_table
cc5c55b85ec65541272bea4b9895add4,1,79.02,59.9,stationery
cc59cf334461196527f790e5c9191ece,1,167.13,133.99,pet_shop
cc5004d18b1b9d795cb5043c2d75f66c,1,48.6,29.01,sports_leisure
cc4c16052222d5347726b1af1bfe7462,1,219.49,199.99,watches_gifts
cc3fa983a53e9876a42790033f06a9ad,1,191.17,169.9,cool_stuff
cc31a2f3eb3df109e2e7dba6b15da5d5,1,265.53,220.0,home_appliances_2
cc3181a81384b6fc34602d49cb6068a6,1,1118.05,1054.0,home_appliances_2
cc30e5a54e83c955899121be1223104e,1,76.11,59.99,consoles_games
cd2c0529e45020c77a7c05b4ef2408fd,1,78.78,69.9,bed_bath_table
cd20f878813b93b6ad1df1b299775b0d,1,160.12,139.9,auto
ccec880520770d791d004c9a1ae8b0aa,1,45.21,29.9,pet_shop
cce794ab6b84d0345332bb1910f9eb20,1,36.16,21.7,home_construction
cce55549bb816a12eba7ddfd637a961d,1,96.65,78.0,watches_gifts
ccd42132afae2f1f5bfd5e27549c6ece,1,84.46000000000001,65.9,sports_leisure
145978af3e89b318be0b717a0953649a,1,32.69,19.9,computers_accessories
145028037adecb27b1a58cf9597676cc,1,431.46,399.0,office_furniture
144b8110f0a755915d67660ab747d9d6,1,428.91,379.95,toys
144266e1585320d057797a369596bb8b,1,916.5,899.0,cool_stuff
1440c3493146c70f05302fa3edf1038f,1,115.86,98.9,stationery
143f3709e0b16bb2f1f5737e74ec15bc,1,269.85,231.54,telephony
143bd097a677b205de2380a93b1f1a99,1,190.09,169.0,construction_tools_construction
1427b126f61597524866770b05d4eed2,1,112.62,98.81,computers_accessories
14081f2d6a3ce46cfa9d852c9b1b92ba,1,153.9,139.9,bed_bath_table
13a7ea24fee9ef57c3b7b5b69d3b4cda,1,77.53999999999999,66.0,stationery
cdd0b7472213e44df3b48e96f8deee74,1,73.15,56.99,watches_gifts
cdce55fb5fbe6b24f00f27364a8afde3,1,76.73,65.0,baby
cdbbae093813d93184f3192263cb9bfc,1,24.69,12.0,sports_leisure
cdafffbe81c76e4cb8b1270523215c82,1,17.78,4.99,perfumery
cda960fc8a8987dd224a17dddfffdaa5,1,38.68,25.99,bed_bath_table
cda8b52b3a3d0574a74b18bc73da024f,1,142.7,99.99,furniture_decor
cda286f50f4576f72f1028b38870aedb,1,65.63,53.9,auto
cd9dfd413f60d6cdb25aa4a3e1960e59,1,83.0,65.0,books_technical
cd9895374edea6a67749d331b0b32070,1,669.98,649.0,sports_leisure
cd89ce90d4c33b04851f90bcf1ec521a,1,144.54,124.7,auto
cd82271424be9568801391194697361c,1,58.69,41.9,bed_bath_table
cd7f7f00061ea28ae06afc6dc5786cf0,1,88.62,79.9,furniture_decor
cd4536501f4e8486f233ea0c0e7e1ee8,1,71.34,54.99,sports_leisure
cd442924cc287cda38d9de01d285b263,1,175.06,151.72,health_beauty
cd3b8a153ef3be4fdbad9e011b7b35e2,1,188.56,149.99,home_appliances
cd360a9f341f57c25699dbac377f5efd,1,42.65,24.33,construction_tools_construction
ce582863190cb932e8a7f5515791c11e,1,141.91,119.99,auto
ce50ce6bd3918bddcce75a3014b560f6,1,339.03,319.0,luggage_accessories
ce37d2059b251687831f016e8698725b,1,111.33,89.9,toys
ce250e78def55ee3c4c8b8f708fcd867,1,24.79,12.0,home_construction
ce206508ba2f59e6c84d2c85ea6c8af6,1,40.86,29.9,furniture_decor
ce169d5f9421a6f21e41a7bf54d0b98e,1,36.88,28.0,musical_instruments
ce0a7865b299f784a6ca12dac0ec8649,1,105.72,89.99,auto
ce098d2a36ef6a9b6658f0ffd3e37ae4,1,44.1,29.0,watches_gifts
cdf0c921e5025a7ad81c1708b27393e0,1,96.55,57.6,health_beauty
cde89c19bf58d71bc836b1495a5ff123,1,58.88,50.0,baby
cde80dbf58c3a7c76f553442a9881715,1,119.89,100.0,health_beauty
cde3bb853ac754da1e3ab62b7c2593a9,1,37.23,22.0,electronics
cdd914e78124a73cc28a165cfc4a0bbc,1,117.45,93.99,books_technical
cdd68c0ef3e507db79631336cf9ec285,1,99.35,78.0,furniture_decor
cdd4ca17d0e8c9d9d322b1d11d76e876,1,105.28,89.9,telephony
cdd37c09b1f47401bdce0f38d3a7f485,1,56.68,43.99,bed_bath_table
ce8a29973a1fed3f8d22ea5514d9ea07,1,62.99,25.9,electronics
ce776bb92d4579d4ea61c2a009a2ab67,1,870.69,849.99,watches_gifts
ce7186656e3ec080cba4fb895b9b90cf,1,29.1,12.99,baby
ce710fd2f106cf7570a07aa47ee7395b,1,1071.1,1050.0,fashion_bags_accessories
ce5a5a85a0704113bd7fd75b3fbaed71,1,41.64,29.9,bed_bath_table
138d7037b59dcee052810952c983033b,1,166.29,148.0,sports_leisure
1377fd796465e86c4306ad7afc6a6dfe,1,279.7,269.0,computers_accessories
137464dece73fa2dbb54658dbc7aae58,1,84.63000000000001,67.9,party_supplies
137463a11feed96cfc9fbdd97d4e2403,1,21.75,9.9,housewares
13721c732d93346dca59eecba82bf07b,1,349.99,329.0,stationery
136b005b69367b661e552c94cd28a37e,1,208.35,188.9,health_beauty
135fb255f9873811c6aa6eba7fb17649,1,146.37,119.0,furniture_decor
134a6fc4a713a799266ebd6a4f4008d4,1,41.29,33.9,sports_leisure
1349eb7b72fc4394d408917c76464af8,1,27.73,16.77,baby
13384f6452c53eb1f29768dc57f75903,1,624.9,599.0,office_furniture
1305c16a9228b89ed9dc201c20df2363,1,266.4,249.9,watches_gifts
cf4f52b8f3c906f11d98e8866614f140,1,49.64,39.9,agro_industry_and_commerce
cf45cea95e6b4d46e80fe098eda10c8f,1,98.99,84.99,perfumery
cf37036bec6f6d8639d1cf0ac3f1d04e,1,196.92,179.9,auto
cf2653cf76be07fe57a84a492eaedf8f,1,21.38,8.59,christmas_supplies
cf1d8e226162a1d0ad61f29b7ed72d82,1,29.69,26.0,market_place
cf1817039c1c86d9f7a5991817794083,1,79.34,63.14,home_appliances
cf1709a941039d6e24f0dde0978570de,1,180.16,159.0,auto
cf1387ec1ba3615f21a7924ec648e94a,1,40.120000000000005,24.89,telephony
cef9d587c2c31442c9b95eef617db1f4,1,280.59000000000003,219.0,telephony
cef6b1cb351ebdaec947e31ad360f5db,1,119.57,99.9,pet_shop
cee13c9267bd4ee40fed850b5a4ecfa6,1,68.42,59.99,pet_shop
cec6b4ac0968c2cb31bf465a834aa831,1,183.73,168.8,health_beauty
cebed2cb3b44b298e374ec88155024f6,1,85.12,68.2,fashion_bags_accessories
ceb43e52119b25c8f2b6049a5534c339,1,80.11000000000001,64.9,sports_leisure
cea1262b2dd1dd56c1b4f1f1c19b14d4,1,242.98,234.0,home_appliances
ce9642db03eabe825b92638bd5d4aebd,1,91.28,79.0,luggage_accessories
cfc4861ae14c9e9e7679355f863c18d4,1,133.19,98.7,auto
cfc37213adcf7bc0a35084f70a312b13,1,501.5,479.9,musical_instruments
cf8c588a4b9b7599aa4807e78bbc65a9,1,17.17,8.9,computers_accessories
1302fd16bdfe85e523940c846370ef2c,1,349.16,297.0,construction_tools_lights
12ec40668ef038e5778938c846060db9,1,410.91,389.0,sports_leisure
12bc892d6fff0dc42c8177f3665ef00e,1,50.79,34.0,health_beauty
12b86b2eab3b8c2bbf01adc381aa96e2,1,52.42,37.9,fashion_shoes
12b5c284044adc0687a6ffbe84d317e2,1,273.67,259.0,sports_leisure
12b2d0d0afbc40130f01e2f2f591444c,1,99.65,79.9,signaling_and_security
12a46620105cc4bf4d193fed203ab9e6,1,283.65,259.9,sports_leisure
12760bcacfaaf1457bc36e601e26dc79,1,28.62,19.9,housewares
12679a5fde22662b441abe4f754345ae,1,231.6,195.0,housewares
12667a519a4a3094eab02f5841b07409,1,46.78,39.0,watches_gifts
1261bcae25b0000829246aa58e284a2f,1,100.62,86.99,toys
cf6db73155e09a3583117d7dbeeab445,1,55.01,39.9,furniture_decor
cf5ab1e4be449bd825ea57d64bed5f21,1,394.54,375.0,sports_leisure
d0807c73a4a44baf809ff7bee3ea5c97,1,76.07,52.9,bed_bath_table
d070415dddac66bcbc0a2e4f253c0f81,1,431.06,315.0,auto
d06fb43b1cd92ac61a438742cf40a1ed,1,60.07,40.6,sports_leisure
d06466afa11453b6450b70992c90ece7,1,229.65,209.0,health_beauty
d04bbac48960ecb7ea311b00ca6e1cb7,1,131.59,98.0,industry_commerce_and_business
d0349534ab9b46b98d13a53051310f24,1,84.18,67.0,computers_accessories
d0168e734683113fd73658071715084a,1,127.44,110.9,fashion_male_clothing
d01019ebab9a3f583fd32785518d8704,1,178.27,165.9,home_construction
d00f6c52d2730de05fb409f09ab6e732,1,52.5,34.9,housewares
cfef9c856c09723e61b5eeaed5aa2d55,1,60.19,41.8,health_beauty
cfe99a31516679fb9515881d25891570,1,47.0,32.9,fashion_shoes
cfe3de98710935b80905117b165e6799,1,138.42000000000002,120.0,furniture_decor
cfdea8fdeffa0be98a7e7d3e1dd71dcd,1,197.1,178.6,housewares
cfcb14e1f3b7ac5213b4e2ae7697598b,1,49.71,31.4,books_technical
cfc8376b91d04c43d4431abcf28d51bc,1,38.42,23.9,sports_leisure
cfc665b462ccc3a43b1a1283e678b1a0,1,78.08,65.0,computers_accessories
d10f7bc1a57ebe26d5994076f2bfa06b,1,268.62,249.0,sports_leisure
d10a774b4598f38e0313d45db68008eb,1,169.05,149.9,electronics
d0efdc4a1cc12f88f6a290fda8861fa7,1,57.6,40.0,bed_bath_table
d0b61bfb1de832b15ba9d266ca96e5b0,1,56.79,45.0,pet_shop
125d26eac85cf57783e2b545149ad38c,1,40.65,25.0,telephony
1234e5d27a954d308ea9c87d8106a8df,1,371.65,315.0,auto
121f7f44c9e25be4873ca9296542ebd3,1,83.76,65.5,health_beauty
12181424582d4d4233622caeddcae843,1,148.04000000000002,104.9,computers_accessories
11fe97e9c97411c66289ebbf9ddbd789,1,197.01,179.99,garden_tools
11de130b38213ed7f93d2af1e91bb771,1,50.09,34.99,bed_bath_table
11bbef4e2a44601d9dd471aa1fb433e6,1,347.05,329.99,health_beauty
11b062c710beb867b4897ff2728e828d,1,47.59,29.99,kitchen_dining_laundry_garden_furniture
11a8af1af041fa2d890e7922566feadb,1,209.11,189.9,fashion_bags_accessories
1191e61a83c807323c6c1cb5eac9ff3c,1,32.43,24.99,telephony
1190eb246390ebf377a858260f546a98,1,167.49,150.0,watches_gifts
d088332df74647f2fa0a24d226b5d784,1,34.75,22.9,housewares
d21bf4652c855ccafcf94116891cc7ce,1,164.29,147.5,fashion_male_clothing
d202f59ac5acd0b1dc1049b8b368cbfd,1,49.3,29.9,books_technical
d1f69b1b509a6f4e1fdca33101625bc8,1,735.88,679.0,watches_gifts
d1e76288230900ffd92f91ef0fe1b509,1,71.13,54.99,auto
d1cd40f9c1b59554cfa67b08073607fd,1,104.37,89.0,sports_leisure
d1b1a0e78589ee89279d0be1e4a8b905,1,87.36,69.0,bed_bath_table
d1a943978e5d919d1ab662b07c810dae,1,513.51,490.0,musical_instruments
d1a57f4402dbfe2cb1c271ad0da64311,1,39.42,29.9,health_beauty
d19c5ff1a4d4e8b0558536d57cf43cf7,1,267.05,250.0,costruction_tools_tools
d19284bf0893e07e80c26fe4ad33458e,1,177.61,134.9,furniture_decor
d190211dfdf3ec5ef8f1e5f59418dab0,1,140.63,125.0,computers_accessories
d1847c3f994dc0bb4d1248520ecb81f3,1,265.49,249.0,computers_accessories
d17fe0484ccf901623bfbcae6ab4aac8,1,18.89,14.8,cool_stuff
d1606c4563d5481c8020de798866465e,1,150.69,112.99,health_beauty
d159157f1837c548e960ea0e9b00b259,1,131.44,115.0,sports_leisure
d113b2e0de22329a327c5f133ec15914,1,71.43,59.99,housewares
d23d89e8971b610d32ca194a212ae44b,1,43.79,30.0,housewares
d23a564a7cd43e5169246cc8d2c8c5db,1,365.13,338.52,musical_instruments
118fa7a08a83564776c37433aca3ca71,1,50.0,34.9,toys
1179867d805886591809f49767db9ecd,1,131.99,120.0,computers_accessories
1178e5819b87e4a8846d636e39df026b,1,60.95,49.99,auto
1168ebbaa08c1f416c8c880dd470171c,1,100.01,69.99,cool_stuff
115bc0865dc675638645e1ab5311e30c,1,68.32,51.99,baby
11467aa972053382530a1b91591eae38,1,63.46,49.9,health_beauty
1146013b4da16ab073768dc76089aaa8,1,614.02,592.0,watches_gifts
113691e29d92130f086ef9c9a463db10,1,418.75,397.0,health_beauty
111e2f43245b193147270aba6d558129,1,22.86,14.99,health_beauty
111d0b1e69f349615615113cf6b275fa,1,38.59,25.9,sports_leisure
111110604c6d3718f07e26dbff3d46bc,1,86.25,76.9,small_appliances
d22f287512fb5bda6efc5c8e6216c6db,1,152.72,134.2,health_beauty
d22458d14bfebb37eee78255c5ff338c,1,207.57,140.0,furniture_bedroom
d221b0b65668b701135753c952b7a5f5,1,295.81,217.0,home_appliances_2
d3450bc0d7d9c8a11a079aa78614e3f3,1,22.15,9.8,fashion_bags_accessories
d339b523c298009f15d242a3a99392c7,1,84.06,69.99,garden_tools
d316be2b41acc6a122548a0d08570ca6,1,479.77,424.2,home_construction
d2ff5f62363de6bace21676323900d0d,1,147.29000000000002,119.9,bed_bath_table
d2fc2696871ca6b94af5deb0a8d5590d,1,151.3,129.9,books_general_interest
d2f1cd931c7b76fefa93547cc1b4881b,1,35.81,18.75,furniture_decor
d2f1978552a7604790fa5922f4345998,1,125.43,109.9,stationery
d2efc686acbf02ce6200ee423516f0d0,1,39.75,26.9,auto
d2d39433df84064b1556612cc52cefca,1,56.78,49.0,watches_gifts
d2ccecca43a34313f3599efaa858e73b,1,62.33,46.9,auto
d2b0f9cd5e31ed47dbf92b157c0cda96,1,220.79,199.9,sports_leisure
d29e5a0b39b09b0f48f685968cf4f833,1,71.82,59.9,bed_bath_table
d274714b715480aa8ca7fca7d2524233,1,166.67000000000002,149.99,housewares
d2686065b870834cc92605a5b9ec84ba,1,36.77,18.99,telephony
d26580768894ea0cdc9f19dc672956c2,1,187.63,169.99,housewares
d248fe1e952b5b5d62572369cc23ac3c,1,1347.96,1323.0,watches_gifts
d3f4f3de0f4576184674937d1e9cecca,1,56.96,34.9,toys
d3dc47db6d5ab70560dcba1eee4d01ae,1,406.04,330.0,bed_bath_table
d3d5a1d52abe9a7d234908d873fc377b,1,243.01,229.9,luggage_accessories
d3d2f358e7e92dbbbc0a37d0b7435253,1,161.37,139.9,housewares
d3d10495159bcc41173e3d26a273529a,1,65.84,48.65,art
d3c395bcfed8dcf4539f11fbc4094527,1,555.67,539.99,cool_stuff
d3abd6fb1e0f4add4d6f466dc32accc8,1,207.65,199.0,sports_leisure
d3a745c19c13090b4114427d782f6c52,1,288.27,235.9,perfumery
d3a735e40a3d006beb83b9b0594d3765,1,214.14,198.0,watches_gifts
d39315154e72bfcbb3b85863ecdc41d6,1,164.54000000000002,149.9,sports_leisure
d37c7b44350fea9327f32f3e603f682b,1,46.01,29.9,furniture_decor
d36d9ea1497c1e294498cc39df08a687,1,176.46,159.9,cool_stuff
d36c8237f8a0a889aa9d6ac7816097e3,1,194.0,169.0,unknown
d368d485a71290394dddb034555b8eff,1,155.98000000000002,139.9,fashion_bags_accessories
d35825dd1741eee134506022d73f4e71,1,98.35,79.69,perfumery
d34c07a2d817ac73f4caf8c574215fed,1,48.3,29.99,telephony
d43c65f300c5cfaae005f1f954fc0b15,1,96.7,78.9,housewares
d41e71b34a15f8bc2c7ed84561ebb600,1,576.55,529.0,computers_accessories
d41d8cd98f00b204e9800998ecf8427e,1,161.02,144.9,auto
d40414fc3936fb5397809610f19ccbad,1,72.05,59.9,auto
11059273f4bc1a293777e98c89807c62,1,135.49,119.9,health_beauty
10dae91e0aba95747e90280edeffe883,1,35.56,25.99,baby
10d13c18c631962fdc16cf4bbe67c730,1,243.76,219.9,sports_leisure
10cdbbacd25110d10f8cbe925ea7853f,1,241.73,199.94,furniture_decor
10be5827cbcb06a81f220d46dafd0af0,1,47.2,28.9,health_beauty
10adb53d8faa890ca7c2f0cbcb68d777,1,32.69,19.9,bed_bath_table
1095f63b46911593e051ed9a0d31fe87,1,37.86,28.99,fashion_bags_accessories
1095122297a4faeebb3dd2cb4c9b497d,1,87.64,69.9,auto
108e8b1d89ab5ff933c64882c075dcab,1,128.96,94.5,health_beauty
10876ffa7227a74d878729d3f6bea35d,1,65.74,45.9,pet_shop
1078e04ece7f1498a5ea393bf9c4eb98,1,36.09,24.9,housewares
107177bf61755f05c604fe57e02467d6,1,133.46,119.9,furniture_decor
d4d1de9db08cae166ea1a506ea87769b,1,32.85,21.0,computers_accessories
d4ad9721bda56413600c43c11006cb78,1,70.8,59.0,furniture_decor
d4a816cb2593a92590cabdaef6549b90,1,33.31,32.39,health_beauty
d48bacc1dcd9c86bf1ed4ed2a303336c,1,67.83,44.9,toys
d485889158fd6345611d5a386a0b77d2,1,122.01,99.0,cool_stuff
d47b66f4d980a10ae5c5aa2222928741,1,801.11,779.89,health_beauty
d47ac622fbf41c4fc51f979a13862000,1,68.38,55.0,health_beauty
d47821b10559fffaefcf3e57d2b5ff76,1,225.03,189.9,health_beauty
d472d40a9bd1540640ccc224d6d84319,1,27.29,19.9,telephony
d472a70d40f4f72dfd5f6024cfc89a13,1,157.4,139.99,home_construction
d4670fa6cc31ee979c4cbd5904e0562a,1,117.57,99.0,computers_accessories
d466e01b668c15dcefe2e800e1557ab5,1,52.57,39.9,bed_bath_table
d4604111a0a16806f51aec592303d857,1,55.1,40.0,health_beauty
d4548e7ab697993ec51d864766a8ea4f,1,167.64,153.9,watches_gifts
d443be168a577afdf50d59932d3b78c7,1,139.89,125.99,computers_accessories
d43f4e32cbdc4fc0a825ed4020475c82,1,168.03,151.0,sports_leisure
d540d228abea2bb0713acb40e4f3d341,1,274.69,254.0,pet_shop
d53b2798a5e86b8db90ea3c4855cb409,1,27.68,19.9,toys
d52d7fb0d4ea10cd52baa3255c5c0a34,1,155.72,139.99,sports_leisure
d517de1f2a8247cc1ea2951c4039ae20,1,90.55,76.99,toys
10575a1b638283f7cc928d01f29416b2,1,124.66,109.9,sports_leisure
104b9503ee57d0aa2cd3a6448f242636,1,80.52,41.47,costruction_tools_garden
103cc8c441a717d9a54fca312ae8ec3c,1,185.18,168.9,watches_gifts
103aed057190376889bc9e796affa24e,1,200.77,149.33,baby
10396249c30f74b20403120c8c3a49c9,1,510.72,495.0,watches_gifts
103704a4243ec0118742f6b229b029d7,1,177.6,119.99,sports_leisure
1029c7348ca63cafc3b859dec2d705d3,1,74.97,59.8,furniture_decor
1027d3061ac141bbb2ea003c63dc3d66,1,411.87,389.9,auto
10163fabc9375e9bb72a109272730c6b,1,135.49,119.9,bed_bath_table
1015f4f024ec3cd0f9516a779ece52dd,1,97.51,83.9,furniture_decor
1015bdc42b2ec0548e728cdc0ad72380,1,849.03,810.0,cool_stuff
d4fe034cde911805af12724d73fde7e0,1,85.15,69.9,bed_bath_table
d600d7ad2039ff6169fef341624fd281,1,69.7,55.0,home_appliances
d5f4f441812a9a67cf8fa6d6019192c8,1,192.55,174.9,health_beauty
d5f1e6bf4f37a9e1eb16ee83df2137fa,1,325.33,309.0,cool_stuff
d5ef840497eb48a751179b06d1efd063,1,50.32,32.0,health_beauty
d5ec248795e2538e7ea49158e34086e3,1,42.94,35.0,toys
d5de9e83335830f4597d314e63845eb3,1,556.42,530.0,garden_tools
d5cfc4570ec66c853873c3a7be07e377,1,249.7,229.99,telephony
d5cf2d1224d6d3a279dc2593f5a824fa,1,100.7,74.9,pet_shop
d5c263f4d651ba657c900ce70a4be7de,1,63.13,47.9,telephony
d5ad2be418dec48e9d0c4745e431c384,1,117.04,99.9,computers_accessories
d5ad1429503cdb3871407ed2e8fbf859,1,154.44,140.9,furniture_decor
d5aaa8920fc54584d11c60ca1c277713,1,50.13,34.9,sports_leisure
d59435f889321f310e2e71bdb3bd466a,1,41.88,33.0,housewares
d585c50d622ff40b4d69959caa42a5a3,1,86.17999999999999,69.99,health_beauty
d58020f0dc3b18e41728f846f5072a6c,1,48.3,29.99,telephony
d57df0660328af2e535fa009f227d575,1,147.18,139.85,furniture_decor
d688e1eb847d2f72892ede46001673bd,1,41.870000000000005,32.99,computers_accessories
d67dba1c3b73cd096ec52d02ba7f359a,1,131.94,119.9,furniture_decor
d670c0f6be30a062ebd8f8612ea82d71,1,198.25,178.9,fixed_telephony
d66a99b585f1db4d54930362c24882da,1,68.02,51.9,stationery
d6693a8a60b625f2c5eff7f475b5ed22,1,228.03,203.0,bed_bath_table
d66815037fba03ebe1e3bcb9967723aa,1,139.09,120.99,toys
d65fd7eff38689490b9831828dac8866,1,49.42,34.9,telephony
d65b6607952f9e0d705b1cbdc92ac027,1,61.01,44.9,cool_stuff
d654b576d9c9844bd7f6468421a38f48,1,195.7,174.4,auto
d63c71088e06ea00d66dc357cda91a30,1,135.49,119.9,bed_bath_table
d62404ec5fe357da9b6369b3b472f162,1,153.64,143.9,sports_leisure
d61cb9070ed7de8a2478eca9c8fc3d93,1,135.48000000000002,94.06,drinks
d6160fb7873f184099d9bc95e30376af,1,1260.76,1200.0,computers
d60c7a798d6fb6242ca9ace328f624e0,1,327.92,309.99,toys
d60c79092c4d9018a9e4f08f24b7a280,1,53.72,45.0,housewares
d6061ffaf719f75dd074a637c535b644,1,122.67000000000002,89.9,home_confort
0f6aa686ebf2fa68554cc24d4d29db5a,1,254.23,195.0,housewares
0f66dd888ff5af9eba17aa59be9870d1,1,124.77,98.0,pet_shop
0f5332231359f783330b784af1b8c3bd,1,57.68,49.9,consoles_games
d718131dc0f308e7971d8ffb7c504e7d,1,44.09,28.99,garden_tools
d70c831282615555625658baeb52eaa6,1,49.5,34.9,fashion_bags_accessories
d6fad98893f5848590aee04c63832cd0,1,29.06,19.97,bed_bath_table
d6ed08469f23517f07ed6bb451361298,1,165.8,150.0,fashion_bags_accessories
d6e7ac236e583af1e1543d8068c91676,1,224.44,135.98,garden_tools
d6dc2dcbb3ef25e47ef82f3c013ab820,1,283.91,225.0,home_construction
d6d88b596b8166f1094d9fcef020a074,1,83.53,70.9,computers_accessories
d6d34c537a75f1aed3fccfb9700a60a8,1,91.69,72.0,sports_leisure
d6be8874a210252bd164fadd394d9e95,1,87.72999999999999,69.99,baby
d6bcc9649c52a826c656563ffb87a036,1,64.05,29.9,unknown
d6b80738418fd3491b89c8d2cf5f8256,1,212.18,189.99,bed_bath_table
d6aa421b9567e3e2a3a0caf8fb846cbc,1,68.42,41.99,housewares
d69e906470f99256b16bee14a0268fd1,1,105.28,89.9,musical_instruments
d763e6048c898edf2640a38fcd29588f,1,123.18,99.9,computers_accessories
d75ee8bd2f182827d5a26a09ed584c9a,1,108.49,93.0,bed_bath_table
d7423500e1911ba5972c229b2fb974ca,1,85.22999999999999,69.99,consoles_games
d73a7e3009d1b8f498a0ffd3e8ae6565,1,46.64,34.9,bed_bath_table
d71dee111aab947d8d1216505f130d8e,1,188.38,169.9,furniture_decor
0ff5724c5f19f85ca8e95529a6340c3e,1,519.4,499.0,auto
0fdd1ea79f0f2ec81697ccd021d6d992,1,81.22,67.0,computers_accessories
0fd55f5dee013f990c929cd3ad6bfee0,1,427.03,409.9,housewares
0fd34234ad17b2324b58696fb78e6c2e,1,309.99,279.0,garden_tools
0fce35c0b7338bda3e52e2389f0c0762,1,167.73999999999998,149.98,furniture_decor
0fb9aa9a6103872d8f580d721e099f89,1,53.42,34.99,costruction_tools_garden
0faa4ca558654b554d4d09abd8fe33d2,1,29.88,22.49,computers_accessories
0fa8853b873ba06e7d27385fbb1411ca,1,278.07,239.99,office_furniture
0f9a07df17934769a978a9b2917ba8a3,1,212.41,199.99,auto
0f8977d115c52d93a05dd4eb7052baff,1,172.92000000000002,159.9,bed_bath_table
0f6fe4862e89ffc00d229ccb2fc46159,1,118.7,99.9,health_beauty
d87ee5661dc46c5bc7bc19780f6f8360,1,235.28,219.0,musical_instruments
d87815e398ce1204e5981c427c03291f,1,63.06,51.2,baby
d8722b339cfc97d60ea267aaab121c39,1,138.15,99.9,auto
d86963242e7dda7eed04f57e492ed655,1,91.18,74.9,toys
d862ce2954329a2af9498e8568ee9b1c,1,169.73000000000002,149.99,pet_shop
d839c79a48d4a34a404b96085446aaa7,1,207.7,194.0,toys
d82b7dd1b80c3f47c767cbae71a9b3e3,1,33.79,17.0,musical_instruments
d7f94e8a47066a6a4ddb422718f59531,1,59.96,49.0,perfumery
d7cdea99e6f50310c242d02f16f1f63c,1,553.72,531.9,watches_gifts
d7b6379f142a6f28f8fc5af7b33d4b70,1,213.51,199.1,computers_accessories
d7a42ef000dc154cf36fc531bab116c4,1,42.0,26.9,cool_stuff
d76dcd59eaef6fc632b11f0d48e107e2,1,125.2,109.0,toys
d76c049f36a5b4975aa3cf095a6fa499,1,147.69,124.89,computers_accessories
d76b0c7f80641d892f4e650e74e4c120,1,59.0,49.9,health_beauty
d767651561474e5b08ee9a2674146331,1,35.68,17.45,books_general_interest
d766964397625ab68a48b7267bf7b04e,1,438.19,399.0,auto
d93d7e81a8d724c4ef661e75647cf325,1,169.51,151.2,baby
d934d5a5c12e50df26c0669f578e2621,1,68.12,53.99,computers_accessories
d92cda0cc0ce2758750a52b1a1dad05d,1,365.37,349.9,consoles_games
d92cb9e1e8b1ea99285f24efdfdba088,1,33.33,24.99,toys
d9235fea02ba3f9fafcd78d898ac4355,1,132.56,109.0,construction_tools_lights
d8f2a339e6fa69ebf411e198b618e979,1,624.25,579.8,housewares
d8f254be723da6488610b42935533b05,1,86.76,69.0,watches_gifts
d8e8c5f6ab9f4c0214127182ca234525,1,216.29,179.9,furniture_living_room
d8c83b90d022e897454430e70afdc5d3,1,153.9,139.9,auto
d8c199ae0fce3ce0ba91596db04910be,1,73.87,55.9,construction_tools_construction
d8b6376a7527727f3f1d4a92dc155a6e,1,468.63,409.0,sports_leisure
d8a3475446775b8e52583329eaebd38a,1,812.76,799.9,telephony
d88d701f11e14213198868c769856a38,1,119.8,109.9,computers_accessories
d88d2f4938825da4771d7972d76c5da7,1,311.19,180.0,sports_leisure
d881c75404b591b0912840f5401ae57a,1,643.33,579.0,watches_gifts
d881b7a2ce3e484f379f751df4c709ce,1,32.77,24.5,construction_tools_construction
d9cb2ed0c6d5ccdd1da7ae9e8cad120c,1,116.16,95.0,housewares
d9c379ab5377be590da568f41cd3c49d,1,234.84,199.9,air_conditioning
d9c32c8680c2426cade754f10d61e5d8,1,242.44,223.0,watches_gifts
d9ba932a269adb3893a1d7e53161c7d2,1,609.24,590.0,health_beauty
d99a9035db5875b38e59f9f55b9548f1,1,273.88,229.9,furniture_decor
d9933dd922fa78131c80a6987a707f9a,1,49.81,26.9,auto
d9829478d893607ea2b8d26c7f546a3f,1,19.86,8.9,perfumery
d97cfa719a6198d4a66453e0c6ed596c,1,89.17,73.9,fashion_bags_accessories
d97a2cd1d784e47c2ff7e14b54ebb6e2,1,75.28,67.5,auto
d967e722339b5694c236717a78497634,1,69.12,59.95,home_construction
d9545b3e8df3155bca5b302d0f7c3c1c,1,364.91,327.49,computers_accessories
d952c09021388fd5b1e5f914f559fb10,1,39.39,18.99,telephony
d9524ab5892f79d3de3870697ad7b25d,1,99.43,79.9,fashion_shoes
d951b7ee80638f0b34111a091327be42,1,19.29,11.9,perfumery
d950ce1f38b6772552be4523baf94c7a,1,73.34,59.9,health_beauty
d950221a89e7555306dc5daef996e134,1,110.98,91.99,cool_stuff
0ee362737f0fade7293e5a4f375f2446,1,149.09,129.0,home_confort
0ecb699933e1e9cc336bf7569ad72e84,1,52.59,34.99,furniture_decor
0ec96e6d31a1493b0475805c9ae1a0a2,1,187.43,169.0,furniture_decor
da97969972a524bca894f97ea6bcff90,1,46.01,29.9,auto
da7da0c2d3f2dbb32bee4ad3cf467fc6,1,43.41,17.0,garden_tools
da7813106f94601e6022f50017299e2f,1,132.0,120.0,computers_accessories
da6f9d8ce4950ad572b7b4fe7d7e6c90,1,123.87,97.9,health_beauty
da37b1e69fd193ddbdb8721c9079656b,1,182.49,164.9,cool_stuff
da1ff964ecbb4df51db9322cdf7a4a74,1,435.21,349.0,computers_accessories
da1dff19d0c764f3526003e9af3f35a2,1,131.67000000000002,113.0,sports_leisure
da16d51397a128691eb2fec79f2daaf0,1,138.03,126.52,health_beauty
da09111354db562f50dffb0476a96828,1,43.41,35.0,food_drink
da08cfe6c77b65a07d8396113d827f18,1,167.19,154.9,stationery
d9fbc33029641ba345b15a2c8dd86f10,1,157.1,139.0,bed_bath_table
d9d5e3c7a8d24dfb8968ba75e4313ac3,1,64.28,50.9,luggage_accessories
d9d319caa9e0b2993d581f53f036ba72,1,109.18,97.0,sports_leisure
daca0700540caccd14072597536e3632,1,39.04,19.99,auto
dac8681a7a366f747f42546e4922ad41,1,245.97,209.0,baby
dac3640f6d34332e47555c0f1c5cad27,1,451.11,430.0,watches_gifts
daafec509b3be08be40be8318dcd1b79,1,76.75999999999999,59.9,bed_bath_table
daa528ea6aa4a90c32c4a2ce98ee3a9e,1,89.79,75.9,home_construction
da98cf62c7fe9452761e782902ad71a2,1,80.21,61.9,home_appliances
0f4dbfe93fbadcce71e1edce3a3e30f0,1,16.33,13.0,unknown
0f3f3612d3a594da318f0f7b175a9c14,1,215.27,199.0,watches_gifts
0f3de29f8370072525a20385ebbe889a,1,658.43,629.0,watches_gifts
0f370babdc8148e1dd9d4bfc3235982a,1,63.1,49.0,watches_gifts
0f3288619c16188d156acc3ba91f36ab,1,34.42,19.9,sports_leisure
0f025e441822f059a260a6ec3001ec0e,1,64.13,45.9,bed_bath_table
0efaf4b155c6545bdc426ec0722cceaa,1,135.57999999999998,112.0,toys
0ef8c1b31d81d6b4453f70a61321f73e,1,143.32,119.9,pet_shop
0ef509449287240ee39e57b7eb630202,1,52.34,34.0,sports_leisure
0eeeb45e2f5911fd44282e5bb0c624ff,1,11.56,3.85,music
dbaee28f4ee64465838a229582d77520,1,62.54,54.0,construction_tools_construction
db99498f1d7048253b27cbb54916ec1d,1,234.61,196.9,office_furniture
db96ef2aef93a5a96d1e3296a32648e5,1,452.33,429.98,agro_industry_and_commerce
db8ed3d08891d16a2438a67ab3acb740,1,157.19,133.99,bed_bath_table
db8d62bf1bf1d2dd880c99b88ebff3fb,1,37.23,19.0,auto
db858d1d14f31fbf7f38036ac7a3fcf4,1,87.97,75.0,telephony
db8416b29581dc9ccea5e43e59fda317,1,172.25,114.9,perfumery
db7e6804f1a8206a7e51c9a741a09d9e,1,226.99,189.0,toys
db753afa921ad9943950ac46194a0031,1,50.63,25.0,telephony
db6796aa712a2626572bb3d0b9a039cf,1,75.85,52.9,bed_bath_table
db6677c6f890ba1730c0b75bd8132579,1,82.47,59.99,health_beauty
db51982bc43b26164c29605b8ed140d6,1,49.78,32.99,fixed_telephony
db4b70dd871dc731288f44fccae1ee42,1,91.05,79.0,bed_bath_table
db24f4b59ec4a5a89de0203cc7ce4287,1,32.0,16.9,auto
db1e6fed56643b852af3132d255d9ddc,1,342.07,299.9,bed_bath_table
db05baa32930ca5fbdb515b0ff8fba0d,1,331.66,320.0,musical_instruments
dbdbf17a51049bf883b4d622a357b75b,1,126.03,75.0,auto
dbd55362ec13c706503b1c71a5068a1a,1,112.13,102.0,health_beauty
dbc9c9f4ae0364b6f8023f982651cc82,1,112.99,98.9,sports_leisure
0eb5d1d033dcdd7b9b11658ce84ee8e9,1,124.52,110.0,pet_shop
0ea4159212776c6cc70d802d45145353,1,32.69,15.9,bed_bath_table
0e9083f06ff39f2cfe1ba2c8f589f591,1,296.93,239.0,housewares
0e87ff05afa3ddd73b7920ff4587e0a4,1,231.99,199.0,cool_stuff
0e687d00ba3214b4aca6397a14d49373,1,189.15,159.0,home_appliances_2
0e669e3efedd9f3ab75fcbe334e1177e,1,152.19,134.0,toys
0e621085968d9a9585ed3c2c204825e2,1,478.56,459.9,health_beauty
0e5955fbbb16c3f92127ac470386ea88,1,60.37,47.0,computers_accessories
0e429613002a4b7dfa4554005e2ab8d2,1,209.3,193.2,home_appliances
0e3f5da3b1d7aeb2b1aa661a99c4788c,1,62.68,49.0,furniture_decor
0e362037e5f02f62c8ce89f49cb9d520,1,56.69,39.9,perfumery
0e34187d4312b97b5e698836d28ed040,1,215.15,199.0,air_conditioning
dbb58fe2ee04b51f23e257a03e006da8,1,70.03,54.9,auto
dd0a1a6e42db956ce68fad9bbfd7f35c,1,75.11000000000001,65.9,sports_leisure
dcf0f4c00270e4e71c868cbfedff1e9d,1,127.5,109.99,sports_leisure
dcd7f9e6e4d98a3142c0819c124bacfe,1,385.13,369.99,small_appliances_home_oven_and_coffee
dcbdf52239601eca861bf0d1aa598fab,1,41.11,19.57,telephony
dcb7642f668e09b75d526454940124b9,1,20.22,18.07,telephony
dca18a6e2fb6da75092ed874094ed7b6,1,48.68,31.89,telephony
dc93254d4d00a9ff3b05490e585e5376,1,150.38000000000002,138.8,toys
dc861f18267cce21f3b70f9f7990b8ce,1,1090.68,990.0,health_beauty
dc6fe08afddfeb23ce334ce4cf5890eb,1,43.87,30.99,health_beauty
dc68ee0fcb033a1ab6714fbb5db60c15,1,297.27,249.0,furniture_decor
dc58d5459e21851dd9acdfc10a621159,1,44.24,34.9,housewares
dc4adbe80b638fa8ed7ce4d2822e05af,1,133.04000000000002,119.9,toys
dc36a7859b743d8610a2bbbaea26ece9,1,258.33,249.0,furniture_mattress_and_upholstery
dc3503150b2bd7dbbb59168d88cd7550,1,65.00999999999999,48.9,luggage_accessories
dc0b50beb0d276fb3eb4c7a5cb177f46,1,110.51,98.8,pet_shop
dbfc3878e8b8a96816236363e132e6e3,1,34.09,19.99,telephony
dd4e0af4984c994583afeb8ac4ae7eb3,1,41.49,33.99,construction_tools_construction
dd4bb630f241ce3910d9595b395efeb5,1,136.16,128.0,pet_shop
dd2f30521d540d49a7f2b94cbc99a4d1,1,82.9,59.9,housewares
dd2ca29c9d0f93d3b1d28d7d7ee3025c,1,143.49,99.0,furniture_living_room
dd0fc08054600c8e6c078d6df90ee3fb,1,125.88,109.9,bed_bath_table
0e1eb22d9c8c83f1bfb714c149110481,1,45.0,29.9,market_place
0e0b3c0d93556bb5357924c59cad48c9,1,270.89,254.9,bed_bath_table
0e089f539eaa543b2d6e4b4b4e128a3b,1,162.15,149.9,furniture_decor
0e0487ef680ae92e064423238d1b4c05,1,59.06,22.0,electronics
0dee0be4ceb243fbbb1d185e5f08012d,1,96.22,79.9,computers_accessories
0ddf5b8a3a2a417e9ec403ddd8a59446,1,89.8,59.99,pet_shop
0ddb2f7b7b817ea4239bfab24f67f742,1,250.87,229.0,electronics
0dd71bad88beb4fe0f85284f5b06e028,1,167.14,159.0,auto
0dcb1adbafdcc389972874b01fa249b8,1,60.69,44.9,sports_leisure
0db04bfc9ca0d0dc2c530e7f2d023160,1,52.47,34.5,furniture_living_room
dd0c5ce67727fde645d9a6c8cdc4970d,1,44.09,29.99,electronics
de26d4014234181730a1143f75dad0e7,1,55.28,12.9,health_beauty
de2505e32f3a22f6b80bb58d798c4ccf,1,122.57,114.9,stationery
de1dab31e5f3737cd024f5fe44743fa9,1,143.12,127.48,sports_leisure
de01db017586d557505e72625f9f49d4,1,221.88,199.99,bed_bath_table
dde4ee07394921042ef5e8267cba1cbe,1,28.01,19.9,housewares
dddeb2ee7ac86f0b08c51249f8f329ec,1,51.61,39.99,furniture_decor
ddcb7473fdc5368c019e3ef6fbde816b,1,65.19,50.9,auto
ddbb759beb54e5f4ce6e43018cc6d2ec,1,175.21,160.0,health_beauty
ddb73ecd2a301a87fa538fa0a33d4112,1,32.82,23.9,electronics
dda373e611cb942842a1c248b163c3aa,1,139.61,124.99,watches_gifts
dd8ca29b3cd0a856ebeef8ff057c1659,1,111.43,90.0,auto
dd89d65fbdcdde1b2dd534d255797c71,1,108.11,95.0,health_beauty
dd841bf589f05e0948ddb0c8d2c749ab,1,137.07999999999998,119.0,furniture_decor
dd6701abf8ccf81f932abdb773d15b15,1,22.68,9.99,stationery
dd650fe0148b47c3adedb593cda2c6dd,1,178.92000000000002,120.0,drinks
dd5a5e7b2b76089d6415070e8d6d5456,1,238.78,225.99,housewares
de72ea95a1cd05b1a597d294a425be57,1,826.29,700.0,auto
de72026142ffc78ea7a8d6ce739056b1,1,121.38,110.0,telephony
de7034010d180a33f04a16b235281265,1,42.27,28.9,computers_accessories
de62b43aa8f2f2becaa227a4132b2aef,1,217.96,199.99,cool_stuff
0dabe0ee04aa9d25592cbb5b585e698c,1,420.53,395.0,industry_commerce_and_business
0d8c64a12c0e49b2515674c031b965a1,1,69.16,55.0,furniture_decor
0d826eba8e0a2ae3bca9e3a947dd756d,1,207.9,149.0,toys
0d60ec9cf77726af8257bc483d038a72,1,124.35,94.76,home_confort
0d5837a2580f92e18e2d1b5f7fa70c2d,1,493.51,399.9,housewares
0d04a8284bd80aba2723d62bdb330b4d,1,50.86,39.9,auto
0cf5798cf0a69ca39b286d63dd5a9501,1,3351.35,3099.0,sports_leisure
0cf573090c66bb30ac5e53c82bdb0403,1,73.58,59.0,telephony
0cf2faf9749f53924cea652a09d8e327,1,57.47,33.9,construction_tools_construction
0cf13ac73dbcf6586ba63b89dd1f780a,1,63.11,47.0,furniture_decor
0cc13a424dc207f8c4d3b26ea1cd384c,1,370.72,349.99,furniture_decor
de480e3ae31eea2d2d97d694c43172fc,1,44.0,28.9,computers_accessories
def8b2856a5c8fea8715aa849a198cd4,1,88.58,69.99,toys
def59eb2e17b32b980b5341984f6b500,1,37.51,22.9,pet_shop
def3587f2a221b89fc8f342e858b2176,1,199.73,149.94,furniture_decor
def080e33b38a4c756347d4665b40a7f,1,322.17,299.0,music
dee88ebd74f8109d7dab6d12d77a7a64,1,142.20000000000002,129.9,toys
dee86721a08f1d5b57abb73f61eea265,1,52.78,39.99,bed_bath_table
dee46ab618429cbd3cdf24b2eb4c7f34,1,61.13,44.0,construction_tools_construction
dec4cd5561ffdae063f94385555a5683,1,1298.1,1275.0,watches_gifts
debefa981200019b8c4a45d0176125a6,1,134.18,112.9,bed_bath_table
deafa3faa1b80a845f4fbfb3ffa5d0b8,1,249.29,232.9,stationery
dea837d4f3f30b541725d258c15e4ff1,1,78.3,60.0,sports_leisure
de99a4603fe6d195354676f800253ae1,1,154.55,141.12,baby
de984954e2e130136bcf8988bc973d90,1,209.21,199.0,musical_instruments
de916cab431520b8d1980c24bf4dd473,1,22.21,19.9,toys
de907886b218bfa2e0097c1fdff81785,1,51.83,26.99,electronics
de7e97827841985dae27ef4c4769da95,1,169.72,139.0,auto
dff088846d1141979916ce5c7a4c1d52,1,235.19,219.9,housewares
dfec64aac9b864b2807a7be33222b75f,1,105.54,84.9,bed_bath_table
dfc9d9ea4c2fbabe7abb0066097d9905,1,201.65,179.9,bed_bath_table
dfb92838905ead933a01256a80edc894,1,361.17,320.0,sports_leisure
df9a33adaae6a97fd84067deb1074b6f,1,38.27,29.9,construction_tools_lights
df969ce58d2f301f941a09bc75558cd4,1,35.68,22.99,baby
df892547f0d5bb0c35cf26abc8e93d8d,1,71.92,60.0,fashion_bags_accessories
df7dd741f55a686edccf22700954e1d5,1,111.84,99.9,market_place
df6e62772d439c7afc2d284339cf9425,1,36.25,24.4,costruction_tools_garden
df6d00c24fc224b84e9ad17708d0f4d7,1,62.49,43.0,bed_bath_table
df5a9191c2465bb6f8538b6b3371e019,1,83.72,69.9,bed_bath_table
df4495e4ea59aae2f22d349cf4b9ab19,1,233.93,180.54,watches_gifts
df3a82b424a1bb351c314547f6644066,1,87.03,75.0,cool_stuff
df1d7f15348e965b342ce28a7feba374,1,112.73,93.97,auto
deff29051b7f3eb939ef8bf8ca0e85a2,1,122.89,109.99,health_beauty
defb79b2269c0fa7bad01b2635aff113,1,63.41,44.99,furniture_decor
0c5b17c1b54fc1dc48752ddb8caab6fc,1,85.65,66.0,housewares
0c53752695db72c0c10c14f6b89322b9,1,201.82,184.9,bed_bath_table
e09b8cac0ce917d36559ef40c1d17a37,1,221.79,199.9,bed_bath_table
e074a31cddeee80c21fc613445def7bc,1,595.3,569.0,health_beauty
e05f6c9ef4c09b0023547314e07c5d64,1,138.41,119.99,cool_stuff
e03f4e4044f06ae9349b2f891e614923,1,69.03,54.9,fashio_female_clothing
e03f15d18d2bd7da2bf129890fadd8db,1,63.09,47.99,bed_bath_table
e0352fc1b2c93712f1772fc4b0204db7,1,147.34,129.99,office_furniture
e034d967d446f193a9d72f30a282c312,1,589.75,570.0,unknown
e025f288e09da35a510433c3180b10f1,1,78.97,65.85,construction_tools_construction
e01d7d6a1fbdf0aae35d34fa66766399,1,41.69,29.0,housewares
e0155093e5732c2307de4c66394a72a3,1,22.24,14.85,computers_accessories
e004a3b7f9524967fdb68bb70f850eb0,1,803.92,730.0,computers
e002889aa3b0026aa7dd040d8344a14b,1,59.33,49.99,sports_leisure
e000ecbb2e86143e74b3b2c3cf15f21e,1,134.59,120.0,toys
dffb26377d60bf9bd5bd4cd856e9dbb4,1,74.56,64.98,fixed_telephony
e0c91d6c8ebefa095d644e26877e6121,1,73.97,56.0,pet_shop
e0bbe6292471ff5ab3752414baf78111,1,335.89,319.9,watches_gifts
e0bb3159111d86828b5caef8725ff055,1,114.29,101.0,housewares
e0b9f1ae7c2469feb2555a5d42e2fe53,1,49.23,31.0,health_beauty
e0b5cfe78d53b28a2f5e9c2145bfd30e,1,198.68,189.0,construction_tools_construction
0cb9f521598f339ad6e6b41e34a1b169,1,118.01,109.99,telephony
0cb4e1aa97c8535093fc677376536b4c,1,72.24,52.9,pet_shop
0ca16017057f20d572b8c01fcd7c5c28,1,137.07,119.9,furniture_decor
0c9ff9d8ed9b9bdd825487b3a66e05f5,1,273.6,238.9,auto
0c98a3d692d019586b9c9645334924e6,1,39.49,26.8,baby
0c94697916cc03dfc45581f1e3d96c10,1,30.29,17.5,auto
0c9439abe84dc40a64fc164365c4d064,1,298.99,284.99,drinks
0c90f0cece2b9c521af7c85ace4794be,1,239.6,179.9,furniture_decor
0c7dc9fcaa503c2df26419c747b39fd0,1,107.46,85.0,housewares
0c6fc9b9317a68d1cda098c063914b72,1,442.92,419.9,musical_instruments
0c6ebd37c6842a5adbcd801030ec1c29,1,114.35,99.9,furniture_decor
e1c0a39b7f806727ea5121c60035ed3c,1,279.7,269.0,computers_accessories
e1bf73a530f7e6ea9df12e1238ab7600,1,50.0,35.9,baby
e19ddcc85537b41f22116c8d5425ef46,1,36.59,29.99,furniture_decor
e19c52ba2deb45c56077643f204eda1e,1,284.33,270.0,fashion_bags_accessories
e17f3829efe631232dabc33c6ab9109f,1,73.34,59.9,auto
e1717ed4c8d10ca8117e64019d6cb0d0,1,83.72,75.0,cool_stuff
e1608f467393da59b31f1b40b536548d,1,350.84,339.9,perfumery
e12569a1ad365c9f77fb1ae6d5de26e8,1,119.3,99.9,fashion_male_clothing
e122fc0e32b49bd6dec4d37d5d90691d,1,128.14,114.9,telephony
e108e472a045d8c76c43ba7f2cf4958a,1,518.15,499.9,watches_gifts
e1002b42a99dd5cc7558e0ca58729bcc,1,69.03,52.9,housewares
e0e2e29a516b06947e388d20aa7bf7a6,1,244.22,209.0,bed_bath_table
e0df353ed6d11a723c8046c7aec42d62,1,139.0,129.9,toys
e0de786bb293ef80a03a56de6d0929f9,1,327.17,299.0,furniture_decor
e0d3e5cf1969f20bd69e052ec6cf8f8f,1,20.77,12.99,furniture_decor
e0cff02736e677c15eb7d04c7c52018f,1,67.15,43.9,perfumery
0be487faac01dd57fd7ed17cfbdf2dee,1,35.34,22.9,bed_bath_table
0bdd9a52d192d64770e33ae559512478,1,76.19,55.0,watches_gifts
e275b12a1775bcc17af5524af5ba80b4,1,142.77,120.0,unknown
e26445edc4d665a7950a4b60461fc58d,1,256.22,84.9,books_general_interest
e2600770da5cfd446d3e971c1d41b44c,1,88.27000000000001,69.9,computers_accessories
e25f22a38cdc5a14a51ade281eebd0e9,1,106.97,89.9,electronics
e254150e5ad257907453bd5520208c74,1,45.69,28.9,housewares
e251a68000f75257cf9ef16bcea51976,1,100.7,85.0,stationery
e23a34276c3979415a832cbd4d043952,1,37.56,29.88,computers_accessories
e2372fa4eec7531e44bb43844876e25b,1,240.82,189.0,health_beauty
e226c4f6c92586f1a8845b35edafd8c0,1,364.64,343.0,health_beauty
e21c6ed0576cd50384123f8b7ca81922,1,96.93,83.9,furniture_decor
e21b0b8dd6c9543f46cf3178a39ea458,1,28.59,15.9,sports_leisure
e2186eb5ecfd751611f739a4699d53ee,1,65.44,49.99,telephony
e20e8fa3a50b1774e52b89664b3b6ddd,1,140.98000000000002,124.9,sports_leisure
e1ff3a1468d0e11fe813756e733e0fa4,1,311.0,259.0,furniture_decor
e28e0ee4dffaf8ed5508c35aaf1d0d25,1,96.33,75.0,toys
e2883845d83ecea7f341705fafdfd19c,1,56.29,43.5,computers_accessories
e280caebcad1b90e624d461e53c2e800,1,65.0,49.9,computers_accessories
e27d13968e7527aaa27fba2089c13bff,1,49.33,39.99,furniture_decor
0c52f6a43e88c007723e58cce9ef330e,1,37.05,14.99,health_beauty
0c4d0a08f95c7b7dc5dc7402bfdafd4c,1,34.09,19.99,computers_accessories
0c46413e9062e5e91fdf39a9142427b5,1,54.6,40.0,fashion_bags_accessories
0c3d6918621fbc7eb3c1dbb40d36b746,1,197.92,181.9,home_appliances
0c3cd8d63839bed6f80aca6388766417,1,51.01,34.9,watches_gifts
0c35aab0ba0e5a36a652fc2b10f2c102,1,397.13,360.8,industry_commerce_and_business
0c3256090b6cc52703b152c874827cd7,1,69.45,39.9,consoles_games
0c2b45d82e82097170c709f30037dcb7,1,68.43,48.9,baby
0c22c51625fc11357a8356efa31fe89f,1,167.29,149.0,bed_bath_table
0c0fa42ae97a4bffaa0eb85df580be3b,1,129.45000000000002,114.9,watches_gifts
0c002598a0876501a172ffcea9496008,1,260.99,228.0,bed_bath_table
0bff7ada15fd3840490f79b2612db33b,1,681.12,634.4,stationery
e37522e3e9aaee5f8831b244b3efd218,1,155.0,140.99,construction_tools_safety
e357a8646a17191f03fd9f833a0fa29b,1,111.8,99.9,furniture_decor
e350532acfc2ee911b6dcf1029dcb48d,1,124.52,110.0,toys
e343a7fbf868e28cb3f80ef0f6d9300c,1,55.23,37.0,housewares
e311d1899b83ab4b7706f6f81d155a19,1,106.87,89.0,stationery
e30d5b80f5e85b8f9e7c627b5d594b38,1,56.92,39.0,perfumery
e306ca54c91b21392317d5b4632c9fe3,1,192.12,135.28,consoles_games
e303dfa61ada1f0823b4775f192606b3,1,313.82,148.5,luggage_accessories
e2f1ccf86759df28dd1e9f2e0e3242d4,1,117.99,104.0,health_beauty
e2ea268601d73de5126e2616e00be1cc,1,34.230000000000004,19.0,auto
e2d13b6570070d36a9996b74e3eb190f,1,86.42,79.0,auto
e2c3ed9aaddfd2312a6a5fe9b3ddadd3,1,116.94,99.99,toys
e2b9488ff4e25e7fb5a2973a65eb79e2,1,172.71,155.99,bed_bath_table
e2a874b1b8340b4038172b1925afd914,1,140.05,92.9,housewares
e297db380aba505a729f00cd61b149d9,1,116.26,99.8,housewares
e29639a91419ddf0c1d6c80fb3bae01f,1,90.6,54.9,perfumery
0b349a8595d271e85a0514fe541953fd,1,125.42,109.9,health_beauty
0b305b6bc4dbf84489cd367380955d18,1,98.82,90.0,sports_leisure
e478d0bd1efbc9329837d30c174bb850,1,45.0,29.9,furniture_decor
e475b26e5db4c91fa1cd25927908eac2,1,60.86,49.9,fashion_sport
e46d3c8d60e3f8b382b6f239e5af08ac,1,696.0,679.12,computers_accessories
e4411c56bcacca2700d5bdb004eecd63,1,167.4,158.0,pet_shop
e44030e694bab50c9fdfb329cc114833,1,115.45,99.0,baby
e43443a05db61acfccaca5876b804ba7,1,59.16,49.9,unknown
e41a6ac2f57a273eb0d214c7cbab5db9,1,149.0,119.97,office_furniture
e4176515d2055eb7771645c597f8b40c,1,52.68,34.9,housewares
e411491f59e292ac3d3cf9d9d79b3313,1,85.94,65.0,bed_bath_table
e3ef50d542d4e6477fbcf202a02ef040,1,27.29,19.9,telephony
e3ea1102502e62696f6f37a4d9f22535,1,30.05,14.95,health_beauty
e3de19106e36f3981c320553135a6610,1,52.71,39.0,sports_leisure
e3b997f50d2aa487a92ed84d4125b590,1,50.69,38.0,housewares
e3b4b906fc11fd64318e4923a3d4594f,1,673.1999999999999,629.9,unknown
e48f857c5498e6408410be1fda8e0fe4,1,1826.07,1800.0,sports_leisure
e489b41419c7d7d00445dc5d3c9966a4,1,177.99,159.0,watches_gifts
e485be8a88ca64e497e88b16af6cc11d,1,34.53,16.9,dvds_blu_ray
e482ad963bfb9a9abc51b9850aca97b7,1,56.39,49.0,housewares
e47d150b1ca529641e12015c3109bb24,1,180.95,139.0,stationery
e47b2f2b628e82c961a82a68a4400339,1,55.96,43.0,small_appliances_home_oven_and_coffee
0b9d32c4f39a77eca7f39c5b69ebc690,1,51.0,35.9,fashion_shoes
0b91c29b24b0a2d575a42fd951fb0408,1,73.16,58.0,home_appliances
0b8d94b0bcf4e22c9bf886c98bb994d3,1,285.94,195.9,baby
0b7fb806fe0194cc7eb473329c680e34,1,107.03,69.0,unknown
0b7142355a981ed9a8ba988a0b613dce,1,126.33,109.8,auto
0b6a32b32a7dc68b12e8a0e0805c44d5,1,204.53,195.9,watches_gifts
0b5c6dd6ca91fd2a318e99749b0ea57d,1,44.08,34.99,housewares
0b5c0ecd14105464e2b879a307092e3f,1,58.89,44.9,luggage_accessories
0b4d2eb734bd8bb5001a145bf52fa5e2,1,129.25,110.6,home_appliances
0b4b59f6bcaf697444a8b7b14f630b15,1,192.4,158.6,bed_bath_table
e5a19f25b139394121110bbaab05087c,1,256.05,229.99,cool_stuff
e59f9160ef2e37fd48efdb84a4c30126,1,152.36,113.3,furniture_decor
e58a56ad705cc3e02d6db9ae1a16c406,1,27.74,12.51,construction_tools_lights
e583bb5fa3cb1e876a6ea48f21dfef34,1,40.760000000000005,22.5,party_supplies
e558ed9db130cd52586bb4fcb1090132,1,142.54,129.5,luggage_accessories
e54cb69cc7bf5d21921991aae48501fb,1,59.59,40.0,bed_bath_table
e54c8ba67da5205de229678ecea7ff66,1,85.07000000000001,69.9,toys
e503a0c255ccb611962015bac936f938,1,479.64,389.0,furniture_decor
e4d6002d3e034177ea1f31aa222cc722,1,579.22,560.0,computers
e4d56c64196ecb182e719d9bacd0628a,1,81.12,59.9,baby
e4d1cdc6559e08672c98c73a21305521,1,34.09,18.99,sports_leisure
e4ca5b20cfe1a020e15e36fe14e880ee,1,33.37,19.9,electronics
e4bc98f06b9893b763bb17a152219b87,1,102.84,85.0,bed_bath_table
e4b0320c22018a6aeacee9b991ccb1fd,1,48.71,40.6,unknown
e4acef9f829635351de593a05d2406da,1,46.61,34.87,sports_leisure
e4a91e319865c0ed703b608671ec48b4,1,252.35,170.0,sports_leisure
0ab3b52bba153ddfc7857b11c900fdea,1,221.31,193.87,unknown
0ab20af8197d84bc8831765be67b4cc6,1,413.59,388.0,baby
e6527bcfddf9f66f0b073cdb2e0df89b,1,45.53,19.9,dvds_blu_ray
e649a85841d392b8d1f6b31233baff82,1,279.92,260.0,toys
e62d582ddb7630168d7227ca1f9edbd2,1,72.07,59.0,perfumery
e61f95fe83b531f0d8c152b6ad798eba,1,77.32,65.36,furniture_decor
e61812136e9f12e9f4359132b1b82870,1,216.05,198.9,computers_accessories
e611a297d7a9df83f906aab5c746fd06,1,106.31,93.0,perfumery
e5f4167c170ccd8777cbf51841b6f7f3,1,82.55000000000001,67.9,furniture_decor
e5f3a09149ee7db697907f61e7366267,1,42.27,34.0,books_general_interest
e5f20b4eb944eaae0a13bed3187201d3,1,112.62,93.0,costruction_tools_tools
e5da60b217874889dd4becf29412d793,1,54.83,29.99,telephony
e5cac955339b48ea3b9773f034623e29,1,175.9,159.9,watches_gifts
e5c50ee10712a01bfed9854a00502f8e,1,624.91,579.0,small_appliances_home_oven_and_coffee
e5b5b0c0e066fb53258fce3eace774f7,1,65.0,49.9,audio
e5ae72c62ebfa708624f5029d609b160,1,63.38,61.9,computers_accessories
e69de7cd67f5bb13797a8530acd9c711,1,90.3,78.25,bed_bath_table
e693be8d8b92c327a28dbadd6abedd0d,1,127.47,118.9,stationery
e66c00a9093ec6803dc123140914b5e5,1,95.22,79.9,cool_stuff
e6609e94d7b022fd6abf6142401618f9,1,60.75,48.9,fashion_bags_accessories
0b2c18d8e73e17348a011241525cb089,1,225.67,199.0,watches_gifts
0b2b7a2dbcdf63ca0044d9e9ef8aa4fa,1,406.67,390.19,construction_tools_safety
0b1b954cb171434674907a8da1778e11,1,217.01,169.0,construction_tools_construction
0b0f32c8bd5426698d01d72f155b75f5,1,80.81,59.9,baby
0b0c04563408d8d1187cdbd6292a89fa,1,31.36,29.99,fashion_bags_accessories
0b0918a3b5efe0c8ea609a26b14e1bff,1,43.22,24.99,telephony
0af4dce351fbee7db329f93260f68142,1,108.52,72.5,housewares
0aed9d548c366ad8058084c1de5100c5,1,55.65,43.8,fashion_bags_accessories
0ac9ae2550c94021daa1059ad06d2c4a,1,27.11,19.0,perfumery
0ac57b2df86eb6997b94d6ccf555e29d,1,70.56,62.78,sports_leisure
0ac4f23a50ad9369ab5d78b1f068f6d3,1,1675.71,1590.0,small_appliances
0abc19e41fdc9d6894b8cae651619253,1,2564.65,2470.5,electronics
e78506414d2563b6414cfd84b7fa0802,1,191.75,179.0,perfumery
e779bacfeb19183e094113948eae40e5,1,134.19,113.0,watches_gifts
e76a885142c73e17342e450b79b46d40,1,358.05,310.24,housewares
e74c906e50417096a9c1fb2c5860b010,1,251.28,219.0,housewares
e74935f7a47674c519b43da6244d30fe,1,40.04,24.9,furniture_decor
e74468fa3b2f543435a8b3258fbf5f28,1,69.22,49.9,garden_tools
e7261ba9b589b73ac45411a15058403e,1,1427.04,1399.99,computers_accessories
e71ce72b19b83080d97cf4f06c90d096,1,84.75,72.0,sports_leisure
e71bbaefe62c59ffa58c1c4864b7e283,1,176.56,139.0,garden_tools
e70bc14a36a0d1a0394cc724be815a1b,1,59.59,44.49,drinks
e70b02b0b99965f2ff4341de50a35c5d,1,237.86,208.0,furniture_decor
e707c577789af56087a82650995ed3c8,1,191.58,169.9,bed_bath_table
e6e3140cdd035e915d6d4a9eae2ccead,1,43.22,29.0,auto
e6e2f011de12dc9071763c2baed69a2c,1,55.01,39.9,baby
e6d3e381889aa6e9d222ad50cb30ac43,1,235.28,219.0,watches_gifts
e6c281e2c53db0da44ecb84c5451d25e,1,59.1,45.0,computers_accessories
e7dffcd8a3257cf9f6644b7d30eaf727,1,245.04,228.0,watches_gifts
0a9a9c25c5a06532d1766e00db833a7f,1,22.7,14.99,health_beauty
0a8bc1a07183eceacf95ae5cb4cbd076,1,137.49,128.0,pet_shop
0a8b35c2fbc824f7e1015cf330e6cc3c,1,55.27,45.33,sports_leisure
0a8699af8de9f3c25f80fe9b530df153,1,211.81,179.9,furniture_decor
0a70bfd7366ebae1c146277751691546,1,46.05,24.9,consoles_games
0a48b93d24c0c87253c73da8cb8c2e80,1,169.01,149.0,health_beauty
0a27be3536127164b11173c57f14a2da,1,229.63,219.9,perfumery
e7d05769123784629c9484f57ad35176,1,184.39,175.0,perfumery
e7c8819338fc9a87e81ea2d90898f612,1,475.0,449.0,garden_tools
e7be446dd7fa8f165244b63de1b85802,1,72.83,49.9,food_drink
e7bbc0d43d1f5cb09bab95b664236633,1,74.61,48.98,computers_accessories
e7a7e6b2b4959a39ac5ca07aa21e09ea,1,32.68,18.16,electronics
e7a6e03b3e02c37299f6ea8398a08629,1,66.78,54.9,auto
e7a1555b071186b8184e2fe0e647181a,1,28.62,19.9,housewares
e791baa02d6adf9cbfc62e9b78fe91b9,1,78.62,62.0,computers_accessories
e891d4a9622cae3b9fc2ec558bda155b,1,43.05,27.0,unknown
e888edddeb449bde570d695c62b27b26,1,111.07,89.99,computers_accessories
e87c931c62c20f4b62ea85af5e22538a,1,52.1,35.99,bed_bath_table
e87b2200e1df21f624eea3e9bd087dc0,1,105.28,89.9,toys
e878662b68e175a58b5951e44574d5c8,1,137.89,124.0,unknown
e8769e00778ec82e2fddf58d7b360a27,1,62.38,49.69,health_beauty
e87587976240265f6944e5a019ea704c,1,113.85,90.5,construction_tools_safety
e84997d75938765ef99930f908ceedf4,1,145.69,127.0,stationery
e83aa5bdff2b1da49a8a8ebcabf3d66e,1,86.25,76.9,fashion_bags_accessories
e82ca7be7d1b57da564dd48fbde08f2d,1,137.09,120.0,musical_instruments
e8288cf2d07e2b1b0b889132fc8cd8d5,1,167.86,119.97,bed_bath_table
e80a0c4b0bb3f2f171f0fe8360513d90,1,37.77,29.99,fashion_male_clothing
e801441171ec3eaf3bbb86d6ba6fc9af,1,406.82,389.0,watches_gifts
e7f85e7f0203b7b95cc1b4c21b4b070c,1,378.86,259.99,cool_stuff
e7f85596b92f92cb501855897696f66b,1,79.71000000000001,62.0,fashion_underwear_beach
e7f79c79a485447b88964a9d0b86fe45,1,108.65,105.0,perfumery
e94d9f48ab491b190c0f0bdbd12830ae,1,194.13,178.0,watches_gifts
e948cf75e6b64307f7f76a49eaa9fc2f,1,137.65,118.74,unknown
e947043dd2e144a9039d6b8841200c9b,1,157.88,116.0,housewares
e935787651bc6a165a8bfbba20333630,1,19.89,12.5,computers_accessories
e934947ca6b64f5a6d864e21dca13b73,1,61.99,47.85,bed_bath_table
e91f30f35875789d4b7d14610aa88c15,1,37.53,34.99,bed_bath_table
e906fa76a27488f805ba8584a4c10cba,1,69.62,53.99,bed_bath_table
e8f732eea94996831b9af41525a9ce3d,1,114.44,99.0,telephony
e8f48f7c1f715c4178d57c50dc622da7,1,57.68,49.9,stationery
e8f487b9cb03fdb7daf2505822570853,1,82.06,68.0,bed_bath_table
e8dca0ae20e339a356e9d598fefc3be5,1,71.03,60.0,telephony
e8c6039a25765995ac7c1ec2cbef5765,1,35.0,19.9,watches_gifts
e8b61f78db501ea0ca45677d1ca27de2,1,45.11,29.0,toys
e8ac63e69971f9cf0bd7a7f78b8841ab,1,207.26,199.0,watches_gifts
e8a593dee186b5c3e557e553c5325841,1,297.79,279.0,auto
e8980f13841769bf1770127583697d59,1,78.3,60.0,fashion_bags_accessories
e966f10c28b89ceb60d3c2dfb7144b12,1,224.06,199.9,furniture_decor
e962f892a82b3e301fc363a94cb2f521,1,41.85,28.99,telephony
0a1ca683d91a7cb9b806f3710873bf47,1,98.11,81.35,perfumery
0a17941f41b99d2f070fab54b458a4a4,1,136.5,114.9,luggage_accessories
0a108ad81c4e2a790649c3f8070f1213,1,51.1,36.0,bed_bath_table
09f6dccfebfa0688abfc1af640b69e61,1,45.09,29.99,sports_leisure
09e9d1c1a370af902b1b7175400021ee,1,50.63,25.0,auto
09dbbe2c4f26cad4d560aea043f9632c,1,119.48,109.9,baby
09c8fe71fdb3bdb84e52b1f33f89040c,1,64.09,49.99,telephony
09c3d39641970009c198caed304ccfc4,1,54.0,39.9,baby
09c3a2ea33f044aebffecd6681e00133,1,55.23,40.0,furniture_decor
09b0d15a8cc9a84e7af7e0225f67dc45,1,89.09,67.0,furniture_decor
09982590713913e225d3ce5ccb670688,1,75.19,59.33,baby
0984eaa8480e41aded35bd7b5131a1c1,1,1066.86,890.0,health_beauty
097d5a4bed2be012b4e46e6f5ae0694b,1,375.25,358.99,health_beauty
e95ee6822b66ac6058e2e4aff656071a,1,38.12,21.33,sports_leisure
ea058d00059bd1470770129498200d05,1,30.59,15.49,drinks
ea0342e49437a3633a3a35c326aa1e46,1,105.93,89.0,bed_bath_table
e9f5d10b74f0589a7d327eff4bdd6b04,1,410.51,389.9,watches_gifts
e9ece5b909d4feee55f77a610b262367,1,491.93,439.9,housewares
e9eca3b15e6ebb8296666ab1254b504e,1,38.22,25.53,sports_leisure
e9e7c466f491674b6f283e2d2c8da88a,1,192.36,179.9,sports_leisure
e9e425171123c1c10c30c2c7379b9544,1,2452.12,2400.0,watches_gifts
e9de4d4332d0f60d443dadf3171ad6d4,1,379.71,363.0,auto
e9cd877ece530798c06b7f8d31b631e3,1,87.38,45.0,auto
e9c1abcc7126360336d8f56d49041a8c,1,371.89,349.0,health_beauty
e9b3cf27d68caa64832c4a7c460abcb9,1,169.19,160.0,market_place
e9906cf475ca638edcb034d031364e1b,1,64.28999999999999,56.9,toys
e988092a8afe5d9393a5c3a7ca17691c,1,57.19,49.8,cine_photo
e9880042522806f124fdd4f8c8514d0d,1,117.62,88.6,pet_shop
e987172c2818cc16b2555bc130ac5fac,1,270.45,235.0,unknown
e96a50fc74fa04fd6f23b324d87a1a81,1,108.51,99.0,books_imported
eab2f90face23112d9bf1d4d3e641696,1,113.25,95.0,bed_bath_table
ea9fd984ad61025b0fc6a2a99042aa49,1,69.53999999999999,50.0,electronics
ea99c9c7061d17bbfe7e85d842f2c3ee,1,121.62,103.64,bed_bath_table
ea99388f66ccc3a78b6c2d7725184b12,1,65.00999999999999,49.9,sports_leisure
ea922d4a264635e1c479157377deb623,1,87.44,49.3,furniture_decor
ea7ab4d3d8f539561e8078feaca6ae07,1,180.01000000000002,136.99,baby
ea73128566d1b082e5101ce46f8107c7,1,162.78,139.9,furniture_decor
ea650c84a7d5aaf2a2c5f1b108de8f7c,1,54.63,29.0,telephony
ea588d45372c3d1b99f7761e35c2952f,1,120.09,99.9,health_beauty
ea5774e69135147e6f0e1eb593d9b105,1,369.28,349.9,health_beauty
ea4f6504cf603bc9b3233999c4ba4ff8,1,215.8,199.65,health_beauty
ea4f4b5a820fea007c6c8d7ef9a790bc,1,57.58,45.73,computers_accessories
ea20f928ceaa7f146fe62a0cc8413ee5,1,87.64,59.9,furniture_decor
ea1d9847778160f2d0c74950812fd8d0,1,123.49,104.71,auto
ea1185fcb2a7197e60bf9680e889f475,1,188.55,149.0,bed_bath_table
ea06ed5e6920832c45747b44049051a7,1,195.24,179.9,toys
eb9b44e05684527fbfdfd0ff5cb86250,1,119.48,104.0,health_beauty
eb90e2151808c494cf15502e418789d1,1,104.59,79.9,sports_leisure
eb8dbe7d2dd22ab3547925e49a78feb3,1,149.69,133.0,sports_leisure
eb6b6f708fb1a57720d0734f30c3b31e,1,219.23,189.5,sports_leisure
eb66cf8eb505819c951a23b4714fcd39,1,46.84,34.99,watches_gifts
eb356ef61e2262adcadc023b9522609d,1,36.78,29.0,watches_gifts
eb2e510c7e0f62651d0156e769928970,1,40.13,24.9,auto
eb2d962076aa9c2485ef20775d7ca6b0,1,142.13,122.3,toys
eb0e8515502d5d125d0d9c6ad4b49a60,1,92.2,76.9,watches_gifts
eb005badd08b68a6361449b18b6e13bb,1,78.29,59.99,sports_leisure
eaf3ca98b28c4329251a46380c8473c5,1,194.01,179.0,stationery
ead72457c58dcea14f94c2223c684716,1,154.22,139.9,sports_leisure
ead3077a141a9c800d6a4bb9d0d415b6,1,35.46,21.99,bed_bath_table
eac894f4cb6bb0f613f80bdbfb18fa57,1,131.95000000000002,113.9,toys
eac79e5169f7190fc60b25f3e9bf21d7,1,1728.81,1690.0,pet_shop
eab67bf937aaadc19f83383a331d2dd9,1,167.77,149.99,office_furniture
ebd127d25e3b326ac93b992dfd4d2e0b,1,25.23,10.0,garden_tools
ebc714d9f070a89f4d411982ea9670fb,1,523.98,499.99,toys
ebb7ccdb2a728a4188759bfa3cbd1fc0,1,116.45,99.99,housewares
eba9bf6c14ca3ce171d097e358b12973,1,137.22,109.9,baby
096d687ce8c7ae68039cce3f229b1d4c,1,77.53999999999999,61.9,pet_shop
096b00d9037146606b19d614cd67ab65,1,155.63,139.9,health_beauty
095ccd4cb27e35ee43f12dd18fa26c04,1,43.95,27.9,furniture_decor
094e4f4d501b5a6ec753b60a940b069b,1,108.59,89.0,sports_leisure
094af0a75d07c0dbdccaa23e88149673,1,81.6,63.9,sports_leisure
093cd981b714bcdff182b427d87fc8fc,1,267.94,250.0,sports_leisure
093be8c4566a25d70e577faa3539d7d3,1,179.41,159.0,furniture_decor
09364ccfda8448d03ae4082f6044b16e,1,42.5,34.99,computers_accessories
092efe1dbcc1a4752b17a19fb6de36dc,1,198.9,159.94,office_furniture
0926524e4f3783f1b0e35c09d5fe13cd,1,64.43,48.99,health_beauty
091aa6199199f1ccbd272d06892322de,1,59.84,39.99,telephony
090d6db6ad440d35cef0726b5a8bec14,1,78.18,62.99,housewares
ec72556b5da399d24fe06338e816a9ac,1,83.23,68.0,stationery
ec65faa314338306f45b04be616eed53,1,130.01,110.0,books_general_interest
ec5b3c8bb77ad22278f6e9d719a83de3,1,28.0,12.9,home_comfort_2
ec360a89366f33dc9b8de9fcf67a57d9,1,91.99,76.7,computers_accessories
ec322025096f33818acee169e97d5b97,1,368.99,355.0,health_beauty
ec2f95440d5e5376e3a25c8106f5ba76,1,215.05,199.9,audio
ec246911ea63f94a11fc8d78c270153f,1,25.62,16.9,musical_instruments
ec1faa2edc27ce32372fee59d1f9e969,1,37.77,29.99,perfumery
ec19f9bc37a920964abe324dfb169c68,1,27.68,19.9,telephony
ec1600d8f15b93ce3e402f522696a18c,1,449.65,389.0,health_beauty
ec02a5d380128f7a188e9ce8f3ddd832,1,160.20000000000002,131.9,cool_stuff
ebfac003d90a5ca445e217728f4f3755,1,339.39,319.9,baby
ebf7d9b8166c02eb72e573eebd630458,1,88.53,54.55,bed_bath_table
ebee6703e867082f455a058a8bd04092,1,53.1,39.0,consoles_games
ebe0908b88b8280a543507871218669b,1,47.23,29.0,books_general_interest
ebd57a2515930960ba32c9a88fa45423,1,58.65,49.0,health_beauty
086963be71b4f60fd2b27465c5a1fe7d,1,121.37,89.99,home_appliances
ed042312ea8ad0a470e9891ac4e7201e,1,296.64,279.8,watches_gifts
ed01ede241c5149867b22ad7f03cba44,1,48.6,33.5,home_construction
ed000a9f9f04376551e24de254464c9e,1,294.88,279.9,unknown
ecfe9a892071ef1c94ee53f77e2e063b,1,146.13,119.0,bed_bath_table
ecfb5255f55715e1faec3e6a316da6c3,1,75.96000000000001,64.9,bed_bath_table
ecf9484703bdfb9cfcc1ac9c2084b567,1,283.05,265.0,housewares
ecf11081ba69df87eeaa46e5c3de564e,1,31.74,14.14,housewares
ece9c80ade3287c14fb768839fc15389,1,52.27,44.49,sports_leisure
ece54c93627dcd4a6352b330d5052678,1,118.47,95.0,sports_leisure
ecbd7c0c31f1779002f5a78b2a1873ae,1,49.85,38.0,baby
ecb5b54535b9954dfabb3bd16f3c567d,1,115.39,99.0,telephony
ecac132b51e1c9c36430c6f9be9903a3,1,42.5,24.9,furniture_decor
ecab3fa721d1b06c225f23c30f02eb5e,1,144.18,135.49,sports_leisure
eca3036ef7ba11b3331c334b7053fe13,1,57.78,44.99,telephony
ec8ae427905e10052ee4f1e9993b6763,1,112.0,110.0,baby
ed7c541aa5466333629b1e1b8cfc8087,1,33.92,24.99,garden_tools
ed77034b92386a1a8cfd3c648d715dde,1,32.230000000000004,17.0,telephony
ed6e17c5f34a20c7569b6ac2597ee223,1,490.02,391.87,auto
ed6d2fe9a24cfdfd0f4c40094db5145b,1,140.61,122.5,books_general_interest
ed5122a6a757a4fea8f32a6fb95a5135,1,121.97,110.0,bed_bath_table
ed4eef5d2197b2950e6eec648488909d,1,140.67000000000002,99.0,baby
090621b8ea8b2c856067283a91b493e9,1,73.62,59.9,health_beauty
09014e6cd3dd8882e42dcf4dd4f5e305,1,46.48,38.95,baby
08fb1fed44ecc852b3ab9363b00d1c03,1,32.43,24.99,telephony
08ef02b6aae73ad3a385cf1342f609c7,1,19.31,16.9,bed_bath_table
08d76e49b8206d0cfb7456fe3aa7d3b4,1,109.03,109.0,furniture_decor
08c1754fd6455e4c70a6521f4ed66819,1,136.91,107.76,housewares
08bcc2d85da3a9c0e2ac1cc28b67418d,1,28.2,19.9,books_technical
08b2b99a87e01c87c200a459bb3f4bc7,1,72.64,55.0,health_beauty
08922ac36480e00c6972216735d44693,1,54.1,39.0,watches_gifts
0872c05ce884daf60d1459165ba1c4da,1,332.62,269.99,furniture_decor
07f381c65e8e66460c07781b9b1b8834,1,256.67,199.99,office_furniture
07e1dae59ffce9e47d0f529361d492f6,1,364.78,299.0,housewares
ee4c8acefd0dbcae1a83e07c101318f4,1,252.19,239.9,bed_bath_table
ee49de8fc5d17f5a154d8c649700f6ff,1,45.0,29.9,telephony
ee147042ac9bc25ab2ad108442bbecde,1,167.64,145.0,books_technical
ee14580a079d31644603ec91e37c7ed2,1,115.62,98.0,perfumery
ee08e2b1f2f38ce754c804780c6a048c,1,49.68,33.89,garden_tools
ee0324bc19887939d7d0fcfca68ee955,1,198.64,99.9,furniture_decor
edffab3eae08991a067c2c7664821661,1,149.96,137.5,furniture_decor
ede2db86fe8aefa5df3788e970819229,1,86.96000000000001,60.0,pet_shop
edd633de6667d87ad7e3f83d2e0e382c,1,81.19999999999999,64.99,cool_stuff
edc5fb7cd23cfd91367038801fd55ec9,1,48.27,34.9,housewares
edc044b1d3b518153d2b3b2c811ff0e2,1,164.68,149.9,cool_stuff
edb58f769af494909a8851152c3a2d1d,1,34.8,21.99,bed_bath_table
eda64e6f9a82d6ce803c2e1a6790bd06,1,119.39,103.9,computers_accessories
ed836edc15625c202f6ba85dbbe95c3a,1,46.63,29.0,watches_gifts
ee8eb0990ff05d13d55e89350ce16a3d,1,76.78999999999999,64.0,bed_bath_table
ee8c064d6aa1ff4a130e616fab03e284,1,232.05,199.9,furniture_decor
ee8b16196604ed47b34b094351ce68e2,1,177.59,109.9,baby
ee7cb55a3fb6c3f091ecbfcdc46359c6,1,56.78,49.0,fashion_bags_accessories
ee667ef9c46d1444ebde2f0ea9c6b4c3,1,200.17,181.99,bed_bath_table
ee56c010c47882613d271e40703165f0,1,83.97,69.9,housewares
08545faed0310009ebba7ba4537c2727,1,404.28,376.8,home_appliances
08528915e9c75fe961048c13928b527f,1,51.05,29.9,furniture_decor
08462528607b71ea62cbc019d91b001e,1,238.61,207.9,health_beauty
083ffd30820b592e294de7ed668ff975,1,65.0,49.9,computers_accessories
083ea24cbab9f8f572fc21a8f63fb282,1,40.1,24.9,fashion_bags_accessories
083e8ca099c4307911ac90d162896350,1,164.69,144.99,auto
083d6108def7421be9778dd0ecd11fa6,1,310.90000000000003,299.99,musical_instruments
08370229eb4e5ce898bf2348a356b7b2,1,149.08,133.4,electronics
0820af09ddc75b84841b1fab4da4be9b,1,28.73,10.5,home_appliances
081cac4fc215928a462eb2c06a14dffe,1,57.44,39.0,home_appliances
ef6aa884e3493fd38cc8ee47d8d79d10,1,145.66,130.0,cool_stuff
ef69b63fe95d8d9ff6ac136f213db1bc,1,284.71,259.9,bed_bath_table
ef61e93a7d0d8843a965440649bc0711,1,70.38,45.9,art
ef5c31aee1d5074121a478b14d3eb50e,1,102.64,89.0,stationery
ef4f75a1e1266944f1733179e963d4be,1,98.56,79.9,home_construction
ef2fb3a493929907466587fecb5611e2,1,69.22,49.9,cool_stuff
ef23a80c3e7f9c63e9956f6f54b1cf15,1,66.39,52.9,perfumery
eef398550dd9575d23eb2d8be74bd45a,1,58.27,44.9,unknown
eed5cbd74fac3bd79b7c7ec95fa7507d,1,2066.34,1989.0,unknown
eebbed5ed3b134eceb717496c47652ba,1,116.32,99.99,bed_bath_table
eeb185c268c344e2308a3eca19154cee,1,64.2,56.54,auto
eea25b95f84281753d8013ad279889d5,1,315.11,299.99,audio
eea1d0033f3735c72d0501fdc2be0437,1,371.18,279.99,office_furniture
ee9d3ff88f7800b3144967778bb000de,1,61.23,43.0,bed_bath_table
ee99026a2d04ff2294f42f8cf337029b,1,148.06,129.9,garden_tools
ee97db3ef647a016f3bb7376f8a3ffcd,1,46.75,34.9,housewares
efaeb3361423a3cb388b7bf8741ca075,1,137.99,119.9,bed_bath_table
efa490145b5cc82438b6a6de691535fa,1,65.22,46.99,computers_accessories
ef92defde845ab8450f9d70c526ef70f,1,38.01,21.9,housewares
ef854c7d98d5eba672287b0a9d37075b,1,2115.05,1990.0,musical_instruments
07dc749f37490643099305c4df823727,1,74.16,59.0,telephony
07d145a7ffd47e821d4e7cbd3697a102,1,27.78,20.0,cool_stuff
07b6a220c2eaa7e458c5df73daec6e6e,1,169.82999999999998,135.5,garden_tools
07a949f27854f64558f8babcfec441cc,1,49.16,39.9,bed_bath_table
0797e47ffb3917b66fa62245a283bd9e,1,138.44,99.9,furniture_decor
078faa63eb55a5055713e141f098624c,1,77.69,64.8,auto
07810038e53a9f409577581bae23fa1a,1,30.77,22.99,computers_accessories
07778ad3984dfbcc6b9dfd8b8595ba7b,1,59.69,42.9,housewares
073af5ae737ac55290eb733f67317242,1,139.38,120.0,auto
ef7bac3fcd96b1f97400cb9cf17902d8,1,129.87,119.9,toys
ef76ea9ee88ad60b9680c7635f2baaa8,1,21.85,10.0,drinks
ef7352a2d8b4adc975b83c8e8c23da5c,1,28.75,16.9,sports_leisure
f081174cf4cde1e4f75cd45b4518bbe6,1,182.16,168.85,watches_gifts
f0788219c3d63c6183bbca7699ca9608,1,86.66999999999999,69.99,garden_tools
f07602cce8d54d74a2f2c4a1115c7aad,1,87.76,73.9,construction_tools_construction
f06eacf8d7279dfb3018a75f7ce08840,1,87.16,65.0,auto
f068148c48720c66b21825e2c558d493,1,171.4,163.0,health_beauty
f0606ca7e8022a81e0fa25ea3e334717,1,48.870000000000005,39.99,toys
f06059b7624d79f0c063e5d45bffcafa,1,102.84,85.0,sports_leisure
f05360c6dc6802b210e182b40509fd15,1,85.14,69.9,sports_leisure
f051c57c7f088f7698700e4347549025,1,24.17,15.9,pet_shop
f03e2584cfc057f8bf76bf5683955585,1,30.020000000000003,20.03,toys
f0354861ab19941a53209c2acbb1b604,1,113.44,94.9,toys
f0059d6f29674e2ee22b3d3b4dc560f9,1,324.74,299.0,furniture_decor
efeaa7462b9fac16b6684016efd28fd2,1,226.13,209.9,pet_shop
efdc6e0a04b68a8c329d485ab2bde52e,1,43.3,34.9,cool_stuff
efd7af8312533d58ccb5ac26304dd3d5,1,27.99,19.69,auto
efcfadc44ef59e03e6b3875e403d59d3,1,135.17,118.58,bed_bath_table
f109f04ad95889f2f041a91afe3d894e,1,90.84,69.9,health_beauty
f107bcdf49e25fab8c0b66fbabb97fc1,1,34.27,19.17,construction_tools_construction
f0fd2799d9eb02ccb6efa890519a6c4d,1,253.34,214.9,furniture_decor
f0f5a9211c208c91441a70cb5241214e,1,88.53,76.49,sports_leisure
f0f3c686ec837b27ec9da08762d85317,1,65.55,49.99,auto
f0f34793b31e7353a0d77fed40bdb196,1,1859.1,1699.99,furniture_decor
f0d9237c058130a54eb81854ce88b760,1,239.42,229.0,perfumery
f0cdabacd05bdca526b43e72376521ee,1,57.84,48.5,market_place
f0cd6312ce0b0d7f04fe8dfd3480e278,1,289.04,269.9,toys
f0c28cf1f8a109a1dc6708397a353ec2,1,50.35,35.0,fashion_bags_accessories
f0c1c1d5ec61ce4c4846abd4283631df,1,72.75999999999999,59.9,food
f0bbc1bdaf90ddcab4aa862660dfc6d3,1,28.87,19.99,luggage_accessories
f0af7ec9760e53f21277444f32ee3308,1,124.8,99.9,furniture_decor
f09df9cb1beab8b8d5aacb6a51934d13,1,41.72,25.4,garden_tools
f09b7fd613031e630e7b5cf9911c0318,1,102.64,89.0,stationery
f08c59bc335a381d2b015c4efdc6dae3,1,63.6,50.9,furniture_decor
f1c3f797ea4be7deb12eef156cd95b90,1,91.07,79.9,fashion_bags_accessories
f1bad58626618e14b6b25b096acee146,1,118.35,110.32,health_beauty
f1b067568bb39768f754b0d1ab1abcf6,1,102.25,99.0,stationery
f19ff6e54cc3bbde7ea7d0ff820b7072,1,123.05,101.9,home_construction
f18e94c9042a09a45c22444e432c0fe5,1,151.7,136.0,sports_leisure
f17d1aa5300d268089a9c5136dbeb6b0,1,449.33,439.0,fashion_bags_accessories
f175de424f961785861228372285f0be,1,83.07000000000001,65.9,housewares
f16d9c6688f187efa6ce353d689d85fd,1,525.05,499.0,office_furniture
f16ced867a24a244afefb5b867f337df,1,196.68,159.9,fashion_bags_accessories
f15dfa318985df28b020ca9fa88552aa,1,97.8,79.99,furniture_decor
f15d45335c602ddabad8579eb1d8e84f,1,37.22,21.99,telephony
f15001dbfd82abd749d8a0b104c367ed,1,22.39,15.0,baby
f13628923537912e1cce9e6c00d9f4df,1,78.54,69.9,baby
f1261761d91b574288d60a6390a007b6,1,115.34,104.0,bed_bath_table
f1202530b474dade246e7fe77cdda463,1,182.11,169.9,bed_bath_table
f110a8fd4a8052d5717ce2adc2bb71d0,1,432.18,411.0,sports_leisure
f207b010add19c1090a2c248d30a0c30,1,47.52,38.8,electronics
f1f41c991881dc3d4cbcedade3ec1622,1,403.25,389.5,health_beauty
f1d3e7a4605f6cd5f2a3cf9bde5c7845,1,206.44,189.9,market_place
f1ca789b4694dd683c4cb0c2ed74768e,1,239.96,223.64,consoles_games
0736b2e56f06e14d3aa1bef54de26052,1,21.65,13.87,telephony
0705b33fb285827a578fce4899f1b921,1,36.63,22.5,sports_leisure
06f89d2b2a8b4994e56366402feacba9,1,68.57000000000001,59.99,consoles_games
06f756df8d80309915285f3ee6ea1059,1,150.0,129.9,luggage_accessories
06f2166336faca73c644b11eaca22d06,1,114.09,105.0,computers_accessories
06ef9525b604908b6ef27fa630b4f22f,1,51.16,39.16,home_appliances
06ecc3d4006ad6eb293a1b93ec3c7183,1,110.66,99.9,furniture_decor
06ead9c0b05b368667d858c09148af03,1,124.84,109.9,consoles_games
06cd420a1b028388e0bf1f78daf20411,1,907.8,889.0,garden_tools
06c38a87544301cba8b0fb5a0796383d,1,76.14,52.9,toys
06bb6e704f99920f51dbbb0559187d98,1,185.9,169.83,cool_stuff
06ad93d66e91d09df5ce746906d9658b,1,268.88,219.9,bed_bath_table
f2e84ab8eb8eaa7cddc82f2b0f4424d2,1,92.34,74.89,computers_accessories
f2e2678188e0f3bc983dd3935f69b746,1,95.1,69.0,auto
f2d362fbb792bbe0233ab254111eca4e,1,53.01,37.9,health_beauty
f2b264b1a4602b87d64eebefc899c1d0,1,95.76,79.99,garden_tools
f2af004352a06a99dca765596240cbc3,1,55.86,44.9,health_beauty
f2a949f938c95d18433bebfb12afe395,1,188.51,179.49,auto
f2a4a74038882bf1adc8a466962559ec,1,67.96,51.9,furniture_decor
f2a1b32f85cad59ff2a8444154ac25f0,1,220.82,190.0,air_conditioning
f29675e9d91d8e0451ced31708497904,1,314.57,290.0,baby
f28fd17099749b33b6e5081515b2e797,1,69.52,49.0,bed_bath_table
f25bb6afe10215e774d598f4f79d74e8,1,55.93,32.9,toys
f2533dc1eb7dca7f684254fbfa98caf8,1,147.45,135.0,bed_bath_table
f2399cabe080029634d12cec4f60dbf0,1,126.9,99.9,office_furniture
f2343d71cb5ff4e6ff456dd9b544b84a,1,139.04,124.0,telephony
f2169c25db6a579fde210bf8ce7ce9d7,1,1012.91,950.0,garden_tools
f20a14d45e85b05ef554d10d7283f7da,1,64.51,49.99,telephony
f32af0a8b0bcb05b60f05e8907ad8866,1,44.42,29.9,furniture_decor
f324dfdc1e7097c078c8b2e3fb1dce0e,1,196.72,175.0,bed_bath_table
06acd3480e6a1afb023ad0eb8cdeecca,1,34.91,18.8,housewares
06a47d0ecd4561565deab3dfd7d3c0ff,1,84.34,58.9,sports_leisure
06976617d8c5e71de4f3c2d93e788fd5,1,117.35,102.9,luggage_accessories
0693bcecfea57f2ad547d1ff56c7d9ea,1,32.01,15.9,bed_bath_table
068ee5d8c45732d9731fde32b47594df,1,70.89,52.64,furniture_decor
068a754dc2d079d7bcd6f254b9a978e2,1,45.01,29.9,books_general_interest
0663a33c86fed5322e603ef430775b7b,1,61.59,48.9,stationery
0654d3c1e3efc7e7cd9dbde9cb743df2,1,72.42,55.0,garden_tools
064f1ab0fbfe1fffb87fbf1acb5d4af7,1,137.99,119.9,bed_bath_table
06435c7fcaee30b55bdd89feb2ec9be7,1,66.31,46.99,furniture_decor
0640a217fe729c5b8f61fd475f1fc22c,1,52.38,44.99,telephony
063c331b19ce7f951a2abb159e30386a,1,82.60000000000001,64.9,bed_bath_table
061885af8dbda5739d592a153655e574,1,258.44,238.81,auto
f2e9bb932d99a4a695ebde162fcefc35,1,160.6,119.0,furniture_decor
f3dadecca4b876a315481c79b8adcf16,1,30.21,22.9,pet_shop
f3d7339839e02f580fe8fca5755e0e25,1,55.74,36.75,baby
f3ccdb9f9c7f31e0efd626e9110b85f5,1,155.27,116.9,christmas_supplies
f3c62fde9d2e2acf6c7c46648571c070,1,130.96,79.9,consoles_games
f3b8bfa5b86249e75e5c0632acc0e82e,1,62.82,49.9,health_beauty
f39e720d7174b473f81e8a7103e562fb,1,187.51,174.9,stationery
f399bbedb1d21192dffefc4a8b30a229,1,86.15,75.0,housewares
f390882d834eed84766218994ee9a511,1,88.27000000000001,69.9,sports_leisure
f38c674135b439b1d2deb1d68da9f4e6,1,263.13,249.99,auto
f3720bc68555b1bff49b9ffd41b017ac,1,194.3,175.5,computers_accessories
f353779abb6114db5f8f79fbad12e375,1,126.66,82.5,housewares
f35013cb05a9538a4428fa6161b2c96b,1,79.28999999999999,59.9,bed_bath_table
f348ae21168771dfd5b8081e387b4f6b,1,45.09,23.0,housewares
f343690217692891e7a092d5c1e5eef7,1,67.28,24.9,health_beauty
f34152d311875e9da480bd51f495155d,1,51.38,38.9,computers_accessories
f32f6e5a56335f914976e4ad65731520,1,125.0,105.0,housewares
05eee88d9d208fa34d4246aae4025381,1,27.78,19.9,baby
05d80513da078badb81a5f232e489376,1,85.60000000000001,69.9,bed_bath_table
f489f20b3bba5b295fa7d3901c203fce,1,56.83,41.73,furniture_decor
f484aa505452986f295eb1205a44debd,1,666.04,649.99,watches_gifts
f4621f8ad6f54a2e3c408884068be46d,1,117.62,101.7,sports_leisure
f46098048d1a0c30ce1495246b8fd752,1,118.66,99.0,sports_leisure
f45992b1a19d4d13c6260492eb703aee,1,31.05,15.0,fixed_telephony
f45818be1ed5c16a17c66e33efa75271,1,105.41,89.9,fashion_sport
f457c5f0c72ba4cae17636c5174add2e,1,38.0,18.0,computers_accessories
f449d5919390268a18a8c424e3a62dea,1,149.69,133.0,sports_leisure
f43650d60d36b1668f6e5dd41e27f2f6,1,166.98,159.0,watches_gifts
f42892b40225227fe465626ff509a92e,1,107.78,89.9,home_confort
f42229541a6335f3ed5268439ea9f414,1,116.84,78.0,industry_commerce_and_business
f4116e296faeae4edac03ac7a501da81,1,54.69,37.9,perfumery
f4041d76285c2a34ad5013e8d287a400,1,51.84,39.99,bed_bath_table
f3ead0dbcae5b065731b183396c1da2f,1,52.78,45.0,stationery
f4b952dd7ab601c02bb1bd06395f45f6,1,97.71,79.9,watches_gifts
f4a9b2ee7355882bd41e1bf5126cf56a,1,35.4,20.3,fashion_bags_accessories
f4a53b6154c996879ab3efb88b2af77e,1,30.84,18.99,fixed_telephony
f48eb5c2fde13ca63664f0bb05f55346,1,64.88,60.0,sports_leisure
f48b3c028081f637a45e3374cf0061ec,1,97.78,89.9,fashion_bags_accessories
060f71666a632ac169814c0f1d715571,1,127.64,109.0,cine_photo
060c584206d08377a1408fd7afc08b0f,1,908.43,850.0,sports_leisure
0609678aec06f28cd8e177550d26e73b,1,100.57,74.99,bed_bath_table
060965aa6dfa817b80abda0c9413cc77,1,913.16,834.56,bed_bath_table
060890b1af8cc031e9dde49cf544f884,1,119.8,94.3,auto
0606451146029c2f85c958b9cce49735,1,235.41,219.0,watches_gifts
0603d2d85bcc46beb11bd247870c4841,1,179.54,170.0,bed_bath_table
060109450b2f49e4d5c4fdfd3d8ebc34,1,32.75,20.9,housewares
05fa3b5ecdf7f54e97fe25127db0ee7c,1,202.76,181.0,sports_leisure
05fa32a505166cc577354e48a194659d,1,77.96000000000001,66.0,furniture_decor
05f0fe07929d35be0748fac56eecbeb2,1,118.35,110.32,health_beauty
f555f8c0d7d8e7a84284ef3cc3d6b84e,1,64.59,49.49,sports_leisure
f52b6b9e0bc35ec9d682eea89b27ef38,1,257.57,155.87,housewares
f521813909e310116b6b2f0b11f3dd44,1,121.98,101.0,furniture_decor
f51dde119b9a90e3c7464f0cc45c0953,1,31.38,18.9,electronics
f51b0c76595738ba1b655691590a9062,1,138.44,99.9,furniture_decor
f5195736fa7a5ef076d923c03675184a,1,162.41,138.9,auto
f516645f81debe9cff9416a20662dc43,1,71.34,69.33,cool_stuff
f50c70e94e7b173b135c3cab35201f37,1,144.37,99.9,watches_gifts
f4fb1fcc46bdd61b314fe0292175e5db,1,217.96,199.0,cool_stuff
f4f4debbcfcafe6858d1e37a1f6e436e,1,372.67,139.98,office_furniture
f4f13035436c9678ca32d0130c0cdbc2,1,108.81,89.0,bed_bath_table
f4efad625ed5878a2e7589dfb31c747f,1,1063.75,998.9,furniture_decor
f4e74dfba86d9a38ceb930c9d34bbc0d,1,85.22,55.9,health_beauty
f4d450a6163f21cf9db8bcdf8c7e50f8,1,354.87,274.0,office_furniture
f4d18451e6c35980e6898e36dfd6fb55,1,62.61,48.9,bed_bath_table
f4be3cfe721d891dab8f4025132fe7c5,1,44.24,34.9,bed_bath_table
f594ea4dab18d092309463bf799398f9,1,81.19999999999999,64.99,toys
05d3d52aea100aa2f887fd940991f040,1,84.02000000000001,72.9,health_beauty
05c723fd782f0208b09b7c86f5220a5b,1,117.01,99.85,furniture_decor
05b4834511e1cdb34899d52589ac9271,1,89.46000000000001,70.0,books_technical
05af73bb3143cbc5233c1cdff4a767b5,1,95.21,79.9,furniture_living_room
05a4cea3c80d33b04145946e6c5e0fa9,1,80.92,59.7,garden_tools
059edbecfc72eba55fbd079a25c4ab6b,1,44.0,35.0,health_beauty
05928363cd16fb2d20ccad40992105aa,1,448.44,429.0,fashion_bags_accessories
058f0416fd2fad8fb4cd0443ade6a42b,1,135.76,118.0,costruction_tools_tools
0573b564a90d2d9f9c460eb963da8c33,1,409.79,361.98,housewares
056b837251897cfc6f46d3643bad614f,1,102.26,85.9,garden_tools
05696da7eee323669666f62228d00f78,1,274.61,241.89,bed_bath_table
05649d71cdf7d7ec2bbd7a717179de0f,1,386.46,369.0,health_beauty
f5889057b0c061390ce20f4b7b842ac0,1,77.2,49.9,bed_bath_table
f582884ed8bb76a4b6317b8c9e966d98,1,132.95,119.0,housewares
f55685df4cdbceeecfefb0c45aded1bc,1,146.26999999999998,129.6,toys
f6ce2f79a280fa3c1ddc114d34ab273d,1,77.47,64.0,small_appliances
f6bcb15602b0ca66d77ef1cf4edff1a6,1,107.54,93.49,sports_leisure
f6ba4f9e6851627ea2d5ec8b06d471d2,1,61.75,49.9,auto
f6b95bf0206dac805cbbf5807acce648,1,31.68,23.9,sports_leisure
f6af9afab66b4968cf9c27dcdfc42047,1,40.69,24.9,auto
f699b297070aa38aaf3de9639302506a,1,172.93,125.0,sports_leisure
f691cdacdf6ea42e5cde08d10928f90b,1,208.48,189.9,sports_leisure
f65da4eafdfa856de29dc7392408dd0a,1,103.92,95.9,toys
f647cb5c7b9b37aaecfaee8418a864cc,1,50.16,35.06,garden_tools
f63623e4b513b69f115a2b34b9667938,1,30.38,17.9,electronics
f5eafd694f3a7959e352920537496c7c,1,187.38,145.97,industry_commerce_and_business
f5d8fde6bbeab928266d4cc80eecd701,1,266.4,249.9,market_place
f5d8f4fbc70ca2a0038b9a0010ed5cb0,1,19.62,10.9,fashion_bags_accessories
f5c3f6159135311269c45b2b88f67464,1,221.79,199.9,bed_bath_table
f5a9be6a5b9fbbd35e67c6883914c1ab,1,145.29,131.35,perfumery
f59b09413cef2d29c4399a4216bb92a9,1,38.01,29.9,fashion_bags_accessories
04df667e73ca2fab4b9a97c86466b699,1,598.95,579.0,watches_gifts
04d752c2cda8f0972a8ab10ac9abdf12,1,68.45,50.0,bed_bath_table
f775e44f7a8609df5fc7a00faa8b458e,1,85.33999999999999,71.82,fashion_shoes
f75eb66dc82bccecabd706bd441cfd3a,1,131.47,109.9,luggage_accessories
f75b94ae22e65bec6b67d9652ef8387c,1,49.09,34.99,computers_accessories
f750e77aeeecafcb47516be7f8f278b8,1,54.01,39.9,fashion_sport
f7442dbcf090d2436e0321688ecf7d0b,1,120.77,107.0,sports_leisure
f73e87b204f0a4bcfa8edda38d11b334,1,168.83,149.9,auto
f72379337062680ca5a2b7b0275913d8,1,122.49,99.0,furniture_decor
f71e07cf6e6d621aef3ff698bc4f2819,1,34.0,19.9,telephony
f71c0f4ee48321ba6b82205b2fc9e08f,1,116.88,99.99,furniture_decor
f71a7c95a86564873cd996896b2976f6,1,103.99,90.0,computers_accessories
f71954485428cf87945953ea0a0a6229,1,247.93,239.0,bed_bath_table
f6fe388c9bfc145a2790437f1e4888d9,1,35.86,24.9,fashion_male_clothing
f6fa93875f4a7dac03e0a22143f4d815,1,63.66,49.95,bed_bath_table
f6e0b7ccc34e4decc1b855f8da06a5fc,1,142.01,129.9,toys
f7c7bd3105bd26ce0de4072af7159f84,1,115.42,97.99,unknown
f7bb503725fb4d7bb55301d5bceba728,1,116.84,99.7,sports_leisure
f7ac498363699addc5ff78eadee46977,1,64.09,48.99,telephony
f78c2e2b9562f4eb436a275b2a230531,1,93.19,69.9,health_beauty
f788dd44fc883f0664693a6dea50437f,1,51.69,39.0,toys
056193fc88b3f131fae751356896b168,1,156.4,129.99,housewares
056010e0e6196d99309275e1b2d12c80,1,51.57,44.0,stationery
0554df77f3ed2e36e06c60eb65dc357a,1,148.58,132.9,health_beauty
053dc19b1456837ad35f75a6fdce5988,1,73.47,50.4,sports_leisure
0538b3ea14af3cc3ee6bdaf940367cee,1,66.73,48.5,unknown
0534940d69bf94dc61c0e722b4168235,1,38.36,22.9,furniture_decor
052516c377ebbc53a39f053af1db08b4,1,152.27,139.9,cool_stuff
0521fe3eb04940304b489d0fb49a37dd,1,116.13,94.98,garden_tools
0505f239830b15ffbd923b4113a96855,1,35.14,19.9,luggage_accessories
0502d1a36be75bd36b452f31c6ed264a,1,77.55,69.77,unknown
04f6c1fd057cc96a63e1f9579ddb942b,1,46.94,38.0,construction_tools_construction
f8b49b0f49ab5467c1d3685cba5d9190,1,51.9,43.44,pet_shop
f8b29b398eeec313dd704d04a432af3a,1,35.69,18.9,computers_accessories
f8b09faf273ab8c2cb4209378253f56a,1,87.44,73.9,health_beauty
f8a9ed2d85e69c00f817d88ee3de7333,1,179.6,159.0,sports_leisure
f8a8f05a35976a91aed5cccc3992c357,1,101.74,83.9,furniture_decor
f8a7665279f140d238371c8e7604c204,1,41.370000000000005,25.0,office_furniture
f890ca4c2a406d04b85f3e33c425213d,1,676.74,659.99,watches_gifts
f88e0d55c56301ce5e0d6d518c7f0598,1,121.97,98.7,fashion_shoes
f8763c8e0ef828c6d393b091888f9eb8,1,460.87,399.99,bed_bath_table
f84d16882251975d1c1d1c64d551c330,1,133.7,115.0,auto
f8328e9125f089a968fc6b36116c4bb9,1,157.43,129.46,sports_leisure
f82d1ebd3649e6b83c2d0f611cb5c540,1,218.27,199.0,bed_bath_table
f7fdb1768aa2ba6a019449b74810d43f,1,84.12,69.9,bed_bath_table
f7fb8cbbcb9cd35f6fc536c77ae02ebe,1,168.20000000000002,149.9,bed_bath_table
f7ee078cfab4ad9144e1d75fd0258c5b,1,54.22,37.9,perfumery
f7d2c621aa931cf19b039d6089c106ad,1,190.0,169.9,stationery
f8f93700c26007f74716eca57d217cfd,1,75.78,66.9,fashion_bags_accessories
f8dc3e347e9b954a84d1d5e42b500e4c,1,27.1,12.0,market_place
f8cc518b0812bb0ee889350296f284e4,1,406.38,389.9,cool_stuff
f8ca22f13e0b58c30e9a8822f20d9ba9,1,303.86,259.9,furniture_decor
f8c52581d99477033b6cfa2da771e101,1,50.24,34.9,sports_leisure
f8c2617f62d3371e14acbe60d9483482,1,18.43,11.04,health_beauty
04caadc7ea07eadcaa8513b4f6ecd8ec,1,200.75,187.0,watches_gifts
04c48a5fe31aedc4ef3896c005fd483c,1,336.31,319.9,perfumery
04a67e69edfb208f784da30294f69c5b,1,200.52,182.0,sports_leisure
048d97d0e3bf2fdb3f1d268b69396cdc,1,53.5,36.9,sports_leisure
047b85649c33e9cbf34b2ccf8d41d622,1,250.88,229.0,stationery
0454c95c31d75e5f86c354896a3d9814,1,372.72,299.0,kitchen_dining_laundry_garden_furniture
044f125d78e0a631b0479182a37aab8c,1,76.31,61.0,sports_leisure
044814613492fc3e12bda239e12d6b68,1,22.86,11.9,health_beauty
0437850bd55b9b2b9cf104b59a611666,1,35.1,19.87,stationery
0433830caca22b01a0f477d31307b043,1,1843.85,1799.0,small_appliances_home_oven_and_coffee
f995f36cecde1f56edd98fc83b2b0b41,1,132.36,95.0,watches_gifts
f9888c7f6af544006f91ca92833d3507,1,65.63,53.9,auto
f96af21b8cf0b09ce2aed5462e40671a,1,382.39,359.9,air_conditioning
f9624194634737145e6066d831213df8,1,213.89,194.9,health_beauty
f95f8434a1ff4885362c44d9d8526579,1,82.52,64.5,stationery
f95d9369ebf76f811194c72bd22ff244,1,147.99,129.9,furniture_decor
f9392dda35e35d69c08288c2c670897f,1,28.75,16.9,bed_bath_table
f9379f60154525fc7b7aab43e4f14651,1,27.77,19.99,telephony
f936a018eafeb52059650c9e977b53eb,1,84.62,66.9,health_beauty
f93213a23c50edc16c27b96333f734dc,1,286.65000000000003,259.99,sports_leisure
f92ece990baf778926b7349c309b55f7,1,78.69,46.9,pet_shop
f91ca402b63936397a526d0c81976270,1,244.17,229.9,health_beauty
f9182a0ca4e95b38186deff41198a333,1,132.38,109.9,cool_stuff
f908d3bf313a1308bfb2a46ea2685347,1,49.11,35.0,toys
f906dbac60e535e0e5c313eaf7c5bfce,1,29.38,21.99,telephony
f9025647e0a95c843a2d85c23df34c6c,1,64.0,48.9,stationery
03706dca83513062fe74967a71b5fc78,1,59.83,34.99,unknown
fa243e761ae871597627e917611eeb23,1,197.97,135.0,bed_bath_table
fa11ecd35f999783e96ac500532d9d45,1,221.07,189.9,cool_stuff
fa06cd5fd01faf457f064d3073ce893d,1,98.52,79.0,perfumery
fa00124915804f23967ae06d7dfd5874,1,50.86,39.9,telephony
f9eb0aeafb5aa02dd5889376063550b9,1,67.24000000000001,58.67,bed_bath_table
f9e4900e477f557c368d218065353b5a,1,35.09,19.99,fixed_telephony
f9c972fb058194f8e948a46e6c611ee1,1,113.33,89.9,health_beauty
f9bb291280bceedf7840b89e1e75b89c,1,67.48,49.88,furniture_decor
f9b4f8ef12259efd919fbaf21f8f66a4,1,235.74,199.0,bed_bath_table
f9b1795281ce51b1cf39ef6d101ae8ab,1,51.75,39.9,unknown
f9b178c9fdc90bbcfbd6c6b49ed47d4c,1,127.26,70.0,furniture_decor
f9b0ee95ce8b1ef8b50eecc5e0fa4348,1,48.870000000000005,25.89,sports_leisure
f9a7825fa51f487b8a48f67e9efced8c,1,42.59,29.9,sports_leisure
f9a4667b264a6823ecdf9d1ab8914faf,1,32.15,20.3,fashion_bags_accessories
f9a09e5ecddf77ede4cade6a11624ac9,1,487.86,419.9,office_furniture
fa4e84908e2dca7e8d5c267baa88cfbb,1,372.27,350.0,cool_stuff
fa4e7a7bb781f24e7cee4d91502a89e3,1,131.47,113.4,telephony
fa3bea10a666ef8afb1557f5e866b719,1,18.36,10.49,sports_leisure
fa335dcd3999105b8bfb1ce9300de4d1,1,43.2,27.9,computers_accessories
fa2d929efb6b3c378099488dd6b02ca5,1,173.74,129.9,furniture_decor
03e931f387c2dd5b006aecdb12515b2e,1,65.71000000000001,53.0,bed_bath_table
03e7d29d9988a30815f1f20b6549881f,1,123.53,99.9,fashion_shoes
03e4e6709b7d6415746769c0bc3e9131,1,77.57,59.9,toys
03e1c946c0ddfc58724ff262aef08dff,1,37.49,20.7,housewares
03d817e5e392e78674ed0bd8195f9159,1,132.0,120.0,computers_accessories
03d7ad0ce97624c931b3abde02b5d819,1,91.07,79.9,perfumery
03d4233b9e3382adaed9e5c58626f1dc,1,25.77,17.99,furniture_decor
03c1fa561b6e1d70f9fa22ab1f08c762,1,319.34,284.9,furniture_decor
03c0275df9996ed2720b28488c7946d4,1,100.35,91.55,health_beauty
03b58043df5d7424df7eac2be2511c51,1,65.5,48.9,cool_stuff
03aad9707028422f38b0563410912177,1,90.66,78.9,bed_bath_table
fb1c85ab4adb8f0fd63d3e2156e51f4b,1,72.75999999999999,59.9,sports_leisure
fb14dbd8b5d4195d70df81f35b593889,1,44.42,29.9,electronics
fb10a064e6f5151ebfffc589e166c917,1,162.29,137.2,audio
fb09ab0eb676b60b254250a28fd46e10,1,192.8,169.9,electronics
fb01a5fc09b9b9563c2ee41a22f07d54,1,716.65,689.89,consoles_games
faec279ddbbce3de75d2adf10f612a5e,1,132.24,119.9,housewares
fadde2aec26938dd22add77b290d279d,1,50.29,39.0,housewares
fad5712458efaf9fff0c29431c558b07,1,207.55,198.9,watches_gifts
fac21a1c91c8001793435c475fa7f032,1,87.48,68.9,music
faaa13c4eb6bb073693378999e40b9a0,1,329.38,310.0,furniture_decor
fa9cf28beaafe4f4bec59550f6c76481,1,61.38,36.99,furniture_decor
fa92cdb881a2eab7e1f10d0ba6f42fc5,1,128.1,120.0,watches_gifts
fa928ac86f42e63887184bc28cb452fc,1,197.58,189.0,fashion_bags_accessories
fa812218786a729a847c4e1869c4ca48,1,153.38,135.0,fashion_bags_accessories
fa80471d26662bb653b2286e4b735a5a,1,742.47,650.0,auto
fa7b3afca12fceaa20c5d7aa279f08ca,1,41.260000000000005,23.0,auto
02c575cb5b29a173624c93f01786440b,1,106.55,89.0,computers_accessories
02b750ee6f6f12a23c311b775ee4427a,1,260.5,250.0,baby
02a97df83a8a100c7d2b14a02aea6a3d,1,85.14,69.9,health_beauty
028b3574d7619f191a7345161ae590e4,1,64.09,49.99,telephony
fb9e76805845146bdd3dbee717b27979,1,325.47,289.9,sports_leisure
fb98e86cfbfbff699907f0a84784d474,1,75.96000000000001,64.9,bed_bath_table
fb8e60e1a3c247d3a2e17f6986e71a40,1,203.67,189.9,furniture_decor
fb7eda79f009c621d394406fc3c28d5c,1,201.07,157.9,fashion_shoes
fb7707ed64cb62f7c280d9e384f03c07,1,165.22,129.0,toys
fb64af82ca185390e8d6fa6bd3a6ada6,1,256.47,199.0,bed_bath_table
fb61126545fe19cfa0593140a5cc3b13,1,76.17,59.99,fashion_bags_accessories
fb5bf004540ad1453e3903bdd2162293,1,328.32,309.9,luggage_accessories
fb5192388e7614dee676e3fcafbd12ee,1,60.63,35.0,fashion_bags_accessories
fb34a3bfc66ae09f045f9613fdb7bb5c,1,55.0,39.9,unknown
fb310009e56c0ab32657c9c674bd402c,1,79.39,72.0,perfumery
fb2f2ec90b4ee90ad257bbf89d01247e,1,59.47,40.0,bed_bath_table
fc5888c7df7361d2582b2fd195a827eb,1,44.29,36.9,bed_bath_table
fc49395ccfb1f65ab0d1352684772112,1,211.0,199.0,unknown
fc41206e8fcdfebc2418ab3a038053af,1,82.9,59.9,auto
fc3e972df7e263b301e2bee77ac2a6d3,1,87.63,67.91,sports_leisure
fc2053a22dde0b067898ea436a86ec6e,1,140.78,122.55,bed_bath_table
fc13bac52be6640d9a77f54894e2c0e6,1,42.86,29.99,health_beauty
03552ec45033c8658713c541f6af9f05,1,62.27,54.49,health_beauty
0354c6a8cb8961e29b70e564b93861fe,1,47.59,34.99,garden_tools
033e5e4f49acb5621c782ac8a37aa90b,1,52.07,34.9,luggage_accessories
0335b2f76fdeed85180abe8c6c444aa4,1,215.38,159.99,office_furniture
0320a1be5c5224f64bfbffa583cf03d6,1,90.28,75.0,electronics
02fbee632a2044d48ab16d57eec4db58,1,92.76,77.9,bed_bath_table
02fb2d61da1247bf732360ea76b16240,1,126.92,109.9,luggage_accessories
02f8dd9b448d3ec2c73e65a22da1121c,1,168.04000000000002,148.9,watches_gifts
02f5620577c231921c3b01678005d2ba,1,135.6,120.0,stationery
02dc711c164ca9c218d316491801ced9,1,166.29,148.0,furniture_decor
fca5350a69eb4d8ae4f5884413ebd0e5,1,326.92,310.0,perfumery
fc931a514a3e080c336911cccd59145b,1,60.78,53.0,auto
0268130c8c3e3cac87b5ec4931348c73,1,155.95000000000002,139.9,stationery
0259ef48d9c5f59c3b31147c52db801d,1,90.41,68.0,housewares
023d0e2e8457861c3badfb5fa7bcd58a,1,41.04,19.89,telephony
022ff42cced44a2b2cca57061cabb526,1,454.48,439.9,sports_leisure
021f04378f9692f8747f926f38bb8281,1,82.74,60.5,garden_tools
01ff1ff8aa5dec93e9938b989393a4ca,1,55.370000000000005,51.6,perfumery
01ef0716b68c8493434ad32430c24e18,1,70.41,56.99,bed_bath_table
01ebdb7ca76a3c581c0d5229ed80be7c,1,37.68,28.96,garden_tools
01a5038835acf17f141c7247956b72d6,1,112.3,99.9,bed_bath_table
018ca97302e4293050cc41413194bb19,1,99.95,88.0,agro_industry_and_commerce
fc8e852906ed3985a6e1ea67eb1dfdf9,1,68.19,59.9,furniture_decor
fc8595227785863846b7daa2ae3f2c9b,1,148.66,139.0,health_beauty
fc7138a8f96aee8302e42916bbbbb818,1,19.39,12.0,electronics
fc6c38ee7759b0a92503910745aa9ef0,1,60.03,45.9,auto
fd538a6af86a4b1b8546ec67d04a6323,1,167.15,109.9,construction_tools_lights
fd4269ef0b64a4ef82eb098107665158,1,220.85,189.99,computers_accessories
fd424396761d9e1609c5516b7d8ce17b,1,93.52,80.4,auto
fd40f3ef9c7fb9c550619a88af47a5de,1,263.59000000000003,201.0,signaling_and_security
fd28b464cf1660a67606f7b48c8c38c6,1,64.42,49.9,bed_bath_table
fd206f3c185fd47c22d6de48f25133fe,1,24.0,9.9,telephony
fd1b303c073ff6cdf78c7ad4d25b5409,1,20.68,12.9,computers_accessories
fd16d6944e49931ace2c99037c4d8868,1,62.38,49.9,computers_accessories
fd15dec337d57a332d25ec667eb5e859,1,147.62,127.49,watches_gifts
fd1446e03cb63518fdc2d2e91f6208b2,1,207.65,199.0,stationery
fd06ee724785658f80f21107c42352a8,1,137.99,119.9,watches_gifts
fcffe8b68efdfe24c139e44753dc505e,1,242.02,219.99,cool_stuff
fcf64c72035fc6f17660bae96c933ffb,1,48.38,35.9,perfumery
fce15962a64fe4b658917a18983fb266,1,26.18,17.89,health_beauty
fcdb929c70287379ce31deed3f733d72,1,226.12,209.9,bed_bath_table
fcb9824e33f82adb4fcac27ef46905b5,1,72.15,50.99,computers_accessories
fe4dece0c663ba4f1f9f2d04d3b93a97,1,137.89,99.9,cool_stuff
fe4cd3c795135b4f84e2da5a82ac84a8,1,39.620000000000005,24.35,electronics
fe0caf78250528cec991a2462326f574,1,92.44,72.69,housewares
fe0be6df56c891975ff729be49fd2e17,1,57.94,44.9,perfumery
fdfb90feb49d2b41b8283a8ec6e95590,1,723.2,690.0,musical_instruments
fdf9ec5852bb18d630e683e3c796972d,1,166.46,132.0,housewares
fde84a599b4b96ce7eef9109caece04b,1,53.53,27.9,auto
fdde5bfe43004cc06f12152870b951f4,1,388.25,369.9,perfumery
fdd06e4d9669d1f11992a3973a0fdd7b,1,308.72,239.9,health_beauty
fdba6f37e0258dbca54eb0ed8b293ae0,1,74.62,59.9,baby
fdb86e192fdd20037175daab38af9656,1,385.86,359.0,health_beauty
fdb0400657b935e026dc0521ba81c3d2,1,35.79,23.0,auto
fda95fe26bc353f8a0cc05c8d109d453,1,58.05,35.99,telephony
fd979b0722a18a4fb9dfe333eefeead2,1,135.49,118.9,furniture_decor
fd76f22bf3648e0dd4295e593def7664,1,51.05,39.9,auto
fd6d9e3d204e6e693f4edd48ac33487e,1,323.38,299.0,furniture_decor
006baa9a5b8f95895f15273a35bc2664,1,121.09,99.9,sports_leisure
ffe013e1b4603e3b0b02fbb159d5b400,1,187.11,169.0,sports_leisure
ffd4bf4306745865e5692f69bd237893,1,52.92,29.99,fashion_bags_accessories
ffd34459c21034d1da6df9800de0d7a3,1,68.11,52.99,health_beauty
ffd259a48b9b073c942884d0f3659566,1,216.83,199.0,fashion_male_clothing
ffc9caf33e2d1e9f44e3e06da19085f7,1,211.91,199.89,health_beauty
002159fe700ed3521f46cfcf6e941c76,1,219.38,199.7,fashion_shoes
ff01ba3d3676dd02937fd007e3f4e992,1,92.21,79.0,stationery
fef0296e6442db59700c92c692c90e90,1,33.03,25.64,costruction_tools_garden
fee0732d760a52d0047533f53a110037,1,201.13,165.9,auto
fec76cdd2170ca10b02e2f0d81ff4123,1,70.79,49.99,sports_leisure
fec3b45dc09b257690a09a742870b149,1,79.22,44.95,garden_tools
feb593f17c2f51af2932dbba3e99f1cb,1,45.0,29.9,auto
fe8bd0b912e59890950cae5e3bf908c9,1,117.51,99.9,furniture_decor
fe8b0ea4a95d3a6488d8e23b41720e46,1,213.44,203.9,baby
fe84c88069760acf0d69497293c74f25,1,41.96,19.9,stationery
ff9a23dcd6b233811bd2a7be174a8e4c,1,95.01,82.0,health_beauty
ff907ae86deaa05b65cfb3b14166e7c7,1,94.19,79.9,health_beauty
ff7fccf8513f360157f0660fe51d1d88,1,188.44,170.0,sports_leisure
ff7c7524d5f9a8386ab27088ec03c1fb,1,52.5,35.9,bed_bath_table
ff5d87897ed26d564711df324b98ebee,1,289.11,279.9,watches_gifts
ff55834c0b3272853dfe62340f2bb91b,1,63.42,45.0,watches_gifts
ff4c1a248a5110d784de5c67a9106d67,1,235.19,220.63,pet_shop
ff34f05b00e8638201e04d2d0651c663,1,543.9,514.0,garden_tools
ff0ba1ffc67724ddc6db331bd417ef67,1,180.61,165.7,health_beauty
00e928700d549c4173b1bf631ca30abf,1,98.32,55.9,sports_leisure
00c744ca2f3b0e76ce227b146095d3f9,1,49.55,33.9,toys
00c3e35b00dd00ab864d4a94c1b97e66,1,109.7,99.99,perfumery
00be617b58175bf207fd35910d5097a4,1,64.46,48.9,bed_bath_table
00a985c524adbb97a4211e4ce17aabec,1,37.83,24.99,telephony
0085dddda27567189f1dfd1eda7c286e,1,198.31,179.8,bed_bath_table
007c63ae4b346920756b5adcad8095de,1,91.75,79.99,housewares
