geolocation_zip_code_prefix,geolocation_lat,gelocation_lng,geolocation_city,geolocation_state
1001,-23.550189776551765,-46.6340235559042,sao paulo,SP
1005,-23.549456199830747,-46.63673294803691,sao paulo,SP
1006,-23.55010181145287,-46.636136735174176,sao paulo,SP
1007,-23.550046202351666,-46.637251459637646,sao paulo,SP
1008,-23.54600174938346,-46.63588592135778,sao paulo,SP
1011,-23.54690864025111,-46.63558202636042,sao paulo,SP
1012,-23.547789733146864,-46.63485900505736,sao paulo,SP
1013,-23.5471420283239,-46.63423580006204,sao paulo,SP
1015,-23.54766574938348,-46.631558570722675,sao paulo,SP
1021,-23.543000459064803,-46.63214323386248,sao paulo,SP
1026,-23.539657127270946,-46.6318842127058,sao paulo,SP
1027,-23.538082328385336,-46.6306686750678,sao paulo,SP
1031,-23.54190585344045,-46.63508761691669,sao paulo,SP
1033,-23.539271437077804,-46.635878084214845,sao paulo,SP
1035,-23.541614488738944,-46.641549142526515,sao paulo,SP
1040,-23.541028179008823,-46.63832469496941,sao paulo,SP
1041,-23.54390458746036,-46.640046486444724,sao paulo,SP
1043,-23.545765991186382,-46.641502464541404,sao paulo,SP
1044,-23.545598238423416,-46.64145267015315,sao paulo,SP
1047,-23.546187607081748,-46.64106743356167,sao paulo,SP
1048,-23.54711318884073,-46.63983987489639,sao paulo,SP
1049,-23.54701123674601,-46.63916570493306,sao paulo,SP
1050,-23.54922916358051,-46.64303023455153,sao paulo,SP
1103,-23.53546844605213,-46.630290773383486,sao paulo,SP
1107,-23.52608789203137,-46.6295898871866,sao paulo,SP
1121,-23.527866658998825,-46.635256920492864,sao paulo,SP
1123,-23.529164543710603,-46.636582392674725,sao paulo,SP
1126,-23.52706654933756,-46.6391527868084,sao paulo,SP
1129,-23.524051385464382,-46.64507304012999,sao paulo,SP
1131,-23.522379737671027,-46.64310784736644,sao paulo,SP
1135,-23.52619042672918,-46.650970041202214,sao paulo,SP
1136,-23.523986920181713,-46.66135135045779,sao paulo,SP
1139,-23.520724956071753,-46.66593897144172,sao paulo,SP
1150,-23.53295302359728,-46.658245942661345,sao paulo,SP
1153,-23.529930846298754,-46.653549086904356,sao paulo,SP
1201,-23.53608280967418,-46.649539390469315,sao paulo,SP
1203,-23.53596465666132,-46.64529955632679,sao paulo,SP
1205,-23.536490774893963,-46.64264196680963,sao paulo,SP
1206,-23.53586368511747,-46.64281871336397,sao paulo,SP
1209,-23.540695255566067,-46.64158293572283,sao paulo,SP
1210,-23.540039340558916,-46.64209131081347,sao paulo,SP
1212,-23.538268511790665,-46.63942263256764,sao paulo,SP
1214,-23.538842493961862,-46.645230453060144,sao paulo,SP
1218,-23.531249798864057,-46.648325141054045,sao paulo,SP
1220,-23.544514011109737,-46.64603990221942,sao paulo,SP
1221,-23.544867697472082,-46.64828171537101,sao paulo,SP
1222,-23.545944543972997,-46.64936937401519,sao paulo,SP
1224,-23.54177865147579,-46.65242233963953,sao paulo,SP
1225,-23.53978602121373,-46.64913883151016,sao paulo,SP
1226,-23.538010108905684,-46.652719268127555,sao paulo,SP
1228,-23.545189379286004,-46.657610856988455,sao paulo,SP
1229,-23.538901609843467,-46.657291130376834,sao paulo,SP
1230,-23.536310405918027,-46.65711200863413,sao paulo,SP
1231,-23.536950407426133,-46.65925589278497,sao paulo,SP
1232,-23.53642800353018,-46.65742601137803,sao paulo,SP
1233,-23.536246540149957,-46.66166521796578,sao paulo,SP
1239,-23.543095270084798,-46.631059196217635,sao paulo,SP
1240,-23.543791843442868,-46.658543962529855,sao paulo,SP
1243,-23.548120304994384,-46.65919184884556,sao paulo,SP
1252,-23.541753975470872,-46.67893404000763,sao paulo,SP
1254,-23.543337420255035,-46.680852402934015,sao paulo,SP
1255,-23.546369835319183,-46.68154172682528,sao paulo,SP
1257,-23.54360983905432,-46.687838575110746,sao paulo,SP
1258,-23.544037017325074,-46.686850912471364,sao paulo,SP
1259,-23.541418553843283,-46.68530389676934,sao paulo,SP
1301,-23.549328970281223,-46.65089009868754,sao paulo,SP
1302,-23.549002921262293,-46.6495522786361,sao paulo,SP
1303,-23.54950569815466,-46.64843251428849,sao paulo,SP
1304,-23.554056434811184,-46.655202368713134,sao paulo,SP
1306,-23.553785206718914,-46.649605096945386,sao paulo,SP
1307,-23.55277801011571,-46.65320770049062,sao paulo,SP
1309,-23.555493080015935,-46.658452189500665,sao paulo,SP
1310,-23.561652948469515,-46.65602130430728,sao paulo,SP
1311,-23.564504609380947,-46.652792655953206,sao paulo,SP
1313,-23.556111699158382,-46.65057380587249,sao paulo,SP
1314,-23.552640734461253,-46.64520437763303,sao paulo,SP
1315,-23.55408999997805,-46.640389095697635,sao paulo,SP
1317,-23.556238213645067,-46.640059865228494,sao paulo,SP
1318,-23.559447989888127,-46.642412737332194,sao paulo,SP
1319,-23.55188165773143,-46.640727972716256,sao paulo,SP
1320,-23.557955062291963,-46.639347399325395,sao paulo,SP
1321,-23.56212863488459,-46.64191854981315,sao paulo,SP
1322,-23.56317165882958,-46.64345614157524,sao paulo,SP
1323,-23.56573478465023,-46.64147810312641,sao paulo,SP
1325,-23.557390163497686,-46.644458336676024,sao paulo,SP
1327,-23.565113424714426,-46.644944579328765,sao paulo,SP
1329,-23.56197752132482,-46.64728109566715,sao paulo,SP
1331,-23.56266441471218,-46.64999665805783,sao paulo,SP
1333,-23.56643505240895,-46.64756359661896,sao paulo,SP
1402,-23.574837390049076,-46.65739203989358,sao paulo,SP
1403,-23.56875503877107,-46.65340944414581,sao paulo,SP
1404,-23.568544733628446,-46.65578027665806,sao paulo,SP
1405,-23.564762579634394,-46.65513838518373,sao paulo,SP
1406,-23.574814338967826,-46.67029927274052,sao paulo,SP
1408,-23.56711189502811,-46.66081341581779,sao paulo,SP
1409,-23.56146082458661,-46.6582620039177,sao paulo,SP
1411,-23.56424786754298,-46.66405956794994,sao paulo,SP
1415,-23.55609171648326,-46.660462198375534,sao paulo,SP
1416,-23.560692913961415,-46.6676885326705,sao paulo,SP
1419,-23.563541620009783,-46.655949613048826,sao paulo,SP
1420,-23.563435490498804,-46.657916039196984,sao paulo,SP
1421,-23.563299264968794,-46.66015369245716,sao paulo,SP
1422,-23.563961910707366,-46.661132368415885,sao paulo,SP
1423,-23.5691451171934,-46.65734766505131,sao paulo,SP
1424,-23.568041456805936,-46.66139884320943,sao paulo,SP
1433,-23.57840745461661,-46.66837295595987,sao paulo,SP
1434,-23.574646544842807,-46.672377399015254,sao paulo,SP
1445,-23.57103798335723,-46.6880680072701,sao paulo,SP
1448,-23.578237896388124,-46.6798226933562,sao paulo,SP
1451,-23.577435950107763,-46.68698984950365,sao paulo,SP
1452,-23.574996445978105,-46.68887938403559,sao paulo,SP
1453,-23.584059003974733,-46.686376108944685,sao paulo,SP
1454,-23.582376976278088,-46.68670275509791,sao paulo,SP
1503,-23.557709002952702,-46.63676937101554,sao paulo,SP
1506,-23.559558667862476,-46.635032185031825,sao paulo,SP
1508,-23.56142363121043,-46.63583005941286,sao paulo,SP
1511,-23.561456812728604,-46.63294793571508,sao paulo,SP
1512,-23.55371720607981,-46.629499097304134,sao paulo,SP
1516,-23.559073244239702,-46.615479964241814,sao paulo,SP
1520,-23.559378269055898,-46.62016401941447,sao paulo,SP
1521,-23.561174444941713,-46.62150903166886,sao paulo,SP
1522,-23.559920265800766,-46.61598186753573,sao paulo,SP
1524,-23.567783274833246,-46.61340053805785,sao paulo,SP
1525,-23.564028977467743,-46.634953911249525,sao paulo,SP
1526,-23.565952267759908,-46.630943918566196,sao paulo,SP
1527,-23.56243917352596,-46.62919220917374,sao paulo,SP
1528,-23.564770045306158,-46.627165924834166,sao paulo,SP
1529,-23.56843915687453,-46.634555491641365,sao paulo,SP
1530,-23.56894449806347,-46.63008918820539,sao paulo,SP
1531,-23.570760627713355,-46.632425247383914,sao paulo,SP
1532,-23.570534217612966,-46.6361118769605,sao paulo,SP
1534,-23.56754359015962,-46.626085143450275,sao paulo,SP
1538,-23.576312823278336,-46.623629347944245,sao paulo,SP
1539,-23.5711528559151,-46.62043601303771,sao paulo,SP
1540,-23.565851346289616,-46.62258150860084,sao paulo,SP
1541,-23.56925274057871,-46.61861697305809,sao paulo,SP
1543,-23.573720975073687,-46.62387176826929,sao paulo,SP
1545,-23.58097414309849,-46.61831033162644,sao paulo,SP
1547,-23.5829939617234,-46.62112676164033,sao paulo,SP
1550,-23.57305660659289,-46.616150545611475,sao paulo,SP
1551,-23.572737912267932,-46.61268007361107,sao paulo,SP
1552,-23.56949069519509,-46.611321773237286,sao paulo,SP
2013,-23.5022061742251,-46.63311453979948,sao paulo,SP
2016,-23.50398483876719,-46.6256721599388,sao paulo,SP
2017,-23.500742944360795,-46.63469457728485,sao paulo,SP
2021,-23.498309141177288,-46.6358858984643,sao paulo,SP
2022,-23.50407390342452,-46.63767093473863,sao paulo,SP
2028,-23.508702544567765,-46.61833692171872,sao paulo,SP
2030,-23.505871338521406,-46.62468256911272,sao paulo,SP
2033,-23.499900453395483,-46.61504999074923,sao paulo,SP
2034,-23.504072876495652,-46.62414421625581,sao paulo,SP
2035,-23.496211310932598,-46.62282500873062,sao paulo,SP
2036,-23.501744307143422,-46.6208028623093,sao paulo,SP
2037,-23.49971822107626,-46.620555045277534,sao paulo,SP
2040,-23.48965996001442,-46.62257166509295,sao paulo,SP
2041,-23.490626476607115,-46.62307980262542,sao paulo,SP
2043,-23.489943419781984,-46.61612445688869,sao paulo,SP
2044,-23.495724717630402,-46.618787965852384,sao paulo,SP
2046,-23.492280455300875,-46.61176940207568,sao paulo,SP
2047,-23.51721555382505,-46.61867396387229,sao paulo,SP
2050,-23.51734415478188,-46.61213522693959,sao paulo,SP
2053,-23.513227598850428,-46.602792691111006,sao paulo,SP
2055,-23.514029731318836,-46.60712616164343,sao paulo,SP
2060,-23.51900515519527,-46.602860931821475,sao paulo,SP
2064,-23.517676960434017,-46.597964629407336,sao paulo,SP
2066,-23.508643305017994,-46.605295668815735,sao paulo,SP
2072,-23.500164927840164,-46.60405533511347,sao paulo,SP
2079,-23.499287714127018,-46.60578507967237,sao paulo,SP
2112,-23.517448624283094,-46.59045121964739,sao paulo,SP
2113,-23.517720495682244,-46.589226620340014,sao paulo,SP
2119,-23.51220780313036,-46.59263904944159,sao paulo,SP
2120,-23.51082440244575,-46.593885760245776,sao paulo,SP
2122,-23.511966093580153,-46.58386437718144,sao paulo,SP
2124,-23.50697691302585,-46.57712086357543,sao paulo,SP
2131,-23.504328811869534,-46.58250945058416,sao paulo,SP
2134,-23.498613267408857,-46.57978572229729,sao paulo,SP
2135,-23.49793218940606,-46.584612291700225,sao paulo,SP
2141,-23.488986884986794,-46.57065328067549,sao paulo,SP
2150,-23.49403466917498,-46.568633209704345,sao paulo,SP
2166,-23.525209057038595,-46.58402154568834,sao paulo,SP
2169,-23.549584845417158,-46.62029999286664,sao paulo,SP
2178,-23.521664986950224,-46.570523876507146,sao paulo,SP
2179,-23.520410060508965,-46.568235339069005,sao paulo,SP
2189,-23.507787143908224,-46.567467709487815,sao paulo,SP
2201,-23.486228925529456,-46.592006127066036,sao paulo,SP
2203,-23.491870834979036,-46.59134807783873,sao paulo,SP
2215,-23.49075874535679,-46.58336932471797,sao paulo,SP
2216,-23.49305791256633,-46.57978444125483,sao paulo,SP
2223,-23.48163665026994,-46.58016703941922,sao paulo,SP
2225,-23.48272229501907,-46.575106892239695,sao paulo,SP
2227,-23.478725053779495,-46.57237400394174,sao paulo,SP
2229,-23.476573316835694,-46.56882032587766,sao paulo,SP
2235,-23.479332643151153,-46.575940355471346,sao paulo,SP
2238,-23.471205040999266,-46.57158333882553,sao paulo,SP
2242,-23.487614708512766,-46.60399102375177,sao paulo,SP
2247,-23.486067152325234,-46.60124172356028,sao paulo,SP
2250,-23.486516506481184,-46.59621632352811,sao paulo,SP
2252,-23.47874415112702,-46.58831651709553,sao paulo,SP
2255,-23.476900639653298,-46.591937735170696,sao paulo,SP
2256,-23.475325486280003,-46.58721405336572,sao paulo,SP
2258,-23.475983214969727,-46.58190463603528,sao paulo,SP
2265,-23.474254219342594,-46.5920253605626,sao paulo,SP
2266,-23.477148867774364,-46.59818684545332,sao paulo,SP
2274,-23.46705177563329,-46.58792075620118,sao paulo,SP
2276,-23.46119305435284,-46.58409760247099,sao paulo,SP
2278,-23.462796772074114,-46.579624510066914,sao paulo,SP
2281,-23.45198742890589,-46.57510493774136,sao paulo,SP
2306,-23.46336881154139,-46.603478416618415,sao paulo,SP
2307,-23.480890537528317,-46.607276642692305,sao paulo,SP
2310,-23.472814658449074,-46.600729145013894,sao paulo,SP
2312,-23.464805059922664,-46.59871241697143,sao paulo,SP
2314,-23.462064417366527,-46.599347717327156,sao paulo,SP
2317,-23.45811932550877,-46.593167466510984,sao paulo,SP
2319,-23.44972136038604,-46.59336446361453,sao paulo,SP
2323,-23.45632474871195,-46.60109652657752,sao paulo,SP
2324,-23.47795550890625,-46.59847671510719,sao paulo,SP
2325,-23.45353681848212,-46.58604068922076,sao paulo,SP
2330,-23.48555369372784,-46.61749060119429,sao paulo,SP
2332,-23.48271441228537,-46.62155343982422,sao paulo,SP
2336,-23.481297618595413,-46.616939978784735,sao paulo,SP
2346,-23.471228484637717,-46.60823078789643,sao paulo,SP
2350,-23.460724077996765,-46.6016047944519,sao paulo,SP
2351,-23.45494410609724,-46.59970792586279,sao paulo,SP
2355,-23.45470653310775,-46.61140407247261,sao paulo,SP
2358,-23.45444747938124,-46.60875824890609,sao paulo,SP
2359,-23.44588174360123,-46.61923035751618,sao paulo,SP
2362,-23.47923482606581,-46.57963323557619,sao paulo,SP
2366,-23.467732746409897,-46.6105450979245,sao paulo,SP
2367,-23.462270277161405,-46.59380392478858,sao paulo,SP
2372,-23.46009453860665,-46.62462503200484,sao paulo,SP
2374,-23.454766956700237,-46.62144325386925,sao paulo,SP
2376,-23.457618907473137,-46.62810512762748,sao paulo,SP
2401,-23.491724436850326,-46.626771324989775,sao paulo,SP
2403,-23.493992216184438,-46.62835871344506,sao paulo,SP
2407,-23.484875111923653,-46.62457520306331,sao paulo,SP
2408,-23.48252299767236,-46.627289763075396,sao paulo,SP
2413,-23.48294043270338,-46.63702493446731,sao paulo,SP
2415,-23.471948352737527,-46.631370260204655,sao paulo,SP
2418,-23.470550272349133,-46.629061771599964,sao paulo,SP
2422,-23.471748790241357,-46.636773176700274,sao paulo,SP
2430,-23.48210332606749,-46.64537516133473,sao paulo,SP
2435,-23.480303315462383,-46.64176777956362,sao paulo,SP
2442,-23.473122483197194,-46.643816695070555,sao paulo,SP
2443,-23.472994531200314,-46.64742941190346,sao paulo,SP
2451,-23.499162903885033,-46.64211200009376,sao paulo,SP
2452,-23.500312073464766,-46.64407821290554,sao paulo,SP
2461,-23.49200316465636,-46.63900286171412,sao paulo,SP
2470,-23.48496867423557,-46.64915068951776,sao paulo,SP
2512,-23.513719395863195,-46.659342449309165,sao paulo,SP
2514,-23.510630743633,-46.655237650268454,sao paulo,SP
2522,-23.50442216582312,-46.65918306701666,sao paulo,SP
2531,-23.50093691036352,-46.65274170167209,sao paulo,SP
2537,-23.491312375387345,-46.65245974809945,sao paulo,SP
2542,-23.487012986660364,-46.65867539409774,sao paulo,SP
2550,-23.50647547455896,-46.671317381764126,sao paulo,SP
2559,-23.49305416825461,-46.6724459979511,sao paulo,SP
2561,-23.492352403494024,-46.67494217200703,sao paulo,SP
2562,-23.48686598302112,-46.67379824356863,sao paulo,SP
2565,-23.486574146899905,-46.668359968689195,sao paulo,SP
2611,-23.467790322895212,-46.64820626081536,sao paulo,SP
2612,-23.47270051549843,-46.66375781178632,sao paulo,SP
2613,-23.478747150752753,-46.66256986605932,sao paulo,SP
2614,-23.47233458368271,-46.65657844951058,sao paulo,SP
2616,-23.469190720707815,-46.654573500771825,sao paulo,SP
2631,-23.459027947635942,-46.64565575282281,sao paulo,SP
2632,-23.464508708899025,-46.64920725174606,sao paulo,SP
2633,-23.461693187817826,-46.651736610865974,sao paulo,SP
2634,-23.45763338134832,-46.650404148792994,sao paulo,SP
2671,-23.467397969957513,-46.663877738142816,sao paulo,SP
2672,-23.459865416063455,-46.66642207028853,sao paulo,SP
2675,-23.45684669771692,-46.67090610202287,sao paulo,SP
2710,-23.508133433645863,-46.67378854079601,sao paulo,SP
2715,-23.50423166280527,-46.68212639414321,sao paulo,SP
2720,-23.492992772787023,-46.67416163406577,sao paulo,SP
2721,-23.49670765994968,-46.674632722230356,sao paulo,SP
2722,-23.500840544630766,-46.678335536470705,sao paulo,SP
2725,-23.499401731074585,-46.68239382390169,sao paulo,SP
2726,-23.50034763516487,-46.68713207170426,sao paulo,SP
2727,-23.496828619992474,-46.68578344882329,sao paulo,SP
2730,-23.4977966152943,-46.690798952838165,sao paulo,SP
2732,-23.500028266938585,-46.69545476190221,sao paulo,SP
2735,-23.49269052755523,-46.693582120180906,sao paulo,SP
2738,-23.491365606204813,-46.68862748111212,sao paulo,SP
2739,-23.479398517928054,-46.681071860585284,sao paulo,SP
2751,-23.49090034004066,-46.68212772492562,sao paulo,SP
2755,-23.48800287823144,-46.67972964801389,sao paulo,SP
2756,-23.4860220040904,-46.67756178321932,sao paulo,SP
2804,-23.48389471587814,-46.697759611661695,sao paulo,SP
2805,-23.479009120417654,-46.6978102979138,sao paulo,SP
2807,-23.47361099950276,-46.70072868664524,sao paulo,SP
2813,-23.45067331117907,-46.711818678024706,sao paulo,SP
2839,-23.47747057032342,-46.68293028819837,sao paulo,SP
2840,-23.482199714556256,-46.68958779044411,sao paulo,SP
2842,-23.4751702706815,-46.68738460343777,sao paulo,SP
2850,-23.46654633897085,-46.67348988809382,sao paulo,SP
2859,-23.45438412886653,-46.7024386466606,sao paulo,SP
2864,-23.472381135593775,-46.68166780595061,sao paulo,SP
2866,-23.4676821314479,-46.680876833991114,sao paulo,SP
2871,-23.46280703085924,-46.67536704480812,sao paulo,SP
2874,-23.462564640930367,-46.67642531786473,sao paulo,SP
2878,-23.45203458939662,-46.68707135277251,sao paulo,SP
2879,-23.448930082467577,-46.6977317466753,sao paulo,SP
2880,-23.466680620069337,-46.67222685571889,sao paulo,SP
2883,-23.44646114640251,-46.701489289354484,sao paulo,SP
2912,-23.50545892812067,-46.70852061295767,sao paulo,SP
2913,-23.503459306465064,-46.71287869871107,sao paulo,SP
2915,-23.498015599812316,-46.70785531697169,sao paulo,SP
2916,-23.494252239511642,-46.71388030944217,sao paulo,SP
2920,-23.490201980251125,-46.72136075491287,sao paulo,SP
2927,-23.4977397422524,-46.703783700781436,sao paulo,SP
2928,-23.50886157830248,-46.68112721209489,sao paulo,SP
2929,-23.492687855695202,-46.70633793156746,sao paulo,SP
2934,-23.48680400920038,-46.70530001805472,sao paulo,SP
2936,-23.485983031299828,-46.71794554517039,sao paulo,SP
2939,-23.48322763278342,-46.72991005287441,sao paulo,SP
2951,-23.473670503359084,-46.72213753690242,sao paulo,SP
2955,-23.46817509806932,-46.72025344447433,sao paulo,SP
2961,-23.492491214734663,-46.69963829158367,sao paulo,SP
2963,-23.504868908615258,-46.682602216056324,sao paulo,SP
2967,-23.480984678353327,-46.70421633711667,sao paulo,SP
2969,-23.4920587791635,-46.71062803918182,sao paulo,SP
2972,-23.48115800015399,-46.710536255224824,sao paulo,SP
2975,-23.47813090302306,-46.711362496104734,sao paulo,SP
2976,-23.476142147293096,-46.715789189519306,sao paulo,SP
2977,-23.470777121927593,-46.71443121107412,sao paulo,SP
2984,-23.445001364392684,-46.72055319973795,sao paulo,SP
2989,-23.433762388302366,-46.72095785108018,sao paulo,SP
2990,-23.44479984733434,-46.72758255830893,sao paulo,SP
2992,-23.44882068441022,-46.7287636262974,sao paulo,SP
2993,-23.453961663812116,-46.73188402974432,sao paulo,SP
2995,-23.444271689442214,-46.73898865697958,sao paulo,SP
2998,-23.443498238474042,-46.727756969400886,sao paulo,SP
3001,-23.541734532716237,-46.614660294316934,sao paulo,SP
3004,-23.543958416955746,-46.62165834699212,sao paulo,SP
3005,-23.54268706956543,-46.62477459348309,sao paulo,SP
3006,-23.5418122436329,-46.624550259441925,sao paulo,SP
3011,-23.538258995605783,-46.61510842070545,sao paulo,SP
3012,-23.540809599311913,-46.615421277907195,sao paulo,SP
3017,-23.536603102561838,-46.610939566633434,sao paulo,SP
3018,-23.53230248941005,-46.611344315772754,sao paulo,SP
3019,-23.53342246225688,-46.60497703630568,sao paulo,SP
3021,-23.531012010289658,-46.60081028219831,sao paulo,SP
3025,-23.53510381416933,-46.60962590198537,sao paulo,SP
3028,-23.527259032999194,-46.61149456906236,sao paulo,SP
3029,-23.52982460593583,-46.618173551632395,sao paulo,SP
3031,-23.531856808842985,-46.62064203778729,sao paulo,SP
3035,-23.52558072833697,-46.61466092986007,sao paulo,SP
3040,-23.549923715045278,-46.623031043593336,sao paulo,SP
3041,-23.54923674831532,-46.61994837184735,sao paulo,SP
3043,-23.54725423739727,-46.61712265714692,sao paulo,SP
3045,-23.54282909583655,-46.60252438520744,sao paulo,SP
3046,-23.544342492642407,-46.61561991312254,sao paulo,SP
3053,-23.54418018293379,-46.60707887325989,sao paulo,SP
3054,-23.54231342761656,-46.603755470724025,sao paulo,SP
3057,-23.54118379638801,-46.59684404591124,sao paulo,SP
3058,-23.5390781100868,-46.59060270875656,sao paulo,SP
3059,-23.540171867461595,-46.59168777265856,sao paulo,SP
3060,-23.538432671918383,-46.586993819209084,sao paulo,SP
3061,-23.540262855028377,-46.58495462693488,sao paulo,SP
3062,-23.54108430841194,-46.589429401756824,sao paulo,SP
3064,-23.533308961038095,-46.56975840842568,sao paulo,SP
3066,-23.537393590878054,-46.57674715135936,sao paulo,SP
3067,-23.53775963910294,-46.57342741029837,sao paulo,SP
3068,-23.536697990905008,-46.56809001344711,sao paulo,SP
3069,-23.535419303134443,-46.565391144742165,sao paulo,SP
3071,-23.53401758945805,-46.56152031333655,sao paulo,SP
3073,-23.531755578002794,-46.555744487164944,sao paulo,SP
3077,-23.531680926472,-46.580702146286285,sao paulo,SP
3080,-23.532906463160966,-46.578497509810916,sao paulo,SP
3086,-23.530252629964927,-46.56711051588779,sao paulo,SP
3087,-23.530395619220243,-46.5659723566192,sao paulo,SP
3088,-23.526901031009327,-46.561864433658876,sao paulo,SP
3089,-23.531016459504624,-46.56101663725986,sao paulo,SP
3102,-23.550323040646223,-46.61366842076251,sao paulo,SP
3104,-23.554245237556547,-46.61454015073124,sao paulo,SP
3106,-23.55628409710373,-46.61636650804023,sao paulo,SP
3110,-23.557606137546625,-46.6071959006922,sao paulo,SP
3111,-23.56018268375286,-46.60439300394291,sao paulo,SP
3118,-23.56176774145944,-46.594883357217824,sao paulo,SP
3119,-23.563520498719868,-46.59441804728763,sao paulo,SP
3122,-23.56818767624104,-46.59475374901045,sao paulo,SP
3124,-23.57099678375519,-46.590966642832335,sao paulo,SP
3126,-23.580395310431413,-46.59132639890193,sao paulo,SP
3127,-23.577893206679747,-46.58816127890345,sao paulo,SP
3129,-23.578472614655194,-46.5821375439252,sao paulo,SP
3132,-23.58226466103988,-46.58223783172893,sao paulo,SP
3134,-23.58476155729964,-46.58437200590849,sao paulo,SP
3136,-23.579356294221014,-46.5787697058454,sao paulo,SP
3138,-23.58741915450063,-46.581435332792104,sao paulo,SP
3141,-23.588457209884385,-46.57455217423434,sao paulo,SP
3146,-23.59313242355028,-46.57686178753552,sao paulo,SP
3152,-23.592552355006298,-46.58181592882135,sao paulo,SP
3153,-23.596895686427423,-46.580619253195366,sao paulo,SP
3156,-23.580853657771875,-46.5681712220399,sao paulo,SP
3158,-23.575764181570232,-46.56671945119023,sao paulo,SP
3161,-23.577276892320537,-46.56338617640832,sao paulo,SP
3162,-23.55132779430134,-46.60360231234208,sao paulo,SP
3165,-23.559996646549287,-46.58597349950898,sao paulo,SP
3167,-23.55574490427214,-46.594607877507244,sao paulo,SP
3168,-23.554397891852155,-46.59568963440545,sao paulo,SP
3169,-23.552915150652815,-46.593976495164206,sao paulo,SP
3170,-23.55090215973898,-46.59234068171788,sao paulo,SP
3175,-23.549367997934002,-46.584497398005304,sao paulo,SP
3178,-23.55347000551166,-46.58779032038253,sao paulo,SP
3179,-23.552918598387432,-46.581431020500325,sao paulo,SP
3181,-23.558371184517704,-46.58214904266699,sao paulo,SP
3185,-23.563384434881428,-46.58303458980718,sao paulo,SP
3186,-23.565561714195844,-46.58163873599627,sao paulo,SP
3187,-23.5611333137124,-46.57891781335759,sao paulo,SP
3188,-23.56263199908356,-46.57834473156485,sao paulo,SP
3190,-23.56451690530695,-46.57388000989229,sao paulo,SP
3191,-23.568801464537245,-46.57173940927547,sao paulo,SP
3193,-23.57415476713049,-46.576454989091594,sao paulo,SP
3194,-23.56788988703906,-46.57394821510183,são paulo,SP
3204,-23.59549859480055,-46.55972696351707,sao paulo,SP
3206,-23.59869175080098,-46.56248317931866,sao paulo,SP
3209,-23.601251249174847,-46.55894891701506,sao paulo,SP
3210,-23.60062679626441,-46.54953091064057,sao paulo,SP
3211,-23.601092055866467,-46.55369625087329,sao paulo,SP
3213,-23.60636135481361,-46.56094791984409,sao paulo,SP
3216,-23.60847855737744,-46.55619491444044,sao paulo,SP
3220,-23.604533636672187,-46.528421629953044,sao paulo,SP
3222,-23.58527841249789,-46.561094301063065,sao paulo,SP
3227,-23.58636550931363,-46.57107896083532,sao paulo,SP
3236,-23.59236811649082,-46.553386099109616,sao paulo,SP
3237,-23.593454949246254,-46.55235596542038,sao paulo,SP
3240,-23.59840257836959,-46.54732485107044,sao paulo,SP
3251,-23.606501763403656,-46.53722056492476,sao paulo,SP
3253,-23.607110911277815,-46.53119020950815,sao paulo,SP
3254,-23.60983667810177,-46.53119970835737,sao paulo,SP
3256,-23.609856490116115,-46.52964693018126,sao paulo,SP
3258,-23.610581276487395,-46.526488331494534,sao paulo,SP
3265,-23.594940355849836,-46.54115925090763,sao paulo,SP
3266,-23.598386316952038,-46.536700083372814,sao paulo,SP
3269,-23.59941403527031,-46.52443946351162,sao paulo,SP
3273,-23.577346895605476,-46.55995457781836,sao paulo,SP
3275,-23.583987138697704,-46.54139703340978,sao paulo,SP
3280,-23.58355120189348,-46.53738366780584,sao paulo,SP
3282,-23.588614272951972,-46.543918198532445,sao paulo,SP
3283,-23.590317795175192,-46.53928914700151,sao paulo,SP
3287,-23.595498020056485,-46.53310582777934,sao paulo,SP
3288,-23.592648578580313,-46.53198943442184,sao paulo,SP
3303,-23.545203383248218,-46.58769816496116,sao paulo,SP
3304,-23.545147862770502,-46.57813032122694,sao paulo,SP
3306,-23.544651733224047,-46.57571243111453,sao paulo,SP
3313,-23.54528010314897,-46.55833696328076,sao paulo,SP
3317,-23.54154695284625,-46.5606561048041,sao paulo,SP
3318,-23.544376874492144,-46.56537640757623,sao paulo,SP
3319,-23.54481729868081,-46.56210024419569,sao paulo,SP
3320,-23.546530378903565,-46.56533761884635,sao paulo,SP
3322,-23.548689156518982,-46.56553813802192,sao paulo,SP
3331,-23.547582300496124,-46.58295189254021,sao paulo,SP
3333,-23.556190575040848,-46.56912835039078,sao paulo,SP
3334,-23.55365998588404,-46.572282911105056,sao paulo,SP
3335,-23.55493816431263,-46.5684144488935,sao paulo,SP
3336,-23.553859823037847,-46.56304461876021,sao paulo,SP
3340,-23.57034218772486,-46.551191324293775,sao paulo,SP
3343,-23.559338434412677,-46.57097407073218,sao paulo,SP
3344,-23.560026286581977,-46.57345956175339,sao paulo,SP
3345,-23.571576957365867,-46.56366058582025,sao paulo,SP
3350,-23.56946837903707,-46.565964744802564,sao paulo,SP
3360,-23.56928410608017,-46.54352104423349,sao paulo,SP
3361,-23.57365747888405,-46.52991121436312,sao paulo,SP
3362,-23.565052841636103,-46.54303059596458,sao paulo,SP
3363,-23.56275648502631,-46.539130233721046,sao paulo,SP
3365,-23.57002011767039,-46.5371719119412,sao paulo,SP
3366,-23.564629644939043,-46.53426768325187,sao paulo,SP
3370,-23.56992184763031,-46.559308759694915,sao paulo,SP
3374,-23.588522392161533,-46.53129129303778,sao paulo,SP
3378,-23.57098061666265,-46.539238642298926,sao paulo,SP
3379,-23.57594065181062,-46.537575025132895,sao paulo,SP
3380,-23.57606763819209,-46.53256743678747,sao paulo,SP
3382,-23.57999807539269,-46.53127968561287,sao paulo,SP
3384,-23.57805737279869,-46.52272883054041,sao paulo,SP
3386,-23.57238120900142,-46.55064228636935,sao paulo,SP
3387,-23.585843241196468,-46.52933704646297,sao paulo,SP
3407,-23.543388118202337,-46.55095501603787,sao paulo,SP
3410,-23.550461849189315,-46.55143656955179,sao paulo,SP
3416,-23.56098128794099,-46.54936097955296,sao paulo,SP
3417,-23.539899237124583,-46.54740652791638,sao paulo,SP
3423,-23.551038737265085,-46.54148574197491,sao paulo,SP
3426,-23.552336441109286,-46.536868564238475,sao paulo,SP
3429,-23.55354632675329,-46.53614248004922,sao paulo,SP
3431,-23.550472430843698,-46.538845956881254,sao paulo,SP
3437,-23.55849530893288,-46.52911922454966,sao paulo,SP
3438,-23.558689589004413,-46.52719871187624,sao paulo,SP
3445,-23.54876817034105,-46.528726088626264,sao paulo,SP
3446,-23.550615745665016,-46.529145935286266,sao paulo,SP
3449,-23.556051532494394,-46.52261721063351,sao paulo,SP
3456,-23.56944696738208,-46.50651111754464,sao paulo,SP
3461,-23.56988247931966,-46.525535956916954,sao paulo,SP
3470,-23.56911279343243,-46.52228690836457,sao paulo,SP
3471,-23.565095619050492,-46.51856509433426,sao paulo,SP
3476,-23.572079387384726,-46.51148786470064,sao paulo,SP
3477,-23.568499943154574,-46.5118095802899,sao paulo,SP
3479,-23.575386881176925,-46.50810682935516,sao paulo,SP
3480,-23.578171603805536,-46.50730740744439,sao paulo,SP
3504,-23.53755537000389,-46.53822847017661,sao paulo,SP
3506,-23.537473191735714,-46.535705787101215,sao paulo,SP
3507,-23.53783925958698,-46.53862535889188,sao paulo,SP
3508,-23.534740026397674,-46.53293130897663,sao paulo,SP
3513,-23.53583699295913,-46.523108636005084,sao paulo,SP
3514,-23.533798010777907,-46.51787272388276,sao paulo,SP
3515,-23.539762644573948,-46.53152854513408,sao paulo,SP
3520,-23.547067431340068,-46.521644390616956,sao paulo,SP
3524,-23.54851526821456,-46.51423506990763,sao paulo,SP
3531,-23.541167981686744,-46.518412149883325,sao paulo,SP
3533,-23.544559564048523,-46.51680506788675,sao paulo,SP
3534,-23.54599187988559,-46.509707571749665,sao paulo,SP
3542,-23.531039542235845,-46.51583258285471,sao paulo,SP
3543,-23.535007209563116,-46.514903811860755,sao paulo,SP
3545,-23.532637983001585,-46.51224065273996,sao paulo,SP
3550,-23.53123454241979,-46.50691508220304,sao paulo,SP
3551,-23.533203550140836,-46.50341967916688,sao paulo,SP
3553,-23.534221738343234,-46.50685724306077,sao paulo,SP
3557,-23.541518342112003,-46.50490728663865,sao paulo,SP
3562,-23.54485288651954,-46.496724221497885,sao paulo,SP
3563,-23.546481275257445,-46.49189065896295,sao paulo,SP
3564,-23.53516852031464,-46.497267848770896,sao paulo,SP
3565,-23.538623910110676,-46.49447915291885,sao paulo,SP
3567,-23.539895818294504,-46.48962525685057,sao paulo,SP
3569,-23.543150156894836,-46.490101309522785,sao paulo,SP
3572,-23.574835967738572,-46.4968087831783,sao paulo,SP
3573,-23.55913133571593,-46.508841083131635,sao paulo,SP
3574,-23.554855228828732,-46.512090253222354,sao paulo,SP
3575,-23.55629666932671,-46.507416039741784,sao paulo,SP
3576,-23.55246537201064,-46.508179350341756,sao paulo,SP
3578,-23.558428028280037,-46.50482670323088,sao paulo,SP
3579,-23.563373145822325,-46.49598895587591,sao paulo,SP
3585,-23.565769997404406,-46.491785722212086,sao paulo,SP
3587,-23.55615045196158,-46.4874194144826,sao paulo,SP
3589,-23.551668533356004,-46.48650877535165,sao paulo,SP
3590,-23.546553455084585,-46.48340739286336,sao paulo,SP
3591,-23.55047071316334,-46.48017143402961,sao paulo,SP
3605,-23.521456756900132,-46.549809354708394,sao paulo,SP
3610,-23.51995453281058,-46.539600813481556,sao paulo,SP
3611,-23.519557576858055,-46.537682988347285,sao paulo,SP
3613,-23.519193185045893,-46.533632452774356,sao paulo,SP
3632,-23.527982062237164,-46.5497798081928,sao paulo,SP
3638,-23.528238244935558,-46.54152974201262,sao paulo,SP
3639,-23.525853818377094,-46.5402823163308,sao paulo,SP
3643,-23.527858384578476,-46.534243026514595,sao paulo,SP
3644,-23.526008583418218,-46.53344298946832,sao paulo,SP
3646,-23.525471188196192,-46.52961502004318,sao paulo,SP
3647,-23.525957810107155,-46.52763523808948,sao paulo,SP
3648,-23.524865682198147,-46.52727642100157,sao paulo,SP
3654,-23.525219436926424,-46.517028705036076,sao paulo,SP
3655,-23.525428760068145,-46.51380633487217,sao paulo,SP
3657,-23.527633485977958,-46.50400413075323,sao paulo,SP
3660,-23.522252457977448,-46.507181296243964,sao paulo,SP
3663,-23.52468838057328,-46.500575964282,sao paulo,SP
3667,-23.53130694915166,-46.49479455810049,sao paulo,SP
3669,-23.531657781757946,-46.49138352910662,sao paulo,SP
3673,-23.51476791010142,-46.50250781663177,sao paulo,SP
3675,-23.51917010830186,-46.49731177632416,sao paulo,SP
3676,-23.518296499409225,-46.49345095790639,sao paulo,SP
3679,-23.519665061102618,-46.48912230917957,sao paulo,SP
3685,-23.524144877528823,-46.47840266563504,sao paulo,SP
3687,-23.526481930880937,-46.48639537704244,sao paulo,SP
3688,-23.527952279641305,-46.484053482855046,sao paulo,SP
3694,-23.532071320207496,-46.47633256338806,sao paulo,SP
3701,-23.5134974016135,-46.550244505909305,sao paulo,SP
3702,-23.515977900238102,-46.54737185794936,sao paulo,SP
3703,-23.513814397376684,-46.55060393165683,sao paulo,SP
3707,-23.507357580817175,-46.54417947749753,sao paulo,SP
3717,-23.51069320494907,-46.52782757586412,sao paulo,SP
3721,-23.502803861752025,-46.52430246423972,sao paulo,SP
3725,-23.49993790539782,-46.518586861664836,sao paulo,SP
3728,-23.501322910151146,-46.509612825401426,sao paulo,SP
3729,-23.50096776361414,-46.505021699823374,sao paulo,SP
3733,-23.510015596276553,-46.528862342759886,sao paulo,SP
3734,-23.509934704953285,-46.52515655554452,sao paulo,SP
3735,-23.509643064936405,-46.521172394585605,sao paulo,SP
3758,-23.50430617845905,-46.499668272495924,sao paulo,SP
3759,-23.502635054046774,-46.493176740126046,sao paulo,SP
3802,-23.502447342818197,-46.485605237216355,sao paulo,SP
3804,-23.499143398150068,-46.48329854879862,sao paulo,SP
3807,-23.499569171080807,-46.472977347341775,sao paulo,SP
3808,-23.49397773208075,-46.47482439076656,sao paulo,SP
3809,-23.49066350344621,-46.47631091396909,sao paulo,SP
3810,-23.49046179346477,-46.472417358547126,sao paulo,SP
3811,-23.49104156884047,-46.48255023270557,sao paulo,SP
3813,-23.488234128266235,-46.469989005432,sao paulo,SP
3816,-23.48971544535606,-46.48929187360899,sao paulo,SP
3818,-23.497448290025503,-46.494141279831204,sao paulo,SP
3820,-23.495863087771465,-46.50308450815669,sao paulo,SP
3821,-23.494508960661726,-46.50334289873976,sao paulo,SP
3822,-23.498139816048564,-46.49572758105603,sao paulo,SP
3828,-23.481648664464455,-46.4933461753538,sao paulo,SP
3872,-23.512459731266134,-46.50082148805862,sao paulo,SP
3880,-23.50832107138194,-46.48545545756665,sao paulo,SP
3892,-23.513592113967142,-46.486694759046436,sao paulo,SP
3908,-23.58251935861188,-46.50719416982447,sao paulo,SP
3909,-23.58478957083073,-46.51127582828679,sao paulo,SP
3910,-23.58488074563091,-46.51558839644083,sao paulo,SP
3916,-23.58843786389451,-46.51144073547189,sao paulo,SP
3923,-23.59195427807019,-46.511001578259545,sao paulo,SP
3927,-23.60285393041032,-46.49870518457736,sao paulo,SP
3929,-23.60551442876972,-46.49030091198303,sao paulo,SP
3933,-23.58493741850381,-46.498673241857716,sao paulo,SP
3937,-23.586002562149023,-46.499637628336096,sao paulo,SP
3944,-23.60201559314473,-46.49375540666453,sao paulo,SP
3951,-23.58654972414455,-46.488694256580914,sao paulo,SP
3952,-23.5896199835501,-46.4830528231164,sao paulo,SP
3962,-23.60567392342068,-46.481512620852826,sao paulo,SP
3963,-23.60952604382118,-46.480163698524166,sao paulo,SP
3970,-23.614088202301215,-46.47940178532641,sao paulo,SP
3971,-23.60561565443457,-46.48921337527956,sao paulo,SP
3974,-23.61647892388566,-46.48434703145723,sao paulo,SP
3976,-23.61206753569341,-46.49758166095673,sao paulo,SP
3977,-23.616040419147648,-46.49796340236415,sao paulo,SP
3978,-23.62102017825679,-46.50454460959744,sao paulo,SP
3981,-23.61344320774903,-46.516474660702784,sao paulo,SP
3983,-23.60982936590491,-46.50825170905198,sao paulo,SP
3984,-23.606923245485127,-46.512386302516774,sao paulo,SP
3985,-23.606195893797842,-46.51679800990393,sao paulo,SP
3988,-23.601869883755835,-46.514122898498066,sao paulo,SP
3989,-23.61233147021754,-46.483917618530185,sao paulo,SP
4001,-23.572939479837185,-46.651114777209195,sao paulo,SP
4002,-23.571450396276582,-46.647981460623974,sao paulo,SP
4003,-23.573611137323816,-46.64695540691907,sao paulo,SP
4005,-23.57627417701988,-46.64871016894718,sao paulo,SP
4006,-23.57703196637474,-46.64702162223933,sao paulo,SP
4007,-23.579236019595633,-46.65382977275745,sao paulo,SP
4008,-23.580631506933937,-46.651872373897575,sao paulo,SP
4010,-23.58493185433855,-46.637491864222405,sao paulo,SP
4011,-23.57951699385565,-46.6440809335794,sao paulo,SP
4014,-23.58444931155144,-46.6433025523181,sao paulo,SP
4015,-23.586521320546403,-46.643773910197844,sao paulo,SP
4021,-23.593184555426912,-46.64315857695279,sao paulo,SP
4022,-23.594135363810274,-46.64576084364336,sao paulo,SP
4023,-23.5928960129834,-46.642191057251566,sao paulo,SP
4025,-23.598361277966994,-46.64643661788217,sao paulo,SP
4026,-23.59917301361541,-46.64802915518622,sao paulo,SP
4032,-23.595480536632664,-46.65915840467708,sao paulo,SP
4037,-23.595608042070673,-46.64327183856407,sao paulo,SP
4038,-23.5969743467028,-46.64449150794482,sao paulo,SP
4040,-23.599582806918818,-46.63783819608213,sao paulo,SP
4042,-23.6027356999657,-46.643956717931665,sao paulo,SP
4044,-23.600609181469384,-46.639783553158175,sao paulo,SP
4045,-23.61866620197685,-46.639582867790025,sao paulo,SP
4046,-23.618360334648866,-46.64027974663952,sao paulo,SP
4047,-23.60966315524704,-46.64267882349498,sao paulo,SP
4048,-23.702793500431497,-46.63646606305578,sao paulo,SP
4049,-23.606543729666658,-46.63962779604523,sao paulo,SP
4054,-23.61629990951716,-46.642176264134555,sao paulo,SP
4057,-23.60912050493088,-46.64693404776141,sao paulo,SP
4058,-23.610279226711643,-46.648223332198725,sao paulo,SP
4061,-23.61537503367352,-46.64828096468195,sao paulo,SP
4063,-23.613448168436147,-46.65035744947991,sao paulo,SP
4071,-23.624411500782685,-46.65232759204485,sao paulo,SP
4075,-23.602799154531507,-46.658023570070284,sao paulo,SP
4076,-23.60654202186106,-46.65701373063708,sao paulo,SP
4077,-23.607423597094993,-46.657580195287906,sao paulo,SP
4078,-23.606183740840486,-46.65931170929813,sao paulo,SP
4079,-23.60861206836742,-46.658743706616306,sao paulo,SP
4080,-23.608527203762673,-46.661200705889904,sao paulo,SP
4081,-23.609973346169273,-46.66218954108803,sao paulo,SP
4082,-23.612774158442022,-46.6604149234197,sao paulo,SP
4083,-23.612920131950528,-46.66202770921538,sao paulo,SP
4086,-23.610639731947213,-46.66027830199002,sao paulo,SP
4087,-23.609430024757696,-46.66050227039208,sao paulo,SP
4088,-23.605905918512416,-46.661276579305856,sao paulo,SP
4101,-23.585606749985566,-46.63379474748057,sao paulo,SP
4102,-23.589847401363592,-46.632613806421325,sao paulo,SP
4104,-23.576089220833886,-46.63873070008102,sao paulo,SP
4105,-23.57775179456721,-46.636590642688674,sao paulo,SP
4106,-23.581450833176703,-46.63502920959906,sao paulo,SP
4109,-23.576128521276864,-46.63177672317742,sao paulo,SP
4111,-23.58639253610522,-46.63229226089601,sao paulo,SP
4112,-23.58518494227737,-46.628951730756434,sao paulo,SP
4113,-23.585118195937433,-46.62575392765557,sao paulo,SP
4114,-23.586309176090325,-46.62381697602521,sao paulo,SP
4115,-23.589821561881465,-46.62447165912772,sao paulo,SP
4116,-23.592510950643614,-46.62549344482004,sao paulo,SP
4117,-23.58937783548387,-46.6303969650611,sao paulo,SP
4118,-23.594990927638744,-46.628618231118665,sao paulo,SP
4119,-23.596803948794257,-46.63462180317357,sao paulo,SP
4122,-23.602705431158114,-46.62176814565115,sao paulo,SP
4123,-23.61042211579087,-46.62659436529209,sao paulo,SP
4127,-23.60164020391801,-46.62995639142875,sao paulo,SP
4128,-23.60212720471841,-46.63292581249196,sao paulo,SP
4130,-23.60497215144589,-46.62000602777738,sao paulo,SP
4131,-23.60634365283654,-46.61793727227997,sao paulo,SP
4132,-23.616597692568526,-46.618485232473354,sao paulo,SP
4133,-23.62173806132692,-46.6183837748097,sao paulo,SP
4134,-23.606821547140417,-46.622655542274515,sao paulo,SP
4135,-23.609282751408507,-46.628494693264486,sao paulo,SP
4138,-23.610874075515337,-46.63445112502,sao paulo,SP
4140,-23.606419613388436,-46.63123905005017,sao paulo,SP
4141,-23.610056989230387,-46.633258352788346,sao paulo,SP
4142,-23.61189269858181,-46.63060941656349,sao paulo,SP
4143,-23.615026594777174,-46.63498468822016,sao paulo,SP
4144,-23.6191196479635,-46.638892604708964,sao paulo,SP
4145,-23.616568945148224,-46.63246063987729,sao paulo,SP
4151,-23.62132965582119,-46.62530855872009,sao paulo,SP
4156,-23.631765715208406,-46.62313404323022,sao paulo,SP
4159,-23.62286081243891,-46.611421766388204,sao paulo,SP
4160,-23.625475455621878,-46.61200044104113,sao paulo,SP
4164,-23.627534295197535,-46.60829070808083,sao paulo,SP
4166,-23.642668413700186,-46.60666379640448,sao paulo,SP
4167,-23.633746308008696,-46.614356752488725,sao paulo,SP
4171,-23.636874595252888,-46.612901745698174,sao paulo,SP
4176,-23.6351441150821,-46.60361073479807,sao paulo,SP
4177,-23.642226594229378,-46.607757271025676,sao paulo,SP
4180,-23.635005258010473,-46.59911604502151,sao paulo,SP
4181,-23.638458904938467,-46.59990353751536,sao paulo,SP
4184,-23.648808591374237,-46.59983106453618,sao paulo,SP
4186,-23.64705656492504,-46.5944418683725,sao paulo,SP
4194,-23.653723231387744,-46.61037830605272,sao paulo,SP
4195,-23.65724198521615,-46.612830839593656,sao paulo,SP
4203,-23.59062688490493,-46.60661223767748,sao paulo,SP
4205,-23.580892577198817,-46.60589818401142,sao paulo,SP
4206,-23.58467849581474,-46.604375927671484,sao paulo,SP
4207,-23.58734432766691,-46.60324253151921,sao paulo,SP
4208,-23.592775547444546,-46.601190643558255,sao paulo,SP
4211,-23.59233861916049,-46.60651734770442,sao paulo,SP
4213,-23.592504115039187,-46.60240268369205,sao paulo,SP
4215,-23.595641020616696,-46.601156270070724,sao paulo,SP
4222,-23.59851913872316,-46.58897640156412,sao paulo,SP
4230,-23.60545856528855,-46.59200607685887,sao paulo,SP
4236,-23.607162758152878,-46.588788873955465,sao paulo,SP
4241,-23.623100260306163,-46.588477687993674,sao paulo,SP
4243,-23.625807260665145,-46.58637622896058,sao paulo,SP
4244,-23.6290878110361,-46.58759158430273,sao paulo,SP
4248,-23.6127344506858,-46.598134183130796,sao paulo,SP
4250,-23.620422385707208,-46.5988656693112,sao paulo,SP
4253,-23.617066889638064,-46.59652930647008,sao paulo,SP
4254,-23.618627095261704,-46.594262798360994,sao paulo,SP
4255,-23.62360098462035,-46.59315292295778,sao paulo,SP
4256,-23.62957142052887,-46.59150671724376,sao paulo,SP
4265,-23.58735360067015,-46.61525833895386,sao paulo,SP
4269,-23.59835055769763,-46.61245522550356,sao paulo,SP
4270,-23.591459186919497,-46.61394648682921,sao paulo,SP
4272,-23.605378819544356,-46.61387919950284,sao paulo,SP
4273,-23.607472654074435,-46.611699115789875,sao paulo,SP
4275,-23.59383917278593,-46.61645866896797,sao paulo,SP
4278,-23.60185598318482,-46.60890962544776,sao paulo,SP
4281,-23.606213117621074,-46.60917170458759,sao paulo,SP
4282,-23.60757558518243,-46.611040297577595,sao paulo,SP
4285,-23.61317968106886,-46.60311235812508,sao paulo,SP
4288,-23.6105658135382,-46.61237820566994,sao paulo,SP
4296,-23.621197888443753,-46.60394747117316,sao paulo,SP
4297,-23.628066452900686,-46.60230241313098,sao paulo,SP
4301,-23.62477552188192,-46.63352225416763,sao paulo,SP
4302,-23.621975084279146,-46.636789523657406,sao paulo,SP
4304,-23.627064454143635,-46.63665166742413,sao paulo,SP
4305,-23.628528928652067,-46.63546920936279,sao paulo,SP
4306,-23.63124778046942,-46.636676440435814,sao paulo,SP
4307,-23.623679467120166,-46.63685006584126,sao paulo,SP
4308,-23.64469270250134,-46.63956724813834,sao paulo,SP
4313,-23.63728348822799,-46.63800500644551,sao paulo,SP
4315,-23.635735432494883,-46.6286711676003,sao paulo,SP
4319,-23.647404304203995,-46.63657001303734,sao paulo,SP
4323,-23.653741396955564,-46.63944436320993,sao paulo,SP
4324,-23.65438920639622,-46.637110843335314,sao paulo,SP
4335,-23.663454010380075,-46.639799203902776,sao paulo,SP
4339,-23.667456220235753,-46.64104518782228,sao paulo,SP
4342,-23.63520931747778,-46.65058314523511,sao paulo,SP
4343,-23.635476291236326,-46.645933467803154,sao paulo,SP
4346,-23.64056082245283,-46.65306653877791,sao paulo,SP
4347,-23.642586913119104,-46.647974060797154,sao paulo,SP
4349,-23.64872124022943,-46.6467557256446,sao paulo,SP
4360,-23.640036256150193,-46.66328463779025,sao paulo,SP
4361,-23.64352701824689,-46.66280936272233,sao paulo,SP
4362,-23.64534785795394,-46.668963118638466,sao paulo,SP
4363,-23.646504679681733,-46.66622567766505,sao paulo,SP
4364,-23.65022806110628,-46.67081335868612,sao paulo,SP
4365,-23.671616354938898,-46.64862369446783,sao paulo,SP
4366,-23.673566314986044,-46.64687767536627,sao paulo,SP
4367,-23.651458409656648,-46.667264990007716,sao paulo,SP
4372,-23.648544163014538,-46.65715849830985,sao paulo,SP
4378,-23.649632268343144,-46.66066470778875,sao paulo,SP
4386,-23.663567055703332,-46.65517373069147,sao paulo,SP
4401,-23.666929519378087,-46.66490984847022,sao paulo,SP
4403,-23.670543920073367,-46.66105567584753,sao paulo,SP
4410,-23.68023857052899,-46.648640105817044,sao paulo,SP
4416,-23.676960817794914,-46.63848809147062,sao paulo,SP
4421,-23.69022793376611,-46.63953173003591,sao paulo,SP
4424,-23.68736615396162,-46.64044939164154,sao paulo,SP
4427,-23.680525236817456,-46.65285152264628,sao paulo,SP
4428,-23.68046350130337,-46.654924199929845,sao paulo,SP
4433,-23.681405028974122,-46.65688688768331,sao paulo,SP
4434,-23.683137667931977,-46.66679869299973,sao paulo,SP
4438,-23.676569848880813,-46.669896904323316,sao paulo,SP
4445,-23.6831997048296,-46.68526592421875,sao paulo,SP
4447,-23.689349532967487,-46.679059044906474,sao paulo,SP
4455,-23.680396491949327,-46.67922669623794,sao paulo,SP
4456,-23.685732516732607,-46.67796462779876,sao paulo,SP
4458,-23.6883121693803,-46.672902915291004,sao paulo,SP
4459,-23.69298727844507,-46.67221439367841,sao paulo,SP
4461,-23.691183009689926,-46.679584294640954,sao paulo,SP
4464,-23.697327234370857,-46.65788329245735,sao paulo,SP
4474,-23.687550598311375,-46.637114884922845,sao paulo,SP
4475,-23.700998891440037,-46.634987005364756,sao paulo,SP
4476,-23.707230333178344,-46.62492750473099,sao paulo,SP
4506,-23.593221441898947,-46.67273270444528,sao paulo,SP
4508,-23.58941316805441,-46.66942376820583,sao paulo,SP
4509,-23.591274547225453,-46.67043121247023,sao paulo,SP
4510,-23.59361490795346,-46.670166868732956,sao paulo,SP
4513,-23.596983265499667,-46.670529616645666,sao paulo,SP
4514,-23.600788676457864,-46.67137818658837,sao paulo,SP
4515,-23.60161922053799,-46.66615719260359,sao paulo,SP
4517,-23.605966882765838,-46.673408830411425,sao paulo,SP
4522,-23.59822835666077,-46.66241093510209,sao paulo,SP
4523,-23.603725702261563,-46.66684160844491,sao paulo,SP
4530,-23.581664346279066,-46.673090513358254,sao paulo,SP
4531,-23.581695843051765,-46.67705269490649,sao paulo,SP
4532,-23.58374451317806,-46.6747180313227,sao paulo,SP
4533,-23.584344043487178,-46.67837486389917,sao paulo,SP
4534,-23.584221095155648,-46.674052829159464,sao paulo,SP
4535,-23.590008404889527,-46.67555610804616,sao paulo,SP
4536,-23.58202339488089,-46.680628005426776,sao paulo,SP
4537,-23.593127930787567,-46.67676098288305,sao paulo,SP
4542,-23.58725130580715,-46.679195757569985,sao paulo,SP
4543,-23.589487918494665,-46.68100070686952,sao paulo,SP
4547,-23.597787481892404,-46.68397116792925,sao paulo,SP
4552,-23.593406680948608,-46.6857212639924,sao paulo,SP
4556,-23.613278856853583,-46.67865970572656,sao paulo,SP
4559,-23.61464444495384,-46.681404748300004,sao paulo,SP
4560,-23.611756184111968,-46.68171262561139,sao paulo,SP
4561,-23.608536691052052,-46.685657345108694,sao paulo,SP
4562,-23.6102572415798,-46.68710161819633,sao paulo,SP
4563,-23.610942393251094,-46.68659354600935,sao paulo,SP
4564,-23.613023583846296,-46.68482314602869,sao paulo,SP
4565,-23.61109328786772,-46.68960089270385,sao paulo,SP
4567,-23.613258022164974,-46.68995373230165,sao paulo,SP
4569,-23.606814609417057,-46.6892159563453,sao paulo,SP
4570,-23.60189036207672,-46.689582287270596,sao paulo,SP
4571,-23.6047804796032,-46.69355855742373,sao paulo,SP
4581,-23.619728778352282,-46.68336127730955,sao paulo,SP
4583,-23.61860003122178,-46.69670651176469,sao paulo,SP
4602,-23.622332972865337,-46.68144846125938,sao paulo,SP
4603,-23.622060740058195,-46.68021757154078,sao paulo,SP
4605,-23.61964671515011,-46.67572233629379,sao paulo,SP
4608,-23.624124956240582,-46.67436074338665,sao paulo,SP
4610,-23.624828782984174,-46.67235004072565,sao paulo,SP
4612,-23.622258923071602,-46.66355613340106,sao paulo,SP
4613,-23.618896001391466,-46.66765351402123,sao paulo,SP
4615,-23.623101897683917,-46.66749536437599,sao paulo,SP
4616,-23.619660625482595,-46.67326589214815,sao paulo,SP
4617,-23.623192092745526,-46.66990311336905,sao paulo,SP
4618,-23.62087560710147,-46.6759069923895,sao paulo,SP
4619,-23.623509079362613,-46.6758083805412,sao paulo,SP
4621,-23.62704499971125,-46.680415806849105,sao paulo,SP
4623,-23.636249561856218,-46.674963142950894,sao paulo,SP
4633,-23.63412218559662,-46.665021714847775,sao paulo,SP
4634,-23.6385851265951,-46.667548185930094,sao paulo,SP
4635,-23.64101529423475,-46.67052669980034,sao paulo,SP
4641,-23.63557467017113,-46.68518366825551,sao paulo,SP
4648,-23.650062986791102,-46.674129731782756,sao paulo,SP
4650,-23.657850841946917,-46.676925083929255,sao paulo,SP
4653,-23.6638797483433,-46.674738192364444,sao paulo,SP
4655,-23.663471694776256,-46.6720253765515,sao paulo,SP
4657,-23.667974839248064,-46.67377385938189,sao paulo,SP
4661,-23.67431727995172,-46.68420969706395,sao paulo,SP
4662,-23.65506844042762,-46.69202773202241,sao paulo,SP
4671,-23.65880874449394,-46.69183549279,sao paulo,SP
4672,-23.660951020776388,-46.6991896587543,sao paulo,SP
4674,-23.663855154832145,-46.6857921780803,sao paulo,SP
4675,-23.664977542231945,-46.690930028196576,sao paulo,SP
4676,-23.66195544386419,-46.67883554435079,sao paulo,SP
4677,-23.667693055320974,-46.682386386180866,sao paulo,SP
4679,-23.674279253457225,-46.68190697391393,sao paulo,SP
4685,-23.663211322410458,-46.693516169598965,sao paulo,SP
4689,-23.670245618667245,-46.69111303986106,sao paulo,SP
4693,-23.67965711039978,-46.69141448992611,sao paulo,SP
4696,-23.669413859519103,-46.70246251262525,sao paulo,SP
4707,-23.624988625614023,-46.69337339053362,sao paulo,SP
4709,-23.62948498874614,-46.69568015837471,sao paulo,SP
4710,-23.627754263109214,-46.695719848906464,sao paulo,SP
4714,-23.631834846536943,-46.70032625979074,sao paulo,SP
4715,-23.63198070195784,-46.70135123576615,sao paulo,SP
4717,-23.63143155078634,-46.705423630028584,sao paulo,SP
4718,-23.632144873490837,-46.70377183131555,sao paulo,SP
4719,-23.632941446215064,-46.706958480610986,sao paulo,SP
4726,-23.636027323303832,-46.713002500990385,sao paulo,SP
4733,-23.63552988166383,-46.69403108090457,sao paulo,SP
4734,-23.642557650665786,-46.69829417797877,sao paulo,SP
4735,-23.64269446059694,-46.697389538991324,sao paulo,SP
4738,-23.642310172459627,-46.69538260530722,sao paulo,SP
4739,-23.645606617155025,-46.69884923278413,sao paulo,SP
4740,-23.64659824535931,-46.69298461682915,sao paulo,SP
4742,-23.650936619411485,-46.70090582373058,sao paulo,SP
4744,-23.65661163744346,-46.70672764474122,sao paulo,SP
4746,-23.658871847383985,-46.70793209575099,sao paulo,SP
4747,-23.65671810515744,-46.69780877973735,sao paulo,SP
4752,-23.653255735596098,-46.71183480625177,sao paulo,SP
4756,-23.64698378124242,-46.71872159590326,sao paulo,SP
4761,-23.6628433978514,-46.71802738661013,sao paulo,SP
4763,-23.66958508329505,-46.71857329234198,sao paulo,SP
4771,-23.681586890410806,-46.71207372527155,sao paulo,SP
4773,-23.68224733460275,-46.708985637015715,sao paulo,SP
4776,-23.68700759507919,-46.70240296312426,sao paulo,SP
4777,-23.695491463759286,-46.69822956602337,sao paulo,SP
4782,-23.691013046281814,-46.70381010620763,sao paulo,SP
4785,-23.693468973442794,-46.71128496158236,sao paulo,SP
4787,-23.697432800100692,-46.71012149639332,sao paulo,SP
4794,-23.62011581915099,-46.69978748689634,sao paulo,SP
4795,-23.66302445564082,-46.71088404654184,sao paulo,SP
4805,-23.715015505112504,-46.70348903356202,sao paulo,SP
4809,-23.716916214057584,-46.69469317014639,sao paulo,SP
4810,-23.711358324499425,-46.69794827478875,sao paulo,SP
4811,-23.710419062430674,-46.69325441198315,sao paulo,SP
4813,-23.720325908099333,-46.687005216550084,sao paulo,SP
4814,-23.72548035188383,-46.67852717658196,sao paulo,SP
4815,-23.703808462248503,-46.691298009855,sao paulo,SP
4820,-23.73627721451841,-46.68707125365045,sao paulo,SP
4823,-23.72448075349887,-46.69524995148848,sao paulo,SP
4824,-23.73008354767063,-46.69508201695654,sao paulo,SP
4827,-23.721614977225553,-46.7017825002926,sao paulo,SP
4829,-23.73014219512915,-46.70950946737809,sao paulo,SP
4830,-23.731773732956412,-46.70126481824942,sao paulo,SP
4831,-23.734513562006082,-46.713646779446904,sao paulo,SP
4833,-23.74349754942539,-46.706328705967096,sao paulo,SP
4840,-23.755407728923164,-46.68298265577684,sao paulo,SP
4841,-23.73870891292228,-46.68933298902944,sao paulo,SP
4844,-23.751069522562037,-46.701769110820386,sao paulo,SP
4849,-23.71931110088707,-46.6603971582893,sao paulo,SP
4850,-23.747947364049544,-46.68180588603654,sao paulo,SP
4851,-23.73159518384113,-46.66661691155489,sao paulo,SP
4854,-23.746937065245564,-46.69079514460872,sao paulo,SP
4855,-23.75825726749644,-46.680714497110145,sao paulo,SP
4856,-23.769909984438026,-46.68609058077874,sao paulo,SP
4857,-23.7639730208048,-46.68808147880211,sao paulo,SP
4858,-23.771696125483064,-46.71251908538587,sao paulo,SP
4860,-23.761872476919216,-46.714639470499506,sao paulo,SP
4863,-23.762167655259187,-46.70637779365961,sao paulo,SP
4865,-23.783248589161186,-46.70641046985807,sao paulo,SP
4870,-23.75763122502084,-46.756091869243136,sao paulo,SP
4880,-23.788360491870264,-46.72025037439156,sao paulo,SP
4884,-23.8019351507609,-46.70268008712869,sao paulo,SP
4890,-23.828685909251025,-46.72278516535996,sao paulo,SP
4891,-23.802690762934283,-46.73150077934431,sao paulo,SP
4892,-23.8466464246361,-46.71514599213115,sao paulo,SP
4893,-23.808031774592244,-46.68669610808174,sao paulo,SP
4895,-23.81212359574121,-46.698788253367596,sao paulo,SP
4902,-23.671915260631064,-46.73263715626594,sao paulo,SP
4905,-23.674725263248263,-46.75060206710469,sao paulo,SP
4914,-23.676419394912518,-46.74525173506079,sao paulo,SP
4915,-23.68142552935726,-46.74828542511998,sao paulo,SP
4916,-23.685788682454483,-46.75071082659235,sao paulo,SP
4917,-23.68634400669057,-46.74587908179179,sao paulo,SP
4918,-23.690636031888268,-46.74469013621886,sao paulo,SP
4923,-23.70444249297526,-46.74814701098308,sao paulo,SP
4929,-23.69988673830009,-46.765235162496474,sao paulo,SP
4930,-23.6804358545049,-46.75272666182636,sao paulo,SP
4937,-23.68602726400406,-46.76122292477735,sao paulo,SP
4938,-23.69002489502889,-46.76140900780606,sao paulo,SP
4939,-23.690235587689077,-46.77038993848446,sao paulo,SP
4940,-23.68856287959489,-46.766137871623584,sao paulo,SP
4942,-23.69775130858687,-46.77551766454479,sao paulo,SP
4945,-23.713389601731254,-46.77826926936613,sao paulo,SP
4949,-23.720335906643875,-46.769836124260166,sao paulo,SP
4960,-23.723969536837195,-46.782637627475815,sao paulo,SP
4963,-23.749259460589005,-46.77909846601395,sao paulo,SP
4966,-23.72756525858985,-46.783957278420935,sao paulo,SP
5004,-23.532683468084457,-46.66558631421479,sao paulo,SP
5005,-23.53234482119938,-46.67128073797279,sao paulo,SP
5006,-23.53510134639545,-46.667791594369376,sao paulo,SP
5007,-23.53477609449016,-46.671765005244886,sao paulo,SP
5008,-23.53457340349239,-46.675109589900636,sao paulo,SP
5009,-23.534131171711177,-46.67859103997379,sao paulo,SP
5010,-23.53519580423248,-46.679813628314406,sao paulo,SP
5011,-23.535783335551105,-46.6817146094127,sao paulo,SP
5012,-23.539032889594832,-46.67933270301829,sao paulo,SP
5013,-23.537669109995164,-46.66814022488543,sao paulo,SP
5014,-23.536591894837063,-46.67012078945233,sao paulo,SP
5015,-23.535876547109396,-46.67093885147919,sao paulo,SP
5016,-23.5381371487334,-46.6767883913836,sao paulo,SP
5017,-23.537113672238494,-46.67967840241485,sao paulo,SP
5018,-23.53488034186273,-46.6805692207545,sao paulo,SP
5019,-23.53457301407031,-46.68229313418208,sao paulo,SP
5021,-23.53270402146554,-46.68485034486324,sao paulo,SP
5024,-23.530141722649656,-46.68540942891025,sao paulo,SP
5025,-23.53384157170314,-46.688212912351474,sao paulo,SP
5026,-23.53057164602443,-46.68941279731024,sao paulo,SP
5030,-23.542073101813642,-46.691757669424845,sao paulo,SP
5036,-23.515676072388047,-46.68823275335754,sao paulo,SP
5037,-23.5136227076998,-46.68908004117692,sao paulo,SP
5038,-23.514608894293236,-46.699044536858196,sao paulo,SP
5042,-23.524859717457527,-46.69201008546271,sao paulo,SP
5043,-23.525700606115237,-46.691691746509825,sao paulo,SP
5047,-23.525352524106367,-46.69940378835367,sao paulo,SP
5048,-23.53125923032842,-46.69735447980675,sao paulo,SP
5049,-23.527098367014467,-46.700544430613625,sao paulo,SP
5050,-23.523494575847014,-46.701412136581084,sao paulo,SP
5051,-23.527430208285203,-46.69602838486034,sao paulo,SP
5056,-23.5324148093303,-46.705115400038366,sao paulo,SP
5060,-23.52864231226849,-46.70861780278875,sao paulo,SP
5065,-23.5188449946195,-46.69557271499828,sao paulo,SP
5081,-23.527230725986072,-46.71459945522313,sao paulo,SP
5083,-23.532956160041532,-46.716796816499084,sao paulo,SP
5086,-23.5240192194707,-46.728718435645476,sao paulo,SP
5089,-23.52043348353363,-46.72668925401347,sao paulo,SP
5092,-23.512231288367147,-46.71517999827117,sao paulo,SP
5101,-23.5048912112042,-46.72658804974733,sao paulo,SP
5102,-23.51767033875858,-46.75069273724154,sao paulo,SP
5104,-23.51387705958752,-46.75621774505109,sao paulo,SP
5108,-23.509324235963728,-46.758059566409486,sao paulo,SP
5109,-23.50384157387845,-46.76057807750388,sao paulo,SP
5110,-23.49370398743919,-46.750350823951905,sao paulo,SP
5115,-23.510236888823304,-46.75043682857945,sao paulo,SP
5117,-23.513380637840633,-46.74355765748278,sao paulo,SP
5119,-23.494381914918204,-46.73602570743373,sao paulo,SP
5125,-23.502723037382403,-46.73872785910907,sao paulo,SP
5126,-23.50212556913061,-46.741142143638044,sao paulo,SP
5127,-23.497544650322833,-46.73894137655675,sao paulo,SP
5128,-23.492808011471674,-46.740701708848036,sao paulo,SP
5133,-23.49287747096435,-46.74349865349463,sao paulo,SP
5138,-23.484769700217907,-46.73414273203396,sao paulo,SP
5141,-23.49202403381399,-46.728984060453946,sao paulo,SP
5145,-23.50325736152087,-46.72035402820775,sao paulo,SP
5170,-23.483583375571712,-46.748070542970176,sao paulo,SP
5171,-23.477638371873425,-46.74921995719644,sao paulo,SP
5175,-23.475339939016436,-46.7385487944511,sao paulo,SP
5181,-23.455861458512842,-46.744091586764384,sao paulo,SP
5182,-23.450665352098024,-46.74628466462477,sao paulo,SP
5183,-23.45263613463318,-46.75239926035206,sao paulo,SP
5185,-23.441513479752444,-46.74790735195498,sao paulo,SP
5186,-23.434724295187742,-46.75144799620903,sao paulo,SP
5201,-23.413045473409838,-46.72367775577434,sao paulo,SP
5202,-23.402064522203666,-46.747144044986634,sao paulo,SP
5203,-23.40759380422852,-46.74636906583293,sao paulo,SP
5209,-23.431514052403873,-46.727129544507434,sao paulo,SP
5223,-23.409611076153432,-46.73976853235852,sao paulo,SP
5265,-23.451151723323687,-46.79009259234171,sao paulo,SP
5266,-23.446228004991838,-46.799819060458894,sao paulo,SP
5267,-23.440607961411974,-46.79235580972822,sao paulo,SP
5268,-23.440855455436186,-46.783986265332814,sao paulo,SP
5302,-23.53056157287374,-46.726887072481645,sao paulo,SP
5303,-23.527681032654787,-46.73062332314681,sao paulo,SP
5307,-23.522570428298284,-46.742171255002454,sao paulo,SP
5315,-23.533374471737652,-46.73128132257116,sao paulo,SP
5318,-23.53553345873529,-46.72963723549799,sao paulo,SP
5319,-23.54181228101085,-46.73068651777813,sao paulo,SP
5330,-23.54293729376883,-46.74819291738546,sao paulo,SP
5335,-23.546188486894668,-46.75360726605516,sao paulo,SP
5344,-23.553024977467047,-46.74524388209305,sao paulo,SP
5345,-23.551343532031716,-46.744182091106396,sao paulo,SP
5351,-23.559490137078797,-46.75475041981528,sao paulo,SP
5352,-23.555571407503006,-46.75882706366167,sao paulo,SP
5353,-23.560339094133642,-46.75091587091028,sao paulo,SP
5356,-23.56323994326225,-46.753607983205164,sao paulo,SP
5358,-23.57190871426215,-46.75004411197405,sao paulo,SP
5359,-23.570043504777,-46.744242389233484,sao paulo,SP
5360,-23.568729215612503,-46.738338940033856,sao paulo,SP
5362,-23.57266059282205,-46.74092043660306,sao paulo,SP
5363,-23.572993076417532,-46.74712639600013,sao paulo,SP
5365,-23.576128163715314,-46.74778945162779,sao paulo,SP
5368,-23.578698545574266,-46.75225899980265,sao paulo,SP
5372,-23.579830303024895,-46.75751352696019,sao paulo,SP
5373,-23.583601560330457,-46.758585811620215,sao paulo,SP
5374,-23.579225471669975,-46.760540268069505,sao paulo,SP
5379,-23.56581730152117,-46.75268750755804,sao paulo,SP
5382,-23.574634361418234,-46.76198683942051,sao paulo,SP
5386,-23.565123083728515,-46.75974396816675,sao paulo,SP
5387,-23.5658989985101,-46.76499828358517,sao paulo,SP
5396,-23.573283216931266,-46.769822400172856,sao paulo,SP
5397,-23.579639087518498,-46.775588039269955,sao paulo,SP
5403,-23.5576145034479,-46.66911737948981,sao paulo,SP
5405,-23.560480994979077,-46.68249824471937,sao paulo,SP
5406,-23.558221837932248,-46.67895670433539,sao paulo,SP
5409,-23.557414360968973,-46.67498899407013,sao paulo,SP
5410,-23.555368925356014,-46.677209571939315,sao paulo,SP
5414,-23.56195888712988,-46.681457015325655,sao paulo,SP
5415,-23.56265442017587,-46.683853534109964,sao paulo,SP
5416,-23.560948576672754,-46.68842233187831,sao paulo,SP
5417,-23.5614338955358,-46.68984601367532,sao paulo,SP
5420,-23.565205494688218,-46.69137334100538,sao paulo,SP
5422,-23.566922054158674,-46.68744615053221,sao paulo,SP
5424,-23.568770707245974,-46.698109635231695,sao paulo,SP
5428,-23.56321806595014,-46.69821444174412,sao paulo,SP
5432,-23.557152183891162,-46.689757770775486,sao paulo,SP
5435,-23.551639612978555,-46.690442312805956,sao paulo,SP
5438,-23.545263294678225,-46.69152484976028,sao paulo,SP
5448,-23.546398864472796,-46.700593491657635,sao paulo,SP
5453,-23.542316865438963,-46.707584742379346,sao paulo,SP
5454,-23.54100180166093,-46.710488757140794,sao paulo,SP
5455,-23.54138303936125,-46.711854471589234,sao paulo,SP
5462,-23.558964574972258,-46.704450419432995,sao paulo,SP
5468,-23.539050227122882,-46.71577306475604,sao paulo,SP
5469,-23.541128175943864,-46.719557452207845,sao paulo,SP
5501,-23.570807810334056,-46.70495206215466,sao paulo,SP
5503,-23.570211693584675,-46.710839634895606,sao paulo,SP
5508,-23.561022122574336,-46.72778520240412,sao paulo,SP
5510,-23.572964767577204,-46.70904207388072,sao paulo,SP
5515,-23.580157159355213,-46.714306360643356,sao paulo,SP
5522,-23.592234893589836,-46.736414231417946,sao paulo,SP
5523,-23.593710319696335,-46.740212944963176,sao paulo,SP
5524,-23.59701793763902,-46.74276541469741,sao paulo,SP
5528,-23.59461802777047,-46.75724227732727,sao paulo,SP
5530,-23.576698021490962,-46.71705184930481,sao paulo,SP
5531,-23.579483742847152,-46.722741209699684,sao paulo,SP
5535,-23.583270893164062,-46.731440233956484,sao paulo,SP
5537,-23.58593543223021,-46.735031727437764,sao paulo,SP
5540,-23.576191543186116,-46.72398929376703,sao paulo,SP
5541,-23.58828746610215,-46.741709883898515,sao paulo,SP
5543,-23.58876457891091,-46.74010514664085,sao paulo,SP
5544,-23.593620778372998,-46.76614576202182,sao paulo,SP
5547,-23.593289291903176,-46.772505416655925,sao paulo,SP
5549,-23.59713487958609,-46.76615820634795,sao paulo,SP
5551,-23.589137852305686,-46.76124463878243,sao paulo,SP
5564,-23.591681235609244,-46.77033832168364,sao paulo,SP
5567,-23.594027301222617,-46.786173435750996,sao paulo,SP
5571,-23.594555942402376,-46.78748871127183,sao paulo,SP
5572,-23.596746827785218,-46.795405866043915,sao paulo,SP
5574,-23.588380095778795,-46.80242673463387,sao paulo,SP
5577,-23.58498874015659,-46.76723184375316,sao paulo,SP
5581,-23.571768850148334,-46.72230765403168,sao paulo,SP
5587,-23.5719391383778,-46.72553508344255,sao paulo,SP
5588,-23.576016577083774,-46.74118636634992,sao paulo,SP
5590,-23.575636933705557,-46.7327365312949,sao paulo,SP
5594,-23.582541073649487,-46.73993690651194,sao paulo,SP
5595,-23.580410586734697,-46.74276227935014,sao paulo,SP
5596,-23.58100757658398,-46.7462060022269,sao paulo,SP
5616,-23.58845659053836,-46.719338419798156,sao paulo,SP
5617,-23.591281998559445,-46.72003054986746,sao paulo,SP
5622,-23.599110932471415,-46.72485501533489,sao paulo,SP
5623,-23.60090592975239,-46.72671324365675,sao paulo,SP
5624,-23.595284852664307,-46.728198536058464,sao paulo,SP
5625,-23.59623345091977,-46.73045208091811,sao paulo,SP
5628,-23.599614658313637,-46.730714317287905,sao paulo,SP
5632,-23.599535586507248,-46.73543637154784,sao paulo,SP
5633,-23.60001479181681,-46.7396865924674,sao paulo,SP
5634,-23.606375444414635,-46.73749142075063,sao paulo,SP
5638,-23.607476248196658,-46.74035789126719,sao paulo,SP
5640,-23.616393976264778,-46.7398470197997,sao paulo,SP
5641,-23.61808877778015,-46.73688048339371,sao paulo,SP
5642,-23.621695328356683,-46.7360229276192,sao paulo,SP
5653,-23.601429515197342,-46.71741044164156,sao paulo,SP
5658,-23.603407665278702,-46.722686849184385,sao paulo,SP
5661,-23.610669282016186,-46.726160357568375,sao paulo,SP
5663,-23.614011992536618,-46.72683864111844,sao paulo,SP
5676,-23.59696486626193,-46.69861843897608,sao paulo,SP
5678,-23.598111102968712,-46.704672268056946,sao paulo,SP
5679,-23.601465264332134,-46.70129231763575,sao paulo,SP
5684,-23.607065980745592,-46.70458436752859,sao paulo,SP
5685,-23.60702388573718,-46.70493308856589,sao paulo,SP
5686,-23.61166437604769,-46.702889024081266,sao paulo,SP
5690,-23.615309722908446,-46.7046304407905,sao paulo,SP
5705,-23.625845549610293,-46.72115930997515,sao paulo,SP
5709,-23.617863900607457,-46.7417722102373,sao paulo,SP
5711,-23.613232778366175,-46.74372391912566,sao paulo,SP
5712,-23.621323518868845,-46.73019140744088,sao paulo,SP
5713,-23.62637267739045,-46.73033396272476,sao paulo,SP
5715,-23.62911216427785,-46.732070759005055,sao paulo,SP
5724,-23.63280963348503,-46.735713575178494,sao paulo,SP
5726,-23.625468927234873,-46.74135022703571,sao paulo,SP
5727,-23.6266482450248,-46.73950894543502,sao paulo,SP
5729,-23.634607026145623,-46.735881844474896,sao paulo,SP
5730,-23.634970921060688,-46.741430132389155,sao paulo,SP
5731,-23.6403748417726,-46.74282186388779,sao paulo,SP
5734,-23.62569896288816,-46.74346812072216,sao paulo,SP
5741,-23.61064127024898,-46.74785398743359,sao paulo,SP
5754,-23.619760069994566,-46.754030155756396,sao paulo,SP
5756,-23.624438675279386,-46.75501665729355,sao paulo,SP
5758,-23.628898865777746,-46.76379490478539,sao paulo,SP
5763,-23.643648226598245,-46.759019375370066,sao paulo,SP
5767,-23.632114348335307,-46.76077037734813,sao paulo,SP
5772,-23.63956026800762,-46.75549581004344,sao paulo,SP
5773,-23.635024986038115,-46.75501165480173,sao paulo,SP
5782,-23.651293938017023,-46.76685345723278,sao paulo,SP
5783,-23.645136910858778,-46.76918116853053,sao paulo,SP
5785,-23.62480660667009,-46.766486502696914,sao paulo,SP
5786,-23.63519167113765,-46.77249597850784,sao paulo,SP
5787,-23.619794989254373,-46.7594858387868,sao paulo,SP
5789,-23.647700206940105,-46.777706142664805,sao paulo,SP
5790,-23.641863142903308,-46.785442169491795,sao paulo,SP
5791,-23.64636101705606,-46.78451326253863,sao paulo,SP
5797,-23.654779221446987,-46.77239155052198,sao paulo,SP
5801,-23.647168759594603,-46.73449085706351,sao paulo,SP
5805,-23.653322513293585,-46.734511192556184,sao paulo,SP
5812,-23.655833851218407,-46.734115354594856,sao paulo,SP
5813,-23.65490906717792,-46.73169884937451,sao paulo,SP
5820,-23.665344907294287,-46.74004197698364,sao paulo,SP
5821,-23.66737924080279,-46.751166256802534,sao paulo,SP
5833,-23.67091235540667,-46.75917046168082,sao paulo,SP
5835,-23.650255848591343,-46.75372470475791,sao paulo,SP
5842,-23.650278345082626,-46.74420450893912,sao paulo,SP
5843,-23.65121878229917,-46.73692406599499,sao paulo,SP
5844,-23.657086155201178,-46.74061857869906,sao paulo,SP
5847,-23.654270267509236,-46.7486195063238,sao paulo,SP
5849,-23.652366177840175,-46.75575337195746,sao paulo,SP
5853,-23.65955686100653,-46.751772689096356,sao paulo,SP
5856,-23.651663543777676,-46.78428698989416,sao paulo,SP
5857,-23.656789411025073,-46.78053307135405,sao paulo,SP
5858,-23.667488769523878,-46.78230624492152,sao paulo,SP
5861,-23.67162488305793,-46.7646569264103,sao paulo,SP
5863,-23.676918147471813,-46.76618596319816,sao paulo,SP
5868,-23.66610618088054,-46.77934000250036,sao paulo,SP
5872,-23.68563168814889,-46.776069715481356,sao paulo,SP
5877,-23.691886310998093,-46.79068226944645,sao paulo,SP
5879,-23.688713388674568,-46.79261135376148,sao paulo,SP
5882,-23.680742553273266,-46.78422427518124,sao paulo,SP
5885,-23.67502806167971,-46.785655704009564,sao paulo,SP
5886,-23.680576936468302,-46.79243711105185,sao paulo,SP
5887,-23.678377766434167,-46.79756866766876,sao paulo,SP
5890,-23.665642991201228,-46.78861772463053,sao paulo,SP
5892,-23.661258140620205,-46.786396657422046,sao paulo,SP
6010,-23.535463859649585,-46.768062570670615,osasco,SP
6016,-23.53246342609349,-46.77954307516129,osasco,SP
6018,-23.540899991961364,-46.77611296981493,osasco,SP
6020,-23.53847816936169,-46.76162168584186,osasco,SP
6023,-23.543439210064776,-46.77031626609237,osasco,SP
6026,-23.551579822740532,-46.76387498562264,osasco,SP
6033,-23.560420707901525,-46.77789975633018,osasco,SP
6036,-23.55807593943666,-46.776020963910796,osasco,SP
6040,-23.56929879236466,-46.78310812662827,osasco,SP
6045,-23.572885906855078,-46.79287786501947,osasco,SP
6053,-23.5591147795387,-46.78762555874676,osasco,SP
6056,-23.566292989796676,-46.78782137212703,osasco,SP
6060,-23.553054468928526,-46.78198098470049,osasco,SP
6080,-23.54353287060003,-46.78492157358007,osasco,SP
6083,-23.542105276100596,-46.778728427276576,osasco,SP
6086,-23.534653020202683,-46.7850642027234,osasco,SP
6097,-23.528549092116897,-46.77978832664409,osasco,SP
6110,-23.5315877754592,-46.79142511158972,osasco,SP
6114,-23.533560116307562,-46.79780463580426,osasco,SP
6124,-23.546687632927863,-46.798109784495324,osasco,SP
6126,-23.551599742813256,-46.79452337779028,osasco,SP
6132,-23.556559690754995,-46.79838841332349,osasco,SP
6144,-23.566932612528717,-46.80093561012173,osasco,SP
6145,-23.570069601776062,-46.80295938767627,osasco,SP
6147,-23.578696544453585,-46.807730260858335,osasco,SP
6150,-23.57025590139547,-46.811308031928874,osasco,SP
6154,-23.560055882960995,-46.8044683595317,osasco,SP
6160,-23.557419361355258,-46.81212888634085,osasco,SP
6162,-23.55355703888978,-46.80913962478848,osasco,SP
6170,-23.545487374669083,-46.8048655124169,osasco,SP
6172,-23.542451430607542,-46.81284888182181,osasco,SP
6186,-23.53325761928266,-46.813092215922886,osasco,SP
6190,-23.530037173754266,-46.79888215459073,osasco,SP
6194,-23.525358837547422,-46.80190233237287,osasco,SP
6216,-23.525695396205027,-46.77159123618125,osasco,SP
6226,-23.508287072878808,-46.77809618473146,osasco,SP
6230,-23.5164047227284,-46.7998399571437,osasco,SP
6233,-23.51660025727027,-46.78697369149597,osasco,SP
6236,-23.510107869522784,-46.78735481666445,osasco,SP
6243,-23.50355323505828,-46.79825426414906,osasco,SP
6246,-23.498858559998244,-46.80706577753118,osasco,SP
6253,-23.49706387038927,-46.797449279127356,osasco,SP
6263,-23.49379694614944,-46.7965163068496,osasco,SP
6266,-23.493205285898785,-46.78788920002157,osasco,SP
6268,-23.50004966943102,-46.77822733184515,osasco,SP
6270,-23.496201243987443,-46.77137977151545,osasco,SP
6276,-23.48445637925961,-46.77506800791145,osasco,SP
6283,-23.514445473398524,-46.76816095053011,osasco,SP
6286,-23.50655625612319,-46.77205872145585,osasco,SP
6288,-23.502363375182355,-46.76555984372987,osasco,SP
6290,-23.520280407395536,-46.77128848275885,osasco,SP
6293,-23.516295138962597,-46.762880480951715,osasco,SP
6311,-23.520892321810788,-46.84578284021309,carapicuiba,SP
6315,-23.525173181187785,-46.841547676095296,carapicuiba,SP
6317,-23.52630642240271,-46.84569408911503,carapicuiba,SP
6325,-23.530162272062586,-46.829344623192675,carapicuiba,SP
6326,-23.529281307265126,-46.828480358215806,carapicuiba,SP
6330,-23.555518450847483,-46.82833863237436,carapicuiba,SP
6332,-23.54880596717767,-46.83024045323436,carapicuiba,SP
6333,-23.55972473866013,-46.8315412294552,carapicuiba,SP
6341,-23.57251800195737,-46.819952770036906,carapicuiba,SP
6342,-23.579756621576472,-46.82535845686454,carapicuiba,SP
6343,-23.5685297561331,-46.83315253960562,carapicuiba,SP
6362,-23.554275981049827,-46.841445544172025,carapicuiba,SP
6365,-23.55294610347221,-46.85082344930689,carapicuiba,SP
6380,-23.54191207813006,-46.83721005347436,carapicuiba,SP
6381,-23.5458043750033,-46.83882324744325,carapicuiba,SP
6382,-23.549784784833392,-46.83915708999162,carapicuiba,SP
6385,-23.542057866239563,-46.84312392349166,carapicuiba,SP
6387,-23.55134994036523,-46.83514188734528,carapicuiba,SP
6390,-23.54029496150103,-46.85298992497374,carapicuiba,SP
6401,-23.509458578207646,-46.88108056020685,barueri,SP
6410,-23.501621140431045,-46.86723421349411,barueri,SP
6411,-23.501437143746966,-46.87441824466937,barueri,SP
6412,-23.497200997113797,-46.880992482380954,barueri,SP
6413,-23.487125730991444,-46.878743885651836,barueri,SP
6414,-23.493551785330116,-46.87170401526879,barueri,SP
6415,-23.49047803573068,-46.8889592205568,barueri,SP
6416,-23.48692629249448,-46.89283568875403,barueri,SP
6419,-23.476933660260748,-46.88530037074254,barueri,SP
6422,-23.51672944347777,-46.89998739445357,barueri,SP
6429,-23.489687895881,-46.95291515814414,barueri,SP
6434,-23.529916894969414,-46.88926053118829,barueri,SP
6436,-23.53770033773888,-46.8888839245842,barueri,SP
6440,-23.510921698357688,-46.859923485330704,barueri,SP
6445,-23.52915425643792,-46.864769246902604,barueri,SP
6447,-23.54145161528288,-46.87715678453535,barueri,SP
6449,-23.54212151927856,-46.8686738162582,barueri,SP
6454,-23.495786476161292,-46.84748345253882,barueri,SP
6465,-23.498520694082107,-46.85053707630061,barueri,SP
6471,-23.486477165205436,-46.853376288864915,barueri,SP
6472,-23.4852615428957,-46.852621303673374,barueri,SP
6505,-23.4121327444948,-46.94124477126559,santana de parnaiba,SP
6506,-23.41861386678535,-46.95887633541417,santana de parnaiba,SP
6509,-23.451857924365548,-46.94689737160082,santana de parnaiba,SP
6513,-23.461573403635924,-46.91529507169107,santana de parnaiba,SP
6515,-23.47370268623455,-46.89651272307869,santana de parnaiba,SP
6519,-23.491332131125457,-46.963781254503026,santana de parnaiba,SP
6523,-23.493495973957156,-47.00063392391789,santana de parnaiba,SP
6526,-23.42948394621735,-46.92198229924257,santana de parnaiba,SP
6528,-23.408292129241712,-46.897232123625,santana de parnaiba,SP
6529,-23.404257943881756,-46.88345222307977,santana de parnaiba,SP
6533,-23.422136226223525,-46.873614053355986,santana de parnaiba,SP
6535,-23.42549832261633,-46.85573063769017,santana de parnaiba,SP
6539,-23.46503945141154,-46.88499666372504,santana de parnaiba,SP
6540,-23.453918298972578,-46.88258784590504,santana de parnaiba,SP
6541,-23.462985871017427,-46.87264106823105,santana de parnaiba,SP
6542,-23.473605666149847,-46.86850015314067,santana de parnaiba,SP
6543,-23.469944277167333,-46.848067410224196,santana de parnaiba,SP
6544,-23.463703230285848,-46.85247290281744,santana de parnaiba,SP
6550,-23.4030477324338,-46.99511625156263,pirapora do bom jesus,SP
6602,-23.534257476963585,-46.89748441547489,jandira,SP
6604,-23.53927949896975,-46.90402084746641,jandira,SP
6606,-23.532949395822687,-46.90733115132105,jandira,SP
6608,-23.533806802935416,-46.9148995802399,jandira,SP
6618,-23.52496580113924,-46.89873197884796,jandira,SP
6622,-23.54670335940295,-46.89983624019375,jandira,SP
6624,-23.5481804321707,-46.91036002990534,jandira,SP
6630,-23.555300381455837,-46.89034680305359,jandira,SP
6653,-23.547053538149346,-46.92972088164855,itapevi,SP
6654,-23.53890580587631,-46.924101281093506,itapevi,SP
6655,-23.564964275872757,-46.975513090087,itapevi,SP
6656,-23.55462513998646,-46.92343724780603,itapevi,SP
6657,-23.557297755021388,-46.92912815971817,itapevi,SP
6663,-23.557647455396502,-46.93978258666853,itapevi,SP
6665,-23.56417051426736,-46.97305614273437,itapevi,SP
6670,-23.5861129154455,-46.965367053486965,itapevi,SP
6693,-23.53814048030504,-46.94609335645448,itapevi,SP
6694,-23.542790780743314,-46.9386624426971,itapevi,SP
6696,-23.523945995127164,-46.941467620479735,itapevi,SP
6700,-23.6094999322282,-46.93280761412862,cotia,SP
6702,-23.581605441552544,-46.92940423734071,cotia,SP
6703,-23.596732343602298,-46.911993699686796,cotia,SP
6704,-23.57776646677478,-46.91702634391638,cotia,SP
6705,-23.589480822902832,-46.89609707079858,cotia,SP
6708,-23.592544968052138,-46.84708371808514,cotia,SP
6709,-23.594335929948887,-46.834256985354145,cotia,SP
6710,-23.59848072217747,-46.83224194829915,cotia,SP
6711,-23.606018265096544,-46.83919409326327,cotia,SP
6713,-23.628427408330086,-46.87058604050327,cotia,SP
6714,-23.5994748775545,-46.87258800613098,cotia,SP
6715,-23.61014126737447,-46.87663381694338,cotia,SP
6716,-23.607718189069402,-46.89997506974344,cotia,SP
6717,-23.609451894779582,-46.917533310850175,cotia,SP
6720,-23.622203763319067,-46.964784543754895,cotia,SP
6725,-23.68628989264536,-47.029220513855115,cotia,SP
6730,-23.622578843657738,-47.01272716168211,vargem grande paulista,SP
6753,-23.602304204155438,-46.75599818781657,taboao da serra,SP
6755,-23.60094979218265,-46.76559072289254,taboao da serra,SP
6756,-23.60635627911704,-46.77360013135428,taboao da serra,SP
6760,-23.61347448210385,-46.77314095001841,taboao da serra,SP
6763,-23.611337140429217,-46.760748712481586,taboao da serra,SP
6764,-23.615830177735248,-46.76853282528388,taboao da serra,SP
6765,-23.61922208810035,-46.7740466020165,taboao da serra,SP
6766,-23.62768559407367,-46.778250333951576,taboao da serra,SP
6768,-23.60768984210527,-46.752814815789456,taboao da serra,SP
6773,-23.642229887600067,-46.791780025022014,taboao da serra,SP
6774,-23.642179455075667,-46.800309347746605,taboao da serra,SP
6775,-23.636703761016996,-46.79412240682528,taboao da serra,SP
6780,-23.623192318731416,-46.79148699861499,taboao da serra,SP
6783,-23.63068641299851,-46.78922367288023,taboao da serra,SP
6785,-23.636465664408497,-46.80609915012177,taboao da serra,SP
6787,-23.623700134939966,-46.80039548773422,taboao da serra,SP
6790,-23.61117566577071,-46.78672761113588,taboao da serra,SP
6793,-23.610687930483408,-46.767033457093746,taboao da serra,SP
6795,-23.613029598605625,-46.79742955757189,taboao da serra,SP
6803,-23.64878072764483,-46.84902416891696,embu das artes,SP
6804,-23.644263035153323,-46.850802603574124,embu das artes,SP
6810,-23.64710686000422,-46.801268653213,embu das artes,SP
6813,-23.651345522032177,-46.80516612586434,embu das artes,SP
6814,-23.66008910031581,-46.814481308800794,embu das artes,SP
6816,-23.644749748681328,-46.8202382806334,embu das artes,SP
6820,-23.659419268656873,-46.79666929729134,embu das artes,SP
6823,-23.66987348499738,-46.8020432062854,embu das artes,SP
6824,-23.676360222737404,-46.80488804615912,embu das artes,SP
6826,-23.65863339030434,-46.8011506921449,embu das artes,SP
6840,-23.649570539888444,-46.860396831548584,embu das artes,SP
6845,-23.641832772599535,-46.89430725008987,embu das artes,SP
6852,-23.70648922511832,-46.85894169652643,itapecerica da serra,SP
6853,-23.690827005152517,-46.85549014198164,itapecerica da serra,SP
6863,-23.725755067967253,-46.81778681273399,itapecerica da serra,SP
6871,-23.72405548820451,-46.856657311687464,itapecerica da serra,SP
6872,-23.733398345385865,-46.851168485781756,itapecerica da serra,SP
6888,-23.687012222701103,-46.86351883862124,itapecerica da serra,SP
6890,-23.85572163274727,-46.948897109025545,sao lourenco da serra,SP
6900,-23.8351268270498,-46.81408628502836,embu-guacu,SP
6950,-23.9418730533523,-47.07320010425569,juquitiba,SP
7013,-23.47198839337584,-46.52530159347152,guarulhos,SP
7023,-23.477578195722135,-46.541043087692785,guarulhos,SP
7024,-23.478910049737898,-46.538241484997265,guarulhos,SP
7025,-23.48284143507815,-46.54345371819321,guarulhos,SP
7031,-23.493718851420677,-46.54618856351206,guarulhos,SP
7032,-23.503896658683402,-46.554524150411936,guarulhos,SP
7033,-23.499225247340785,-46.55493137161088,guarulhos,SP
7043,-23.48497650740309,-46.55173501816082,guarulhos,SP
7044,-23.48160906817956,-46.55328249672747,guarulhos,SP
7050,-23.462724463674117,-46.55217909250662,guarulhos,SP
7052,-23.47264130837401,-46.55405162314026,guarulhos,SP
7054,-23.466105299674645,-46.55783693557415,guarulhos,SP
7055,-23.467437119689198,-46.561126393674854,guarulhos,SP
7056,-23.460297379673918,-46.56582663696089,guarulhos,SP
7061,-23.45463848837876,-46.553199022534294,guarulhos,SP
7062,-23.459959958003186,-46.55243585387709,guarulhos,SP
7063,-23.45716353928026,-46.55713536429094,guarulhos,SP
7070,-23.451973236755524,-46.55717167587118,guarulhos,SP
7071,-23.45350533151448,-46.562430775892885,guarulhos,SP
7074,-23.449907338966874,-46.562949176503835,guarulhos,SP
7075,-23.42547707716589,-46.5506359001164,guarulhos,SP
7077,-23.436153784043967,-46.55233201188836,guarulhos,SP
7080,-23.444939820442702,-46.5465812010128,guarulhos,SP
7081,-23.443466857712394,-46.55322071143854,guarulhos,SP
7082,-23.436537107307473,-46.54418094544431,guarulhos,SP
7083,-23.437614532217214,-46.55022384630225,guarulhos,SP
7084,-23.429463596313557,-46.54959010802119,guarulhos,SP
7085,-23.42772117436937,-46.548093951750985,guarulhos,SP
7091,-23.46417836336766,-46.53933533349212,guarulhos,SP
7093,-23.457896264617634,-46.5406633899675,guarulhos,SP
7094,-23.45332396857464,-46.53993397498517,guarulhos,SP
7095,-23.461065861049423,-46.534826052091766,guarulhos,SP
7097,-23.445655382252596,-46.54152485277399,guarulhos,SP
7112,-23.46870426001278,-46.516141894926825,guarulhos,SP
7113,-23.463611332140694,-46.51767658255311,guarulhos,SP
7115,-23.45076404650133,-46.5329045273347,guarulhos,SP
7120,-23.454908399942045,-46.52577153625234,guarulhos,SP
7122,-23.44874587507587,-46.51798844272239,guarulhos,SP
7124,-23.43363735781087,-46.53377282479948,guarulhos,SP
7130,-23.442492952750705,-46.52064044471617,guarulhos,SP
7131,-23.433618823901714,-46.52525031483653,guarulhos,SP
7132,-23.434801385844278,-46.517025436548856,guarulhos,SP
7133,-23.436711113694074,-46.51134032474465,guarulhos,SP
7134,-23.428291489476532,-46.51318935670917,guarulhos,SP
7135,-23.425555705618997,-46.525291558030176,guarulhos,SP
7140,-23.42996353626274,-46.49796972916794,guarulhos,SP
7141,-23.428740081086243,-46.507542150017706,guarulhos,SP
7142,-23.414531635047318,-46.49055875832872,guarulhos,SP
7143,-23.422442304527213,-46.50115628342161,guarulhos,SP
7144,-23.409197574200494,-46.514932332050556,guarulhos,SP
7145,-23.414620232376254,-46.495092724030165,guarulhos,SP
7151,-23.409444143057964,-46.455488257016775,guarulhos,SP
7152,-23.405071357071822,-46.47090013741646,guarulhos,SP
7153,-23.378121872694653,-46.4483056349238,guarulhos,SP
7155,-23.416230403823395,-46.46758542137058,guarulhos,SP
7160,-23.410633365293393,-46.44516359725996,guarulhos,SP
7161,-23.398249916913265,-46.43833843883128,guarulhos,SP
7162,-23.405216064239422,-46.445482710763685,guarulhos,SP
7170,-23.431867474054958,-46.434923088301026,guarulhos,SP
7171,-23.421873727753525,-46.43689021198497,guarulhos,SP
7172,-23.421321046125573,-46.43076901494269,guarulhos,SP
7174,-23.4249441083876,-46.42265741739796,guarulhos,SP
7175,-23.409186987730674,-46.40211118633732,guarulhos,SP
7176,-23.40962038329087,-46.386426159871945,guarulhos,SP
7178,-23.40069745064373,-46.39816504064931,guarulhos,SP
7179,-23.40404595977174,-46.418774323737615,guarulhos,SP
7180,-23.452264540060217,-46.4764407285649,guarulhos,SP
7181,-23.44412578142203,-46.46754051268949,guarulhos,SP
7183,-23.44053398829078,-46.462814633644335,guarulhos,SP
7190,-23.457326156626078,-46.4971501029648,guarulhos,SP
7191,-23.457187515666142,-46.50795526231964,guarulhos,SP
7192,-23.45220266549706,-46.50643552039563,guarulhos,SP
7193,-23.4472850993467,-46.50247826035101,guarulhos,SP
7194,-23.442890814200968,-46.506739029261254,guarulhos,SP
7196,-23.454106264103782,-46.51150346886087,guarulhos,SP
7197,-23.4602660755833,-46.51550518209169,guarulhos,SP
7210,-23.455428477203604,-46.437514934122724,guarulhos,SP
7220,-23.469968817553365,-46.46639616483377,guarulhos,SP
7222,-23.464532583478057,-46.47255767450617,guarulhos,SP
7231,-23.455735213474664,-46.46413518042134,guarulhos,SP
7240,-23.447963485352815,-46.438787646018866,guarulhos,SP
7241,-23.446977376078497,-46.42668333499848,guarulhos,SP
7242,-23.438736681339233,-46.42261867739057,guarulhos,SP
7243,-23.438617388313443,-46.41287550304685,guarulhos,SP
7244,-23.44689834148904,-46.41352622713192,guarulhos,SP
7260,-23.454083117540705,-46.427529784277596,guarulhos,SP
7262,-23.475644128298523,-46.39319577641064,guarulhos,SP
7272,-23.459865128060745,-46.440786302492555,guarulhos,SP
7273,-23.457843678823895,-46.421026175697165,guarulhos,SP
7400,-23.396225427258642,-46.324075599173696,aruja,SP
7402,-23.396334781814467,-46.314705695414155,aruja,SP
7411,-23.405155780523586,-46.3429670137058,aruja,SP
7500,-23.318322777448078,-46.22610698417855,santa isabel,SP
7600,-23.329721686232084,-46.59712215964799,mairipora,SP
7700,-23.36294511334581,-46.74096686271875,caieiras,SP
7704,-23.37630526271187,-46.7506963138948,caieiras,SP
7713,-23.352872773131907,-46.74820205424277,caieiras,SP
7714,-23.347997208115444,-46.75846892525245,caieiras,SP
7744,-23.39116944489374,-46.71614479616648,caieiras,SP
7776,-23.340394903904894,-46.844019193421666,cajamar,SP
7790,-23.37087914790087,-46.847968328958586,cajamar,SP
7791,-23.406857959687006,-46.8611543371692,cajamar,SP
7793,-23.413763984807687,-46.82992271471498,cajamar,SP
7807,-23.320803132261755,-46.73305293205133,franco da rocha,SP
7810,-23.322990732929146,-46.7635812812956,franco da rocha,SP
7812,-22.90682845367693,-47.0122315834516,franco da rocha,SP
7813,-23.319158853644485,-46.72429037726342,franco da rocha,SP
7841,-23.315624545904367,-46.737476601593514,franco da rocha,SP
7850,-23.331777054437527,-46.72469723063619,franco da rocha,SP
7851,-23.328493946429976,-46.722315961539735,franco da rocha,SP
7857,-23.329788860752593,-46.71177816482354,franco da rocha,SP
7858,-23.32857615757614,-46.71047344548011,franco da rocha,SP
7901,-23.282843367454195,-46.74615014505265,francisco morato,SP
7902,-23.29073705736522,-46.742607816455866,francisco morato,SP
7914,-23.28136827025927,-46.752980224500284,francisco morato,SP
7929,-23.26311574285444,-46.75501300779021,francisco morato,SP
7936,-23.261801227276173,-46.74294799696728,francisco morato,SP
7942,-23.275632413647916,-46.738338149405415,francisco morato,SP
7953,-23.265194209995613,-46.726009124015185,francisco morato,SP
7980,-23.277100257017477,-46.74644744318333,francisco morato,SP
7985,-23.284883989432295,-46.704139822015065,francisco morato,SP
7990,-23.279230429161814,-46.740173871184815,francisco morato,SP
7995,-23.295555014949873,-46.729518355118856,francisco morato,SP
8010,-23.494222639325834,-46.438262361973386,sao paulo,SP
8011,-23.49536204342706,-46.44672815165372,sao paulo,SP
8021,-23.50014237012941,-46.43458554897361,sao paulo,SP
8022,-23.49374057311592,-46.42522895299647,sao paulo,SP
8030,-23.503205760149903,-46.42228420833627,sao paulo,SP
8032,-23.51748678878716,-46.42678744635807,sao paulo,SP
8040,-23.5081190300754,-46.448896528417684,sao paulo,SP
8041,-23.51528265832235,-46.440756043913304,sao paulo,SP
8042,-23.5081361903299,-46.434032808572795,sao paulo,SP
8050,-23.51121324471153,-46.45884467931006,sao paulo,SP
8051,-23.513077537836978,-46.467989003984286,sao paulo,SP
8060,-23.5022987127478,-46.452411592794135,sao paulo,SP
8061,-23.502757298862733,-46.46469828090888,sao paulo,SP
8070,-23.496035204714566,-46.46166831807451,sao paulo,SP
8072,-23.51151156248394,-46.4842937005647,sao paulo,SP
8080,-23.487422115473283,-46.43002785592731,sao paulo,SP
8111,-23.491954685851887,-46.38006396693794,sao paulo,SP
8121,-23.502133800699756,-46.38412893949835,sao paulo,SP
8132,-23.509929065049914,-46.37587149314251,sao paulo,SP
8140,-23.511203891310117,-46.39933342623786,sao paulo,SP
8142,-23.518744840215422,-46.39134658040681,sao paulo,SP
8143,-23.51693358942602,-46.46491137251481,sao paulo,SP
8150,-23.518635254069054,-46.41380664707032,sao paulo,SP
8160,-23.504404348720822,-46.4101465497652,sao paulo,SP
8161,-23.503355580306238,-46.413846551530156,sao paulo,SP
8180,-23.492699699120706,-46.42102612749889,sao paulo,SP
8190,-23.487775825909655,-46.393984526295554,sao paulo,SP
8191,-23.480853013664593,-46.38305829589599,sao paulo,SP
8215,-23.53983233291428,-46.44479870320025,sao paulo,SP
8223,-23.52685922041741,-46.471072057762875,sao paulo,SP
8225,-23.529819075625564,-46.461783039724,sao paulo,SP
8226,-23.55225668420784,-46.53486170808572,sao paulo,SP
8230,-23.52314469103527,-46.45294985547406,sao paulo,SP
8235,-23.521544604351476,-46.46654685686275,sao paulo,SP
8245,-23.518935662877965,-46.446072896679404,sao paulo,SP
8247,-23.534801796444473,-46.43389170098682,sao paulo,SP
8250,-23.53994436316013,-46.439816187506,sao paulo,SP
8253,-23.549136139521046,-46.43942597939031,sao paulo,SP
8257,-23.553466543775304,-46.42832234144713,sao paulo,SP
8260,-23.565855116526443,-46.43493844446316,sao paulo,SP
8265,-23.580336737877833,-46.452840451483944,sao paulo,SP
8270,-23.56118590462289,-46.461300810486975,sao paulo,SP
8275,-23.57127586906544,-46.479396724588426,sao paulo,SP
8280,-23.561189658844302,-46.4744858431001,sao paulo,SP
8290,-23.553641778735507,-46.452661287455555,sao paulo,SP
8295,-23.548035167484148,-46.45929809989247,sao paulo,SP
8310,-23.62894206889616,-46.4672167658442,sao paulo,SP
8311,-23.631163944790956,-46.465822523551175,sao paulo,SP
8320,-23.627052219278017,-46.473162413196334,sao paulo,SP
8330,-23.613843837563973,-46.46727522958676,sao paulo,SP
8331,-23.60972199310609,-46.46916749859775,sao paulo,SP
8340,-23.61010743964928,-46.460094836792926,sao paulo,SP
8341,-23.601070948161322,-46.453584379340725,sao paulo,SP
8344,-23.60987131416822,-46.44916843361715,sao paulo,SP
8371,-23.59668322338375,-46.43126800506239,sao paulo,SP
8380,-23.598861141327777,-46.44038224218922,sao paulo,SP
8382,-23.614691812954206,-46.43312243285143,sao paulo,SP
8390,-23.627110472796144,-46.466948815422185,sao paulo,SP
8391,-23.593140793201083,-46.55624663672745,sao paulo,SP
8410,-23.5489099819139,-46.42292496090776,sao paulo,SP
8411,-23.55384247002896,-46.41230835575103,sao paulo,SP
8420,-23.54493260145606,-46.42885774341656,sao paulo,SP
8421,-23.559225790539955,-46.42863533666442,sao paulo,SP
8430,-23.52689509261913,-46.423911194933886,sao paulo,SP
8431,-23.533393419283758,-46.41751608018297,sao paulo,SP
8440,-23.533543038836097,-46.410417837965745,sao paulo,SP
8450,-23.543999145187108,-46.40018673016034,sao paulo,SP
8451,-23.539311759230777,-46.40046988664183,sao paulo,SP
8452,-23.532068071956985,-46.39737526240547,sao paulo,SP
8460,-23.55281915934243,-46.401911673843536,sao paulo,SP
8461,-23.559837152315538,-46.40422992054099,sao paulo,SP
8470,-23.59063676727138,-46.40544553714187,sao paulo,SP
8473,-23.583640893407363,-46.41564707660581,sao paulo,SP
8474,-23.594829483255708,-46.412661455679455,sao paulo,SP
8475,-23.588548090189526,-46.39957872251529,sao paulo,SP
8485,-23.589955075176455,-46.41220586639826,sao paulo,SP
8490,-23.573100861060325,-46.415395875191386,sao paulo,SP
8500,-23.54481488145259,-46.365856492687755,ferraz de vasconcelos,SP
8502,-23.53947676549785,-46.35846761483803,ferraz de vasconcelos,SP
8505,-23.552432266671623,-46.366659590261115,ferraz de vasconcelos,SP
8510,-23.560029259302837,-46.35983344250401,ferraz de vasconcelos,SP
8517,-23.56892589286744,-46.372428309048416,ferraz de vasconcelos,SP
8526,-23.556512244298634,-46.38300847247897,ferraz de vasconcelos,SP
8528,-23.554080095219565,-46.37439775919687,ferraz de vasconcelos,SP
8529,-23.547591306504795,-46.372874469674905,ferraz de vasconcelos,SP
8530,-23.535249995085103,-46.371060344596,ferraz de vasconcelos,SP
8532,-23.538897638612585,-46.377952084083034,ferraz de vasconcelos,SP
8533,-23.545704287907817,-46.37913213480587,ferraz de vasconcelos,SP
8538,-23.530991120416008,-46.38992139768599,ferraz de vasconcelos,SP
8540,-23.521333128409307,-46.381492516254916,ferraz de vasconcelos,SP
8541,-23.52039186756291,-46.37405086923973,ferraz de vasconcelos,SP
8542,-23.516847942536753,-46.370962909592414,ferraz de vasconcelos,SP
8544,-23.531743948575166,-46.363150365663245,ferraz de vasconcelos,SP
8550,-23.52194421054593,-46.34087492614052,poa,SP
8557,-23.512737270121878,-46.34231544074307,poa,SP
8562,-23.531825413303835,-46.34493306106585,poa,SP
8567,-23.549190351458428,-46.35222982983538,poa,SP
8572,-23.496827770548947,-46.341815227767235,itaquaquecetuba,SP
8573,-23.49208198891801,-46.34993692750342,itaquaquecetuba,SP
8574,-23.50243054445295,-46.35358869190592,itaquaquecetuba,SP
8576,-23.488983987496376,-46.35738119832365,itaquaquecetuba,SP
8577,-23.48611145466222,-46.36672076531711,itaquaquecetuba,SP
8580,-23.451383818049496,-46.34347817457569,itaquaquecetuba,SP
8583,-23.445104372262907,-46.37446965996916,itaquaquecetuba,SP
8588,-23.438957791052466,-46.31928137845878,itaquaquecetuba,SP
8589,-23.43916869300753,-46.302161863788136,itaquaquecetuba,SP
8593,-23.47447986408073,-46.306470801924526,itaquaquecetuba,SP
8597,-23.460085722998173,-46.32066987382232,itaquaquecetuba,SP
8598,-23.466988487507592,-46.32528745224138,itaquaquecetuba,SP
8599,-23.46535113147831,-46.33959705106873,itaquaquecetuba,SP
8615,-23.5478173394453,-46.29562373495021,suzano,SP
8616,-23.557167128317072,-46.29273877279442,suzano,SP
8625,-23.643542978799257,-46.313099042406925,suzano,SP
8630,-23.646688575359875,-46.32689397677152,suzano,SP
8640,-23.622525771818758,-46.32595623782947,suzano,SP
8655,-23.5938127383662,-46.30568570187291,suzano,SP
8664,-23.557876941289944,-46.32636817750629,suzano,SP
8670,-23.53830862286519,-46.33042653614289,suzano,SP
8673,-23.540539029037912,-46.31794954369798,suzano,SP
8674,-23.543283541610446,-46.313030206371685,suzano,SP
8675,-23.55172984516421,-46.313416040411035,suzano,SP
8676,-23.553927490558298,-46.30691050096009,suzano,SP
8683,-23.52823329538844,-46.310954153082484,suzano,SP
8685,-23.523438861295997,-46.30496565775929,suzano,SP
8686,-23.53468582765267,-46.287394845770656,suzano,SP
8690,-23.49809915521164,-46.315955832139096,suzano,SP
8694,-23.511192262104753,-46.29582111132435,suzano,SP
8695,-23.494702294035772,-46.279698000706645,suzano,SP
8710,-23.522840094345344,-46.1955458411618,mogi das cruzes,SP
8715,-23.5259699975248,-46.18844218219641,mogi das cruzes,SP
8717,-23.539784850233072,-46.19090421090354,mogi das cruzes,SP
8720,-23.54050313841087,-46.17951599274321,mogi das cruzes,SP
8730,-23.535671151861834,-46.20113833469229,mogi das cruzes,SP
8735,-23.534371613792526,-46.21285332003901,mogi das cruzes,SP
8738,-23.552241458338038,-46.20076519558149,mogi das cruzes,SP
8740,-23.54285387223124,-46.2157459533423,mogi das cruzes,SP
8743,-23.555409578770284,-46.218132250650505,mogi das cruzes,SP
8750,-23.548514659300903,-46.250895837694316,mogi das cruzes,SP
8752,-23.543394600163566,-46.262085681846166,mogi das cruzes,SP
8753,-23.599734457721812,-46.24425352033103,mogi das cruzes,SP
8760,-23.561696330882008,-46.22145308933835,mogi das cruzes,SP
8761,-23.561245022024075,-46.219106510132825,mogi das cruzes,SP
8763,-23.57201202255187,-46.219148024353075,mogi das cruzes,SP
8771,-23.46369115983586,-46.15286255126098,mogi das cruzes,SP
8773,-23.513611625675388,-46.18967506489788,mogi das cruzes,SP
8775,-23.499702301795004,-46.18523295889001,mogi das cruzes,SP
8780,-23.520213894289633,-46.17732269163664,mogi das cruzes,SP
8790,-23.528928233255044,-46.17165148842832,mogi das cruzes,SP
8810,-23.501501454838422,-46.15067015542788,mogi das cruzes,SP
8820,-23.50893894612542,-46.15005921825601,mogi das cruzes,SP
8830,-23.51562982228005,-46.1411121720396,mogi das cruzes,SP
8832,-23.516913648399584,-46.10417245526518,mogi das cruzes,SP
8840,-23.482177500178672,-46.13804883519811,mogi das cruzes,SP
8850,-23.484291191821647,-46.08949684756371,mogi das cruzes,SP
8970,-23.531454479508646,-45.84898375245856,salesopolis,SP
9010,-23.65948320175806,-46.5250876420999,santo andre,SP
9015,-23.659363636440848,-46.523183340521754,santo andre,SP
9020,-23.66182986287071,-46.526935182825184,santo andre,SP
9030,-23.668868124421497,-46.52652032295857,santo andre,SP
9040,-23.663842697059167,-46.53296352289972,santo andre,SP
9041,-23.663442690745644,-46.53860705845503,santo andre,SP
9060,-23.665535515458668,-46.54911497019458,santo andre,SP
9061,-23.650519176367368,-46.5591299206254,santo andre,SP
9070,-23.64365536920469,-46.546368391966425,santo andre,SP
9080,-23.640443596560736,-46.54174227300769,santo andre,SP
9090,-23.65225089983032,-46.53834444978408,santo andre,SP
9110,-23.671410321922412,-46.506074637083486,santo andre,SP
9111,-23.671209032059867,-46.49116730072022,santo andre,SP
9120,-23.678728500296447,-46.49606223946509,santo andre,SP
9121,-23.68151425230396,-46.50092180775807,santo andre,SP
9130,-23.68944462791478,-46.50501034876413,santo andre,SP
9131,-23.69492254625712,-46.49711830677247,santo andre,SP
9132,-23.703763476578203,-46.5017522711277,santo andre,SP
9163,-23.76294585048319,-46.473361103844674,santo andre,SP
9170,-23.708544965481256,-46.508888110317486,santo andre,SP
9171,-23.700197687438838,-46.513128422189745,santo andre,SP
9175,-23.686359044629963,-46.51707802760376,santo andre,SP
9180,-23.693393193642333,-46.5231844164656,santo andre,SP
9181,-23.683272109835038,-46.525233029083445,santo andre,SP
9182,-23.697396339460543,-46.53032152014559,santo andre,SP
9185,-23.682941244718187,-46.535487439084875,santo andre,SP
9190,-23.6739154838235,-46.5381574228735,santo andre,SP
9210,-23.63738184885248,-46.52809787861086,santo andre,SP
9220,-23.622287896059987,-46.536900867948326,santo andre,SP
9230,-23.62057801188255,-46.5274097864033,santo andre,SP
9240,-23.629487050309788,-46.52414775441366,santo andre,SP
9241,-23.6326593335586,-46.51930571108431,santo andre,SP
9260,-23.63107584294424,-46.49643229952413,santo andre,SP
9270,-23.64056372252822,-46.494431842210396,santo andre,SP
9271,-23.641860793712095,-46.5007280723824,santo andre,SP
9280,-23.64014377633707,-46.5161594752102,santo andre,SP
9290,-23.652361271418293,-46.50789694256689,santo andre,SP
9291,-23.64510056645669,-46.519200513273965,santo andre,SP
9310,-23.670348459035758,-46.45122585319371,maua,SP
9320,-23.66003087272816,-46.44151148849927,maua,SP
9321,-23.648730193239793,-46.43630674015864,maua,SP
9330,-23.662298503303166,-46.42169512048245,maua,SP
9331,-23.673149270468024,-46.41985501627955,maua,SP
9333,-23.648718716107386,-46.41773261934037,maua,SP
9340,-23.671406718740272,-46.430267450470716,maua,SP
9350,-23.680729252163324,-46.444238272702385,maua,SP
9351,-23.684033795365625,-46.43879046263101,maua,SP
9360,-23.684914927517188,-46.45695782334157,maua,SP
9361,-23.696375623592306,-46.45579294852484,maua,SP
9370,-23.67857502266464,-46.46508387745465,maua,SP
9371,-23.669872959824414,-46.47621306270232,maua,SP
9380,-23.641735998374518,-46.478645021121224,maua,SP
9390,-23.654195034752103,-46.45365381825393,maua,SP
9400,-23.711851451612144,-46.41244149883675,ribeirao pires,SP
9405,-23.70076577122381,-46.40433331183219,ribeirao pires,SP
9406,-23.710828956802267,-46.400522918579085,ribeirao pires,SP
9407,-23.70327693014275,-46.388611900126875,ribeirao pires,SP
9411,-23.718907865445058,-46.39471606155454,ribeirao pires,SP
9415,-23.75501850131045,-46.441857353060016,ribeirao pires,SP
9416,-23.73885547032336,-46.447140971353605,ribeirao pires,SP
9434,-23.66004151862936,-46.372941065863955,ribeirao pires,SP
9443,-23.680644946961863,-46.34951520939184,ribeirao pires,SP
9520,-23.608506343913913,-46.571281579885124,sao caetano do sul,SP
9530,-23.621542891813707,-46.57510268453866,sao caetano do sul,SP
9531,-23.61999668837158,-46.570899938883535,sao caetano do sul,SP
9540,-23.624968420796606,-46.566194355285866,sao caetano do sul,SP
9541,-23.620205690144598,-46.56414467348052,sao caetano do sul,SP
9550,-23.617424303036877,-46.55188178218847,sao caetano do sul,SP
9551,-23.62345398420194,-46.553039562714616,sao caetano do sul,SP
9560,-23.632642413705778,-46.55438133370326,sao caetano do sul,SP
9561,-23.639014704435137,-46.55693757893049,sao caetano do sul,SP
9570,-23.632744917274707,-46.56543098226675,sao caetano do sul,SP
9571,-23.63490255630611,-46.56483733891245,sao caetano do sul,SP
9572,-23.642441270973308,-46.56083126678535,sao caetano do sul,SP
9601,-23.67157299313539,-46.55939447447094,sao bernardo do campo,SP
9607,-23.673552353222416,-46.56139692689742,sao bernardo do campo,SP
9618,-23.668069814498637,-46.56449853172678,sao bernardo do campo,SP
9619,-23.66583643434326,-46.56447349124348,sao bernardo do campo,SP
9625,-23.661090346529676,-46.56669030628886,sao bernardo do campo,SP
9627,-23.658316469386005,-46.56631829437865,sao bernardo do campo,SP
9628,-23.66130475506377,-46.564296407294165,sao bernardo do campo,SP
9633,-23.654337222511014,-46.56720926554255,sao bernardo do campo,SP
9661,-23.660864966338345,-46.59644061310163,sao bernardo do campo,SP
9666,-23.659009237227743,-46.60663437737783,sao bernardo do campo,SP
9668,-23.66260216817041,-46.61213718089103,sao bernardo do campo,SP
9669,-23.662435827373987,-46.60776237256183,sao bernardo do campo,SP
9687,-23.673393633424453,-46.59524050907028,sao bernardo do campo,SP
9688,-23.672621774030517,-46.59262644383219,sao bernardo do campo,SP
9689,-23.668365154906958,-46.591484465429794,sao bernardo do campo,SP
9690,-23.67512052046353,-46.59061531395742,sao bernardo do campo,SP
9691,-23.669855509401177,-46.589828905516704,sao bernardo do campo,SP
9710,-23.710466484131672,-46.548939650481294,sao bernardo do campo,SP
9715,-23.715655922883034,-46.54574782914775,sao bernardo do campo,SP
9720,-23.71560389581901,-46.5540847126564,sao bernardo do campo,SP
9725,-23.706316018037793,-46.556956230405845,sao bernardo do campo,SP
9726,-23.68807971060781,-46.56182137843302,sao bernardo do campo,SP
9732,-23.68238569130247,-46.56105342253517,sao bernardo do campo,SP
9750,-23.688118958076767,-46.55322175065388,sao bernardo do campo,SP
9751,-23.691384626217896,-46.54373229668177,sao bernardo do campo,SP
9760,-23.699068218670817,-46.542196940263665,sao bernardo do campo,SP
9761,-23.708765360343428,-46.5282179669019,sao bernardo do campo,SP
9762,-23.706205281409957,-46.520501154745155,sao bernardo do campo,SP
9771,-23.703914664846963,-46.54294064122098,sao bernardo do campo,SP
9780,-23.71504959465715,-46.537268208377945,sao bernardo do campo,SP
9783,-23.723041140827767,-46.529164332093046,sao bernardo do campo,SP
9784,-23.71787128505165,-46.524917595869965,sao bernardo do campo,SP
9785,-23.709470844712847,-46.540881790498744,sao bernardo do campo,SP
9790,-23.72799221530055,-46.54284778999086,sao bernardo do campo,SP
9791,-23.740862611463054,-46.53189666316326,sao bernardo do campo,SP
9810,-23.719576291836965,-46.56475309248674,sao bernardo do campo,SP
9811,-23.727016656204928,-46.56057269276538,sao bernardo do campo,SP
9812,-23.724885049110526,-46.570414288708626,sao bernardo do campo,SP
9820,-23.74089677212717,-46.555203353202636,sao bernardo do campo,SP
9821,-23.75156759881336,-46.55710966033656,sao bernardo do campo,SP
9831,-23.792495614905764,-46.540337602102205,sao bernardo do campo,SP
9837,-23.821662070042358,-46.56666202847232,sao bernardo do campo,SP
9841,-23.737476726851742,-46.575776224407434,sao bernardo do campo,SP
9842,-23.753745460203827,-46.59114822278005,sao bernardo do campo,SP
9843,-23.770321825801567,-46.59475979127356,sao bernardo do campo,SP
9844,-23.7580269311569,-46.577399402985954,sao bernardo do campo,SP
9846,-23.735135589141112,-46.57578753274095,sao bernardo do campo,SP
9850,-23.72523110437849,-46.582035021221365,sao bernardo do campo,SP
9851,-23.715284739525174,-46.59045718465917,sao bernardo do campo,SP
9852,-23.729244704545895,-46.59517054648574,sao bernardo do campo,SP
9854,-23.75303524441393,-46.59720950762009,sao bernardo do campo,SP
9860,-23.70769153477817,-46.57672275248883,sao bernardo do campo,SP
9861,-23.707693503963565,-46.58133168735307,sao bernardo do campo,SP
9862,-23.701153113067196,-46.58292897999653,sao bernardo do campo,SP
9891,-23.68579801493024,-46.57089267384956,sao bernardo do campo,SP
9892,-23.683099474120297,-46.57520551085803,sao bernardo do campo,SP
9895,-23.704427404926463,-46.57017710285872,sao bernardo do campo,SP
9896,-23.7036193137157,-46.56388329504261,sao bernardo do campo,SP
9910,-23.691342167014263,-46.62898847868135,diadema,SP
9911,-23.689282735863,-46.61971483359875,diadema,SP
9912,-23.689612630008703,-46.61559771019247,diadema,SP
9920,-23.681661597834157,-46.62333330778583,diadema,SP
9921,-23.67978713159592,-46.61283983168333,diadema,SP
9930,-23.670748715932554,-46.6167119322868,diadema,SP
9931,-23.666661956738846,-46.622739469527986,diadema,SP
9932,-23.665255092750805,-46.61635840709584,diadema,SP
9941,-23.678007352881654,-46.602978251015216,diadema,SP
9950,-23.683536618616532,-46.58651864788763,diadema,SP
9951,-23.689006218373414,-46.590933120828744,diadema,SP
9952,-23.692185910720834,-46.59867493483721,diadema,SP
9961,-23.702465412990726,-46.596051578023875,diadema,SP
9971,-23.72584838470672,-46.621347285188705,diadema,SP
9990,-23.696727674576167,-46.61690818671133,diadema,SP
11010,-23.933572609891648,-46.32962527759821,santos,SP
11013,-23.937701640508337,-46.32599744254459,santos,SP
11015,-23.95315331127147,-46.31920772096948,santos,SP
11020,-23.968456147951258,-46.305470073272346,santos,SP
11025,-23.970493176810965,-46.308195291141395,santos,SP
11030,-23.984858304705913,-46.30206995146367,santos,SP
11035,-23.980419737383784,-46.30448134840116,santos,SP
11040,-23.97231558492791,-46.31441392365002,santos,SP
11045,-23.969746244887773,-46.32193882675136,santos,SP
11055,-23.965733873195106,-46.32872174420308,santos,SP
11060,-23.962573924300305,-46.33409872636013,santos,SP
11065,-23.96522724354383,-46.343581343498315,santos,SP
11070,-23.95674767368625,-46.34527196911746,santos,SP
11075,-23.95460047631287,-46.3377311534732,santos,SP
11080,-23.944443210167957,-46.35173472578567,santos,SP
11081,-23.9347458763459,-46.34297478233758,santos,SP
11085,-23.9378287823699,-46.35659153288517,santos,SP
11086,-23.945181237945636,-46.374395821719865,santos,SP
11088,-23.94091079817134,-46.384935389282745,santos,SP
11095,-23.92726582155666,-46.37847494477223,santos,SP
11250,-23.818390396829994,-46.080623703430774,bertioga,SP
11310,-23.96749612845216,-46.386454598108685,sao vicente,SP
11320,-23.97008658151104,-46.37258888672385,sao vicente,SP
11335,-23.965364957343798,-46.41205736566614,sao vicente,SP
11340,-23.957720257420604,-46.4071754952537,sao vicente,SP
11346,-23.983340387393454,-46.48798773268121,sao vicente,SP
11347,-23.98160481813638,-46.46564557939346,sao vicente,SP
11360,-23.94714404114551,-46.397611808725934,sao vicente,SP
11380,-23.959894868797242,-46.37279450084676,sao vicente,SP
11390,-23.961942699024217,-46.382116371506044,sao vicente,SP
11410,-23.995219204417705,-46.259723485348914,guaruja,SP
11420,-24.008101778173316,-46.27200201394743,guaruja,SP
11421,-24.013551352695554,-46.28257370581273,guaruja,SP
11430,-23.993943564523676,-46.28488818653082,guaruja,SP
11431,-23.995826199432805,-46.27873912129403,guaruja,SP
11432,-23.98761401331361,-46.2703660822602,guaruja,SP
11436,-23.971208395661478,-46.25152420256195,guaruja,SP
11441,-23.97915587674242,-46.228265226057,guaruja,SP
11442,-23.9761179149753,-46.2200384397062,guaruja,SP
11446,-23.943377092119317,-46.19790613152642,guaruja,SP
11450,-23.94195407899811,-46.30256477959018,guaruja,SP
11451,-23.945473847773897,-46.28944883420094,guaruja,SP
11453,-23.936702982679112,-46.28689951416298,guaruja,SP
11454,-23.94635085661444,-46.281306673301884,guaruja,SP
11461,-23.95528317943591,-46.27386492315133,guaruja,SP
11462,-23.95454349753292,-46.284612764805324,guaruja,SP
11463,-23.953061896804826,-46.288223511279675,guaruja,SP
11471,-23.964550695667054,-46.27876856476224,guaruja,SP
11495,-23.96363889580412,-46.25211614556842,guaruja,SP
11500,-23.88021442880335,-46.41727266494471,cubatao,SP
11520,-23.89517936542375,-46.42385612048428,cubatao,SP
11530,-23.93096161562972,-46.400202583661105,cubatao,SP
11533,-23.927947743741854,-46.40974227350017,cubatao,SP
11542,-23.91247945234129,-46.464091820911676,cubatao,SP
11600,-23.771731754447984,-45.52529592946437,sao sebastiao,SP
11602,-23.726916961567067,-45.42373020573834,sao sebastiao,SP
11609,-23.801617154149607,-45.405355784986774,sao sebastiao,SP
11612,-23.82155150723974,-45.43303767216161,sao sebastiao,SP
11618,-23.781187301287556,-45.62013060008777,sao sebastiao,SP
11622,-23.77043797625485,-45.67994492992504,sao sebastiao,SP
11630,-23.814526222798346,-45.36872586432739,ilhabela,SP
11660,-23.622808936233554,-45.41413597858686,caraguatatuba,SP
11661,-23.62113045883141,-45.39902993702429,caraguatatuba,SP
11662,-23.62293340839172,-45.38516861685006,caraguatatuba,SP
11665,-23.635063933488105,-45.42502182165966,caraguatatuba,SP
11667,-23.68604017784386,-45.436779331088815,caraguatatuba,SP
11668,-23.70982015879929,-45.440673750140895,caraguatatuba,SP
11671,-23.67398268920312,-45.443431675164,caraguatatuba,SP
11672,-23.658199664459282,-45.438700765763734,caraguatatuba,SP
11673,-23.63759173027465,-45.43653965834331,caraguatatuba,SP
11676,-23.604520431800804,-45.357386158227364,caraguatatuba,SP
11680,-23.452929299956928,-45.093219408528476,ubatuba,SP
11700,-24.01038369810231,-46.406277006157715,praia grande,SP
11701,-24.00892314920889,-46.41912533835565,praia grande,SP
11702,-24.014394674314207,-46.43835831981763,praia grande,SP
11703,-24.020432382666982,-46.45996058132934,praia grande,SP
11704,-24.026525667888205,-46.478236942635036,praia grande,SP
11705,-24.03661708098261,-46.50486334481665,praia grande,SP
11706,-24.047332489747546,-46.525443189675045,praia grande,SP
11707,-24.05456065295481,-46.542091190596324,praia grande,SP
11708,-24.067888805103607,-46.56761786544669,praia grande,SP
11712,-24.035800350309216,-46.53027244443792,praia grande,SP
11720,-24.008341755064745,-46.45929254716721,praia grande,SP
11722,-24.001499900399846,-46.4498635167305,praia grande,SP
11730,-24.11189555747921,-46.665437421768196,mongagua,SP
11740,-24.18271029899566,-46.801838599988436,itanhaem,SP
11750,-24.30309880267998,-46.98704897913631,peruibe,SP
11760,-24.290642394425944,-47.164350224471185,itariri,SP
11790,-24.279033957085804,-47.235761825825534,pedro de toledo,SP
11800,-24.316625385471756,-47.634745537475155,juquia,SP
11900,-24.498837779550897,-47.84616128650988,registro,SP
11930,-24.715275336616124,-47.88138462884032,pariquera-acu,SP
11940,-24.701831240017185,-48.00518422912897,jacupiranga,SP
11950,-24.72819885032075,-48.1128044045457,cajati,SP
11960,-24.52279882421583,-48.10802251113439,eldorado,SP
11990,-25.009292746688903,-47.93195710361432,cananeia,SP
12010,-23.032505379277787,-45.5594381761617,taubate,SP
12020,-23.024280905181556,-45.55908211584209,taubate,SP
12030,-23.032142161173525,-45.57046127271817,taubate,SP
12031,-23.039536166276562,-45.58107022035314,taubate,SP
12040,-23.02980736106754,-45.58990903449013,taubate,SP
12041,-23.027766508413336,-45.578564280368944,taubate,SP
12050,-23.01997035777431,-45.57156916139429,taubate,SP
12052,-23.009417600463877,-45.56793059262498,taubate,SP
12053,-23.005570806176625,-45.57546302746438,taubate,SP
12060,-23.014807429888094,-45.55899719867828,taubate,SP
12070,-23.01758622252829,-45.54145499768457,taubate,SP
12072,-23.007841485129667,-45.52110729830195,taubate,SP
12080,-23.022806049124338,-45.550847355737325,taubate,SP
12090,-23.044417151183058,-45.554036957841426,taubate,SP
12091,-23.046085202113314,-45.568569904055046,taubate,SP
12120,-22.97498488374376,-45.547937514535704,tremembe,SP
12209,-23.178000475176187,-45.88381771655037,sao jose dos campos,SP
12211,-23.164137570782792,-45.8932646045436,sao jose dos campos,SP
12215,-23.18545241916594,-45.87164627370397,sao jose dos campos,SP
12216,-23.195572887198395,-45.879284650658015,sao jose dos campos,SP
12220,-23.179558233032942,-45.85510343437451,sao jose dos campos,SP
12223,-23.18117141546331,-45.82885254621153,sao jose dos campos,SP
12224,-23.178300100887494,-45.823462362520274,sao jose dos campos,SP
12225,-23.190566148375837,-45.796100343632865,sao jose dos campos,SP
12226,-23.141728248410512,-45.8985037934218,sao jose dos campos,SP
12227,-23.208988915768167,-45.85446999952331,sao jose dos campos,SP
12228,-23.251060768328074,-45.83435185164655,sao jose dos campos,SP
12230,-23.224503345848696,-45.88784285021331,sao jose dos campos,SP
12231,-23.224372002311345,-45.88205980388528,sao jose dos campos,SP
12232,-23.258131236182972,-45.88760910492552,sao jose dos campos,SP
12233,-23.2466806873142,-45.88690913568322,sao jose dos campos,SP
12235,-23.23378678072191,-45.90247179987767,sao jose dos campos,SP
12236,-23.250987185124412,-45.89887386715427,sao jose dos campos,SP
12237,-23.243574103583633,-45.91359768380582,sao jose dos campos,SP
12238,-23.256593496952405,-45.92009307287211,sao jose dos campos,SP
12239,-23.26702945622198,-45.90126374179415,sao jose dos campos,SP
12240,-23.224298357534785,-45.91320082089596,sao jose dos campos,SP
12241,-23.232505015099722,-45.92657167281119,sao jose dos campos,SP
12242,-23.201725128274056,-45.90668585444045,sao jose dos campos,SP
12243,-23.202268092167266,-45.898028480304646,sao jose dos campos,SP
12244,-23.198979411325496,-45.943170855800524,sao jose dos campos,SP
12245,-23.19800832733373,-45.88888771264313,sao jose dos campos,SP
12246,-23.216860677030184,-45.90859380488937,sao jose dos campos,SP
12247,-23.160675066688064,-45.800316567755644,sao jose dos campos,SP
12250,-22.95371488210672,-45.839550230520295,monteiro lobato,SP
12260,-23.39314863042592,-45.660762194770186,paraibuna,SP
12270,-23.26168303044727,-45.69815213667702,jambeiro,SP
12280,-23.093824983470043,-45.701705202111555,cacapava,SP
12282,-23.103135690537695,-45.70022942265547,cacapava,SP
12284,-23.11406169684072,-45.70061198906473,cacapava,SP
12285,-23.125016228981334,-45.71406705773996,cacapava,SP
12286,-23.109777967694743,-45.7205368736088,cacapava,SP
12288,-23.093176807225497,-45.71105364946358,cacapava,SP
12297,-23.08772711862367,-45.6901028027442,cacapava,SP
12305,-23.276771834482673,-45.94763637264328,jacarei,SP
12307,-23.29714964671475,-45.95630558731027,jacarei,SP
12308,-23.303916909849313,-45.96265248801374,jacarei,SP
12309,-23.309044796490923,-45.95713921568355,jacarei,SP
12312,-23.301437394792437,-45.933087360966624,jacarei,SP
12316,-23.31630593498917,-45.94056912975552,jacarei,SP
12318,-23.31233789179588,-45.95536101287014,jacarei,SP
12319,-23.323512710333635,-45.97001327564451,jacarei,SP
12320,-23.313562901367344,-45.97591144517975,jacarei,SP
12322,-23.310697250854687,-45.98442655904845,jacarei,SP
12324,-23.313462288418744,-46.00368673383422,jacarei,SP
12327,-23.30231825231695,-45.97188817895197,jacarei,SP
12328,-23.288301572514964,-45.96299534609562,jacarei,SP
12329,-23.287786539257805,-45.95363185079989,jacarei,SP
12330,-23.2965014918086,-46.02047488758664,jacarei,SP
12331,-23.27193794186258,-46.06549877693504,jacarei,SP
12400,-22.926357443984426,-45.46285091085812,pindamonhangaba,SP
12405,-22.923916492417288,-45.43765990159927,pindamonhangaba,SP
12410,-22.934744945078158,-45.4566779657252,pindamonhangaba,SP
12411,-22.93129428181601,-45.43592124225664,pindamonhangaba,SP
12414,-22.945432107582036,-45.407988510722085,pindamonhangaba,SP
12420,-22.94310641504543,-45.46523661649501,pindamonhangaba,SP
12444,-22.896914141331756,-45.37921535608738,pindamonhangaba,SP
12446,-22.8861757881407,-45.36757500018274,pindamonhangaba,SP
12460,-22.736719290555136,-45.58642608881505,campos do jordao,SP
12507,-22.806655722449275,-45.23958710021273,guaratingueta,SP
12510,-22.786281612566242,-45.22834581248162,guaratingueta,SP
12514,-22.796690662075964,-45.19762460671174,guaratingueta,SP
12515,-22.805762553276395,-45.193135141371066,guaratingueta,SP
12517,-22.79612260022051,-45.18345967035635,guaratingueta,SP
12518,-22.786431160715043,-45.182986457727914,guaratingueta,SP
12522,-22.78457612899693,-45.15682180275243,guaratingueta,SP
12530,-23.07086402487931,-44.9555940657993,cunha,SP
12570,-22.851231225609038,-45.24664690995327,aparecida,SP
12602,-22.722327465958465,-45.120321910002225,lorena,SP
12604,-22.731494876815482,-45.10876763793231,lorena,SP
12605,-22.738001173548327,-45.09597930974519,lorena,SP
12606,-22.741511633167853,-45.10961076172541,lorena,SP
12630,-22.665773825235462,-45.00905168465506,cachoeira paulista,SP
12701,-22.578126240918923,-44.96154905740904,cruzeiro,SP
12705,-22.574433964535988,-44.9699439571695,cruzeiro,SP
12710,-22.56819591425783,-44.95975159898781,cruzeiro,SP
12712,-22.56115136720201,-44.95953380184062,cruzeiro,SP
12730,-22.57977108892484,-44.95308633578923,cruzeiro,SP
12830,-22.649594093894706,-44.57781789098196,sao jose do barreiro,SP
12900,-22.95654497008028,-46.54196008538665,braganca paulista,SP
12906,-22.939152964330194,-46.549405716769236,braganca paulista,SP
12908,-22.93517026970304,-46.54502290270544,braganca paulista,SP
12910,-22.941403551092012,-46.53164697568854,braganca paulista,SP
12913,-22.96169371848571,-46.523854165256665,braganca paulista,SP
12914,-22.964802783097714,-46.53441931528525,braganca paulista,SP
12916,-22.98175444793326,-46.534030892457885,braganca paulista,SP
12917,-22.98121294137304,-46.54768553078246,braganca paulista,SP
12919,-22.971100942584986,-46.55052117385689,braganca paulista,SP
12922,-22.914508447820744,-46.55569144608404,braganca paulista,SP
12924,-22.878146156994603,-46.530953922860846,braganca paulista,SP
12929,-22.93195334182427,-46.52404281144618,braganca paulista,SP
12940,-23.11473052430801,-46.55288053987791,atibaia,SP
12941,-23.123122478910513,-46.54158063237093,atibaia,SP
12942,-23.122809182908796,-46.560050093984486,atibaia,SP
12943,-23.127776892616296,-46.56912055201629,atibaia,SP
12948,-23.196335617852228,-46.58709106544782,atibaia,SP
12949,-23.1524633151899,-46.59227999547524,atibaia,SP
12950,-23.141731401854,-46.582233945880695,atibaia,SP
12951,-23.124376740381013,-46.582791553466556,atibaia,SP
12952,-23.08992524585618,-46.61165422508775,atibaia,SP
12953,-23.09537257517733,-46.6002934902457,atibaia,SP
12954,-23.073803305772532,-46.55657840378331,atibaia,SP
12955,-23.138276989175566,-46.468612532513475,bom jesus dos perdoes,SP
12960,-23.17365980834384,-46.39950999120283,nazare paulista,SP
12970,-23.0558608520058,-46.359235959126025,piracaia,SP
12995,-22.780736129682907,-46.588867109618306,pinhalzinho,SP
13010,-22.90437708368826,-47.05895209128777,campinas,SP
13013,-22.906134398331158,-47.0634557594334,campinas,SP
13015,-22.904213692481406,-47.05654899637804,campinas,SP
13020,-22.898535319255775,-47.067913012524386,campinas,SP
13023,-22.89384803253408,-47.06133702244195,campinas,SP
13024,-22.892119186598126,-47.05458135882981,campinas,SP
13025,-22.89838731739939,-47.051640547454824,campinas,SP
13026,-22.912451674236532,-47.04911549910744,campinas,SP
13030,-22.924969862053615,-47.07428354596362,campinas,SP
13031,-22.919745626083735,-47.08545006284698,campinas,SP
13032,-22.907875061471042,-47.085034848366966,campinas,SP
13033,-22.90493675256665,-47.0970847230203,campinas,SP
13034,-22.90936912513257,-47.09076806719007,campinas,SP
13035,-22.91163569455388,-47.0747633444191,campinas,SP
13036,-22.919473410802443,-47.06863500383827,campinas,SP
13040,-22.93942997754596,-47.05945875329188,campinas,SP
13041,-22.919581236170725,-47.05723143749277,campinas,SP
13042,-22.94626727954731,-47.05049823985393,campinas,SP
13043,-22.934052783934792,-47.04149327512879,campinas,SP
13044,-22.942010639011677,-47.042321116234056,campinas,SP
13045,-22.933999074895695,-47.0330400441391,campinas,SP
13049,-22.94823833181119,-47.08004442285132,campinas,SP
13050,-22.94038299392597,-47.09526288732753,campinas,SP
13051,-22.959176341060605,-47.08841447100673,campinas,SP
13053,-23.02493387065307,-47.11602451997855,campinas,SP
13054,-22.97413138758236,-47.12644955885273,campinas,SP
13056,-22.97510045616461,-47.142925230302296,campinas,SP
13058,-22.951786190276994,-47.183933068148264,campinas,SP
13059,-22.942673177094182,-47.15320354544112,campinas,SP
13060,-22.931980169327545,-47.11184149169854,campinas,SP
13061,-22.91127562068369,-47.11467894844891,campinas,SP
13063,-22.88922927868442,-47.1085156313,campinas,SP
13064,-22.900296724955908,-47.000376207127,campinas,SP
13065,-22.88166297959637,-47.126000666911445,campinas,SP
13067,-22.88744258227838,-47.14091707601181,campinas,SP
13068,-22.863075231369574,-47.14998118893472,campinas,SP
13070,-22.89205755456594,-47.08244278411783,campinas,SP
13073,-22.88460270536805,-47.06730188388008,campinas,SP
13076,-22.88170855771708,-47.050464266947195,campinas,SP
13077,-22.87782250112632,-47.04251003049261,campinas,SP
13080,-22.852838896649487,-47.075697471660256,campinas,SP
13082,-22.841108341963047,-47.10388889500998,campinas,SP
13083,-22.816656860200855,-47.071274052071395,campinas,SP
13084,-22.823420763935182,-47.08719295680403,campinas,SP
13085,-22.791069250515495,-47.08099870691227,campinas,SP
13086,-22.820556839802265,-47.05109826059328,campinas,SP
13087,-22.85798998347003,-47.05305088047734,campinas,SP
13088,-22.859827954098073,-47.03822923832903,campinas,SP
13091,-22.877397525375304,-47.02946851223153,campinas,SP
13092,-22.89500060780138,-47.034835548930815,campinas,SP
13097,-22.846425889636095,-47.02476795983293,campinas,SP
13098,-22.81624790075628,-47.022836518501535,campinas,SP
13101,-22.9140200060427,-47.01353540823247,campinas,SP
13105,-22.888413155714876,-46.98442198157682,campinas,SP
13106,-22.885998814164026,-46.97339319793575,campinas,SP
13140,-22.76960017971,-47.150402273886904,paulinia,SP
13141,-22.79357602214079,-47.15676076906817,paulinia,SP
13142,-22.782167915490536,-47.178161063769345,paulinia,SP
13145,-22.735332235607455,-47.17665406567105,paulinia,SP
13146,-22.727983118438654,-47.167445482161156,paulinia,SP
13150,-22.641854186411003,-47.189385100712386,cosmopolis,SP
13157,-22.636759627776613,-47.198047865991676,cosmopolis,SP
13160,-22.571207861628345,-47.1657687687331,artur nogueira,SP
13165,-22.487817723352375,-47.20455471253452,engenheiro coelho,SP
13170,-22.822136510808804,-47.27033542521255,sumare,SP
13171,-22.832068060764513,-47.270520313249,sumare,SP
13172,-22.815393536423954,-47.28640463224873,sumare,SP
13173,-22.800386925466352,-47.27589886745043,sumare,SP
13174,-22.81465309875304,-47.26078830509768,sumare,SP
13175,-22.81799186292258,-47.24110126411868,sumare,SP
13177,-22.8092803637171,-47.22657022133302,sumare,SP
13178,-22.804314962307636,-47.20596316089543,sumare,SP
13179,-22.820762409611284,-47.171513139039945,sumare,SP
13180,-22.837739320882502,-47.16973298107891,sumare,SP
13181,-22.84119404823571,-47.19169320126285,sumare,SP
13183,-22.855032497056975,-47.213030019592104,hortolandia,SP
13184,-22.87028331384691,-47.21241406363177,hortolandia,SP
13185,-22.892791605649712,-47.17384949978643,hortolandia,SP
13186,-22.889982360458344,-47.19898012005198,hortolandia,SP
13188,-22.89820867762602,-47.237755899494985,hortolandia,SP
13189,-22.875117835341573,-47.233124468786635,hortolandia,SP
13190,-22.944389409694327,-47.295351221518395,monte mor,SP
13201,-23.18605172347782,-46.88591474647437,jundiai,SP
13202,-23.204103869609316,-46.872590096658506,jundiai,SP
13203,-23.21567530932747,-46.86036675853519,jundiai,SP
13205,-23.24740332174398,-46.85464065410208,jundiai,SP
13206,-23.211336157869347,-46.88030293880771,jundiai,SP
13207,-23.201341019308913,-46.887848147639055,jundiai,SP
13208,-23.194814317428445,-46.896799281008164,jundiai,SP
13209,-23.181061781834313,-46.90364327848254,jundiai,SP
13210,-23.220872853278074,-46.885088328565196,jundiai,SP
13211,-23.189420416902372,-46.921573347175126,jundiai,SP
13212,-23.176397106134754,-46.97415662176983,jundiai,SP
13213,-23.15508948167051,-46.98567021144163,jundiai,SP
13214,-23.157994972014635,-46.91819985268586,jundiai,SP
13215,-23.169668058717317,-46.88671516416495,jundiai,SP
13216,-23.170084199458064,-46.87358089920146,jundiai,SP
13218,-23.17397191923417,-46.852864160619646,jundiai,SP
13219,-23.188409628905863,-46.85398781828781,jundiai,SP
13220,-23.210967628968906,-46.84481900005691,varzea paulista,SP
13223,-23.215794863132842,-46.810317460774115,varzea paulista,SP
13224,-23.218702229039696,-46.83249590862526,varzea paulista,SP
13225,-23.226758388259334,-46.84494451524311,varzea paulista,SP
13231,-23.20128136696906,-46.781863782593305,campo limpo paulista,SP
13232,-23.211746332732215,-46.762875138051314,campo limpo paulista,SP
13234,-23.221051455728016,-46.72617243788746,campo limpo paulista,SP
13238,-23.235143032966782,-46.76930413223988,campo limpo paulista,SP
13240,-23.096492254601632,-46.71792466026417,jarinu,SP
13250,-23.003301740276893,-46.83771515499861,itatiba,SP
13252,-22.967798135167158,-46.80701951445389,itatiba,SP
13253,-23.002859858736702,-46.82420582829658,itatiba,SP
13254,-23.012270229296206,-46.81354512889948,itatiba,SP
13255,-23.042647193781228,-46.84408199622023,itatiba,SP
13256,-23.009699088836335,-46.854334509874796,itatiba,SP
13257,-22.988257375889454,-46.85396269506087,itatiba,SP
13270,-22.975458140722314,-47.00268239234955,valinhos,SP
13271,-22.97277234041519,-47.01224083195557,valinhos,SP
13272,-22.95160188753168,-47.00199555891176,valinhos,SP
13273,-22.947210194441976,-46.97742204543267,valinhos,SP
13274,-22.96600110470843,-46.97884176166376,valinhos,SP
13275,-22.98031162983633,-46.98526687545999,valinhos,SP
13276,-22.979943849640843,-46.99537068151859,valinhos,SP
13278,-23.00020257591201,-47.016554799377566,valinhos,SP
13280,-23.03147727948153,-46.981116767869366,vinhedo,SP
13283,-23.037366840073478,-46.977116911228286,vinhedo,SP
13285,-23.035543387492346,-47.00577338179383,vinhedo,SP
13287,-23.051345733230985,-46.989331530978724,vinhedo,SP
13290,-23.08550507419915,-46.95954096067056,louveira,SP
13295,-23.15730622830591,-47.05406044642659,itupeva,SP
13300,-23.265813207764527,-47.29944428743784,itu,SP
13301,-23.255214180621863,-47.29782024690446,itu,SP
13304,-23.275224884481876,-47.27700912423855,itu,SP
13305,-23.28521272523395,-47.25550390409963,itu,SP
13306,-23.287263507717274,-47.28094663612593,itu,SP
13308,-23.3853839463372,-47.33848581443807,itu,SP
13309,-23.281596661742267,-47.29437377283496,itu,SP
13310,-23.275310701223678,-47.30712533216185,itu,SP
13311,-23.262942394092214,-47.31557122150695,itu,SP
13312,-23.25897417592523,-47.34420030660242,itu,SP
13313,-23.247932027442513,-47.31563631288282,itu,SP
13315,-23.272925280139958,-47.0846305931781,cabreuva,SP
13320,-23.202746267669983,-47.295866446946924,salto,SP
13321,-23.191964626452798,-47.290258033420066,salto,SP
13322,-23.192903749104516,-47.27530969607761,salto,SP
13323,-23.216315286771447,-47.27159350089575,salto,SP
13324,-23.209471278916478,-47.309228892238536,salto,SP
13327,-23.179531489945607,-47.31338383666045,salto,SP
13328,-23.175066042459644,-47.33865064197116,salto,SP
13329,-23.16195430694798,-47.30420373598743,salto,SP
13330,-23.0863391564841,-47.21688683643498,indaiatuba,SP
13331,-23.074269544490605,-47.226835523578636,indaiatuba,SP
13332,-23.05753412468932,-47.21804642138666,indaiatuba,SP
13333,-23.073328740576883,-47.21005965359054,indaiatuba,SP
13335,-23.075522001840213,-47.19699724754163,indaiatuba,SP
13339,-23.092115290171787,-47.20086129070291,indaiatuba,SP
13340,-23.098378596236117,-47.18299469206071,indaiatuba,SP
13342,-23.132701429408453,-47.18411391559099,indaiatuba,SP
13343,-23.100489182783278,-47.2069414225915,indaiatuba,SP
13345,-23.10225857673757,-47.222378160361714,indaiatuba,SP
13346,-23.117971321642283,-47.22778675742879,indaiatuba,SP
13347,-23.134112877805087,-47.227975141375694,indaiatuba,SP
13348,-23.116399349149923,-47.23782654156258,indaiatuba,SP
13360,-22.997483794858958,-47.505725105505064,capivari,SP
13375,-20.56936647541443,-46.02311914850127,mombuca,SP
13380,-22.785778889541046,-47.312537141740734,nova odessa,SP
13382,-22.800422818214695,-47.30746366559665,nova odessa,SP
13390,-22.842321876787764,-47.60705361138728,rio das pedras,SP
13400,-22.72591927501642,-47.651635811139556,piracicaba,SP
13401,-22.752482799036017,-47.65917249272996,piracicaba,SP
13402,-22.7482791791705,-47.67199285331236,piracicaba,SP
13403,-22.723826526212957,-47.672897830228365,piracicaba,SP
13405,-22.708702100662567,-47.664700852471455,piracicaba,SP
13406,-22.681854080965383,-47.70472147918883,piracicaba,SP
13408,-22.67206791185116,-47.69572533972834,piracicaba,SP
13409,-22.677027534705967,-47.707706861260746,piracicaba,SP
13411,-22.670100311395657,-47.68745994590649,piracicaba,SP
13412,-22.682286408835736,-47.662111832661616,piracicaba,SP
13414,-22.691518954467206,-47.640952768102984,piracicaba,SP
13415,-22.706970558711525,-47.59475322169452,piracicaba,SP
13416,-22.71690158165374,-47.64018826320613,piracicaba,SP
13417,-22.73987798156068,-47.63618969875937,piracicaba,SP
13418,-22.725079692431567,-47.630333420285545,piracicaba,SP
13419,-22.729029230512737,-47.6411480898057,piracicaba,SP
13420,-22.73595274251212,-47.61839862005819,piracicaba,SP
13422,-22.750239757060193,-47.60243087899415,piracicaba,SP
13423,-22.757692968580447,-47.5923053059093,piracicaba,SP
13424,-22.749481886689026,-47.64546148891776,piracicaba,SP
13425,-22.75455659447897,-47.620841411360644,piracicaba,SP
13432,-22.676147267600527,-47.772230748330024,piracicaba,SP
13440,-22.84516995720277,-47.6774259881999,saltinho,SP
13450,-22.757882920125365,-47.41705497247527,santa barbara d'oeste,SP
13451,-22.74505018345025,-47.42043526753408,santa barbara d'oeste,SP
13453,-22.73506396921331,-47.3993689803177,santa barbara d'oeste,SP
13454,-22.74060229553914,-47.37582085471676,santa barbara d'oeste,SP
13455,-22.726492189390754,-47.368069249056276,santa barbara d'oeste,SP
13456,-22.75709691277636,-47.37609423222235,santa barbara d'oeste,SP
13457,-22.767878146745,-47.38550081126994,santa barbara d'oeste,SP
13460,-22.78503597435333,-47.295187414369096,nova odessa,SP
13465,-22.74373907712192,-47.33699738819053,americana,SP
13466,-22.75345124407542,-47.32701632231296,americana,SP
13467,-22.769601469495434,-47.339790488872616,americana,SP
13468,-22.754937621777128,-47.34940396715031,americana,SP
13469,-22.729530227308835,-47.35620012960916,americana,SP
13471,-22.726194334553124,-47.337254625787715,americana,SP
13472,-22.72595185576499,-47.3164545822884,americana,SP
13473,-22.72062533010144,-47.307236879847224,americana,SP
13474,-22.705059493303754,-47.2942847510832,americana,SP
13478,-22.7436469198625,-47.31203571315088,americana,SP
13479,-22.758026433771725,-47.2869273225229,americana,SP
13480,-22.570721481502535,-47.40309520372462,limeira,SP
13481,-22.600004259281896,-47.40712858731964,limeira,SP
13482,-22.579985822110903,-47.42866004567683,limeira,SP
13483,-22.560755022881633,-47.44649444065285,limeira,SP
13484,-22.555991404059693,-47.42206037839757,limeira,SP
13485,-22.54568085822919,-47.39100328311059,limeira,SP
13486,-22.565964761592497,-47.38380603235934,limeira,SP
13487,-22.583825650676165,-47.37638610949688,limeira,SP
13490,-22.481763564480133,-47.459958340316014,cordeiropolis,SP
13495,-22.586590147687158,-47.514344852283166,iracemapolis,SP
13500,-22.40895214371238,-47.563680414821135,rio claro,SP
13501,-22.425778361057304,-47.560436700322384,rio claro,SP
13502,-22.436043436888557,-47.58035618624017,rio claro,SP
13503,-22.412926935778415,-47.57929587700935,rio claro,SP
13504,-22.392136581834077,-47.57768122006809,rio claro,SP
13505,-22.37849011300643,-47.565194684429564,rio claro,SP
13506,-22.391765540585514,-47.548511125728616,rio claro,SP
13520,-22.55124525869923,-47.90659642198052,sao pedro,SP
13550,-22.12448307795461,-47.66233977037924,analandia,SP
13560,-22.015004364801605,-47.89018108556098,sao carlos,SP
13561,-22.01445177696217,-47.90841744167092,sao carlos,SP
13562,-22.004957566185027,-47.91473642219969,sao carlos,SP
13564,-21.996127081910245,-47.900956746048266,sao carlos,SP
13565,-21.9727792732171,-47.894128067677954,sao carlos,SP
13566,-21.999484484661423,-47.88750366919187,sao carlos,SP
13567,-22.00697741180935,-47.87040257247772,sao carlos,SP
13568,-22.005220870242518,-47.85621631942498,sao carlos,SP
13569,-22.016927097859043,-47.87457058864055,sao carlos,SP
13570,-22.030322642781435,-47.87949202618185,sao carlos,SP
13572,-22.042499291135222,-47.89210005292582,sao carlos,SP
13573,-22.060051378354107,-47.90246169158984,sao carlos,SP
13575,-22.033506163362237,-47.908924834284264,sao carlos,SP
13580,-22.081623849526718,-48.220362384178166,ribeirao bonito,SP
13600,-22.355359127465096,-47.384915976643846,araras,SP
13601,-22.37006124500208,-47.38887462828356,araras,SP
13602,-22.36459021058877,-47.394984516372936,araras,SP
13603,-22.349908077989376,-47.40075340499851,araras,SP
13605,-22.34640471097112,-47.36901614515177,araras,SP
13609,-22.379486304301004,-47.379882475922344,araras,SP
13611,-22.19488462906675,-47.378202675173,leme,SP
13614,-22.1763071967343,-47.3937412789224,leme,SP
13616,-22.173198534114963,-47.373421669583486,leme,SP
13630,-21.994466598287346,-47.42819522253257,pirassununga,SP
13631,-22.016230021078254,-47.42398672830743,pirassununga,SP
13632,-22.01327199468417,-47.41515436456504,pirassununga,SP
13633,-22.01870996108974,-47.430647021979276,pirassununga,SP
13635,-21.974027665543204,-47.427078505542234,pirassununga,SP
13641,-21.931770844716947,-47.3698129495408,pirassununga,SP
13660,-21.866032425983516,-47.4781017581213,porto ferreira,SP
13670,-21.703553428587647,-47.48280676309556,santa rita do passa quatro,SP
13690,-21.908634153727803,-47.6195840295051,descalvado,SP
13700,-21.789190389997472,-47.07232828087684,casa branca,SP
13710,-21.703495030535553,-47.276353860301036,tambau,SP
13715,-21.73310246168377,-46.97227007969109,itobi,SP
13720,-21.582987429934313,-46.94775856933444,sao jose do rio pardo,SP
13730,-21.466660105003786,-47.00530729612842,mococa,SP
13733,-21.456753030411576,-47.00587428230458,mococa,SP
13736,-21.48198598103537,-47.00538902817873,mococa,SP
13760,-21.472495940036872,-46.74849920183369,tapiratiba,SP
13770,-21.528683722343338,-46.64505089436829,caconde,SP
13800,-22.43724449758527,-46.96545705034646,mogi mirim,SP
13806,-22.420002291515978,-46.96800110638154,mogi mirim,SP
13820,-22.69294884489288,-46.98287754029338,jaguariuna,SP
13825,-22.633046009436132,-47.05260391223774,holambra,SP
13830,-22.60561843199777,-46.920447238133505,santo antonio de posse,SP
13835,-22.338398569332117,-47.1683209783616,conchal,SP
13840,-22.366040649505827,-46.93816713358193,mogi-guacu,SP
13843,-22.383407730307617,-46.93598735087051,mogi-guacu,SP
13844,-22.38343651404282,-46.947926542619655,mogi-guacu,SP
13846,-22.33277427705416,-46.94968396481364,mogi-guacu,SP
13848,-22.33978411439518,-46.924309679539405,mogi-guacu,SP
13857,-22.274617698782976,-46.952843895583676,estiva gerbi,SP
13870,-21.973167687922786,-46.79459474749641,sao joao da boa vista,SP
13871,-21.980920396602148,-46.80056800368527,sao joao da boa vista,SP
13873,-21.95505615605571,-46.79863412919674,sao joao da boa vista,SP
13874,-21.969838473441065,-46.77471622896682,sao joao da boa vista,SP
13880,-21.834918641034367,-46.89918572591992,vargem grande do sul,SP
13890,-21.94008777133928,-46.71391248489887,aguas da prata,SP
13900,-22.703127966651635,-46.766321367772875,amparo,SP
13901,-22.700250708178448,-46.77331904709085,amparo,SP
13904,-22.716115971598075,-46.778039302430166,amparo,SP
13905,-22.710900736908858,-46.80139536275989,amparo,SP
13908,-22.721605279768422,-46.844150475904215,amparo,SP
13912,-22.687275506720226,-46.983325913689576,jaguariuna,SP
13920,-22.74032548616481,-46.896753691339335,pedreira,SP
13930,-22.614621137795265,-46.709593428612386,serra negra,SP
13940,-22.477153463969263,-46.61937324894832,aguas de lindoia,SP
13950,-22.52341229265341,-46.64639741174917,lindoia,SP
13960,-22.596373040143575,-46.50720671996104,socorro,SP
13970,-22.438586857786028,-46.82117857619129,itapira,SP
13971,-22.420274856978377,-46.82169871842941,itapira,SP
13974,-22.437809628313715,-46.828876395047814,itapira,SP
13976,-22.423670477262608,-46.83237363814914,itapira,SP
13990,-22.193296313700355,-46.75319181794205,espirito santo do pinhal,SP
13995,-22.116303660811024,-46.684397924054096,santo antonio do jardim,SP
14010,-21.17953956854023,-47.80859764825491,ribeirao preto,SP
14015,-21.181218575214736,-47.80747857476067,ribeirao preto,SP
14020,-21.201064692224882,-47.80236637602176,ribeirao preto,SP
14021,-21.213809752116315,-47.79487457172355,ribeirao preto,SP
14022,-21.229870113808598,-47.787102468007,ribeirao preto,SP
14024,-21.215295118892477,-47.80819445967424,ribeirao preto,SP
14025,-21.193638491208656,-47.81519785770766,ribeirao preto,SP
14030,-21.188418727804688,-47.82938435475035,ribeirao preto,SP
14031,-21.20102722747161,-47.84481434920348,ribeirao preto,SP
14040,-21.22765567189718,-47.92878828966958,ribeirao preto,SP
14050,-21.1728614527507,-47.82369973956137,ribeirao preto,SP
14051,-21.164388613159677,-47.836924251857674,ribeirao preto,SP
14055,-21.15700584776457,-47.824920843296205,ribeirao preto,SP
14060,-21.140509358148126,-47.8148521160312,ribeirao preto,SP
14065,-21.1339716932665,-47.832311243838774,ribeirao preto,SP
14070,-21.112713275054016,-47.79081007447943,ribeirao preto,SP
14071,-21.11106687647655,-47.79937672322862,ribeirao preto,SP
14075,-21.140244843952534,-47.79106291848945,ribeirao preto,SP
14077,-21.12103155137743,-47.781467467367754,ribeirao preto,SP
14079,-21.13412286466589,-47.745779042280645,ribeirao preto,SP
14080,-21.154639915189836,-47.80275271383767,ribeirao preto,SP
14085,-21.165898166464302,-47.797969175658075,ribeirao preto,SP
14090,-21.179893192109983,-47.78842912306862,ribeirao preto,SP
14091,-21.19012799690352,-47.78790131270502,ribeirao preto,SP
14092,-21.177709840485356,-47.76782007545163,ribeirao preto,SP
14093,-21.177891257048426,-47.74337493709183,ribeirao preto,SP
14094,-21.252494863546485,-47.817878695442126,ribeirao preto,SP
14095,-21.191022995550163,-47.76791416876063,ribeirao preto,SP
14096,-21.20131082333704,-47.7779524735565,ribeirao preto,SP
14098,-21.223349032851434,-47.76840018908949,ribeirao preto,SP
14110,-21.254547608936228,-47.8152907655656,bonfim paulista,SP
14115,-21.49647901357738,-48.030235561553184,guatapara,SP
14120,-21.23981310767113,-47.97706610477948,dumont,SP
14150,-21.208159120071993,-47.60162092584304,serrana,SP
14160,-21.13723780944055,-47.98924445538586,sertaozinho,SP
14161,-21.126001225542073,-47.99894978594183,sertaozinho,SP
14166,-21.131057467396257,-47.98156097252699,sertaozinho,SP
14170,-21.142567251986407,-47.99691269940313,sertaozinho,SP
14177,-21.12951380196119,-48.013678284058315,sertaozinho,SP
14180,-21.0264930112105,-48.03716928656765,pontal,SP
14210,-21.55425425078896,-47.701861968009545,luis antonio,SP
14230,-21.311947524606836,-47.564034300996234,serra azul,SP
14270,-21.48348869998301,-47.36865063485143,santa rosa de viterbo,SP
14300,-20.892832077005902,-47.585039751459725,batatais,SP
14312,-20.916468353698388,-47.574216767527176,batatais,SP
14315,-20.897753508287284,-47.59026582347454,batatais,SP
14350,-21.02118500746342,-47.37739709707741,altinopolis,SP
14390,-21.24732242379185,-47.12564916167219,santo antonio da alegria,SP
14400,-20.538924680582515,-47.40138054689607,franca,SP
14401,-20.528619284338824,-47.38740999652929,franca,SP
14402,-20.523653408304654,-47.364272201308715,franca,SP
14403,-20.553623627436437,-47.387359118805556,franca,SP
14405,-20.528759136177378,-47.411109783856105,franca,SP
14406,-20.53661375955687,-47.433583875541835,franca,SP
14407,-20.496250765485655,-47.41843378590997,franca,SP
14409,-20.498488755380297,-47.396929485900976,franca,SP
14470,-20.248446312480418,-47.476741704155444,pedregulho,SP
14500,-20.33141443592605,-47.789388483167954,ituverava,SP
14530,-20.182732189905014,-48.02780172057328,miguelopolis,SP
14580,-20.43217689916522,-47.82416381617847,guara,SP
14600,-20.585751390105457,-47.863693188164746,sao joaquim da barra,SP
14610,-20.445531132262545,-48.01402332006467,ipua,SP
14620,-20.716823599737285,-47.87953500680893,orlandia,SP
14640,-20.72828330325555,-48.05514852208202,morro agudo,SP
14660,-20.767627103434553,-47.84072787580174,sales oliveira,SP
14680,-21.025578170979756,-47.77320119312101,jardinopolis,SP
14706,-20.939781253512464,-48.50067941580829,bebedouro,SP
14708,-20.921194883899904,-48.497189268235374,bebedouro,SP
14709,-20.924599508487425,-48.49059077246631,bebedouro,SP
14720,-21.12467337567158,-48.448628768247815,taiuva,SP
14745,-20.788691699998115,-48.33040622959039,terra roxa,SP
14750,-21.00987455542997,-48.219255640094126,pitangueiras,SP
14780,-20.556279636011343,-48.57186491314685,barretos,SP
14781,-20.53893016309683,-48.55891073056784,barretos,SP
14783,-20.57143912401166,-48.571539394430474,barretos,SP
14784,-20.57822759538431,-48.557940763421726,barretos,SP
14790,-20.3249901235719,-48.320131288780836,guaira,SP
14800,-21.805778579166546,-48.18222241540426,araraquara,SP
14801,-21.790782716262665,-48.185502465188435,araraquara,SP
14802,-21.772225708483823,-48.18022222658397,araraquara,SP
14804,-21.76715857542242,-48.19822719379917,araraquara,SP
14806,-21.751257937325867,-48.15881579410835,araraquara,SP
14807,-21.804400431472423,-48.16063426334249,araraquara,SP
14808,-21.82152967191702,-48.14485939614036,araraquara,SP
14810,-21.78007637120952,-48.15914226625744,araraquara,SP
14811,-21.781324254660284,-48.14382108750103,araraquara,SP
14815,-21.95050313682301,-48.00218930682391,ibate,SP
14840,-21.36350170979939,-48.22960077888057,guariba,SP
14850,-21.35993680296325,-48.07391298482993,pradopolis,SP
14860,-21.190885638654144,-48.15620878829506,barrinha,SP
14870,-21.25717364466399,-48.32096387334476,jaboticabal,SP
14871,-21.26692465857004,-48.33003525718093,jaboticabal,SP
14875,-21.25239311964601,-48.33863013887338,jaboticabal,SP
14882,-21.24564991547182,-48.31790069625641,jaboticabal,SP
14900,-21.59434057175033,-48.8110842558583,itapolis,SP
14910,-21.73706314242179,-48.687600901117015,tabatinga,SP
14930,-21.993673857269386,-48.39018235164461,boa esperanca do sul,SP
14940,-21.75732063771276,-48.82974353343716,ibitinga,SP
14960,-21.4696009553403,-49.222216847438304,novo horizonte,SP
15010,-20.813216120413106,-49.381710860149255,sao jose do rio preto,SP
15013,-20.82895270664262,-49.330518437758904,sao jose do rio preto,SP
15014,-20.818959233813953,-49.377346362257235,sao jose do rio preto,SP
15015,-20.819120747840632,-49.37902791741088,sao jose do rio preto,SP
15025,-20.80670693101839,-49.389164535249215,sao jose do rio preto,SP
15030,-20.79658993282142,-49.387674445122684,sao jose do rio preto,SP
15035,-20.812707494451537,-49.41503971342322,sao jose do rio preto,SP
15040,-20.79961525852297,-49.415358231664605,sao jose do rio preto,SP
15041,-20.790373567376047,-49.41826248454062,sao jose do rio preto,SP
15043,-20.787124688836585,-49.399434370964265,sao jose do rio preto,SP
15044,-20.781096813753173,-49.41813873526018,sao jose do rio preto,SP
15045,-20.778587361820207,-49.393726925971635,sao jose do rio preto,SP
15046,-20.77686359976854,-49.36411121795177,sao jose do rio preto,SP
15050,-20.789580398110378,-49.372499363338534,sao jose do rio preto,SP
15052,-20.762171380404617,-49.364295130044944,sao jose do rio preto,SP
15053,-20.77738504216889,-49.36534594963242,sao jose do rio preto,SP
15054,-20.786662976699212,-49.359327111273025,sao jose do rio preto,SP
15055,-20.794068968967025,-49.36508132014008,sao jose do rio preto,SP
15056,-20.77416528575765,-49.34091811517656,sao jose do rio preto,SP
15061,-20.81036071079141,-49.34854545859981,sao jose do rio preto,SP
15062,-20.83040639322453,-49.33893871886974,sao jose do rio preto,SP
15063,-20.812008379283643,-49.33790736553012,sao jose do rio preto,SP
15070,-20.818007214067112,-49.362320118486714,sao jose do rio preto,SP
15075,-20.821610965392814,-49.352930673334,sao jose do rio preto,SP
15076,-20.83204463656363,-49.353344803737485,sao jose do rio preto,SP
15080,-20.831212457088878,-49.369679601017765,sao jose do rio preto,SP
15081,-20.84479469089261,-49.362630067187155,sao jose do rio preto,SP
15084,-20.829837811853242,-49.37839232423516,sao jose do rio preto,SP
15085,-20.83620882180299,-49.38807095699605,sao jose do rio preto,SP
15086,-20.843016404451195,-49.382028741479964,sao jose do rio preto,SP
15090,-20.835495182619816,-49.3946921589828,sao jose do rio preto,SP
15105,-21.045033707741553,-49.37615780505847,potirendaba,SP
15115,-20.91711533777068,-49.45081883954137,bady bassitt,SP
15130,-20.814771998995393,-49.50692752488179,mirassol,SP
15137,-20.821706801126325,-49.492487237585365,mirassol,SP
15150,-20.770002235308883,-49.711833620552895,monte aprazivel,SP
15155,-20.884709308834225,-49.57192076295022,jaci,SP
15160,-20.784966444923445,-49.81418240130234,poloni,SP
15170,-20.623521591055777,-49.65195844976547,tanabi,SP
15240,-20.913083868087895,-49.77811856559246,nipoa,SP
15290,-21.067287508771535,-50.14440187114213,buritama,SP
15350,-20.685083174259976,-50.55462075520381,auriflama,SP
15370,-20.642057869063198,-51.1070106789236,pereira barreto,SP
15380,-20.5008102090912,-51.02644096285529,suzanapolis,SP
15385,-20.42888720023577,-51.34047020675736,ilha solteira,SP
15390,-20.64306258129077,-51.507083113089436,itapura,SP
15400,-20.73752999199967,-48.9090364662508,olimpia,SP
15410,-20.877875377557153,-48.81096248940023,cajobi,SP
15425,-20.981733364876824,-48.83640240018734,embauba,SP
15440,-20.536387134122258,-49.32085573063807,nova granada,SP
15470,-20.38969210204517,-49.43452930521689,palestina,SP
15490,-20.031912284089135,-49.40546507066173,paulo de faria,SP
15500,-20.420269781817655,-49.97168387901127,votuporanga,SP
15501,-20.431757417861032,-49.974630176678545,votuporanga,SP
15502,-20.416363755330895,-49.98500395424029,votuporanga,SP
15503,-20.39867264942984,-49.9732595196622,votuporanga,SP
15505,-20.422763825096673,-49.966737537480064,votuporanga,SP
15560,-20.184430743008765,-49.70282581180715,pontes gestal,SP
15570,-20.080941806166795,-49.91269317703499,cardoso,SP
15600,-20.284122537295133,-50.2497039381375,fernandopolis,SP
15601,-20.29330884502038,-50.25631824612264,fernandopolis,SP
15603,-20.286928433684377,-50.24182343876857,fernandopolis,SP
15685,-20.00168960671946,-50.375282349761356,ouroeste,SP
15690,-19.979386646547788,-50.28778912387406,indiapora,SP
15700,-20.26959077590285,-50.543435698347416,jales,SP
15704,-20.280018460507243,-50.551435046389685,jales,SP
15707,-20.253404635355416,-50.5497781053027,jales,SP
15770,-20.235805436783547,-50.88976382630348,tres fronteiras,SP
15773,-20.38262457034294,-50.94343646027845,nova canaa paulista,SP
15775,-20.22052678746204,-50.90342436588622,santa fe do sul,SP
15780,-20.144650964683773,-50.8317828180983,santa rita d'oeste,SP
15800,-21.141358026695467,-48.97534937731129,catanduva,SP
15804,-21.12102843224972,-48.97081828471117,catanduva,SP
15805,-21.12241501822202,-48.96331895137841,catanduva,SP
15806,-21.1326115703225,-48.95877121445766,catanduva,SP
15807,-21.12384851479828,-48.951292084394325,catanduva,SP
15808,-21.143217739306056,-48.947187654780215,catanduva,SP
15810,-21.1541427150983,-48.971333540869644,catanduva,SP
15820,-21.095628417437535,-48.66404771711195,pirangi,SP
15825,-21.01941408788335,-48.774583314334855,paraiso,SP
15830,-21.184170397432016,-48.9079733309035,pindorama,SP
15840,-21.31499774715289,-49.055417305075984,itajobi,SP
15860,-21.08270714593196,-49.239534252796,ibira,SP
15885,-20.99543528043601,-48.919331724846614,novais,SP
15895,-20.904113556822836,-49.26857484683174,cedral,SP
15900,-21.405278766273245,-48.50445358762052,taquaritinga,SP
15903,-21.44830590538028,-48.57495884443414,taquaritinga,SP
15910,-21.263459220114285,-48.495496727506335,monte alto,SP
15950,-21.243499488094187,-48.804810394183285,santa adelia,SP
15990,-21.6048047700843,-48.36556109601182,matao,SP
15991,-21.63768799537827,-48.33536994352243,matao,SP
15993,-21.622766528986364,-48.36457234000102,matao,SP
16010,-21.20829301483963,-50.440377445322774,aracatuba,SP
16012,-21.211705991894554,-50.40363945155295,aracatuba,SP
16013,-21.220091286892753,-50.41656092527555,aracatuba,SP
16015,-21.21267464200527,-50.434138792952936,aracatuba,SP
16020,-21.22265402601631,-50.44648724527548,aracatuba,SP
16021,-21.227537006658547,-50.45588703268647,aracatuba,SP
16022,-21.232308702656155,-50.46392319046967,aracatuba,SP
16025,-21.21341343877384,-50.45480090954099,aracatuba,SP
16026,-21.21730763590336,-50.468755150100804,aracatuba,SP
16050,-21.19657051682266,-50.44251106613128,aracatuba,SP
16052,-21.169917105554646,-50.43855197921924,aracatuba,SP
16057,-21.17263500549719,-50.449305508202784,aracatuba,SP
16072,-21.201786668449525,-50.45806674629396,aracatuba,SP
16074,-21.193288718426633,-50.45279406867943,aracatuba,SP
16130,-21.078032500350165,-50.241934895118085,santo antonio do aracangua,SP
16200,-21.294953796324272,-50.34326735573279,birigui,SP
16203,-21.29709799872705,-50.325118255468816,birigui,SP
16204,-21.303354724759565,-50.35408748529477,birigui,SP
16205,-21.30772060076011,-50.365535753513115,birigui,SP
16250,-21.56018491317655,-50.445800319817664,clementina,SP
16260,-21.355518005626834,-50.284634723537536,coroados,SP
16290,-21.504276023714116,-50.32234439497585,brauna,SP
16300,-21.42071989648959,-50.07647119060041,penapolis,SP
16301,-21.427002247037205,-50.06500913181639,penapolis,SP
16304,-21.437402661479663,-50.07693057198177,penapolis,SP
16305,-21.429445995996016,-50.08791776464028,penapolis,SP
16306,-21.414851214679825,-50.088172776728285,penapolis,SP
16340,-21.67549309780371,-50.328300137038056,luiziania,SP
16370,-21.540999972045167,-49.856858452635045,promissao,SP
16400,-21.67390697021273,-49.75805943683959,lins,SP
16403,-21.689599539885645,-49.745108957530036,lins,SP
16430,-21.62209955605368,-49.7959617756038,guaicara,SP
16450,-21.799746647397733,-49.93136486168771,getulina,SP
16500,-21.80320059939524,-49.602212692890134,cafelandia,SP
16570,-21.894657525052196,-49.589140124912454,guaranta,SP
16600,-21.996311034143513,-49.454691250831175,pirajui,SP
16680,-22.157831912864715,-49.3321336161767,avai,SP
16700,-21.250586660628578,-50.6464450392542,guararapes,SP
16750,-21.302002224966596,-50.73460813411542,rubiacea,SP
16800,-21.132503677693613,-51.103186563082744,mirandopolis,SP
16880,-21.225948248423403,-50.866901593158474,valparaiso,SP
16900,-20.90546920360634,-51.3816272285432,andradina,SP
16901,-20.894498796276807,-51.37393891769426,andradina,SP
16920,-20.866847159290902,-51.49176549174563,castilho,SP
16980,-21.03322283931103,-51.20801738963666,guaracai,SP
17011,-22.33188344990011,-49.053751555245526,bauru,SP
17012,-22.33652517561203,-49.059381618263615,bauru,SP
17013,-22.321334710652792,-49.06017289320953,bauru,SP
17014,-22.334793192506908,-49.07545610735665,bauru,SP
17016,-22.341369198495812,-49.07001814027863,bauru,SP
17017,-22.347194498048673,-49.05968914675232,bauru,SP
17018,-22.359934494958647,-49.05132453354305,bauru,SP
17020,-22.30620091607491,-49.06662478250964,bauru,SP
17022,-22.277313985913025,-49.075118861198796,bauru,SP
17026,-22.294713904990495,-49.04569576676685,bauru,SP
17030,-22.322001161380253,-49.045751302709554,bauru,SP
17031,-22.323632768141838,-49.02079897634822,bauru,SP
17032,-22.32247412421866,-49.02934087244578,bauru,SP
17033,-22.332167415992778,-49.03155567637071,bauru,SP
17047,-22.336423220379874,-49.043374315449675,bauru,SP
17051,-22.330985092726326,-49.09994406784408,bauru,SP
17052,-22.340760688078753,-49.09506969646532,bauru,SP
17054,-22.347041144096107,-49.08949941889108,bauru,SP
17055,-22.339066237515887,-49.11084213188243,bauru,SP
17056,-22.353827052221806,-49.1014713601243,bauru,SP
17063,-22.30955528850061,-49.089014938659815,bauru,SP
17064,-22.304240864894947,-49.090193517128775,bauru,SP
17065,-22.31437940711168,-49.11819276827153,bauru,SP
17110,-21.986768683858266,-48.82150375543913,bauru,SP
17160,-22.02950145575722,-48.91356673220313,arealva,SP
17180,-21.89216326340061,-49.02157232007048,iacanga,SP
17190,-21.88149253433849,-49.26469809965418,reginopolis,SP
17204,-22.29251614479422,-48.57785806309617,jau,SP
17206,-22.26644264507621,-48.56846937128424,jau,SP
17207,-22.283813205253242,-48.557704357141525,jau,SP
17208,-22.273293769857762,-48.554800135471694,jau,SP
17209,-22.27524896702239,-48.54358425082655,jau,SP
17210,-22.285564358190705,-48.53505780924214,jau,SP
17211,-22.301845590322166,-48.54323163457138,jau,SP
17230,-22.23455857964727,-48.721835002175304,itapui,SP
17250,-22.074022270567585,-48.74025621655563,bariri,SP
17280,-22.348013116995098,-48.784495697020546,pederneiras,SP
17290,-22.514093447641567,-48.71694212220494,macatuba,SP
17300,-22.368024597233408,-48.386261979222404,dois corregos,SP
17320,-22.41339600173933,-48.45129697299396,mineiros do tiete,SP
17340,-22.48619767441374,-48.559591023505334,barra bonita,SP
17360,-22.43145412941161,-48.16996617407241,torrinha,SP
17370,-22.569639672881543,-48.15539870681134,santa maria da serra,SP
17380,-22.282154968038324,-48.12510155957027,brotas,SP
17400,-22.211471483564306,-49.65862497197638,garca,SP
17410,-22.082489832465455,-49.71827152171474,alvaro de carvalho,SP
17470,-22.41517885946494,-49.40622014595326,duartina,SP
17480,-22.456542606976473,-49.33753259362305,cabralia paulista,SP
17500,-22.21807153723716,-49.95022135910164,marilia,SP
17504,-22.213865032134283,-49.95851972439904,marilia,SP
17509,-22.212335154405466,-49.945661185214945,marilia,SP
17510,-22.197206766114302,-49.95219526811751,marilia,SP
17511,-22.179141091683242,-49.95694812195039,marilia,SP
17512,-22.158801244993846,-49.96150594898236,marilia,SP
17513,-22.20322912952781,-49.93870967553518,marilia,SP
17514,-22.185586681748312,-49.92633365043049,marilia,SP
17515,-22.211054243453667,-49.938798019286814,marilia,SP
17521,-22.239521710872413,-49.916684980140204,marilia,SP
17526,-22.234383425374755,-49.976667294193106,marilia,SP
17533,-22.187498347891424,-49.97903411745887,marilia,SP
17580,-22.10367343012363,-50.17893613850754,pompeia,SP
17600,-21.934484546249056,-50.51398229430691,tupa,SP
17601,-21.926864046161835,-50.51413749988417,tupa,SP
17602,-21.930547778284403,-50.49834751389763,tupa,SP
17603,-21.942071879073378,-50.50082739495785,tupa,SP
17604,-21.943091440035158,-50.51676304094405,tupa,SP
17605,-21.93506719324893,-50.52481882516593,tupa,SP
17606,-21.928465491539185,-50.525683571124965,tupa,SP
17670,-22.069566562620427,-50.30397737674216,quintana,SP
17680,-21.858044927179165,-50.688853689418565,iacri,SP
17690,-21.921257645470455,-50.73237742419828,bastos,SP
17700,-21.795711019289442,-50.879277765103,osvaldo cruz,SP
17730,-21.78166536507636,-50.79155691581234,parapua,SP
17780,-21.72362473845401,-51.01915775056405,lucelia,SP
17800,-21.684238907966446,-51.07601533556035,adamantina,SP
17890,-21.511446904180833,-51.4357748889293,junqueiropolis,SP
17900,-21.48639335970809,-51.533744143993836,dracena,SP
17980,-21.36187313887081,-51.85690282245926,panorama,SP
18010,-23.50069966216975,-47.45936934082602,sorocaba,SP
18013,-23.491115625012178,-47.43011043994365,sorocaba,SP
18015,-23.5027546265632,-47.43045059256107,sorocaba,SP
18016,-23.495464239873176,-47.42828678920389,sorocaba,SP
18017,-23.492578215801906,-47.41091670439589,sorocaba,SP
18020,-23.506818689006565,-47.44565113471125,sorocaba,SP
18021,-23.508311043750304,-47.42866744631925,sorocaba,SP
18022,-23.52468862113182,-47.44057850460519,sorocaba,SP
18025,-23.515612441573655,-47.44346053722513,sorocaba,SP
18030,-23.510538970251265,-47.45966978985545,sorocaba,SP
18031,-23.517022581120646,-47.45776298054839,sorocaba,SP
18035,-23.501008718763483,-47.462025917264214,sorocaba,SP
18040,-23.505547950176677,-47.46970526393222,sorocaba,SP
18044,-23.510186495798685,-47.478029694041915,sorocaba,SP
18045,-23.51904648600913,-47.48526575155909,sorocaba,SP
18046,-23.521977833330254,-47.47440850898069,sorocaba,SP
18047,-23.520376831300773,-47.46298465265633,sorocaba,SP
18048,-23.536889528171127,-47.46968686008559,sorocaba,SP
18050,-23.51494276234891,-47.49952973151333,sorocaba,SP
18051,-23.518036151648534,-47.50354677182044,sorocaba,SP
18052,-23.53173194533856,-47.49980351058789,sorocaba,SP
18053,-23.50113158753629,-47.51857928049102,sorocaba,SP
18055,-23.497316500688548,-47.5016021640742,sorocaba,SP
18056,-23.50720325938489,-47.50348495089035,sorocaba,SP
18057,-23.479856225609666,-47.509849880081205,sorocaba,SP
18061,-23.495455071965026,-47.48491380651181,sorocaba,SP
18070,-23.473530654207142,-47.483469553604266,sorocaba,SP
18071,-23.46300549914994,-47.502616746908714,sorocaba,SP
18072,-23.43354752315602,-47.50917936639681,sorocaba,SP
18074,-23.453584506332753,-47.48851312145476,sorocaba,SP
18075,-23.47403034937185,-47.467397146521684,sorocaba,SP
18076,-23.464204707776595,-47.47145666010212,sorocaba,SP
18078,-23.43807906097576,-47.46774085310069,sorocaba,SP
18079,-23.43631473968891,-47.47137629459926,sorocaba,SP
18080,-23.485222804707004,-47.45986989975185,sorocaba,SP
18081,-23.477245262199357,-47.45071002087775,sorocaba,SP
18085,-23.472414567045835,-47.433669226304254,sorocaba,SP
18086,-23.447608976741733,-47.44713633654418,sorocaba,SP
18087,-23.459173046685184,-47.40454580051047,sorocaba,SP
18090,-23.481599635478858,-47.44821483282602,sorocaba,SP
18095,-23.489048749269905,-47.448845705848385,sorocaba,SP
18103,-23.419167901610297,-47.4167211093245,sorocaba,SP
18105,-23.401587415313383,-47.379336229819096,sorocaba,SP
18108,-23.499859401375314,-47.37469832927307,sorocaba,SP
18110,-23.543319623797903,-47.457380033116756,votorantim,SP
18112,-23.529854200069636,-47.4337214243311,votorantim,SP
18115,-23.56148136654526,-47.45059205912183,votorantim,SP
18117,-23.56927164816851,-47.46015473488271,votorantim,SP
18119,-23.546530728461853,-47.49220093703207,votorantim,SP
18120,-23.53650295835299,-47.18889011605326,mairinque,SP
18130,-23.531424390734568,-47.13442765046272,sao roque,SP
18131,-23.531716378829014,-47.14867075932756,sao roque,SP
18132,-23.51785667889076,-47.140000622420544,sao roque,SP
18134,-23.523970256589998,-47.13087539496009,sao roque,SP
18135,-23.547386224423953,-47.12199203664022,sao roque,SP
18136,-23.54858318028307,-47.13724512698744,sao roque,SP
18147,-23.434370516019598,-47.06736198733114,aracariguama,SP
18150,-23.66029740274755,-47.21680387588347,ibiuna,SP
18160,-23.650084860226972,-47.577740424892745,salto de pirapora,SP
18170,-23.715944600804164,-47.4142318899136,piedade,SP
18185,-23.81197455444591,-47.72290759681854,pilar do sul,SP
18190,-23.515283983306002,-47.61018378267268,aracoiaba da serra,SP
18201,-23.58432331879852,-48.03574646624629,itapetininga,SP
18210,-23.580989062893785,-48.05385572239794,itapetininga,SP
18211,-23.562257623703044,-48.041533476767455,itapetininga,SP
18213,-23.572676626984286,-48.023716785799934,itapetininga,SP
18230,-23.878443429622713,-47.99527910216195,sao miguel arcanjo,SP
18250,-23.37043312563561,-48.18287212973659,guarei,SP
18270,-23.349777166836898,-47.8473777434754,tatui,SP
18271,-23.343337984697843,-47.83968953299889,tatui,SP
18274,-23.37338177327644,-47.846997161243245,tatui,SP
18275,-23.35714828982301,-47.85466102957959,tatui,SP
18278,-23.34400083421551,-47.86152527349471,tatui,SP
18285,-23.22615684992226,-47.955079500499465,cesario lange,SP
18290,-23.799252900703568,-48.60001796917145,buri,SP
18300,-24.004657807086666,-48.350226407137065,capao bonito,SP
18400,-23.983249436265403,-48.87652512325583,itapeva,SP
18401,-23.97414802490568,-48.87104664329509,itapeva,SP
18409,-23.983121609666224,-48.88894090646998,itapeva,SP
18425,-23.925760560300045,-48.69799582939113,taquarivai,SP
18430,-24.190933403133126,-48.81137550504264,ribeirao branco,SP
18435,-24.121789977420086,-48.904884830442995,nova campina,SP
18440,-23.86523119516947,-49.140922471000636,itabera,SP
18460,-24.11150288205772,-49.331432729703785,itarare,SP
18500,-23.04955173261455,-47.83762131131264,laranjal paulista,SP
18520,-23.166261903785394,-47.746688703504226,cerquilho,SP
18530,-23.101621006440027,-47.71181914055678,tiete,SP
18540,-23.21199047441578,-47.52209837709137,porto feliz,SP
18550,-23.287426948305722,-47.670586146714506,boituva,SP
18600,-22.88753798552459,-48.44108689823037,botucatu,SP
18603,-22.882458812320827,-48.45117093410017,botucatu,SP
18604,-22.875814933627186,-48.427600745148105,botucatu,SP
18605,-22.91695729706111,-48.441709225830735,botucatu,SP
18607,-22.89038490604727,-48.463130384135916,botucatu,SP
18608,-22.86605277327737,-48.46069203327626,botucatu,SP
18610,-22.85993374941289,-48.442124711444826,botucatu,SP
18611,-22.874881658404487,-48.43575338563228,botucatu,SP
18640,-23.08998348577017,-48.384063172673436,pardinho,SP
18650,-22.74026492614537,-48.571813208388996,sao manuel,SP
18680,-22.59365074826412,-48.799662311412945,lencois paulista,SP
18683,-22.60144304535506,-48.807104104547435,lencois paulista,SP
18685,-22.581301599812882,-48.8103339479478,lencois paulista,SP
18701,-23.103845020089445,-48.91419147685257,avare,SP
18702,-23.11203088124565,-48.90588619066807,avare,SP
18703,-23.123106641515292,-48.93143634376667,avare,SP
18708,-23.084538184716042,-48.91483917390776,avare,SP
18710,-23.136564843736068,-49.05444039853914,arandu,SP
18720,-23.38877804716619,-48.73436604485556,paranapanema,SP
18725,-22.994218604184134,-47.5914471384281,holambra ii,SP
18730,-23.418046558743534,-49.09104467317485,itai,SP
18740,-23.532344407408793,-49.2463222335984,taquarituba,SP
18745,-23.630610844696953,-49.31318912407182,coronel macedo,SP
18760,-23.034100418770535,-49.16234455805434,cerqueira cesar,SP
18780,-23.006344507717284,-49.31841495453075,manduri,SP
18800,-23.19820343035484,-49.38278049595409,piraju,SP
18890,-23.45353468486184,-49.40549224796595,taguai,SP
18950,-23.055151680595838,-49.62719098425694,ipaussu,SP
18960,-23.01553540122101,-49.47743449963315,bernardino de campos,SP
18980,-23.05780264486127,-49.73239519309951,irape,SP
19010,-22.12273521177678,-51.38636933470502,presidente prudente,SP
19013,-22.135728201280653,-51.392004159197725,presidente prudente,SP
19014,-22.12942014080256,-51.39686896811655,presidente prudente,SP
19015,-22.121295785525298,-51.39492197648288,presidente prudente,SP
19020,-22.113507353635857,-51.38645500353058,presidente prudente,SP
19023,-22.110680580939565,-51.399092120481306,presidente prudente,SP
19025,-22.10031510183667,-51.40735633783322,presidente prudente,SP
19029,-22.07708974256958,-51.41548624933166,presidente prudente,SP
19035,-22.12536444276037,-51.37292316257348,presidente prudente,SP
19041,-22.13769402066154,-51.37920406191891,presidente prudente,SP
19042,-22.1362294598616,-51.37245004547979,presidente prudente,SP
19050,-22.13659792734098,-51.40076721437253,presidente prudente,SP
19053,-22.146839992188088,-51.413610591951425,presidente prudente,SP
19060,-22.12193692965455,-51.4137959669207,presidente prudente,SP
19062,-22.132961060092885,-51.42613161289935,presidente prudente,SP
19063,-22.128139671808405,-51.44143598380818,presidente prudente,SP
19160,-22.07699368740586,-51.46756282500047,alvares machado,SP
19200,-22.275856087480665,-51.49849889926355,pirapozinho,SP
19260,-22.29515174281066,-51.9115524214896,mirante do paranapanema,SP
19280,-22.52966149799331,-52.17237000065108,teodoro sampaio,SP
19300,-22.00850814387055,-51.55634360153442,presidente bernardes,SP
19350,-21.830441063754055,-51.48314002332803,emilianopolis,SP
19360,-21.97692007478666,-51.65254186168632,santo anastacio,SP
19400,-21.8742882795038,-51.84496960410871,presidente venceslau,SP
19470,-21.773562635668824,-52.115709937410585,presidente epitacio,SP
19500,-22.148084858468284,-51.16954949489018,martinopolis,SP
19600,-22.229310649130582,-50.894681271077815,rancharia,SP
19680,-22.249435727092425,-50.76827149621684,joao ramalho,SP
19700,-22.42125482604227,-50.580730780337454,paraguacu paulista,SP
19770,-22.314424455023925,-50.27711765740892,oscar bressane,SP
19780,-22.247296826398753,-50.70062907273488,quata,SP
19800,-22.665586099934302,-50.41524708602695,assis,SP
19801,-22.670164793097833,-50.41134929119473,assis,SP
19802,-22.669353928606768,-50.42693117309733,assis,SP
19803,-22.67568027378032,-50.4375555298538,assis,SP
19804,-22.663902111270872,-50.43581803310741,assis,SP
19806,-22.655502343064516,-50.4257100791395,assis,SP
19814,-22.65739937232149,-50.40967596560367,assis,SP
19815,-22.655662293967403,-50.39542900698363,assis,SP
19820,-22.7489466206339,-50.578951684465736,taruma,SP
19830,-22.4299509636415,-50.20543406742506,echapora,SP
19840,-22.615059082577268,-50.66808209417246,maracai,SP
19865,-22.815272553334733,-50.79127156718951,pedrinhas paulista,SP
19880,-22.751128893730357,-50.38672852848477,candido mota,SP
19900,-22.981063259567787,-49.86704149598352,ourinhos,SP
19906,-22.98470598279763,-49.881834805384784,ourinhos,SP
19907,-22.974466157111515,-49.881382569015905,ourinhos,SP
19911,-22.96751044844727,-49.87139306137049,ourinhos,SP
19912,-22.98027055155439,-49.86041843388249,ourinhos,SP
19913,-22.981358365381055,-49.85356610907134,ourinhos,SP
19970,-22.786532737910925,-50.21831951855033,palmital,SP
20020,-22.90749454533334,-43.17316912947846,rio de janeiro,RJ
20021,-22.912369544913428,-43.17350079335496,rio de janeiro,RJ
20030,-22.909873939082548,-43.173650365485265,rio de janeiro,RJ
20031,-22.909572437655488,-43.177703112986904,rio de janeiro,RJ
20040,-22.905686000249094,-43.177156307060464,rio de janeiro,RJ
20051,-22.903063100942575,-43.18298926875737,rio de janeiro,RJ
20060,-22.90742646003482,-43.22111290328188,rio de janeiro,RJ
20061,-22.905811724167148,-43.18562902375168,rio de janeiro,RJ
20070,-22.902331574261794,-43.17927884154506,rio de janeiro,RJ
20081,-22.897715083300223,-43.18332992060644,rio de janeiro,RJ
20090,-22.899054123828943,-43.17942063171785,rio de janeiro,RJ
20091,-22.900151286264816,-43.17827587439508,rio de janeiro,RJ
20210,-22.908696503565157,-43.201016378284464,rio de janeiro,RJ
20211,-22.91148503866567,-43.19844247973102,rio de janeiro,RJ
20220,-22.899829533909223,-43.20080433539784,rio de janeiro,RJ
20230,-22.91285701073433,-43.18834911843799,rio de janeiro,RJ
20231,-22.91259168660638,-43.18629265033459,rio de janeiro,RJ
20240,-22.917770340408847,-43.18905754157791,rio de janeiro,RJ
20241,-22.922006425170558,-43.18565741850953,rio de janeiro,RJ
20250,-22.919337655136697,-43.21247470976231,rio de janeiro,RJ
20251,-22.922200558918448,-43.20015626664134,rio de janeiro,RJ
20260,-22.919342584449815,-43.21542322502569,rio de janeiro,RJ
20261,-22.92401542829238,-43.213547671608914,rio de janeiro,RJ
20270,-22.916244564738715,-43.21795033526529,rio de janeiro,RJ
20271,-22.915669330916135,-43.2252134823305,rio de janeiro,RJ
20510,-22.930347789330725,-43.24275226487902,rio de janeiro,RJ
20511,-22.9284131316606,-43.240538180114825,rio de janeiro,RJ
20520,-22.926258825257275,-43.231846424609145,rio de janeiro,RJ
20521,-22.927918848210943,-43.231972121774945,rio de janeiro,RJ
20530,-22.93768625306417,-43.24886943417944,rio de janeiro,RJ
20531,-22.958246852875913,-43.27033293203977,rio de janeiro,RJ
20540,-22.92255591041081,-43.243901231317686,rio de janeiro,RJ
20541,-22.92275898098941,-43.246104027508025,rio de janeiro,RJ
20550,-22.916792143186886,-43.2315503991291,rio de janeiro,RJ
20551,-22.914390650925082,-43.24569874883489,rio de janeiro,RJ
20560,-22.918636000417838,-43.25724486396328,rio de janeiro,RJ
20561,-22.923671061854996,-43.27951061325535,rio de janeiro,RJ
20710,-22.90830858763459,-43.2764243094503,rio de janeiro,RJ
20720,-22.906575946931888,-43.28819167590577,rio de janeiro,RJ
20725,-22.906412217480728,-43.282495177007156,rio de janeiro,RJ
20730,-22.902290913852568,-43.29839517326879,rio de janeiro,RJ
20735,-22.900247004009792,-43.28620954651436,rio de janeiro,RJ
20740,-22.89620288125079,-43.31266061354411,rio de janeiro,RJ
20745,-22.903600471965063,-43.306901589519335,rio de janeiro,RJ
20750,-22.87518071840644,-43.30082797736797,rio de janeiro,RJ
20751,-22.883894678436565,-43.30538425605098,rio de janeiro,RJ
20755,-22.888719129958833,-43.29710870135924,rio de janeiro,RJ
20756,-22.889303208418365,-43.304540372254614,rio de janeiro,RJ
20760,-22.879177245162502,-43.28592690942743,rio de janeiro,RJ
20761,-22.870098149013963,-43.297217917069595,rio de janeiro,RJ
20770,-22.89263110411781,-43.28601357326318,rio de janeiro,RJ
20771,-22.88654522617883,-43.28157899070825,rio de janeiro,RJ
20775,-22.894787607705087,-43.27754555337602,rio de janeiro,RJ
20780,-22.8964631877728,-43.27217170225893,rio de janeiro,RJ
20785,-22.88659325431333,-43.26783420069855,rio de janeiro,RJ
20910,-22.899524395109882,-43.23052438041678,rio de janeiro,RJ
20920,-22.89524485967227,-43.231902550437,rio de janeiro,RJ
20921,-22.893703236582244,-43.23151762119004,rio de janeiro,RJ
20930,-22.889979653251217,-43.22883289161473,rio de janeiro,RJ
20931,-22.880476502680093,-43.21772315263865,rio de janeiro,RJ
20940,-22.90178148194564,-43.219200053257524,rio de janeiro,RJ
20941,-22.905038579309718,-43.218289836880224,rio de janeiro,RJ
20943,-22.907619844963776,-43.23590445490212,rio de janeiro,RJ
20950,-22.90399569141674,-43.25558609559154,rio de janeiro,RJ
21011,-22.827727546600816,-43.2864223207302,rio de janeiro,RJ
21020,-22.835828487618873,-43.27614378416555,rio de janeiro,RJ
21021,-22.84207289300327,-43.265065434319375,rio de janeiro,RJ
21031,-22.84825657231105,-43.25613344368642,rio de janeiro,RJ
21040,-22.858267172627272,-43.25269222978843,rio de janeiro,RJ
21041,-22.87144109880102,-43.258727578503766,rio de janeiro,RJ
21044,-22.857706333465654,-43.267186202026345,rio de janeiro,RJ
21051,-22.874222414375385,-43.26728790044959,rio de janeiro,RJ
21060,-22.857331891254034,-43.26363956816405,rio de janeiro,RJ
21070,-22.843914411682647,-43.283779066776354,rio de janeiro,RJ
21073,-22.850770856037,-43.27052152360208,rio de janeiro,RJ
21210,-22.84373140637614,-43.30242672582638,rio de janeiro,RJ
21211,-22.836828071243165,-43.30804460963914,rio de janeiro,RJ
21215,-22.833788776762514,-43.296044333899985,rio de janeiro,RJ
21220,-22.849422868592246,-43.31350882748824,rio de janeiro,RJ
21221,-22.84606476402831,-43.31053536227519,rio de janeiro,RJ
21230,-22.826662975624334,-43.3225314634884,rio de janeiro,RJ
21231,-22.831527268945862,-43.32219671997402,rio de janeiro,RJ
21235,-22.83791177652518,-43.322271046058205,rio de janeiro,RJ
21240,-22.811121030063198,-43.326212799077666,rio de janeiro,RJ
21310,-22.879083342003987,-43.33935560703397,rio de janeiro,RJ
21311,-22.88918177352332,-43.32763594596467,rio de janeiro,RJ
21320,-22.892905876006864,-43.347644389533606,rio de janeiro,RJ
21321,-22.89512617328995,-43.357502145957,rio de janeiro,RJ
21330,-22.8828767826158,-43.36417448357049,rio de janeiro,RJ
21331,-22.87350715228709,-43.36567754387448,rio de janeiro,RJ
21340,-22.871018134717982,-43.35684491471535,rio de janeiro,RJ
21341,-22.882442915756783,-43.349470070284454,rio de janeiro,RJ
21350,-22.87793235260004,-43.330166204427464,rio de janeiro,RJ
21351,-22.870448202643566,-43.34296526816304,rio de janeiro,RJ
21360,-22.866945338258187,-43.33478170506691,rio de janeiro,RJ
21361,-22.853328261763206,-43.32822806263115,rio de janeiro,RJ
21371,-22.85106228596877,-43.32617884775252,rio de janeiro,RJ
21380,-22.883317935180692,-43.31951190668025,rio de janeiro,RJ
21381,-22.87907528708003,-43.314672063074205,rio de janeiro,RJ
21510,-22.84251003329592,-43.35349069066133,rio de janeiro,RJ
21511,-22.84410299270375,-43.35219269222594,rio de janeiro,RJ
21512,-22.84146868829085,-43.36195292092932,rio de janeiro,RJ
21515,-22.83902730987094,-43.35587746226516,rio de janeiro,RJ
21540,-22.852143526409453,-43.342813020278854,rio de janeiro,RJ
21545,-22.843286137769397,-43.34344431819371,rio de janeiro,RJ
21555,-22.855135850026098,-43.36350730842812,rio de janeiro,RJ
21610,-22.867011045510353,-43.371883316604816,rio de janeiro,RJ
21615,-22.86209078632198,-43.39136925868886,rio de janeiro,RJ
21620,-22.839350559609453,-43.40486056012263,rio de janeiro,RJ
21625,-22.832605349060035,-43.402808561949044,rio de janeiro,RJ
21630,-22.825649495444644,-43.411649846764305,rio de janeiro,RJ
21635,-22.83290297152516,-43.41230278119793,rio de janeiro,RJ
21660,-22.839960552960555,-43.37703910572291,rio de janeiro,RJ
21675,-22.849034554602184,-43.374423646812794,rio de janeiro,RJ
21715,-22.879476747053335,-43.44026398123803,rio de janeiro,RJ
21740,-22.88433305340309,-43.387504877344114,rio de janeiro,RJ
21741,-22.88962788350659,-43.395124429249634,rio de janeiro,RJ
21745,-22.879549301241177,-43.41011862496182,rio de janeiro,RJ
21750,-22.878735432655482,-43.415788362287785,rio de janeiro,RJ
21755,-22.88385334415563,-43.419136355497564,rio de janeiro,RJ
21765,-22.890938364362235,-43.43068537741355,rio de janeiro,RJ
21770,-22.892257517452293,-43.44208696544872,rio de janeiro,RJ
21775,-22.886952911633603,-43.446644127201374,rio de janeiro,RJ
21810,-22.87922054417216,-43.459310464937985,rio de janeiro,RJ
21815,-22.88548385187386,-43.45769280672658,rio de janeiro,RJ
21820,-22.881888435047646,-43.46899760400734,rio de janeiro,RJ
21825,-22.892248480036507,-43.47086620332721,rio de janeiro,RJ
21832,-22.894998640111965,-43.490836960215546,rio de janeiro,RJ
21840,-22.868363814263653,-43.46923216795061,rio de janeiro,RJ
21843,-22.870893429404216,-43.483301504432156,rio de janeiro,RJ
21853,-22.857082764875646,-43.486439191165495,rio de janeiro,RJ
21862,-22.864698795351657,-43.46636013974529,rio de janeiro,RJ
21863,-22.850951552039938,-43.46693512747451,rio de janeiro,RJ
21910,-22.79777839220466,-43.181360862515426,rio de janeiro,RJ
21911,-22.7900819429952,-43.17257319356364,rio de janeiro,RJ
21920,-22.79811558143935,-43.19569772270941,rio de janeiro,RJ
21921,-22.8083044291334,-43.18564856697721,rio de janeiro,RJ
21930,-22.819481062981133,-43.1783585853495,rio de janeiro,RJ
21931,-22.809517664348768,-43.200203165434935,rio de janeiro,RJ
21940,-22.81388871143013,-43.20247749638257,rio de janeiro,RJ
21941,-22.8338340042933,-43.24885668973881,rio de janeiro,RJ
22010,-22.96271293881479,-43.170810782953595,rio de janeiro,RJ
22011,-22.96400610563266,-43.17658358618979,rio de janeiro,RJ
22020,-22.965453849156813,-43.17847566804375,rio de janeiro,RJ
22021,-22.96571567280818,-43.178905752541766,rio de janeiro,RJ
22030,-22.965586191842657,-43.18405306861811,rio de janeiro,RJ
22031,-22.966933621230865,-43.18792165085605,rio de janeiro,RJ
22040,-22.968389299018032,-43.1849944726417,rio de janeiro,RJ
22041,-22.967673604620366,-43.19002828343284,rio de janeiro,RJ
22050,-22.972595655601555,-43.18771945633724,rio de janeiro,RJ
22051,-22.972873846317363,-43.19052130370873,rio de janeiro,RJ
22060,-22.97702862454598,-43.19034089760792,rio de janeiro,RJ
22061,-22.975419252327107,-43.192633652194786,rio de janeiro,RJ
22070,-22.980688017563594,-43.18955936508214,rio de janeiro,RJ
22071,-22.980184787318848,-43.19459066773997,rio de janeiro,RJ
22080,-22.98466377656021,-43.192528449128396,rio de janeiro,RJ
22081,-22.984441149894824,-43.19341592390328,rio de janeiro,RJ
22210,-22.931070810893203,-43.176115962189314,rio de janeiro,RJ
22220,-22.92956446372173,-43.17684636890966,rio de janeiro,RJ
22221,-22.928999413639033,-43.18145032839962,rio de janeiro,RJ
22230,-22.937297973252818,-43.176889612976375,rio de janeiro,RJ
22231,-22.936153909752676,-43.18183226783302,rio de janeiro,RJ
22240,-22.935263476239662,-43.187263572971155,rio de janeiro,RJ
22241,-22.93845834691675,-43.1963680762055,rio de janeiro,RJ
22245,-22.941061091973182,-43.191231191173394,rio de janeiro,RJ
22250,-22.942211644081578,-43.17758693818259,rio de janeiro,RJ
22251,-22.945344203574265,-43.185010548945066,rio de janeiro,RJ
22260,-22.94921626511125,-43.19021396256844,rio de janeiro,RJ
22261,-22.95721825808972,-43.200260609059356,rio de janeiro,RJ
22270,-22.953082188232273,-43.18924536490677,rio de janeiro,RJ
22271,-22.956103796414517,-43.19395105535185,rio de janeiro,RJ
22281,-22.95685190582306,-43.193645741400225,rio de janeiro,RJ
22290,-22.954428429403354,-43.177074208583676,rio de janeiro,RJ
22291,-22.942311951383264,-43.166780906762526,rio de janeiro,RJ
22410,-22.98392343049867,-43.207101465917965,rio de janeiro,RJ
22411,-22.981944699776772,-43.202413135708234,rio de janeiro,RJ
22420,-22.985312022606553,-43.20414276378719,rio de janeiro,RJ
22421,-22.982140216547382,-43.206875250730356,rio de janeiro,RJ
22430,-22.98210232841188,-43.22013314970181,rio de janeiro,RJ
22440,-22.984439128577424,-43.22151271315892,rio de janeiro,RJ
22441,-22.98416017609255,-43.22495474880264,rio de janeiro,RJ
22450,-22.986493696399247,-43.23306806247369,rio de janeiro,RJ
22451,-22.97841522971715,-43.23772919271784,rio de janeiro,RJ
22460,-22.964834958641692,-43.22490223070295,rio de janeiro,RJ
22461,-22.961345034096052,-43.213641388050824,rio de janeiro,RJ
22470,-22.96550432697566,-43.21544841322038,rio de janeiro,RJ
22471,-22.967625971408513,-43.203212882392485,rio de janeiro,RJ
22610,-22.99599813649958,-43.261663703422506,rio de janeiro,RJ
22620,-23.00947497991475,-43.334530048914964,rio de janeiro,RJ
22630,-23.010131257960495,-43.338679519974164,rio de janeiro,RJ
22631,-23.00365666838398,-43.34075885321385,rio de janeiro,RJ
22640,-23.001267617010633,-43.3355988370672,rio de janeiro,RJ
22710,-22.934576022997884,-43.37578841332682,rio de janeiro,RJ
22713,-22.930174584016687,-43.39608391214564,rio de janeiro,RJ
22720,-22.918167419985295,-43.38651552844117,rio de janeiro,RJ
22723,-22.91689708484027,-43.40278883313536,rio de janeiro,RJ
22725,-22.91150171276762,-43.37652610722419,rio de janeiro,RJ
22730,-22.920002522357752,-43.3695754073506,rio de janeiro,RJ
22733,-22.906015750671408,-43.364980246342064,rio de janeiro,RJ
22735,-22.920928532759326,-43.358465481509604,rio de janeiro,RJ
22740,-22.92625659532195,-43.35975777828106,rio de janeiro,RJ
22743,-22.930174278267923,-43.34644038809006,rio de janeiro,RJ
22745,-22.935058480174078,-43.333594070428546,rio de janeiro,RJ
22750,-22.94338467090066,-43.33437919544068,rio de janeiro,RJ
22753,-22.96619236089961,-43.330734513875434,rio de janeiro,RJ
22755,-22.947502549436848,-43.33814210193203,rio de janeiro,RJ
22760,-22.938856559491374,-43.34583380346626,rio de janeiro,RJ
22765,-22.954431333815165,-43.35527342221761,rio de janeiro,RJ
22770,-22.93691091371265,-43.36097335035081,rio de janeiro,RJ
22775,-22.969148201152674,-43.383065237968154,rio de janeiro,RJ
22780,-22.962843790439337,-43.40116578306731,rio de janeiro,RJ
22783,-22.984082408782115,-43.44889019919411,rio de janeiro,RJ
22785,-22.979900329721087,-43.49176475913368,rio de janeiro,RJ
22790,-23.01298650422646,-43.46551954103294,rio de janeiro,RJ
22793,-23.00061899109568,-43.40471828456725,rio de janeiro,RJ
22795,-23.020470737334893,-43.46265642068304,rio de janeiro,RJ
23013,-22.90125781010044,-43.541434503067336,rio de janeiro,RJ
23015,-22.908174032805224,-43.53967787825952,rio de janeiro,RJ
23017,-22.91957476261591,-43.52855570225305,rio de janeiro,RJ
23020,-23.0049905225767,-43.54784520457546,rio de janeiro,RJ
23026,-22.99073734829478,-43.63045092144838,rio de janeiro,RJ
23028,-22.98056296317437,-43.65998986714787,rio de janeiro,RJ
23031,-22.964378631240205,-43.61186736926677,rio de janeiro,RJ
23032,-22.972563998366834,-43.64295047031437,rio de janeiro,RJ
23033,-22.955943986568656,-43.60659613358818,rio de janeiro,RJ
23035,-22.945894102935657,-43.594457021538446,rio de janeiro,RJ
23040,-22.9331056624521,-43.554113810125514,rio de janeiro,RJ
23045,-22.916840745702153,-43.56234010712124,rio de janeiro,RJ
23047,-22.925942886418497,-43.561357507907644,rio de janeiro,RJ
23050,-22.906374170614942,-43.566410061329776,rio de janeiro,RJ
23052,-22.906619343447986,-43.55224985960651,rio de janeiro,RJ
23055,-22.909949489657397,-43.5764230099429,rio de janeiro,RJ
23056,-22.91818988167744,-43.61235085654186,rio de janeiro,RJ
23059,-22.913307945677737,-43.590429851372164,rio de janeiro,RJ
23060,-22.896089584185965,-43.59889671190928,rio de janeiro,RJ
23062,-22.90265768897671,-43.59917193270753,rio de janeiro,RJ
23065,-22.882938283581172,-43.625086210988606,rio de janeiro,RJ
23066,-22.888192458215805,-43.624736504286915,rio de janeiro,RJ
23067,-22.88243614479021,-43.61658346798473,rio de janeiro,RJ
23070,-22.896407842881192,-43.57751001381104,rio de janeiro,RJ
23075,-22.877775179542617,-43.57771051289783,rio de janeiro,RJ
23078,-22.872167051363157,-43.58925307377246,rio de janeiro,RJ
23080,-22.898539335408454,-43.56542140516348,rio de janeiro,RJ
23081,-22.89433959920376,-43.56722290454661,rio de janeiro,RJ
23085,-22.893920459110284,-43.54642397807567,rio de janeiro,RJ
23087,-22.886393425025826,-43.558872618395576,rio de janeiro,RJ
23088,-22.88543771705454,-43.54971957423268,rio de janeiro,RJ
23092,-22.87085601200714,-43.54384874896292,rio de janeiro,RJ
23093,-22.87751529574331,-43.53029348075376,rio de janeiro,RJ
23094,-22.876209770242788,-43.51981673638026,rio de janeiro,RJ
23095,-22.86940966621501,-43.55658717782943,rio de janeiro,RJ
23097,-22.85109676327036,-43.53613869095038,rio de janeiro,RJ
23510,-22.91973437055113,-43.67148457968753,rio de janeiro,RJ
23520,-22.936255491866653,-43.661399065747545,rio de janeiro,RJ
23530,-22.97383432126233,-43.6810761924786,rio de janeiro,RJ
23535,-22.9790211808901,-43.69012245165258,rio de janeiro,RJ
23540,-22.974468021753417,-43.696539704365605,rio de janeiro,RJ
23550,-22.930711174851965,-43.68946380025854,rio de janeiro,RJ
23555,-22.917504887763446,-43.69308722014739,rio de janeiro,RJ
23560,-22.898979722466947,-43.69930833968601,rio de janeiro,RJ
23570,-22.909310774242133,-43.67111972773999,rio de janeiro,RJ
23573,-22.913149027532867,-43.65356967363749,rio de janeiro,RJ
23575,-22.89798974016889,-43.6685591848473,rio de janeiro,RJ
23580,-22.911119400069488,-43.62264162522756,rio de janeiro,RJ
23585,-22.924510509727508,-43.63529705731422,rio de janeiro,RJ
23587,-22.922380751135307,-43.629510536912335,rio de janeiro,RJ
23595,-22.92668402323646,-43.629330310698386,rio de janeiro,RJ
23810,-22.87093410934107,-43.76901268302672,itaguai,RJ
23812,-22.872059666972863,-43.77093362835852,itaguai,RJ
23820,-22.862780471644363,-43.78526762819197,itaguai,RJ
23826,-22.89560484133116,-43.84587026303256,itaguai,RJ
23830,-22.8458671869452,-43.78333380428192,itaguai,RJ
23860,-22.947798006321072,-44.01477821887254,mangaratiba,RJ
23870,-22.921319784263673,-43.92075713526868,vila muriqui,RJ
23894,-22.741006794925276,-43.699829819938394,seropedica,RJ
23895,-22.746274001626645,-43.708503424610186,seropedica,RJ
23898,-22.80791081625367,-43.644304412473865,seropedica,RJ
23900,-23.007750921116795,-44.316365798269004,angra dos reis,RJ
23904,-23.003258607853137,-44.31169863683368,angra dos reis,RJ
23906,-22.998972337423897,-44.305293524341295,angra dos reis,RJ
23914,-22.993717586511426,-44.23784751419985,angra dos reis,RJ
23916,-23.015647011828968,-44.22147988194894,angra dos reis,RJ
23932,-22.979654619727746,-44.300072618668366,angra dos reis,RJ
23942,-22.949319889938874,-44.324088893714,angra dos reis,RJ
23943,-22.94273300250208,-44.39440102941618,angra dos reis,RJ
23946,-22.96892996702177,-44.440011355261674,angra dos reis,RJ
23953,-23.017119909364308,-44.52777928392437,angra dos reis,RJ
23954,-23.012719917722833,-44.53711953004649,angra dos reis,RJ
23955,-23.008407848206094,-44.52042943779228,angra dos reis,RJ
23970,-23.212886071407144,-44.70778007705104,parati,RJ
24020,-22.893701145563103,-43.12041784927668,niteroi,RJ
24027,-21.2189719026067,-41.87752350568823,niteroi,RJ
24030,-22.888697457782282,-43.11830702093674,niteroi,RJ
24110,-22.867915276400392,-43.09960548772942,niteroi,RJ
24111,-22.86398451494475,-43.09252306679081,niteroi,RJ
24120,-22.88327023685682,-43.09227400558896,niteroi,RJ
24130,-22.879226893202652,-43.09157186572144,niteroi,RJ
24140,-22.889267493261833,-43.04860885808703,niteroi,RJ
24141,-22.87816915718994,-43.05564163085743,niteroi,RJ
24210,-22.9006237676799,-43.127072924198885,niteroi,RJ
24220,-22.90324481661885,-43.107023598220486,niteroi,RJ
24230,-22.878636914963273,-43.08609614601055,niteroi,RJ
24240,-22.897237232548903,-43.09915756428693,niteroi,RJ
24241,-22.904219800443407,-43.09158065028214,niteroi,RJ
24315,-22.901684792085458,-43.06891496088816,niteroi,RJ
24320,-22.902823180776025,-43.05085812937721,niteroi,RJ
24340,-22.947654432561993,-43.03365087049761,niteroi,RJ
24342,-22.937391616620623,-43.022146384113576,niteroi,RJ
24346,-22.94923036239725,-43.02805520804324,niteroi,RJ
24350,-22.940616864219162,-43.06545401112341,niteroi,RJ
24355,-22.9411555966564,-43.043134176624925,niteroi,RJ
24358,-22.954105582144187,-43.0680054361715,niteroi,RJ
24360,-22.830988719475524,-43.03086077591251,niteroi,RJ
24370,-22.924664773806036,-43.09986986144608,niteroi,RJ
24412,-22.847500221583047,-43.075424616515875,sao goncalo,RJ
24415,-22.840857693725678,-43.07623548195782,sao goncalo,RJ
24416,-22.840098124434224,-43.06778333387412,sao goncalo,RJ
24420,-22.835696540771,-43.046659352747774,sao goncalo,RJ
24426,-22.840411171156656,-43.08660279046403,sao goncalo,RJ
24430,-22.830092235510783,-43.085652798523796,sao goncalo,RJ
24431,-22.828438640757533,-43.08064705902956,sao goncalo,RJ
24436,-22.821247533767682,-43.066948767903845,sao goncalo,RJ
24440,-22.827149190613213,-43.0539481412297,sao goncalo,RJ
24450,-22.823169080056477,-43.02002823624667,sao goncalo,RJ
24451,-22.829351276710405,-43.01399541493803,sao goncalo,RJ
24452,-22.819291471555072,-43.006358383645974,sao goncalo,RJ
24455,-22.808780189018318,-43.0258667651288,sao goncalo,RJ
24467,-22.805308252046,-43.05264792957123,sao goncalo,RJ
24710,-22.822624306841355,-43.00309374212156,sao goncalo,RJ
24711,-22.818906926534805,-42.99751196239111,sao goncalo,RJ
24715,-22.802767729766238,-42.99028180866455,sao goncalo,RJ
24716,-22.789880594175646,-43.00428047982366,sao goncalo,RJ
24717,-22.808029904019026,-43.00303400236285,sao goncalo,RJ
24722,-22.796501747075485,-42.976229884705035,sao goncalo,RJ
24723,-22.81762359087853,-42.94676360586466,sao goncalo,RJ
24727,-22.783356525229763,-42.945721644055915,sao goncalo,RJ
24731,-22.822811422053213,-42.98685114650694,sao goncalo,RJ
24737,-22.84162388029282,-42.96231323222136,sao goncalo,RJ
24740,-22.832952987571833,-42.99724674575654,sao goncalo,RJ
24743,-22.845998417596405,-42.99706758921929,sao goncalo,RJ
24750,-22.854636691924167,-43.02258437303882,sao goncalo,RJ
24753,-22.88628701436756,-42.99166865896655,sao goncalo,RJ
24754,-22.872354587681084,-43.027432812835386,sao goncalo,RJ
24756,-22.88593339499682,-43.011983104667294,sao goncalo,RJ
24800,-22.74248129310771,-42.85721075258665,itaborai,RJ
24812,-22.750196280856517,-42.87187716603211,itaborai,RJ
24813,-22.75411758328793,-42.88883553024611,itaborai,RJ
24846,-22.71538558398837,-42.806385841320235,itaborai,RJ
24858,-22.77209935726771,-42.92264307986124,itaborai,RJ
24900,-22.919618105516072,-42.83978957558533,marica,RJ
24901,-22.923608277456783,-42.81985709837894,marica,RJ
24903,-22.911669634752162,-42.80609731472158,marica,RJ
24904,-22.910596890425232,-42.81704615497582,marica,RJ
24912,-22.911125479829508,-42.833775639475675,marica,RJ
24913,-22.91428296653683,-42.83456332388645,marica,RJ
24922,-22.94856570290517,-42.70343236618995,marica,RJ
24931,-22.93464894999394,-42.88228044187334,marica,RJ
24933,-22.956592971962397,-42.88349437707549,marica,RJ
24935,-22.950970620400135,-42.94683341061871,marica,RJ
24936,-22.954278207609658,-42.96711894755224,marica,RJ
24940,-22.926005021364876,-42.940013982950965,marica,RJ
25015,-22.780222493712095,-43.31660541678868,duque de caxias,RJ
25020,-22.778944166984587,-43.308623507384866,duque de caxias,RJ
25035,-22.755338688692213,-43.308531682770784,duque de caxias,RJ
25036,-22.749595823587462,-43.316204756652816,duque de caxias,RJ
25041,-22.73578083363829,-43.31812761723224,duque de caxias,RJ
25042,-22.735919924749762,-43.3119360459995,duque de caxias,RJ
25045,-22.722818281793867,-43.3139157796674,duque de caxias,RJ
25046,-22.72351123290818,-43.32148642883789,duque de caxias,RJ
25050,-22.753304486524154,-43.29699642294105,duque de caxias,RJ
25060,-22.76405759011258,-43.30041310063685,duque de caxias,RJ
25065,-22.7574077930847,-43.28687072573676,duque de caxias,RJ
25070,-22.78016279197431,-43.30430364671711,duque de caxias,RJ
25211,-22.67066808633434,-43.26255563331919,duque de caxias,RJ
25212,-22.676473601000435,-43.257020025423316,duque de caxias,RJ
25213,-22.6749107167218,-43.27620037015547,duque de caxias,RJ
25215,-22.682590790490554,-43.27404135699872,duque de caxias,RJ
25220,-22.685430142678285,-43.246655392379644,duque de caxias,RJ
25225,-22.696323342560508,-43.271184575072574,duque de caxias,RJ
25233,-22.70350739511343,-43.29957916081139,duque de caxias,RJ
25235,-22.70286437220505,-43.316000177534626,duque de caxias,RJ
25240,-22.645633194906285,-43.28709135535513,duque de caxias,RJ
25245,-22.59128608480469,-43.312298090959736,duque de caxias,RJ
25251,-22.654106039654454,-43.277992730628625,duque de caxias,RJ
25255,-22.644539050348147,-43.27860193918141,duque de caxias,RJ
25260,-22.65362737697551,-43.27588967098969,duque de caxias,RJ
25261,-22.645303761933242,-43.26203372616665,duque de caxias,RJ
25264,-22.64520106741496,-43.23736687845677,duque de caxias,RJ
25266,-22.638767280531916,-43.2218184372897,duque de caxias,RJ
25267,-22.63517083859032,-43.24735328154284,duque de caxias,RJ
25268,-22.652696249418973,-43.2761256498613,duque de caxias,RJ
25271,-22.63746113941411,-43.22617580587021,duque de caxias,RJ
25510,-22.790646777654263,-43.375643445446975,sao joao de meriti,RJ
25515,-22.797656057495278,-43.364274956523175,sao joao de meriti,RJ
25520,-22.803670156230325,-43.3754619382363,sao joao de meriti,RJ
25540,-22.784015528679777,-43.39703232529075,sao joao de meriti,RJ
25545,-22.7896529219758,-43.34817211025902,sao joao de meriti,RJ
25550,-22.77519333195786,-43.382929842060825,sao joao de meriti,RJ
25555,-22.781300436581095,-43.37040843885934,sao joao de meriti,RJ
25560,-22.770034075258486,-43.36986192895572,sao joao de meriti,RJ
25561,-22.768601480710736,-43.37689328166564,sao joao de meriti,RJ
25571,-22.764428655824528,-43.34634958376359,sao joao de meriti,RJ
25575,-22.770524738786186,-43.34087058368249,sao joao de meriti,RJ
25615,-22.496114223843747,-43.156204439943224,petropolis,RJ
25620,-22.510230788197468,-43.175443874455105,petropolis,RJ
25635,-22.529027105018844,-43.176611016577574,petropolis,RJ
25640,-22.522799072828054,-43.183566224490704,petropolis,RJ
25645,-22.54079651100627,-43.20123507158808,petropolis,RJ
25650,-22.531038247576937,-43.212309414991445,petropolis,RJ
25655,-22.52044984882392,-43.19101234595281,petropolis,RJ
25665,-22.509186267903694,-43.219827486060126,petropolis,RJ
25675,-22.49698456394848,-43.20060728812907,petropolis,RJ
25680,-22.489637241978972,-43.18376265001703,petropolis,RJ
25710,-22.475562635890434,-43.148370152985294,petropolis,RJ
25720,-22.43222926280023,-43.14086038411682,petropolis,RJ
25725,-22.427894024726776,-43.201389799035404,petropolis,RJ
25730,-22.408608081087024,-43.13140914649253,petropolis,RJ
25745,-22.391519377055197,-43.10829358749547,petropolis,RJ
25750,-22.338529289758174,-43.12899883949998,petropolis,RJ
25780,-22.173973537015836,-42.9367890469947,sao jose do vale do rio preto,RJ
25802,-22.117255910009234,-43.20586042115693,tres rios,RJ
25803,-22.117081691207215,-43.211924511561755,tres rios,RJ
25804,-22.117556836422192,-43.211171275184725,tres rios,RJ
25805,-22.113965763187547,-43.21376248138402,tres rios,RJ
25812,-22.105342873551436,-43.19221670680787,tres rios,RJ
25845,-22.243707999292415,-43.09854917159979,areal,RJ
25850,-22.16428987434635,-43.29222008230457,paraiba do sul,RJ
25900,-22.651419516496585,-43.066557876304024,mage,RJ
25903,-22.641865834980965,-43.07245208309176,mage,RJ
25931,-22.615268497162027,-43.171211569125255,mage,RJ
25935,-22.615933155012947,-43.17975719830376,mage,RJ
25943,-22.551014931094276,-42.984420499067156,guapimirim,RJ
25945,-22.528934117386,-42.98544280263765,guapimirim,RJ
25946,-22.527718078493137,-42.978266279510706,guapimirim,RJ
25949,-22.514546657287838,-42.96902750677734,guapimirim,RJ
25953,-22.4119494702975,-42.966414908613416,teresopolis,RJ
25954,-22.432444959895115,-42.94823491710232,teresopolis,RJ
25957,-22.431184122826373,-42.9702210850494,teresopolis,RJ
25959,-22.45189566117594,-42.980367785532216,teresopolis,RJ
25960,-22.44388381953959,-42.98199302726094,teresopolis,RJ
25963,-22.41767727466441,-42.97672144300954,teresopolis,RJ
25976,-22.39301206342795,-42.94856598892128,teresopolis,RJ
25977,-22.362857100322906,-42.899801321674055,teresopolis,RJ
25990,-22.412337122873986,-42.98330709309821,teresopolis,RJ
26011,-22.748785105742307,-43.43168107136049,nova iguacu,RJ
26012,-22.739120145317514,-43.438923776976765,nova iguacu,RJ
26013,-22.745675146224826,-43.44388802788447,nova iguacu,RJ
26015,-22.74498697417717,-43.43911485622618,nova iguacu,RJ
26020,-22.73307786504663,-43.4496138786291,nova iguacu,RJ
26030,-22.72927766291159,-43.46322545433846,nova iguacu,RJ
26031,-22.733144913944965,-43.47564299726109,nova iguacu,RJ
26041,-22.709788663568432,-43.465657949741065,nova iguacu,RJ
26050,-22.692333946397017,-43.4678329284204,nova iguacu,RJ
26051,-22.693709309049854,-43.45569367309577,nova iguacu,RJ
26060,-22.70596026208645,-43.44426093479684,nova iguacu,RJ
26062,-22.663299180487797,-43.42190649887993,nova iguacu,RJ
26086,-22.727495091333505,-43.52334987524174,nova iguacu,RJ
26087,-22.716288877191023,-43.51530571258531,nova iguacu,RJ
26088,-22.709994584521123,-43.52081425760519,nova iguacu,RJ
26110,-22.755672493046593,-43.36930490702333,belford roxo,RJ
26112,-22.748890763540413,-43.40218859295182,belford roxo,RJ
26115,-22.74102601762666,-43.39058910287586,belford roxo,RJ
26116,-22.744030405639823,-43.38686162276392,belford roxo,RJ
26130,-22.76452043290213,-43.40324268558952,belford roxo,RJ
26165,-22.73004862963322,-43.38401397146633,belford roxo,RJ
26167,-22.73381526820578,-43.37869831571142,belford roxo,RJ
26173,-22.7293974724831,-43.35646929692585,belford roxo,RJ
26216,-22.751111606071024,-43.46011896476947,nova iguacu,RJ
26221,-22.761895289271685,-43.44132518888005,nova iguacu,RJ
26250,-22.76580597634655,-43.44413388623215,nova iguacu,RJ
26255,-22.760838936119498,-43.45665101381061,nova iguacu,RJ
26261,-22.75945387444939,-43.48287991446073,nova iguacu,RJ
26263,-22.751116321636196,-43.4803664070067,nova iguacu,RJ
26265,-22.76240169452735,-43.49189992116156,nova iguacu,RJ
26266,-22.76149082223366,-43.49983733727016,nova iguacu,RJ
26271,-22.765388055774636,-43.513740263369385,nova iguacu,RJ
26276,-22.747655366540023,-43.50045199921573,nova iguacu,RJ
26280,-22.743455469856766,-43.48205928698698,nova iguacu,RJ
26285,-22.749261034645645,-43.457434797409576,nova iguacu,RJ
26286,-22.749193696741642,-43.469546131254496,nova iguacu,RJ
26291,-22.775922205954583,-43.53552518598715,nova iguacu,RJ
26310,-22.71769036507631,-43.56406590011273,queimados,RJ
26311,-22.7230667989856,-43.577531170720725,queimados,RJ
26320,-22.709506815061726,-43.580279131181264,queimados,RJ
26379,-22.73701486100054,-43.563618736776355,queimados,RJ
26413,-22.696333434498968,-43.626641384369336,japeri,RJ
26435,-22.648997352455527,-43.65813095170957,japeri,RJ
26440,-22.6438955448154,-43.64300824279504,japeri,RJ
26453,-22.66951051838989,-43.61452547990683,japeri,RJ
26510,-22.816628254842055,-43.416324968037635,nilopolis,RJ
26515,-22.82027720659127,-43.42270906150816,nilopolis,RJ
26525,-22.805706631753832,-43.42307905240664,nilopolis,RJ
26526,-22.804257068335087,-43.42109060717076,nilopolis,RJ
26535,-22.799760130437146,-43.41047447797409,nilopolis,RJ
26550,-22.77075741016515,-43.4312991356195,mesquita,RJ
26551,-22.781707096310384,-43.42552236371597,mesquita,RJ
26553,-22.786322478605623,-43.43138510904005,mesquita,RJ
26562,-22.770064916804248,-43.422339662467735,mesquita,RJ
26574,-22.77767719983202,-43.403866973597395,mesquita,RJ
26587,-22.80462139272945,-43.4357429099578,mesquita,RJ
26600,-22.61483382699214,-43.705683375748585,paracambi,RJ
26650,-22.537265002139407,-43.66579922342443,engenheiro paulo de frontin,RJ
26700,-22.526046307478865,-43.73322381234702,mendes,RJ
26900,-22.455516587510118,-43.47008296388347,miguel pereira,RJ
26910,-22.476992225389477,-43.499274199645704,governador portela,RJ
26950,-22.420957055962976,-43.421068368395325,paty do alferes,RJ
26980,-22.328393555627752,-43.412791880163304,avelar,RJ
27110,-22.474209503357912,-43.83556848791883,barra do pirai,RJ
27130,-22.464089276728878,-43.81394451870881,barra do pirai,RJ
27143,-22.508524005160282,-43.808905424900296,barra do pirai,RJ
27145,-22.480037319076107,-43.82115702338504,barra do pirai,RJ
27163,-21.51765512409707,-43.85246285090664,california da barra,RJ
27165,-21.067756923070807,-45.073440240509235,sao jose do turvo,RJ
27175,-22.625000967990932,-43.89666343676933,pirai,RJ
27197,-22.51199207678125,-44.00681729463327,pinheiral,RJ
27215,-22.506040359488036,-44.0946910747231,volta redonda,RJ
27250,-22.50774953233488,-44.07183556436882,volta redonda,RJ
27253,-22.51585639044493,-44.089755655717326,volta redonda,RJ
27255,-22.517097572458272,-44.09803444856666,volta redonda,RJ
27259,-22.532263745765537,-44.0794579053485,volta redonda,RJ
27260,-22.520478131030256,-44.100625607640225,volta redonda,RJ
27264,-22.53040165755906,-44.12014977797976,volta redonda,RJ
27273,-22.51897352084067,-44.13614868733968,volta redonda,RJ
27274,-22.507733189998785,-44.12954335242708,volta redonda,RJ
27275,-22.503611114586057,-44.11545931568369,volta redonda,RJ
27277,-22.496952789883665,-44.127492009916175,volta redonda,RJ
27280,-22.48980237558531,-44.10891405085164,volta redonda,RJ
27281,-22.49880222714304,-44.10490736469649,volta redonda,RJ
27285,-22.494822428369346,-44.08776552218881,volta redonda,RJ
27286,-22.476425120768113,-44.06833466556065,volta redonda,RJ
27288,-22.46614289634535,-44.098732873231334,volta redonda,RJ
27313,-22.521870013857523,-44.19199951150962,barra mansa,RJ
27320,-22.5159298772125,-44.192427922986546,barra mansa,RJ
27321,-22.52439827456722,-44.184183789508,barra mansa,RJ
27323,-22.537511050775045,-44.16847147710436,barra mansa,RJ
27338,-22.564272403953478,-44.16186623183615,barra mansa,RJ
27345,-22.544732957119646,-44.176405918697846,barra mansa,RJ
27351,-22.53171669268402,-44.20369955225244,barra mansa,RJ
27420,-22.4123581934767,-44.26607975263635,quatis,RJ
27521,-22.474917222169406,-44.475571573176616,resende,RJ
27523,-22.488919677352353,-44.481775548629734,resende,RJ
27524,-22.47953658479948,-44.486220788831986,resende,RJ
27525,-22.47945755126941,-44.497006003882944,resende,RJ
27541,-22.464447198885214,-44.43840111956106,resende,RJ
27542,-22.463997775061397,-44.448931343839035,resende,RJ
27570,-22.427801854013033,-44.30627265296701,porto real,RJ
27700,-22.40767287308994,-43.667689767440216,vassouras,RJ
27910,-22.373834700585952,-41.78067437668943,macae,RJ
27916,-22.381727544193946,-41.77830147661719,macae,RJ
27920,-22.395196728632904,-41.79222431199804,macae,RJ
27925,-22.407366036769616,-41.83961261411766,macae,RJ
27930,-22.40021353511366,-41.81555267555438,macae,RJ
27937,-22.395310198346344,-41.79457687426669,macae,RJ
27940,-22.386864983627486,-41.78475383866496,macae,RJ
27943,-22.378083442469954,-41.785027624942025,macae,RJ
27945,-22.372456577270057,-41.794318146541826,macae,RJ
27998,-22.19068358078699,-41.65744656238283,carapebus,RJ
28015,-21.770417633475063,-41.30565249497783,campos dos goytacazes,RJ
28020,-21.7786485588144,-41.297014253086715,campos dos goytacazes,RJ
28021,-21.79490261917679,-41.28808473280227,campos dos goytacazes,RJ
28022,-21.803761982979147,-41.302089143920995,campos dos goytacazes,RJ
28025,-21.78310012212437,-41.324123840149454,campos dos goytacazes,RJ
28027,-21.77456585875411,-41.32326867758519,campos dos goytacazes,RJ
28030,-21.76228712736818,-41.33987997931834,campos dos goytacazes,RJ
28035,-21.75650602388157,-41.33204541278835,campos dos goytacazes,RJ
28040,-21.834529795294912,-41.413800055377,campos dos goytacazes,RJ
28051,-21.749563309373716,-41.34030196878794,campos dos goytacazes,RJ
28053,-21.747611779956188,-41.34512104896509,campos dos goytacazes,RJ
28085,-21.727600198273002,-41.30591214558143,campos dos goytacazes,RJ
28110,-21.96780564645769,-41.54848866875676,goitacazes,RJ
28148,-22.903460323145516,-43.787664058741406,tocos,RJ
28175,-22.336613865468426,-42.46220269254275,campos dos goytacazes,RJ
28180,-21.492932392812843,-41.615142419292205,cardoso moreira,RJ
28200,-21.670060626559785,-41.05687237302475,sao joao da barra,RJ
28230,-21.5419754708278,-41.17599626646001,sao francisco de itabapoana,RJ
28250,-21.423866388317172,-41.6919526852605,italva,RJ
28300,-21.20342798651726,-41.89346823832069,itaperuna,RJ
28360,-21.134261478552066,-41.67656312342376,bom jesus do itabapoana,RJ
28380,-21.044518401659875,-41.975047892864765,natividade,RJ
28400,-21.646291351876275,-41.75133524307317,sao fidelis,RJ
28425,-21.714719999999943,-41.92499999999996,cambiasca,RJ
28430,-21.574416861817856,-41.911663806863615,cambuci,RJ
28435,-21.625645496895352,-41.98519583710767,tres irmaos,RJ
28460,-21.41145054043178,-42.19638618566784,miracema,RJ
28470,-21.552859881634557,-42.19618878044136,santo antonio de padua,RJ
28495,-21.62582998898821,-42.10489089799902,aperibe,RJ
28540,-22.027256822202872,-42.36626102797319,cordeiro,RJ
28545,-21.98476686864408,-42.25244838242634,macuco,RJ
28550,-21.95150304851164,-42.13203809880536,sao sebastiao do alto,RJ
28570,-21.678811801831813,-42.08575070529736,itaocara,RJ
28605,-22.269903758517675,-42.51971931487772,nova friburgo,RJ
28610,-22.28479683466109,-42.531654096775355,nova friburgo,RJ
28613,-22.28820720388089,-42.53124510791558,nova friburgo,RJ
28615,-22.323794866229523,-42.51973077441476,nova friburgo,RJ
28621,-22.32342916812479,-42.54761385688765,nova friburgo,RJ
28625,-22.28303811019071,-42.53811896096648,nova friburgo,RJ
28630,-22.251294327685233,-42.540627381377185,nova friburgo,RJ
28633,-22.238025218273112,-42.525863570577975,nova friburgo,RJ
28635,-22.237700639848438,-42.518754457064084,nova friburgo,RJ
28640,-21.932343210229536,-42.607432292496306,carmo,RJ
28660,-22.15968821079869,-42.41686495479445,bom jardim,RJ
28680,-22.470849051492323,-42.657121037845286,cachoeiras de macacu,RJ
28685,-22.562825250146346,-42.694574068113525,japuiba,RJ
28695,-22.602306948260036,-42.76142622840878,papucaia,RJ
28735,-22.10915697043683,-41.470023578847695,quissama,RJ
28770,-21.959437553586415,-41.99996084085292,santa maria madalena,RJ
28800,-22.711927870432564,-42.63004113951235,rio bonito,RJ
28860,-22.486125097013733,-42.19317094379996,casimiro de abreu,RJ
28880,-22.575959641973594,-41.98864949398983,barra de sao joao,RJ
28890,-22.536353853433862,-41.966577074185,rio das ostras,RJ
28893,-22.523466670512956,-41.945624780733546,rio das ostras,RJ
28895,-22.50767872860576,-41.92492452461746,rio das ostras,RJ
28896,-22.5075878608153,-41.931427399062315,rio das ostras,RJ
28897,-22.49327136373581,-41.91284139030315,rio das ostras,RJ
28899,-22.476723812378207,-41.90805010485109,rio das ostras,RJ
28905,-22.88391841315306,-42.02556816273157,cabo frio,RJ
28906,-22.87791746428932,-42.0106295872261,cabo frio,RJ
28907,-22.88050053092918,-42.01962444343114,cabo frio,RJ
28908,-22.89397728801661,-42.03330014650005,cabo frio,RJ
28909,-22.89397515944693,-42.0444758026044,cabo frio,RJ
28910,-22.880927748818326,-42.03732021337319,cabo frio,RJ
28911,-22.878735324884175,-42.044685833003996,cabo frio,RJ
28912,-22.84842225037652,-42.04269685300313,cabo frio,RJ
28920,-22.833161110090632,-42.02483254070004,cabo frio,RJ
28923,-22.821259956263006,-41.995753434759294,cabo frio,RJ
28930,-22.96356603137059,-42.0506509016767,arraial do cabo,RJ
28941,-22.80981035611303,-42.164405297717686,sao pedro da aldeia,RJ
28943,-22.853851444000973,-42.06053768420368,sao pedro da aldeia,RJ
28950,-22.766572484803717,-41.908675205986285,armacao dos buzios,RJ
28960,-22.839226507396567,-42.22206859801616,iguaba grande,RJ
28970,-22.86965694518422,-42.321414936246086,araruama,RJ
28990,-22.923756548355588,-42.50447966854643,saquarema,RJ
28991,-22.912694292125327,-42.47650474338262,saquarema,RJ
28994,-22.896108516326308,-42.469197610672296,saquarema,RJ
28995,-22.879978750456818,-42.473921365453215,saquarema,RJ
28997,-22.859910499727818,-42.596001062384424,saquarema,RJ
29015,-20.317871596268457,-40.33755036238744,vitoria,ES
29026,-20.309796807652308,-40.352024248878045,vitoria,ES
29032,-20.252615418053033,-40.319583384075706,vitoria,ES
29040,-20.30954699567466,-40.319158382619435,vitoria,ES
29043,-20.29620696858057,-40.32083517192287,vitoria,ES
29046,-20.29530821424077,-40.308437177574056,vitoria,ES
29047,-20.29852025735377,-40.3096560898549,vitoria,ES
29050,-20.313960622429903,-40.29874528373586,vitoria,ES
29052,-20.31268731682301,-40.29762077462265,vitoria,ES
29053,-20.313996010788056,-40.31410164821836,vitoria,ES
29055,-20.300614699361464,-40.295028062533405,vitoria,ES
29056,-20.304515729849843,-40.2995760745933,vitoria,ES
29057,-20.294772372767323,-40.296482097090845,vitoria,ES
29060,-20.28459307369061,-40.2954045601725,vitoria,ES
29065,-20.27703282426282,-40.29246868696166,vitoria,ES
29066,-20.275790157816278,-40.28920643319557,vitoria,ES
29090,-20.258920613108977,-40.26756763394884,vitoria,ES
29092,-20.24769258439179,-40.27158813220923,vitoria,ES
29100,-20.33959604188587,-40.29549349586976,vila velha,ES
29101,-20.345030195796227,-40.28790374199653,vila velha,ES
29102,-20.371280369661118,-40.30721837760808,vila velha,ES
29103,-20.38465422834024,-40.32372831183719,vila velha,ES
29104,-20.366701930567032,-40.31718921781991,vila velha,ES
29106,-20.349803767518406,-40.30673634042205,vila velha,ES
29108,-20.35546030787301,-40.314147257230324,vila velha,ES
29109,-20.355242271086574,-40.314331735290565,vila velha,ES
29112,-20.362257720801402,-40.354059476166064,vila velha,ES
29116,-20.342511741908304,-40.337662485631874,vila velha,ES
29118,-20.348018625778746,-40.337319922872204,vila velha,ES
29127,-20.44442591541323,-40.357302162144094,vila velha,ES
29128,-20.509578080042576,-40.37363064122116,vila velha,ES
29130,-20.38928094367299,-40.4901873998062,viana,ES
29131,-20.421385016089857,-40.460393466434034,viana,ES
29138,-20.370296473620964,-40.416448541581005,viana,ES
29140,-20.341070998897518,-40.36444150559455,cariacica,ES
29141,-20.353042258450234,-40.372988366327554,cariacica,ES
29142,-20.36360185674505,-40.37462539065324,cariacica,ES
29144,-20.347321676920753,-40.395441964690995,cariacica,ES
29146,-20.340521299600123,-40.384897987448205,cariacica,ES
29147,-20.3359255734059,-40.389954070877536,cariacica,ES
29148,-20.334678650207326,-40.400490658235114,cariacica,ES
29149,-20.33013337723304,-40.39043058407728,cariacica,ES
29150,-20.32247630196992,-40.37762777086689,cariacica,ES
29151,-20.328601609899742,-40.36941562385166,cariacica,ES
29154,-20.30941650802182,-40.391153337968845,cariacica,ES
29156,-20.278512891406116,-40.41167522341207,cariacica,ES
29158,-20.31255045087857,-40.40000069420851,cariacica,ES
29160,-20.236215492570285,-40.27203665640389,serra,ES
29161,-20.22398020791206,-40.27581852168546,serra,ES
29163,-20.2181376576319,-40.24297180111903,serra,ES
29164,-20.21168518103554,-40.239619032183235,serra,ES
29165,-20.199185893801207,-40.25773967249934,serra,ES
29166,-20.188079675277496,-40.241697762995486,serra,ES
29167,-20.17952411178505,-40.25832209201949,serra,ES
29168,-20.15847292670448,-40.24609615513035,serra,ES
29171,-20.138476164068283,-40.24779440322811,serra,ES
29172,-20.171285062076123,-40.20456733111168,serra,ES
29175,-20.14021567598439,-40.19358162519008,serra,ES
29177,-20.12154558211048,-40.30597879856886,serra,ES
29199,-19.92700998308417,-40.143464044043945,aracruz,ES
29201,-20.681936090284385,-40.509123735782595,guarapari,ES
29206,-20.71723806255909,-40.52427446576242,guarapari,ES
29208,-20.682436549079334,-40.51920110877143,guarapari,ES
29213,-20.640760964315994,-40.50899384799111,guarapari,ES
29216,-20.65299858613494,-40.48707808325542,guarapari,ES
29230,-20.800378086859887,-40.648849815509344,anchieta,ES
29240,-20.627031870241968,-40.74931056937235,alfredo chaves,ES
29255,-20.415508811333915,-40.689012695583465,marechal floriano,ES
29260,-20.35420704341062,-40.703285268955995,domingos martins,ES
29278,-20.010857207379935,-40.79846476486159,arace,ES
29280,-20.78929879189499,-40.813398471593935,iconha,ES
29285,-20.839948654995545,-40.73441103540229,piuma,ES
29295,-20.644842999268594,-41.00717001967552,vargem alta,ES
29303,-20.852955062636017,-41.11820666366201,cachoeiro de itapemirim,ES
29304,-20.8586495211639,-41.11688197001606,cachoeiro de itapemirim,ES
29306,-20.850773092296375,-41.105805462083765,cachoeiro de itapemirim,ES
29307,-20.844729856199752,-41.11075004879964,cachoeiro de itapemirim,ES
29308,-20.84252698545739,-41.11888795503526,cachoeiro de itapemirim,ES
29310,-20.84405138213383,-41.13971836504003,cachoeiro de itapemirim,ES
29311,-20.845737443853274,-41.14443509503575,cachoeiro de itapemirim,ES
29313,-20.83232137438696,-41.157260281263376,cachoeiro de itapemirim,ES
29314,-20.84407162366201,-41.15350989073693,cachoeiro de itapemirim,ES
29315,-20.847164397952103,-41.1548455256115,cachoeiro de itapemirim,ES
29345,-21.0323181161207,-40.82269689695655,marataizes,ES
29360,-20.6053563781088,-41.20519636049413,castelo,ES
29395,-20.233854705661063,-41.506817883423714,ibatiba,ES
29398,-20.345803660646123,-41.64094155038808,irupi,ES
29400,-21.061570668726116,-41.36296449402211,mimoso do sul,ES
29450,-21.153323461585163,-41.56743108039142,apiaca,ES
29460,-21.126567901967178,-41.67280614857445,bom jesus do norte,ES
29470,-21.02027868005079,-41.65312810451595,sao jose do calcado,ES
29480,-20.95206473566138,-41.342187048258076,muqui,ES
29500,-20.760206303395872,-41.53516276114848,alegre,ES
29560,-20.772595022149183,-41.67503440435154,guacui,ES
29600,-20.076821553002276,-41.12371138232126,afonso claudio,ES
29700,-19.539302049854438,-40.625950773820364,colatina,ES
29702,-19.54551718490543,-40.63413418662913,colatina,ES
29703,-19.52371016348674,-40.639323209262486,colatina,ES
29705,-19.510822013878876,-40.63310196328869,colatina,ES
29706,-19.521177544995183,-40.64688425353667,colatina,ES
29725,-19.412026310370646,-40.54293876855565,marilandia,ES
29745,-19.138753324097504,-40.615545044821154,sao domingos do norte,ES
29770,-18.86369285485961,-41.11875851381642,mantenopolis,ES
29780,-19.01753886918101,-40.537255419877596,sao gabriel da palha,ES
29800,-18.748313722680667,-40.885885898230484,barra de sao francisco,ES
29820,-18.543085190055944,-40.98497675246625,agua doce do norte,ES
29830,-18.70658082589379,-40.406383792282284,nova venecia,ES
29850,-18.36881608995012,-40.82597415326898,ecoporanga,ES
29890,-18.13113299686834,-40.35711188194904,montanha,ES
29900,-19.394302899766817,-40.06744800455662,linhares,ES
29901,-19.398462430517736,-40.05754626853264,linhares,ES
29903,-19.392473863253308,-40.04808368379706,linhares,ES
29905,-19.364681121236405,-40.05261443397877,linhares,ES
29927,-19.189127770488813,-40.10086124895696,sooretama,ES
29930,-18.718212244497813,-39.8548625046386,sao mateus,ES
29931,-18.717482906655505,-39.86602787165746,sao mateus,ES
29932,-18.711846687043668,-39.872479210098376,sao mateus,ES
29934,-18.718328576961284,-39.83859455817204,sao mateus,ES
29950,-18.908355105069518,-40.07586676010297,jaguare,ES
29960,-18.576966446050704,-39.73757518671529,conceicao da barra,ES
29967,-19.24593411404079,-40.091152596757134,braco do rio,ES
29970,-18.293163679149735,-39.95858510869711,pedro canario,ES
29980,-18.410899011847384,-40.219401752231356,pinheiros,ES
29985,-18.32097783533344,-40.40572143357216,sao joao do sobrado,ES
30110,-19.929476453721662,-43.93692445117372,belo horizonte,MG
30111,-19.917826028188394,-43.942417941975386,belo horizonte,MG
30112,-19.93717749545114,-43.93564910981899,belo horizonte,MG
30120,-19.918527030159282,-43.93988998298764,belo horizonte,MG
30130,-19.93185558700408,-43.932647431010295,belo horizonte,MG
30140,-19.93104856825172,-43.93603257269495,belo horizonte,MG
30150,-19.925953136630508,-43.9270012212083,belo horizonte,MG
30160,-19.927499910711955,-43.93957488042516,belo horizonte,MG
30170,-19.927104133305765,-43.94496355953479,belo horizonte,MG
30180,-19.92641009985338,-43.94586443137012,belo horizonte,MG
30190,-19.924640007158544,-43.946121717904624,belo horizonte,MG
30210,-19.95078799430714,-43.91838796090514,belo horizonte,MG
30220,-19.940114849442466,-43.919580245143244,belo horizonte,MG
30230,-19.92875698717212,-43.911597736466845,belo horizonte,MG
30240,-19.929634471795293,-43.917779056903974,belo horizonte,MG
30270,-19.921342519229157,-43.90615804521913,belo horizonte,MG
30285,-19.916749422160827,-43.90182965852817,belo horizonte,MG
30290,-19.919021619843377,-43.88315218187731,belo horizonte,MG
30295,-19.91367687977267,-43.88348263205853,belo horizonte,MG
30310,-19.946634191819108,-43.92852281029642,belo horizonte,MG
30315,-19.95380280794058,-43.93090361544771,belo horizonte,MG
30320,-19.96712946022024,-43.939935749372026,belo horizonte,MG
30330,-19.944897882133578,-43.93958522933526,belo horizonte,MG
30350,-19.94807647046226,-43.94761823033127,belo horizonte,MG
30360,-19.96444292675128,-43.948558170209346,belo horizonte,MG
30380,-19.945831499496894,-43.95259592018934,belo horizonte,MG
30390,-19.992761502660358,-43.966360063886334,belo horizonte,MG
30411,-19.926103974036682,-43.96623487375565,belo horizonte,MG
30421,-19.93710598538667,-43.97631024306516,belo horizonte,MG
30431,-19.935486917207523,-43.9668497178044,belo horizonte,MG
30441,-19.937128269211865,-43.95772185993358,belo horizonte,MG
30492,-19.969152251420983,-43.96738963507269,belo horizonte,MG
30493,-19.973203838804466,-43.964838796392684,belo horizonte,MG
30494,-19.960059611364837,-43.96164848633418,belo horizonte,MG
30510,-19.938244124656837,-43.992256802951054,belo horizonte,MG
30512,-19.94313991758485,-44.00012248441621,belo horizonte,MG
30514,-19.952266409982798,-43.99236541157028,belo horizonte,MG
30516,-19.951640378337576,-43.99014732257203,belo horizonte,MG
30518,-19.952450311074053,-44.00325534740166,belo horizonte,MG
30520,-19.940411132888944,-44.01845243035028,belo horizonte,MG
30530,-19.9293172448418,-44.00012547981165,belo horizonte,MG
30532,-19.93903108500327,-44.004111107215756,belo horizonte,MG
30535,-19.923884704317416,-43.99145877560749,belo horizonte,MG
30550,-19.94361489927609,-43.981846507408534,belo horizonte,MG
30555,-19.9538645515138,-43.97765745039238,belo horizonte,MG
30570,-19.95806136130547,-43.97891108299589,belo horizonte,MG
30575,-19.973801098687215,-43.97264013372904,belo horizonte,MG
30580,-19.962205456572867,-43.987191455726524,belo horizonte,MG
30620,-19.983319169326872,-44.0013738632822,belo horizonte,MG
30622,-19.987746029390262,-43.99149254290304,belo horizonte,MG
30624,-19.995833208876444,-43.99678271744955,belo horizonte,MG
30626,-20.001771055992613,-44.0102000334043,belo horizonte,MG
30644,-19.989981300542027,-44.013181725860335,belo horizonte,MG
30660,-19.985951805017514,-44.02495825887791,belo horizonte,MG
30662,-19.985611861571602,-44.0411924853463,belo horizonte,MG
30668,-20.000856897018227,-44.02890660317559,belo horizonte,MG
30670,-20.00254587721195,-44.02135117438736,belo horizonte,MG
30672,-20.02505759295368,-44.06905695722996,belo horizonte,MG
30690,-19.977664602281052,-44.04969652161651,belo horizonte,MG
30692,-19.986747634732293,-44.048597916692664,belo horizonte,MG
30710,-19.913379943766742,-43.958701894762946,belo horizonte,MG
30730,-19.91530481310715,-43.98688278746184,belo horizonte,MG
30750,-19.900090667701733,-43.978117870750054,belo horizonte,MG
30770,-19.90648672927733,-43.97078450027557,belo horizonte,MG
30810,-19.89771687717065,-43.985176372884276,belo horizonte,MG
30820,-19.905928092263924,-43.99678382844561,belo horizonte,MG
30830,-19.90253907649183,-44.003285337446194,belo horizonte,MG
30840,-19.890277616721733,-43.999366397670606,belo horizonte,MG
30855,-19.9221153619925,-44.01358155581232,belo horizonte,MG
30865,-19.913434213343425,-44.02166385124844,belo horizonte,MG
30882,-19.881619613784384,-44.00934116973428,belo horizonte,MG
31010,-19.915080965134134,-43.917558395580826,belo horizonte,MG
31015,-19.911128377758075,-43.9257365779481,belo horizonte,MG
31030,-19.906120562613197,-43.923704334179504,belo horizonte,MG
31035,-19.898268883582244,-43.9205695032957,belo horizonte,MG
31050,-19.898569593157415,-43.89524503637982,belo horizonte,MG
31060,-19.893940937707058,-43.903855862505885,belo horizonte,MG
31070,-19.888609910495955,-43.898058606999314,belo horizonte,MG
31080,-19.88486667376421,-43.90929675254727,belo horizonte,MG
31110,-19.90491827268254,-43.93689170249609,belo horizonte,MG
31130,-19.891961626002015,-43.942380636668084,belo horizonte,MG
31140,-19.894574207526336,-43.93123458184847,belo horizonte,MG
31150,-19.879678273976506,-43.94373206172144,belo horizonte,MG
31155,-19.873055459669974,-43.93786577993863,belo horizonte,MG
31160,-19.878923245107323,-43.931504978901216,belo horizonte,MG
31170,-19.886506529945766,-43.92385723641607,belo horizonte,MG
31210,-19.90671219475644,-43.94889650258168,belo horizonte,MG
31230,-19.897440327172728,-43.95717776039552,belo horizonte,MG
31250,-19.886619674518197,-43.95900374354421,belo horizonte,MG
31255,-19.86949505446246,-43.9509439543507,belo horizonte,MG
31260,-19.860206725178603,-43.9407347369121,belo horizonte,MG
31270,-19.859623931199078,-43.9556017453739,belo horizonte,MG
31275,-19.858655852092287,-43.96707038116433,belo horizonte,MG
31310,-19.873399844484634,-43.98232611271478,belo horizonte,MG
31330,-19.877826922098706,-43.9954214291907,belo horizonte,MG
31340,-19.86477356430017,-43.98962196689193,belo horizonte,MG
31365,-19.86605711120896,-44.00074510410349,belo horizonte,MG
31520,-19.819517325726153,-43.9688259483315,belo horizonte,MG
31525,-19.825924131198086,-43.972410663201806,belo horizonte,MG
31530,-19.826398528431668,-43.979838377679364,belo horizonte,MG
31540,-19.82870132887266,-43.989076856138645,belo horizonte,MG
31550,-19.839839009361643,-43.98593700357398,belo horizonte,MG
31560,-19.838499894736238,-43.974411819358004,belo horizonte,MG
31565,-19.833900216425704,-43.96679019247034,belo horizonte,MG
31570,-19.80768065786215,-43.98042684085744,belo horizonte,MG
31573,-19.81095228066824,-43.98998650424639,belo horizonte,MG
31578,-19.813581060899992,-44.00208560119149,belo horizonte,MG
31610,-19.812833874977596,-43.954149957800794,belo horizonte,MG
31615,-19.807239918783957,-43.96221320713532,belo horizonte,MG
31650,-19.81588076893016,-43.965468863351425,belo horizonte,MG
31655,-19.78935556099101,-43.98463829779658,belo horizonte,MG
31660,-19.8074389848162,-43.98485974295428,belo horizonte,MG
31680,-19.800417234676818,-43.99469936417468,belo horizonte,MG
31710,-19.840041680680123,-43.95933923847522,belo horizonte,MG
31720,-19.83223092604312,-43.952955641154176,belo horizonte,MG
31730,-19.836057733815164,-43.94538236770012,belo horizonte,MG
31741,-19.845202939250868,-43.941652802662595,belo horizonte,MG
31742,-19.83035970462223,-43.93695142611339,belo horizonte,MG
31748,-19.803790375324308,-43.9395284025012,belo horizonte,MG
31814,-19.850842563717205,-43.925248200191916,belo horizonte,MG
31842,-19.83768155726055,-43.924052542673515,belo horizonte,MG
31844,-19.838414207271068,-43.91567119293642,belo horizonte,MG
31872,-19.825436430269452,-43.89792250761004,belo horizonte,MG
31910,-19.869927909222344,-43.919706450313775,belo horizonte,MG
31920,-19.870855445819217,-43.912557996644686,belo horizonte,MG
31930,-19.86427851880292,-43.90842441682297,belo horizonte,MG
31950,-19.867541102807987,-43.89948356702756,belo horizonte,MG
31970,-19.85759230362832,-43.8858685801865,belo horizonte,MG
31980,-19.854615377340185,-43.91473973193414,belo horizonte,MG
31985,-19.854065331320122,-43.90525564286927,belo horizonte,MG
32010,-19.933045489213495,-44.07764439803627,contagem,MG
32013,-19.925479584610706,-44.08570752938618,contagem,MG
32041,-19.911495501326844,-44.07416254433933,contagem,MG
32044,-19.89223167254045,-44.09554224071947,contagem,MG
32070,-19.914058298019203,-44.10375002587348,contagem,MG
32072,-19.928464284112355,-44.112134297510266,contagem,MG
32110,-19.88406937050345,-44.02242139461153,contagem,MG
32115,-19.89318094361755,-44.027523122420256,contagem,MG
32140,-19.894029624407654,-44.04224404676389,contagem,MG
32143,-19.91151911104034,-44.0428536968531,contagem,MG
32180,-19.867252389950057,-44.029978433938886,contagem,MG
32183,-19.863283944312315,-44.03919478557518,contagem,MG
32185,-19.847573166848647,-44.02943024506621,contagem,MG
32210,-19.950609107128013,-44.0282172158007,contagem,MG
32220,-19.965568485009374,-44.02425085330766,contagem,MG
32223,-19.96264364770031,-44.03740931505506,contagem,MG
32240,-19.95608602662571,-44.05212106582628,contagem,MG
32241,-19.967878760000016,-44.054695953243275,contagem,MG
32260,-19.954716106653933,-44.0389637446662,contagem,MG
32280,-19.94732845763311,-44.05782869450705,contagem,MG
32285,-19.930430460793904,-44.070712216455945,contagem,MG
32310,-19.938768933234908,-44.03834169825095,contagem,MG
32315,-19.941628099202305,-44.04185858702217,contagem,MG
32340,-19.939283906547246,-44.05144900305219,contagem,MG
32341,-19.93209970255219,-44.053376268627574,contagem,MG
32371,-19.92627884198057,-44.03543593580628,contagem,MG
32372,-19.920569470900052,-44.02640958503362,contagem,MG
32400,-20.018449005061406,-44.06780303840637,ibirite,MG
32415,-20.018093649998228,-44.091476185938205,ibirite,MG
32420,-19.980579348933848,-44.064108845931,ibirite,MG
32430,-19.996579505720902,-44.07259035649539,ibirite,MG
32450,-20.038320832591328,-44.13891959658021,sarzedo,MG
32600,-19.966637880848904,-44.20266622401852,betim,MG
32603,-19.964331493821263,-44.208443655981995,betim,MG
32604,-19.951799038267154,-44.196037480396,betim,MG
32605,-19.93359741189809,-44.183641119901864,betim,MG
32606,-19.936285983610865,-44.19877399560474,betim,MG
32611,-19.861427723772646,-44.15600753188527,betim,MG
32623,-19.92510992818833,-44.259942091556134,betim,MG
32641,-20.021890439336506,-44.22317681194744,betim,MG
32655,-19.970787000501534,-44.17045327255078,betim,MG
32670,-19.959986386151826,-44.171243584447936,betim,MG
32671,-19.950184131061796,-44.17752185023125,betim,MG
32672,-19.93912061459938,-44.173017240189296,betim,MG
32673,-19.94078306621906,-44.16330513476692,betim,MG
32675,-19.93641316016966,-44.13845416864853,betim,MG
32676,-19.944596834802155,-44.12952552303506,betim,MG
32677,-19.943003504595815,-44.1136240110523,betim,MG
32681,-19.95070629559404,-44.123649163459774,betim,MG
32685,-19.946928669248347,-44.10147002083752,betim,MG
32900,-20.066757396501128,-44.306195752963056,igarape,MG
33015,-19.7565456664727,-43.8441281487397,santa luzia,MG
33025,-19.77664745508336,-43.8509249223164,santa luzia,MG
33030,-19.775876412248593,-43.87297103109191,santa luzia,MG
33035,-19.764893396495612,-43.86622305644717,santa luzia,MG
33045,-19.814829655872785,-43.867344007324114,santa luzia,MG
33080,-19.740384277599674,-44.21551676079737,santa luzia,MG
33105,-19.78326721212896,-43.93038106057747,santa luzia,MG
33120,-19.787174407114623,-43.91751271172357,santa luzia,MG
33125,-19.78868766742378,-43.93969573586318,santa luzia,MG
33170,-19.782026420417584,-43.89095214628793,santa luzia,MG
33200,-19.731097253636868,-43.94146568879755,vespasiano,MG
33350,-19.707822627527648,-43.97312654875095,sao jose da lapa,MG
33400,-19.636520104484408,-43.89965142692265,lagoa santa,MG
33600,-19.613117562252093,-44.03989226354459,pedro leopoldo,MG
33805,-19.768627939639334,-44.086652718411564,ribeirao das neves,MG
33823,-19.762833833057254,-44.13867602152345,ribeirao das neves,MG
33825,-19.76249198605451,-44.12816438800792,ribeirao das neves,MG
33855,-19.752503184679963,-44.0711704871132,ribeirao das neves,MG
33902,-19.793318307417064,-44.01820962172755,ribeirao das neves,MG
33913,-19.777773939974978,-44.023705132197996,ribeirao das neves,MG
33930,-19.789871850543015,-44.00784511918709,ribeirao das neves,MG
33936,-19.805004607696645,-44.01332146196757,ribeirao das neves,MG
33943,-19.805563019680967,-44.02448617359142,ribeirao das neves,MG
34001,-19.993191026225645,-43.85183380951944,nova lima,MG
34002,-19.99919317875783,-43.84782993620252,nova lima,MG
34003,-19.986615844847748,-43.86167962070278,nova lima,MG
34006,-19.98048628881467,-43.93981496058217,nova lima,MG
34007,-20.034335397356873,-43.96642982270806,nova lima,MG
34012,-20.00532479052168,-43.85098134058036,nova lima,MG
34018,-20.111626607711685,-43.93436943089234,nova lima,MG
34300,-20.089910650795822,-43.789123418882596,rio acima,MG
34400,-19.966156003176412,-43.80531972631105,raposos,MG
34505,-19.889137010050003,-43.80799858672714,sabara,MG
34515,-19.88869972210088,-43.79699750158474,sabara,MG
34590,-19.88094284373014,-43.865015936590204,sabara,MG
34710,-19.880489318726323,-43.90337735934442,sabara,MG
34800,-19.8849004292492,-43.66495294562986,caete,MG
35010,-18.85534971833755,-41.946521089617654,governador valadares,MG
35030,-18.870309977958303,-41.95616386009414,governador valadares,MG
35040,-18.89674278364268,-41.978873596876205,governador valadares,MG
35051,-18.87264083622994,-41.97342179103578,governador valadares,MG
35057,-18.84350584549893,-41.95847366467953,governador valadares,MG
35060,-18.85456305678968,-41.95002106479901,governador valadares,MG
35063,-18.84003277555964,-41.97076029278948,governador valadares,MG
35112,-18.557139693388137,-41.90865871570033,frei inocencio,MG
35115,-18.508114563074084,-42.08210977053469,marilac,MG
35160,-19.499290040031866,-42.54717532598181,ipatinga,MG
35162,-19.468786725450673,-42.56389478130509,ipatinga,MG
35164,-19.453667889493683,-42.5439422582471,ipatinga,MG
35170,-19.506713154390685,-42.628614039650095,coronel fabriciano,MG
35171,-19.512078547306896,-42.61008583361945,coronel fabriciano,MG
35179,-17.930857586277867,-44.95659384210104,santana do paraiso,MG
35180,-19.545340606723506,-42.643848513674975,timoteo,MG
35181,-19.548005802868936,-42.59883373940887,timoteo,MG
35182,-19.57607170373005,-42.6431683737591,timoteo,MG
35184,-19.534809563472315,-42.66728439907242,timoteo,MG
35198,-19.415825523070794,-42.41082528054917,ipaba,MG
35200,-19.500415267687412,-41.07286145044401,aimores,MG
35230,-19.32488535792776,-41.249234673200206,resplendor,MG
35270,-18.659970826739325,-41.40437128121699,mendes pimentel,MG
35290,-18.777954733022707,-40.98336116136959,mantena,MG
35300,-19.787035607141227,-42.1378858141528,caratinga,MG
35311,-19.85215603337821,-42.207170118225434,sapucaia,MG
35323,-19.60572642689479,-41.96759179041304,imbe de minas,MG
35325,-19.760164772344595,-42.07556527702556,piedade de caratinga,MG
35326,-19.872948037572645,-42.13258772945871,santa rita de minas,MG
35330,-19.546635831295774,-42.112670848873115,inhapim,MG
35340,-19.723406801685012,-42.523411634632275,bom jesus do galho,MG
35350,-20.095874844538972,-42.44291346825205,raul soares,MG
35365,-20.294280906968602,-42.47372065361559,abre campo,MG
35400,-20.391011466737957,-43.507047162023525,ouro preto,MG
35411,-20.28758954681794,-43.48123170237622,antonio pereira,MG
35420,-20.37497229153692,-43.418085248936116,mariana,MG
35430,-20.410060488150783,-42.89881690745697,ponte nova,MG
35450,-20.25306174547873,-43.8009689283785,itabirito,MG
35460,-20.13944080447951,-44.17686088474677,brumadinho,MG
35480,-20.304406815717137,-44.04754726988549,bonfim,MG
35488,-20.36383139609686,-44.43112862523979,itaguara,MG
35498,-20.537866120241542,-43.98279310089686,jeceaba,MG
35500,-20.140359687801332,-44.884079632219006,divinopolis,MG
35501,-20.16210914638635,-44.90191602362891,divinopolis,MG
35502,-20.129694827268008,-44.89107243262476,divinopolis,MG
35503,-20.151715287637664,-44.87504091189422,divinopolis,MG
35505,-20.100346281135103,-44.97276022033627,santo antonio dos campos,MG
35519,-19.874060044307274,-44.98701334631972,nova serrana,MG
35530,-20.437204870235007,-44.76203405975947,claudio,MG
35534,-20.539189819213494,-44.636222574200794,carmopolis de minas,MG
35540,-20.698563939792177,-44.82676038665832,oliveira,MG
35547,-20.55966811821635,-44.86917286484877,carmo da mata,MG
35557,-20.282776843212414,-44.831468417027196,carmo do cajuru,MG
35570,-20.46253562176835,-45.433058998165116,formiga,MG
35588,-20.288301513728257,-45.541300693446196,arcos,MG
35590,-20.024064772425362,-45.537189813602396,lagoa da prata,MG
35600,-19.740337139221076,-45.25863430864746,bom despacho,MG
35603,-19.94457443092869,-45.16634204091043,araujos,MG
35610,-19.466534517809865,-45.6005195139431,dores do indaia,MG
35628,-18.60522950472143,-45.353299377474784,morada nova de minas,MG
35640,-19.224024396093256,-45.0002372431444,pompeu,MG
35650,-19.684235018418942,-44.89175789294177,pitangui,MG
35660,-19.853541121211897,-44.60882226071132,para de minas,MG
35661,-19.870304664180168,-44.593325702902746,para de minas,MG
35666,-19.515017571479863,-44.67673891755669,maravilhas,MG
35668,-19.750693613679953,-44.89692898215243,conceicao do para,MG
35670,-19.99123842180006,-44.42872947177971,mateus leme,MG
35680,-20.077863070164632,-44.576133772160524,itauna,MG
35690,-19.890081655281833,-44.43118104474469,florestal,MG
35700,-19.45799501338864,-44.24812822762972,sete lagoas,MG
35701,-19.460508470366015,-44.23145971975352,sete lagoas,MG
35702,-19.44881356768175,-44.23042232506913,sete lagoas,MG
35720,-19.56083264961986,-44.075581349214794,matozinhos,MG
35774,-19.27857905090132,-44.40088546208934,paraopeba,MG
35785,-19.1335158187054,-44.11198717407156,santana de pirapama,MG
35790,-18.76341842229983,-44.433156771319794,curvelo,MG
35860,-19.02370672710774,-43.423730654730775,conceicao do mato dentro,MG
35865,-18.95971600067106,-43.25516285495802,dom joaquim,MG
35900,-19.63079871695884,-43.222253680108224,itabira,MG
35902,-19.65172684720128,-43.2051217375124,itabira,MG
35910,-19.41096916771877,-43.651694305007716,santa maria de itabira,MG
35920,-19.764914311361164,-43.02993999536734,nova era,MG
35930,-19.81470370525168,-43.170408968379526,joao monlevade,MG
35931,-19.836538648932326,-43.17906543890219,joao monlevade,MG
35950,-20.10947269579902,-43.06361511147883,alvinopolis,MG
35960,-19.961677660888395,-43.41034926077617,santa barbara,MG
35969,-20.07559272673594,-43.4075666503638,catas altas,MG
35970,-19.934737596235344,-43.48055574244055,barao de cocais,MG
35995,-19.870437642670908,-42.96347676200369,sao domingos do prata,MG
36010,-21.764571387448175,-43.34597324239813,juiz de fora,MG
36015,-21.75734753091001,-43.35406013626351,juiz de fora,MG
36016,-21.76801959807948,-43.35315999107657,juiz de fora,MG
36020,-21.771189036980555,-43.3335659272847,juiz de fora,MG
36021,-21.774551468290124,-43.341343891578326,juiz de fora,MG
36025,-21.77536799497986,-43.353964706773304,juiz de fora,MG
36026,-21.779223378303882,-43.348542259665415,juiz de fora,MG
36032,-21.79966268117173,-43.35771115457957,juiz de fora,MG
36033,-21.7880431309008,-43.364417424366906,juiz de fora,MG
36035,-21.75250707839694,-43.3675357875713,juiz de fora,MG
36037,-21.77206207331581,-43.38341071196408,juiz de fora,MG
36038,-21.786428324291986,-43.38395597964514,juiz de fora,MG
36046,-21.731856430089117,-43.359547616644406,juiz de fora,MG
36050,-21.734493417365492,-43.34883124077252,juiz de fora,MG
36060,-21.741552524507007,-43.33532591318603,juiz de fora,MG
36061,-21.750479122597458,-43.3325033256798,juiz de fora,MG
36070,-21.765785305321486,-43.33055548402764,juiz de fora,MG
36071,-21.772902260434623,-43.31619269603936,juiz de fora,MG
36080,-21.742842822146265,-43.37302080954006,juiz de fora,MG
36081,-21.74003548276835,-43.38859680452926,juiz de fora,MG
36083,-21.736531128270382,-43.40215975469275,juiz de fora,MG
36087,-21.70693066027025,-43.42528623659744,juiz de fora,MG
36092,-21.666021017651516,-43.43386694174453,juiz de fora,MG
36120,-21.869485342722417,-43.31977116023607,matias barbosa,MG
36157,-21.5071675989488,-43.321559205639325,piau,MG
36180,-21.27141666979365,-43.17867116209081,rio pomba,MG
36202,-21.210669607756003,-43.77895878236746,barbacena,MG
36204,-21.20846597866159,-43.75933020854842,barbacena,MG
36205,-21.222643619227032,-43.75609054846465,barbacena,MG
36213,-21.109897644968864,-44.02336767935939,dores de campos,MG
36230,-21.607145357582965,-43.75713266137063,bias fortes,MG
36235,-21.56274431201322,-43.91601943031522,santa rita do ibitipoca,MG
36240,-21.459831186137794,-43.552261428745815,santos dumont,MG
36264,-19.638548379227394,-43.75965150050012,vitorinos,MG
36272,-21.149443547778596,-43.767193356103036,alfredo vasconcelos,MG
36300,-21.13445454970932,-44.26216501908778,sao joao del rei,MG
36301,-21.123138626069654,-44.25022385765714,sao joao del rei,MG
36302,-21.10642220673396,-44.22890366810376,sao joao del rei,MG
36305,-21.132599352282416,-44.23886752394803,sao joao del rei,MG
36307,-21.139914280432933,-44.25783292672557,sao joao del rei,MG
36325,-21.10980791604441,-44.17477905963709,tiradentes,MG
36340,-20.9164457338286,-44.24196451981968,resende costa,MG
36400,-20.655803964613018,-43.77785932514872,conselheiro lafaiete,MG
36401,-20.65784177366289,-43.77659493151107,conselheiro lafaiete,MG
36404,-20.673537120585376,-43.777590834611686,conselheiro lafaiete,MG
36407,-20.659212123529404,-43.80692696277707,conselheiro lafaiete,MG
36415,-20.509894537367913,-43.86168754730868,congonhas,MG
36420,-20.520692144641046,-43.704435469350024,ouro branco,MG
36500,-21.117760548690026,-42.94287086370392,uba,MG
36502,-21.124876951863786,-42.92677954827477,uba,MG
36512,-21.1726252218232,-43.0219328222331,tocantins,MG
36520,-21.010359270172877,-42.838483757125445,visconde do rio branco,MG
36546,-20.989541350921062,-43.005234673615774,divinesia,MG
36568,-20.626593709103236,-43.138124032298045,porto firme,MG
36570,-20.754734638539293,-42.87751998529491,vicosa,MG
36576,-20.699028840686484,-42.99946861920252,porto firme,MG
36606,-21.728990777739167,-43.041786807641536,guarara,MG
36640,-21.86581058176019,-43.007507724822055,mar de espanha,MG
36660,-21.872728278244768,-42.693795195399666,alem paraiba,MG
36700,-21.530164261618392,-42.640898618181694,leopoldina,MG
36730,-21.661382378379866,-42.349693185518994,pirapetinga,MG
36770,-21.388054142415164,-42.69050462211028,cataguases,MG
36773,-21.382655116417972,-42.70358535785255,cataguases,MG
36780,-21.314030738133884,-42.864233964033346,astolfo dutra,MG
36800,-20.73251603191775,-42.029943765152545,carangola,MG
36820,-20.610108566038743,-42.146371443505956,divino,MG
36830,-20.64823472332548,-41.90925009163093,espera feliz,MG
36873,-23.543365499999997,-46.889442,silveira carvalho,MG
36880,-21.130015778682374,-42.36814522541781,muriae,MG
36884,-21.130295875987645,-42.381132217265296,muriae,MG
36886,-21.136388018041888,-42.399282851834,muriae,MG
36889,-21.129053028843952,-42.357050866903734,muriae,MG
36900,-20.25268829369247,-42.040598534498436,manhuacu,MG
36913,-20.384335664636883,-42.250975274083686,santa margarida,MG
36930,-20.110674250821898,-41.999729713013636,simonesia,MG
36950,-19.800222704580385,-41.71530616082554,ipanema,MG
36970,-20.35584130637538,-41.956169737677804,manhumirim,MG
36976,-20.426509214614725,-41.96422219554987,alto jequitiba,MG
37002,-21.555578678659284,-45.43742421601186,varginha,MG
37004,-21.56054070769344,-45.431818374934245,varginha,MG
37010,-21.559049323866514,-45.445603023397844,varginha,MG
37018,-21.548099169543914,-45.43732110101334,varginha,MG
37026,-21.573300439536034,-45.44149682621504,varginha,MG
37048,-21.570497333928852,-45.417846582240834,varginha,MG
37062,-21.585730297386636,-45.44043792076709,varginha,MG
37074,-21.589520866289817,-45.44863686202702,varginha,MG
37120,-21.55014754152817,-45.73500868719834,paraguacu,MG
37130,-21.427358969698194,-45.946512565312595,alfenas,MG
37135,-21.42217278248631,-45.96434436535584,alfenas,MG
37145,-21.255833645504303,-46.14487857042153,alterosa,MG
37150,-20.971610978511645,-46.12132992617943,carmo do rio claro,MG
37165,-21.109499455456902,-45.8298343383836,campo do meio,MG
37170,-21.095129514404864,-45.56150526453079,boa esperanca,MG
37175,-20.940577532886604,-45.82723735222764,ilicinea,MG
37190,-21.3705596396296,-45.51293043502694,tres pontas,MG
37200,-21.244708636505745,-44.999201639430474,lavras,MG
37250,-21.236352172815856,-45.23626913181331,nepomuceno,MG
37260,-21.096165638552552,-45.08823599152949,perdoes,MG
37262,-20.902677288193253,-44.896898845477345,santo antonio do amparo,MG
37270,-20.893764714167883,-45.27561311477834,campo belo,MG
37275,-20.875296630804296,-45.51623716422217,cristais,MG
37305,-21.48431219238059,-44.33164289536491,madre de deus de minas,MG
37360,-21.91515898275318,-44.25360039856993,arantina,MG
37405,-21.75692776880969,-45.54211959977871,monsenhor paulo,MG
37410,-21.69337082687344,-45.25976867138686,tres coracoes,MG
37420,-21.85432094379683,-45.29722726782118,cambuquira,MG
37440,-21.98080481713224,-44.93169566840273,caxambu,MG
37443,-21.961660896718744,-44.88903628055419,baependi,MG
37445,-21.839318825546265,-44.81059555541973,cruzilia,MG
37460,-22.387188678365757,-44.96728626925755,passa quatro,MG
37466,-22.285425563590607,-44.86708746307188,itamonte,MG
37470,-22.118180246849835,-45.05459488787902,sao lourenco,MG
37476,-22.21042987201982,-45.2646508788708,cristina,MG
37496,-21.87562673494912,-45.78858588522878,turvolandia,MG
37500,-22.42045305075037,-45.45300681310874,itajuba,MG
37501,-22.43170384885132,-45.440524435496755,itajuba,MG
37502,-22.434827421253168,-45.45127149652402,itajuba,MG
37504,-22.429258799219888,-45.476201055446914,itajuba,MG
37508,-22.39447928412845,-45.54133645163208,piranguinho,MG
37530,-22.478535643061456,-45.6179413188178,brasopolis,MG
37540,-22.247210939506797,-45.70752067761215,santa rita do sapucai,MG
37550,-22.235082800726914,-45.93392182723873,pouso alegre,MG
37551,-22.22847579937794,-45.944983325101475,pouso alegre,MG
37552,-22.220259017356117,-45.93781234891659,pouso alegre,MG
37553,-22.222115702560213,-45.929006680035435,pouso alegre,MG
37555,-22.21533082341552,-45.91247616077022,pouso alegre,MG
37557,-22.242433973563504,-45.94228025243746,pouso alegre,MG
37558,-22.248544487230255,-45.93559354359269,pouso alegre,MG
37564,-22.26258413023529,-46.1711239405763,borda da mata,MG
37568,-21.933973025922253,-45.924143726736304,sao joao da mata,MG
37570,-22.278485305030316,-46.37130155156736,ouro fino,MG
37576,-22.319460242978675,-46.325909545234715,inconfidentes,MG
37580,-22.430217898121075,-46.57340512991158,monte siao,MG
37584,-21.865404185877193,-45.65082349975035,congonhal,MG
37589,-21.09488085123598,-45.83197557192549,silvianopolis,MG
37590,-22.288146664323694,-46.61190091318773,jacutinga,MG
37600,-22.61187390884463,-46.058156568941314,cambui,MG
37620,-22.61384923072915,-46.3625578974145,munhoz,MG
37640,-22.855478223289115,-46.31950127100401,extrema,MG
37650,-22.75549974414299,-46.14001332890425,camanducaia,MG
37655,-22.768385385405164,-46.222570842616626,itapeva,MG
37660,-22.551533713566133,-45.77857277716529,paraisopolis,MG
37690,-22.75024157015651,-45.74792117387559,sapucai-mirim,MG
37701,-21.789131323861138,-46.56757074031744,pocos de caldas,MG
37704,-21.79283890701778,-46.56736517999681,pocos de caldas,MG
37705,-21.807384454982383,-46.54404588762175,pocos de caldas,MG
37706,-21.83041022834041,-46.54939078654484,pocos de caldas,MG
37714,-21.798884378340517,-46.600932735788916,pocos de caldas,MG
37720,-21.648002330268397,-46.39978613617222,botelhos,MG
37750,-21.680408948048516,-45.92052993201528,machado,MG
37757,-21.780150901757477,-45.967467696634145,poco fundo,MG
37795,-22.07047143353818,-46.57354819165932,andradas,MG
37800,-21.305958369618207,-46.71407789047773,guaxupe,MG
37805,-21.252993786542923,-46.578964851582064,juruaia,MG
37810,-21.301969203940768,-46.79344313786243,guaranesia,MG
37820,-21.364132750962657,-46.93989548487439,arceburgo,MG
37880,-21.47382328040176,-46.39609170165559,cabo verde,MG
37890,-21.368981491695624,-46.523156559190284,muzambinho,MG
37900,-20.719638211559776,-46.604848528571765,passos,MG
37901,-20.73584717355837,-46.59906911664476,passos,MG
37902,-20.729284202791742,-46.613836512463095,passos,MG
37925,-20.46910716689903,-45.96079974138365,piumhi,MG
37940,-20.858669988986815,-46.3868959952482,alpinopolis,MG
37950,-20.91395197058557,-46.98629619076701,sao sebastiao do paraiso,MG
37960,-20.780638131243403,-47.098617105235014,sao tomas de aquino,MG
37970,-20.74438717274225,-46.86121274516443,pratapolis,MG
37990,-20.46391948054387,-47.12569004208968,ibiraci,MG
38010,-19.748433127247832,-47.93624451081128,uberaba,MG
38017,-19.74019853574193,-47.924792987864244,uberaba,MG
38020,-19.7606893240896,-47.94687145770199,uberaba,MG
38022,-19.760188995545462,-47.93914526044794,uberaba,MG
38025,-19.756853488338955,-47.93017266949661,uberaba,MG
38041,-19.783169015333,-47.92170328892091,uberaba,MG
38050,-19.758312672548442,-47.95552461350234,uberaba,MG
38051,-19.757618308005902,-47.983368588158314,uberaba,MG
38057,-19.737144721796835,-47.96592285938141,uberaba,MG
38070,-19.731005269846335,-47.922915557250555,uberaba,MG
38080,-19.742465619045834,-47.914612369492765,uberaba,MG
38082,-19.749366808445476,-47.8982607216337,uberaba,MG
38140,-19.306826568443398,-48.922800961201254,prata,MG
38160,-19.3364369651837,-47.113221804399366,nova ponte,MG
38170,-19.360654988886733,-47.28562643685491,perdizes,MG
38180,-19.582399237133544,-46.953795723294085,araxa,MG
38182,-19.605227525304734,-46.92587490743116,araxa,MG
38183,-19.59656150595795,-46.9374884832494,araxa,MG
38184,-19.601855530716918,-46.94478152003333,araxa,MG
38200,-20.02737817547669,-48.93350958851245,frutal,MG
38210,-19.907590492605774,-48.7020297102952,pirajuba,MG
38230,-20.279454990887864,-49.2025514813791,fronteira,MG
38240,-19.901026410081517,-49.36882034374337,itapagipe,MG
38280,-19.729365350880276,-50.19956607813188,iturama,MG
38290,-19.71155629339138,-50.721427419246695,carneirinho,MG
38300,-18.976355251995518,-49.46297455530933,ituiutaba,MG
38301,-18.95361908708018,-49.458175836455794,ituiutaba,MG
38302,-18.968022691449843,-49.44940587663304,ituiutaba,MG
38307,-18.97709850617294,-49.48097274218593,ituiutaba,MG
38320,-18.8516272227244,-50.14079055085752,santa vitoria,MG
38400,-18.913247873843886,-48.27821224449974,uberlandia,MG
38401,-18.8916159627286,-48.289815516376116,uberlandia,MG
38402,-18.873998221431016,-48.274139812786316,uberlandia,MG
38405,-18.892698009109008,-48.24993989716173,uberlandia,MG
38407,-18.91496728978642,-48.193879166936526,uberlandia,MG
38408,-18.924080198164358,-48.249267186591496,uberlandia,MG
38410,-18.954174871944243,-48.23791059400363,uberlandia,MG
38411,-18.9495189572054,-48.27629001274793,uberlandia,MG
38412,-18.950237259905315,-48.309470659443285,uberlandia,MG
38413,-18.931689655248235,-48.31505510832352,uberlandia,MG
38414,-18.921397435860225,-48.32946334496327,uberlandia,MG
38415,-18.897055635368446,-48.329102950262644,uberlandia,MG
38440,-18.652644433692657,-48.192235480006914,araguari,MG
38442,-18.645099494741665,-48.20499335469828,araguari,MG
38443,-18.634824794686104,-48.20473047781967,araguari,MG
38444,-18.63091751905351,-48.18952481796858,araguari,MG
38445,-18.642201383387075,-48.17801460034548,araguari,MG
38446,-18.66100251186824,-48.1809791800025,araguari,MG
38480,-18.596844559532663,-48.69760298955126,tupaciguara,MG
38500,-18.73255318535424,-47.49636761511996,monte carmelo,MG
38550,-18.47627421500296,-47.19682128916466,coromandel,MG
38570,-17.769317756643446,-47.09820110670162,guarda-mor,MG
38600,-17.2241790239998,-46.874264632410174,paracatu,MG
38610,-16.36381396260518,-46.89530822527895,unai,MG
38625,-16.055668176736315,-47.143652358670614,cabeceira grande,MG
38650,-16.562527667206663,-45.9986358674731,bonfinopolis de minas,MG
38660,-15.62721446009139,-46.42632889398506,buritis,MG
38680,-15.920350682439093,-46.10773503284158,arinos,MG
38690,-14.957216746740068,-46.229815235894776,formoso,MG
38700,-18.595141030878885,-46.51867937098783,patos de minas,MG
38701,-18.57640750971047,-46.52598592302643,patos de minas,MG
38702,-18.57194907121821,-46.516148307867496,patos de minas,MG
38703,-18.576866743217636,-46.494770717684425,patos de minas,MG
38706,-18.619647617723388,-46.50544980979099,patos de minas,MG
38720,-18.77618044480129,-46.404217247384295,lagoa formosa,MG
38740,-18.94707354685371,-46.99146764794275,patrocinio,MG
38742,-18.936874053113986,-47.00168811744175,patrocinio,MG
38747,-18.942431542076708,-46.985211427771375,patrocinio,MG
38755,-17.83903600481589,-46.51824250769678,lagoa grande,MG
38770,-17.732005370360085,-46.16588731423498,joao pinheiro,MG
38780,-17.987237146966546,-46.90380757456198,vazante,MG
38790,-18.325070936120266,-45.799697934947936,sao goncalo do abaete,MG
38800,-19.317869160982113,-46.05225400628061,sao gotardo,MG
38810,-19.199423707009597,-46.2432189718757,rio paranaiba,MG
38840,-18.99834541822861,-46.30935828069332,carmo do paranaiba,MG
38900,-20.01516131652096,-45.97684756408032,bambui,MG
38910,-20.172208868562752,-45.71208159060175,iguatama,MG
38950,-19.515039180739823,-46.56160823512746,ibia,MG
39100,-18.240347942725787,-43.6005078626568,diamantina,MG
39113,-17.69660993683053,-43.33178079572376,desembargador otoni,MG
39160,-18.462898618489323,-43.3026066611305,santo antonio do itambe,MG
39230,-17.874671637787852,-44.170437276665034,buenopolis,MG
39260,-17.59807078708512,-44.74865349171068,varzea da palma,MG
39270,-17.340845395897375,-44.933534144970096,pirapora,MG
39280,-17.364555680535215,-44.984647236468014,buritizeiro,MG
39300,-15.967607197545203,-44.86176495316572,sao francisco,MG
39390,-17.11521217243906,-43.81287036265137,bocaiuva,MG
39400,-16.721976101453777,-43.86291363894473,montes claros,MG
39401,-16.72463312407852,-43.87247844204142,montes claros,MG
39402,-16.74032365920852,-43.84816627484434,montes claros,MG
39403,-16.75272520535767,-43.87182429520995,montes claros,MG
39404,-16.702903785611095,-43.83173842366981,montes claros,MG
39440,-15.807765581948383,-43.30926774639614,janauba,MG
39445,-15.845261024175002,-43.33364776114913,janauba,MG
39460,-14.753638660717579,-43.93965471559108,manga,MG
39480,-15.483420529424647,-44.379894155549685,januaria,MG
39500,-15.152585076654928,-42.87098092596081,monte azul,MG
39508,-15.340799938290758,-43.672332137952324,jaiba,MG
39510,-14.923654164790463,-42.81309249025588,espinosa,MG
39527,-15.39316055412574,-42.86084368198853,mato verde,MG
39529,-16.003404344884267,-43.04653081169028,riacho dos machados,MG
39530,-15.617834332075331,-42.54211546980239,rio pardo de minas,MG
39550,-15.812215251340339,-42.22709529057218,taiobeiras,MG
39560,-16.164330348585707,-42.293253501472705,salinas,MG
39563,-16.088599288695637,-41.75165574229896,santa cruz de salinas,MG
39570,-16.515562006115424,-42.860265721681465,grao mogol,MG
39600,-16.882338803976648,-42.08993711129527,aracuai,MG
39623,-19.89323733483254,-43.9863046834627,tuparece,MG
39625,-16.558301879745645,-41.503188943156474,itaobim,MG
39670,-17.860280171639676,-42.86198587095291,itamarandiba,MG
39680,-17.696081081658534,-42.51645734650035,capelinha,MG
39688,-17.601561993385634,-42.14904598152063,setubinha,MG
39690,-17.847697697027982,-42.0808485867346,malacacheta,MG
39730,-18.813867941106725,-42.70136228778343,virginopolis,MG
39740,-18.775765183946625,-42.93166199720478,guanhaes,MG
39755,-18.472854246322914,-43.059486696118356,materlandia,MG
39780,-18.19089686095352,-42.41148579820841,santa maria do suacui,MG
39800,-17.85441483001937,-41.508669774560204,teofilo otoni,MG
39802,-17.871411345922642,-41.49969515212914,teofilo otoni,MG
39810,-17.18743056986159,-41.697403090797735,carai,MG
39820,-17.460076462397126,-41.88544113747723,novo cruzeiro,MG
39827,-17.80501033478597,-41.787552858707784,pote,MG
39860,-17.844081255954336,-40.34915577347187,nanuque,MG
39900,-16.176287602159036,-40.69302960684199,almenara,MG
39925,-16.005448054214195,-39.95457984625883,salto da divisa,MG
39960,-16.440336187363684,-41.009185123828935,jequitinhonha,MG
39980,-15.962509184455818,-41.488403233691365,cachoeira de pajeu,MG
39990,-15.655366965060017,-41.48139622024671,aguas vermelhas,MG
39995,-15.725920378278673,-41.3414846034514,divisa alegre,MG
40015,-12.96432061658776,-38.493067011824216,salvador,BA
40040,-12.978523183523723,-38.50952312005266,salvador,BA
40080,-12.988302164561876,-38.52130534280319,salvador,BA
40110,-12.993185679998648,-38.5214563977689,salvador,BA
40130,-13.002628751515164,-38.52870781815749,salvador,BA
40140,-13.00511809045674,-38.52312762059766,salvador,BA
40150,-12.997791406726932,-38.52110269341219,salvador,BA
40170,-13.008034746151354,-38.51072761001893,salvador,BA
40210,-13.001271866018355,-38.509404626469255,salvador,BA
40230,-12.99691443932584,-38.50292651475111,salvador,BA
40231,-12.996459971199764,-38.5044151241276,salvador,BA
40240,-12.989133098018044,-38.49942806053349,salvador,BA
40255,-12.97380783043845,-38.496168338514956,salvador,BA
40270,-12.971269306901323,-38.487835752230176,salvador,BA
40279,-12.985970663003169,-38.47172455533749,salvador,BA
40280,-12.985081835827257,-38.47140635285524,salvador,BA
40285,-12.988918879886926,-38.48811019919628,salvador,BA
40290,-12.99298105050149,-38.49249790456671,salvador,BA
40300,-12.964585982446783,-38.49564128090619,salvador,BA
40301,-12.965618399615352,-38.50132172909296,salvador,BA
40323,-12.957890429428645,-38.48693510338029,salvador,BA
40330,-12.952776309752183,-38.4807549115579,salvador,BA
40342,-12.950125338782122,-38.48424064813863,salvador,BA
40375,-12.948662799870498,-38.49355774244956,salvador,BA
40390,-12.935739311387698,-38.47640310589693,salvador,BA
40414,-12.93217665651741,-38.51165578711353,salvador,BA
40425,-12.928197216671608,-38.51333190515836,salvador,BA
40430,-12.932058885846093,-38.49761587540029,salvador,BA
40435,-12.926975930037496,-38.492148552748134,salvador,BA
40440,-12.929359579587869,-38.50345722122901,salvador,BA
40484,-12.910339817519992,-38.47479798931515,salvador,BA
40718,-12.896743043775013,-38.48000491046428,salvador,BA
40730,-12.892026355970458,-38.45938456460033,salvador,BA
40800,-12.885854617352226,-38.46790140712895,salvador,BA
40810,-12.858465861506536,-38.47666360898569,salvador,BA
41100,-12.969387941991311,-38.46653902026544,salvador,BA
41120,-12.970150172980148,-38.46119903402221,salvador,BA
41130,-12.965523937913035,-38.4506090238851,salvador,BA
41180,-12.959625645227371,-38.448903846133135,salvador,BA
41181,-12.953725589673626,-38.4394948834067,salvador,BA
41213,-12.939061931137857,-38.43835286015689,salvador,BA
41215,-12.93722422261979,-38.43733988619563,salvador,BA
41250,-12.933578017611843,-38.42775083334619,salvador,BA
41280,-12.911896286260856,-38.46396969887157,salvador,BA
41290,-12.906931089139349,-38.45853554855183,salvador,BA
41315,-12.903435111559542,-38.446526504291334,salvador,BA
41320,-12.904135281026173,-38.43779831262784,salvador,BA
41338,-12.899636542180794,-38.41453297952215,salvador,BA
41342,-12.901987911198415,-38.40540238991363,salvador,BA
41343,-12.903418952866016,-38.40196827377693,salvador,BA
41345,-12.910089413684661,-38.41094009374661,salvador,BA
41385,-12.914877721189566,-38.432959209434124,salvador,BA
41386,-12.916603176441521,-38.43365496613621,salvador,BA
41390,-12.912605461389367,-38.44067807056464,salvador,BA
41490,-12.911270020665196,-38.39472970811367,salvador,BA
41500,-12.91778087511818,-38.39181471694269,salvador,BA
41502,-12.89962522306653,-38.35575655539409,salvador,BA
41510,-12.904636103175118,-38.367521740236114,salvador,BA
41600,-12.935536726633748,-38.33946864574424,salvador,BA
41612,-12.946785227455917,-38.37553079341866,salvador,BA
41613,-12.95750510899952,-38.39480934543144,salvador,BA
41620,-12.94468878849831,-38.35952391804705,salvador,BA
41635,-12.934048778466853,-38.35925965852837,salvador,BA
41640,-12.944479200932777,-38.3656061096733,salvador,BA
41650,-12.945583525256918,-38.38168604921771,salvador,BA
41680,-12.947677233591449,-38.40466220888712,salvador,BA
41720,-12.969658191018034,-38.43468398606588,salvador,BA
41730,-12.935741966012024,-38.376834696468165,salvador,BA
41741,-12.9682271930028,-38.41547888112352,salvador,BA
41745,-12.940065777645192,-38.41789975938341,salvador,BA
41750,-12.983511641773733,-38.437665953024975,salvador,BA
41760,-12.99198830329437,-38.4460187019282,salvador,BA
41770,-12.98290630810769,-38.44745649451797,salvador,BA
41800,-12.98735915481193,-38.46659713598406,salvador,BA
41810,-12.992588169568942,-38.45396828083182,salvador,BA
41815,-12.993950101682431,-38.46646071076196,salvador,BA
41820,-12.982806089337007,-38.458086235346315,salvador,BA
41830,-13.00207261992395,-38.46302359081903,salvador,BA
41905,-13.003383201229056,-38.474795607239,salvador,BA
41940,-13.009974697426191,-38.48646477039444,salvador,BA
42600,-12.741679313725754,-38.613481836600386,madre de deus,BA
42700,-12.88379843495981,-38.31373848145942,lauro de freitas,BA
42701,-12.88577488563758,-38.3121728424969,lauro de freitas,BA
42709,-12.877430253057765,-38.295406275431056,lauro de freitas,BA
42738,-12.893166748087063,-38.33787462509412,lauro de freitas,BA
42739,-12.89549336338717,-38.344598643682296,lauro de freitas,BA
42801,-12.713291330371904,-38.31363248271131,camacari,BA
42802,-12.710369065948328,-38.31686944558229,camacari,BA
42804,-12.717755816030104,-38.32788051157564,camacari,BA
42806,-12.7032569529374,-38.333687001410524,camacari,BA
42807,-12.694261704089486,-38.33311598442922,camacari,BA
42820,-12.625605667070458,-38.074572836797316,monte gordo,BA
42841,-12.84995914015199,-38.27847949097082,catu de abrantes,BA
42850,-12.613381623293343,-38.30107302440003,dias d'avila,BA
43700,-12.792102385300257,-38.39277244867185,simoes filho,BA
43805,-12.671492643954242,-38.544469854282106,candeias,BA
44001,-12.256296132479383,-38.96074776621953,feira de santana,BA
44002,-12.253205687347366,-38.967643931088915,feira de santana,BA
44020,-12.23927418376354,-38.96828124106994,feira de santana,BA
44024,-12.244274132111304,-38.979613231207175,feira de santana,BA
44050,-12.240493413396004,-38.95867851919213,feira de santana,BA
44053,-12.229391090989859,-38.959471423992966,feira de santana,BA
44056,-12.22488531608502,-38.94960696532799,feira de santana,BA
44075,-12.253482875966396,-38.951223965847895,feira de santana,BA
44077,-12.262566397295355,-38.94040710191047,feira de santana,BA
44082,-12.259411353024435,-38.93219778183058,feira de santana,BA
44085,-12.24822298111457,-38.9205404055162,feira de santana,BA
44190,-12.434211527953881,-39.25306257497131,santo estevao,BA
44200,-12.550877110661533,-38.70647865137772,santo amaro,BA
44220,-12.743405333736474,-38.76874492304449,saubara,BA
44300,-12.596261024659881,-38.96863572581739,cachoeira,BA
44380,-12.670246382541524,-39.10327746739888,cruz das almas,BA
44420,-12.781836602100842,-38.91586725355916,maragogipe,BA
44470,-12.985503950452635,-38.64129637476195,vera cruz,BA
44550,-12.846031252009011,-39.089897171567735,sao felipe,BA
44571,-12.967176467652033,-39.24311391701232,santo antonio de jesus,BA
44572,-12.939018729427303,-39.26013130843966,santo antonio de jesus,BA
44600,-12.154533930203856,-39.74046054005801,ipira,BA
44690,-11.257277417899767,-40.943926853314416,varzea nova,BA
44713,-11.418441272898717,-40.12357228292272,quixabeira,BA
44715,-11.527258591060656,-40.316614860849334,varzea do poco,BA
44720,-11.430232476786514,-40.59743564218764,miguel calmon,BA
44850,-11.548025813188566,-41.15916631362808,morro do chapeu,BA
44890,-11.716138289868587,-41.76715907046423,canarana,BA
44900,-11.304164446373443,-41.855805030013435,irece,BA
44910,-11.45534706517941,-41.45792194795551,america dourada,BA
44920,-11.347191540856294,-41.66100100991128,joao dourado,BA
44970,-11.615597324539957,-42.05524258283478,ibipeba,BA
44990,-11.81567580101508,-42.059525987376695,barra do mendes,BA
45000,-14.85231938216521,-40.84274741854054,vitoria da conquista,BA
45005,-14.849886723652752,-40.830088893331514,vitoria da conquista,BA
45012,-14.852946170220031,-40.805700583488445,vitoria da conquista,BA
45026,-14.872078901821626,-40.83567335587172,vitoria da conquista,BA
45027,-14.877157234147301,-40.844557892105456,vitoria da conquista,BA
45028,-14.861839997901692,-40.823996358837334,vitoria da conquista,BA
45051,-14.855443273361859,-40.85464527269733,vitoria da conquista,BA
45052,-14.872331870073072,-40.86082355890836,vitoria da conquista,BA
45055,-14.864701100563654,-40.84258947582425,vitoria da conquista,BA
45120,-14.79282531410588,-40.625292624565986,barra do choca,BA
45157,-15.477954485009848,-41.24571428220992,candido sales,BA
45200,-13.859997996363877,-40.084668347299946,jequie,BA
45263,-14.373890293319775,-40.50720409145588,bom jesus da serra,BA
45270,-14.669574171941456,-40.122280444625304,nova canaa,BA
45360,-13.439365307409346,-40.43331071784074,maracas,BA
45400,-13.367204191409803,-39.0719662526638,valenca,BA
45480,-13.228299940041628,-39.506295861448365,mutuipe,BA
45530,-14.279696054580537,-38.993800020520396,itacare,BA
45545,-14.31160550780154,-39.31843790091815,ubaitaba,BA
45570,-14.134256363320024,-39.73628797573608,ipiau,BA
45580,-14.067913952984231,-39.63991258475436,ibirataia,BA
45590,-14.432570124936387,-39.904578538190265,dario meira,BA
45600,-14.79336529333062,-39.27845921988038,itabuna,BA
45604,-14.776414874042906,-39.26576724881843,itabuna,BA
45605,-14.795317130407833,-39.270923292292814,itabuna,BA
45606,-14.80476537790736,-39.26568764061605,itabuna,BA
45630,-14.674935106787432,-39.37634349522606,itajuipe,BA
45653,-14.799150226418147,-39.034067101559344,ilheus,BA
45655,-14.822844251231132,-39.03190895015059,ilheus,BA
45656,-14.822631477407281,-39.03422954662648,ilheus,BA
45700,-15.25087590485796,-40.24424010376959,itapetinga,BA
45710,-15.110414504915589,-40.06707076332642,itororo,BA
45780,-15.65454482787812,-40.06355057608777,itarantim,BA
45800,-15.861264621846493,-38.87879318176837,belmonte,BA
45807,-16.250370224211835,-39.04155025154749,santa cruz cabralia,BA
45810,-16.432027097855745,-39.07562867228171,porto seguro,BA
45816,-16.400187212609048,-39.26274691403601,arraial d'ajuda,BA
45820,-16.37521603869197,-39.58755141159429,eunapolis,BA
45836,-17.036945722043964,-39.53454174478864,itamaraju,BA
45848,-16.576892351011832,-39.56007581891997,itabela,BA
45860,-15.673596172003467,-38.949304954144246,canavieiras,BA
45880,-15.414350130540774,-39.49559371209775,camacan,BA
45930,-18.071603357754014,-39.56837083080777,mucuri,BA
45955,-17.256416719034622,-40.02070527103256,vereda,BA
45987,-17.53488563951106,-39.734425499743466,teixeira de freitas,BA
45990,-17.54417668632646,-39.72756887987122,teixeira de freitas,BA
46100,-14.205460464439602,-41.671112056820846,brumado,BA
46220,-14.404103359723551,-42.07762183922079,rio do antonio,BA
46400,-14.064001196267634,-42.4875876306961,caetite,BA
46430,-14.223207197286886,-42.78339770003472,guanambi,BA
46445,-14.29469780358296,-43.770479430033916,carinhanha,BA
46490,-13.775638024760488,-42.71408353477745,igapora,BA
46560,13.001420173555276,-23.583939075194326,ibiajara,BA
46575,-13.33127591278641,-42.293528970394576,caturama,BA
46580,-13.548673267223352,-42.494980485923726,tanque novo,BA
46650,-13.627303617775587,-41.32764243619517,barra da estiva,BA
46810,-12.080262780117183,-41.09561826538264,utinga,BA
46880,-12.526110203660092,-40.30795839512631,itaberaba,BA
46900,-12.419056280766661,-41.77211221180393,seabra,BA
46980,-12.246594899548208,-41.60307066374758,iraquara,BA
47200,-9.620891468311969,-42.08147291322284,remanso,BA
47240,-9.996898033622134,-42.48536810560051,pilao arcado,BA
47300,-9.177388079834074,-40.98130297583368,casa nova,BA
47400,-10.823373418772064,-42.727129759767635,xique-xique,BA
47580,-11.564151518259994,-43.27671953865007,morpara,BA
47690,-13.825204329206679,-44.453887836460595,coribe,BA
47760,-12.6235237803351,-44.06177476053478,tabocas do brejo velho,BA
47800,-12.144745694647174,-44.991236805863146,barreiras,BA
47802,-12.147696738920589,-44.984901160578566,barreiras,BA
47806,-12.149248224656528,-44.9946356044561,barreiras,BA
47810,-12.136878077782695,-45.00973585261006,barreiras,BA
47813,-12.177924305463309,-44.660710516494206,barreiras,BA
47850,-12.092512976501046,-45.80692672676449,luis eduardo magalhaes,BA
47950,-12.23446807165592,-44.4100200325766,cristopolis,BA
48080,-12.130623972687959,-38.43377029796657,alagoinhas,BA
48110,-12.363840993783475,-38.38186888846312,catu,BA
48120,-12.425449890980156,-38.32736451308023,pojuca,BA
48180,-11.945978977641902,-38.0822356466142,entre rios,BA
48410,-10.593072091897264,-38.384992888434375,cicero dantas,BA
48430,-10.68050249649417,-37.86599600865977,paripiranga,BA
48480,-11.510350367865279,-38.15147738090929,crisopolis,BA
48490,-11.788063884310118,-38.35536601172614,inhambupe,BA
48601,-9.404393764766883,-38.220296794372175,paulo afonso,BA
48602,-9.404467767344052,-38.222337498861826,paulo afonso,BA
48603,-9.408942714164107,-38.22959426285921,paulo afonso,BA
48605,-9.397535125536914,-38.2263169333816,paulo afonso,BA
48609,-9.431109890516382,-38.21744324850699,paulo afonso,BA
48630,-8.859703814217283,-38.762902411426076,rodelas,BA
48700,-11.661759736331563,-39.00523646386242,serrinha,BA
48705,-11.531422232554455,-39.07759493501058,barrocas,BA
48760,-11.335260862257696,-38.96194718415279,araci,BA
48790,-10.970437251604725,-38.78907162326078,tucano,BA
48840,-10.669392366727326,-39.49764755503931,cansancao,BA
48850,-10.692505914399304,-39.853031386308174,itiuba,BA
48895,-11.463225794090727,-39.52656645345287,sao domingos,BA
48903,-9.412756196847218,-40.50144272869764,juazeiro,BA
48904,-9.420577952059855,-40.49945964100971,juazeiro,BA
48905,-9.424205163318078,-40.494066691439656,juazeiro,BA
48913,-9.447410093529491,-40.50267476552361,juazeiro,BA
48914,-9.450895754321202,-40.49429116729286,juazeiro,BA
48930,-8.973255974200578,-39.8851449228775,curaca,BA
48967,-10.33361416984474,-40.15152490130054,jaguarari,BA
49004,-11.069171319178423,-37.12184892858972,aracaju,SE
49010,-10.912450687557357,-37.05343453122495,aracaju,SE
49015,-10.922406650065621,-37.05085280943781,aracaju,SE
49020,-10.930242851157969,-37.05169080950513,aracaju,SE
49025,-10.938410731143044,-37.05714864189226,aracaju,SE
49030,-10.971621542574368,-37.06734085812269,aracaju,SE
49032,-10.970192918436357,-37.055876729900504,aracaju,SE
49035,-10.971442688185936,-37.04572365122985,aracaju,SE
49042,-10.970928967723804,-37.080983169513544,aracaju,SE
49045,-10.932214518629301,-37.06606772200168,aracaju,SE
49048,-10.942160880002492,-37.07095378394634,aracaju,SE
49050,-10.926518032378095,-37.063537926753256,aracaju,SE
49055,-10.913110813044037,-37.0617440450815,aracaju,SE
49070,-10.90222576109962,-37.07553769756351,aracaju,SE
49087,-10.89454764975538,-37.081855714053674,aracaju,SE
49090,-10.895664917664018,-37.09558197849862,aracaju,SE
49095,-10.940341097961172,-37.08177405158293,aracaju,SE
49096,-10.914798799384592,-37.08484479800094,aracaju,SE
49097,-10.933659640528752,-37.078849409032145,aracaju,SE
49300,-11.184611010697319,-38.00125690290274,tobias barreto,SE
49490,-10.715133690394454,-38.17508556926912,poco verde,SE
49500,-10.68603272438848,-37.42754801878445,itabaiana,SE
49700,-10.504290565975927,-37.053739781815864,capela,SE
49860,-10.22917261887537,-37.19691670316733,graccho cardoso,SE
49930,-10.25140701608446,-36.882810437497355,cedro de sao joao,SE
49945,-10.349199337792495,-36.885665536151365,sao francisco,SE
49980,-10.32593083501133,-36.57752881665699,neopolis,SE
50020,-8.068681328589077,-34.880565461965006,recife,PE
50070,-8.06100353741321,-34.8939166784824,recife,PE
50090,-8.074551414644215,-34.89503465007818,recife,PE
50610,-8.054715504870352,-34.90871223716132,recife,PE
50630,-8.056559537327905,-34.922924143521314,recife,PE
50680,-8.034084041636085,-34.932257005275964,recife,PE
50720,-8.057926761933738,-34.911228843041066,recife,PE
50721,-8.051279170785378,-34.93092085358946,recife,PE
50741,-8.050402509261652,-34.95866729749983,recife,PE
50760,-8.071397490767612,-34.9196281917781,recife,PE
50761,-8.070088774698869,-34.92905467726003,recife,PE
50771,-8.084161374605232,-34.92290514512792,recife,PE
50780,-8.096343126220205,-34.94029736310149,recife,PE
50810,-8.039228963785446,-34.95646659380224,recife,PE
50830,-8.06960536907466,-34.91104436610982,recife,PE
50910,-8.081899591785318,-34.94106180669521,recife,PE
50940,-8.08165713435538,-34.965712202945035,recife,PE
51010,-8.085032619062128,-34.8811190551037,recife,PE
51011,-8.09645329057116,-34.88536770944652,recife,PE
51020,-8.11529960929068,-34.896685076121976,recife,PE
51021,-8.125612939450031,-34.902732200291226,recife,PE
51030,-8.136182613627566,-34.906439367743694,recife,PE
51111,-8.106387898056237,-34.88924312207793,recife,PE
51150,-8.106595824535546,-34.914524701014734,recife,PE
51160,-8.112515819032836,-34.90640109180324,recife,PE
51230,-8.114751153121219,-34.939692913042265,recife,PE
51250,-8.135890720198345,-34.93253582376316,recife,PE
51340,-8.118066129332254,-34.956140640365916,recife,PE
52010,-8.05886714139907,-34.90021057469489,recife,PE
52011,-8.049884228325222,-34.90083430094547,recife,PE
52020,-8.04541312454502,-34.894479353801344,recife,PE
52050,-8.038318086329957,-34.89974689386329,recife,PE
52060,-8.034440315025106,-34.911548312422006,recife,PE
52061,-8.032950052294407,-34.922253906105134,recife,PE
52070,-8.028625535569644,-34.91822780516189,recife,PE
52071,-8.023081102329504,-34.92997598245863,recife,PE
52111,-8.019615464997038,-34.899350832253376,recife,PE
52121,-8.019106208372653,-34.88634822935219,recife,PE
52130,-8.009977310818632,-34.89341131584442,recife,PE
52131,-8.008530402840417,-34.90397406310135,recife,PE
52150,-8.002863458913078,-34.91268416240682,recife,PE
52170,-7.978286706256947,-34.917913405357666,recife,PE
53110,-8.027703476975502,-34.87098929763982,olinda,PE
53140,-7.977473123792891,-34.842078875265294,olinda,PE
53150,-7.964744260762524,-34.83988108028696,olinda,PE
53170,-7.987752492175717,-34.90686140154443,olinda,PE
53220,-8.011018017034472,-34.876195278299896,olinda,PE
53240,-8.007554280059292,-34.85263432892024,olinda,PE
53290,-8.007697077147153,-34.870234201873046,olinda,PE
53370,-7.993719538599385,-34.85994604666572,olinda,PE
53415,-7.933580267602221,-34.88569779728009,paulista,PE
53437,-7.931669361200958,-34.831871452955525,paulista,PE
53605,-7.8207618214384516,-34.915321130515665,igarassu,PE
53900,-7.757660338211557,-34.833207630287696,ilha de itamaraca,PE
54080,-8.111351069030638,-35.02156520274489,jaboatao dos guararapes,PE
54100,-8.122226477389788,-35.013101836641624,jaboatao dos guararapes,PE
54210,-8.098980138369901,-34.968528814875626,jaboatao dos guararapes,PE
54250,-8.108235450781182,-34.96843116770388,jaboatao dos guararapes,PE
54290,-8.129165664023848,-34.96016276282975,jaboatao dos guararapes,PE
54310,-8.157552468278572,-34.92356964778283,jaboatao dos guararapes,PE
54330,-8.165738865369326,-34.931911567962764,jaboatao dos guararapes,PE
54400,-8.157810149054237,-34.91516115893916,jaboatao dos guararapes,PE
54410,-8.175899917098215,-34.921755029952614,jaboatao dos guararapes,PE
54430,-8.19326466786682,-34.92911296365955,jaboatao dos guararapes,PE
54440,-8.202085443907203,-34.92245461318402,jaboatao dos guararapes,PE
54450,-8.19984274049318,-34.92236703458023,jaboatao dos guararapes,PE
54510,-8.280863233446633,-35.02960961209838,cabo de santo agostinho,PE
54520,-8.301868561277852,-35.025851716877916,cabo de santo agostinho,PE
54580,-8.239763893945032,-34.985254322114336,cabo de santo agostinho,PE
54705,-8.005510159083633,-35.01797768246905,sao lourenco da mata,PE
54753,-8.015102646633885,-34.97090707321031,camaragibe,PE
54768,-8.014777380978769,-34.991371865429336,camaragibe,PE
54783,-7.948808380673423,-35.021630304393824,camaragibe,PE
54786,-7.9571435979955165,-35.00979604606584,camaragibe,PE
55004,-8.285133447365824,-35.97077216910167,caruaru,PE
55014,-8.26979588703109,-35.97535579092357,caruaru,PE
55024,-8.287606780171743,-35.95590223017341,caruaru,PE
55036,-8.28378252088246,-35.99557453512202,caruaru,PE
55153,-8.332724799842504,-36.42985842301606,belo jardim,PE
55170,-8.11975896574784,-36.34744143794997,brejo da madre de deus,PE
55194,-7.951022032995429,-36.20884466888371,santa cruz do capibaribe,PE
55200,-8.36168493950807,-36.69857349963936,pesqueira,PE
55270,-8.577258452434604,-36.87303335441732,venturosa,PE
55291,-8.907623679670822,-36.48062797784638,garanhuns,PE
55296,-8.887719515839382,-36.48025270211849,garanhuns,PE
55325,-9.024839005157318,-36.57020044972058,brejão,PE
55330,-9.176329291731035,-36.68004491131996,bom conselho,PE
55340,-9.108812539014634,-37.117020266836576,aguas belas,PE
55345,-9.055876450755328,-36.85541970739244,iati,PE
55360,-8.774425478355141,-36.62489739458794,caetes,PE
55385,-8.661327866132831,-36.32293402454861,lajedo,PE
55400,-8.66542534670664,-35.726036765833456,catende,PE
55495,-8.45504693653698,-35.94651434518298,agrestina,PE
55500,-8.366340905422762,-35.24120297027231,escada,PE
55535,-8.62415102224325,-35.526080456068776,joaquim nabuco,PE
55540,-8.68031200519373,-35.58892050493797,palmares,PE
55612,-8.116243569432479,-35.287293361625345,vitoria de santo antao,PE
55614,-8.124927668838662,-35.28904708881622,vitoria de santo antao,PE
55642,-8.197693541364536,-35.55824465353485,gravata,PE
55644,-8.210337611133573,-35.579983281493035,gravata,PE
55655,-8.010752115238366,-35.6985165051966,cumaru,PE
55660,-8.236645735574934,-35.754820871795225,bezerros,PE
55690,-8.420432402918046,-35.661620866823256,barra de guabiraba,PE
55750,-7.841478546195655,-35.75945003965524,surubim,PE
55813,-7.849688282918519,-35.258967978114676,carpina,PE
55814,-7.845872969859305,-35.263928710856156,carpina,PE
55870,-7.511929938098343,-35.31684951447656,timbauba,PE
55940,-7.587710043104442,-35.10230029118218,condado,PE
56000,-8.070960881795754,-39.123477300472686,salgueiro,PE
56170,-8.617094295363048,-39.60183695539925,oroco,PE
56180,-8.506721376676866,-39.309094429333996,cabrobo,PE
56200,-7.887590132628159,-40.08427106445938,ouricuri,PE
56250,-7.760725407909577,-40.268337322077066,trindade,PE
56280,-7.577678685814366,-40.501362066517,araripina,PE
56304,-9.393612108471578,-40.50075029186138,petrolina,PE
56306,-9.387946394923306,-40.51177920634421,petrolina,PE
56308,-9.394953002962945,-40.51367507775067,petrolina,PE
56310,-9.381290778388324,-40.53232435840612,petrolina,PE
56314,-9.369440533528255,-40.53616224249572,petrolina,PE
56321,-9.369420180117771,-40.50782533802839,petrolina,PE
56328,-9.38898466176481,-40.48899850698815,petrolina,PE
56330,-9.383555604898802,-40.49564362903116,petrolina,PE
56332,-9.387578875425405,-40.46695943734612,petrolina,PE
56395,-9.000529077860106,-40.26335980543693,lagoa grande,PE
56400,-8.597804297170457,-38.56979971118692,floresta,PE
56460,-8.977994568290818,-38.22122765434695,petrolandia,PE
56700,-7.58660639733172,-37.46428191716004,sao jose do egito,PE
56780,-7.590727896323007,-37.53988021706025,tabira,PE
56800,-7.759829833939791,-37.560205074371495,afogados da ingazeira,PE
56820,-7.805111757090515,-37.793539344355686,caraiba,PE
56980,-8.12563596318617,-38.729259157399184,mirandiba,PE
57010,-9.668679847220162,-35.75574304724285,maceio,AL
57014,-9.658378160802346,-35.75674875169309,maceio,AL
57017,-9.637041923439382,-35.7474010560078,maceio,AL
57025,-9.660175999861593,-35.72199570640058,maceio,AL
57030,-9.665432208615636,-35.714686163543305,maceio,AL
57035,-9.656989321235258,-35.70666800920401,maceio,AL
57036,-9.647710958994772,-35.7062043191036,maceio,AL
57038,-9.626772284358768,-35.699027251486186,maceio,AL
57040,-9.64092597953894,-35.724147494703004,maceio,AL
57042,-9.618112802419594,-35.72922890501117,maceio,AL
57046,-9.606480228390812,-35.722902034496016,maceio,AL
57051,-9.65500237749353,-35.7344014288952,maceio,AL
57052,-9.624370714206643,-35.73376401603869,maceio,AL
57055,-9.635531947101397,-35.73975049585031,maceio,AL
57061,-9.592062745036044,-35.76320801183021,maceio,AL
57074,-9.55295526322778,-35.74681944057776,maceio,AL
57080,-9.595761133760632,-35.74882663845112,maceio,AL
57081,-9.575134597714507,-35.75675721815111,maceio,AL
57085,-9.558634084311775,-35.739141182769316,maceio,AL
57100,-9.497191293262231,-35.83329662981412,rio largo,AL
57150,-9.599890845411252,-35.95674769602995,pilar,AL
57200,-10.286413219075994,-36.568256813115546,penedo,AL
57265,-9.91132355428027,-36.35627070556906,teotonio vilela,AL
57305,-9.750486268406371,-36.67025543735731,arapiraca,AL
57330,-9.827487317738328,-36.7417918595071,lagoa da canoa,AL
57370,-9.96793244548259,-37.00287410022483,traipu,AL
57440,-9.603077766424372,-37.24771684332587,monteiropolis,AL
57480,-9.382493141218601,-38.01055015095292,delmiro gouveia,AL
57601,-9.41351174055005,-36.63639383676392,palmeira dos indios,AL
57607,-9.417336430817024,-36.643864727695956,palmeira dos indios,AL
57608,-9.410005917339076,-36.647410054144544,palmeira dos indios,AL
57620,-9.538272597390494,-36.63124087632698,igaci,AL
57945,-9.156245682424096,-35.30990791947603,porto de pedras,AL
57955,-9.007675987232085,-35.220048242659786,maragogi,AL
57975,-8.918939545163434,-35.72990569030661,colonia leopoldina,AL
58010,-7.1204025589403095,-34.884964270749414,joao pessoa,PB
58025,-7.111778900002026,-34.86535122865849,joao pessoa,PB
58035,-7.068379563936202,-34.842415611792,joao pessoa,PB
58037,-7.085468146787567,-34.83618299866859,joao pessoa,PB
58038,-7.105146304157038,-34.834452360777874,joao pessoa,PB
58039,-7.115646650447572,-34.82739106390502,joao pessoa,PB
58046,-7.145019004910884,-34.824357469158166,joao pessoa,PB
58052,-7.155813301182272,-34.836784337249455,joao pessoa,PB
58067,-7.211811591712442,-34.85040001298635,joao pessoa,PB
58069,-7.170199148498863,-34.87702715528325,joao pessoa,PB
58071,-7.162656320137846,-34.87027191821797,joao pessoa,PB
58074,-7.17472353975664,-34.85714249642045,joao pessoa,PB
58078,-7.180295984520394,-34.8824502871452,joao pessoa,PB
58085,-7.144269582190454,-34.88807375937794,joao pessoa,PB
58170,-6.722975852710321,-36.05636685098978,barra de santa rosa,PB
58178,-6.455501841703926,-36.20590796891664,nova floresta,PB
58220,-6.748088778361755,-35.63143101928754,bananeiras,PB
58280,-6.837168594957803,-35.12688719306731,mamanguape,PB
58301,-7.1320375415386605,-34.98123045014621,santa rita,PB
58305,-7.12832158346477,-34.91319055478633,bayeux,PB
58306,-7.125235405112686,-34.921206764714576,bayeux,PB
58320,-7.433968779567003,-34.910447698646784,alhandra,PB
58388,-7.041755696576409,-35.63219332049747,alagoa grande,PB
58400,-7.21946865312162,-35.89009882278153,campina grande,PB
58406,-7.216352227994898,-35.869551856369704,campina grande,PB
58407,-7.227950443398683,-35.86967213102924,campina grande,PB
58410,-7.239732578370142,-35.878940748373566,campina grande,PB
58414,-7.239387292120763,-35.894350587508924,campina grande,PB
58418,-7.259828499568576,-35.90795349578872,campina grande,PB
58421,-7.269665548704375,-35.92247453776104,campina grande,PB
58431,-7.208664515674982,-35.92392155667366,campina grande,PB
58432,-7.242654004144222,-35.921386202832984,campina grande,PB
58475,-7.361945970086667,-35.899161236150825,queimadas,PB
58600,-6.8722119828591275,-36.917456203062436,santa luzia,PB
58701,-7.034988385150796,-37.28415466077647,patos,PB
58704,-7.017301362929116,-37.284414647137915,patos,PB
58745,-7.387134648529148,-37.508443536306565,imaculada,PB
58801,-6.755183825899877,-38.224023819389984,sousa,PB
58804,-6.770668421107524,-38.226996211239886,sousa,PB
58818,-6.6181673112694925,-38.09634112809656,sao francisco,PB
58840,-6.7675469145337415,-37.79582970815996,pombal,PB
58860,-6.5983787544880474,-37.62309129188835,paulista,PB
58865,-6.491794555348289,-37.45186210632904,sao bento,PB
58880,-6.376879978247281,-37.825443446792654,brejo dos santos,PB
58884,-6.354803150332728,-37.721572491346556,catole do rocha,PB
58900,-6.887745156328404,-38.55894250887899,cajazeiras,PB
59012,-5.779975675771432,-35.20015898583558,natal,RN
59014,-5.789817888864893,-35.192418406445576,natal,RN
59015,-5.80575751660412,-35.199733841905676,natal,RN
59020,-5.792244362728698,-35.201519792539244,natal,RN
59054,-5.811200387378497,-35.22011226834218,natal,RN
59056,-5.8176185536918545,-35.20508926971087,natal,RN
59063,-5.822190535664666,-35.22120711888331,natal,RN
59067,-5.870991776498122,-35.22867421536271,natal,RN
59068,-5.85807323002309,-35.23933298255136,natal,RN
59069,-5.84756120198158,-35.24208155145853,natal,RN
59075,-5.8235971150512675,-35.208431584894505,natal,RN
59077,-5.8402480652230375,-35.20793075034625,natal,RN
59082,-5.86257940664892,-35.196030967864836,natal,RN
59084,-5.869612637565207,-35.20098681984582,natal,RN
59086,-5.866604369212288,-35.210272877738205,natal,RN
59090,-5.87992875883264,-35.17693590893308,natal,RN
59112,-5.755568285660706,-35.25893319528012,natal,RN
59122,-5.749755906362356,-35.22386647162744,natal,RN
59124,-5.746629791112075,-35.24746629248232,natal,RN
59125,-5.746578225261904,-35.2433396370339,natal,RN
59127,-5.750473799731762,-35.25079971523115,natal,RN
59140,-5.924296491286361,-35.263947226566856,parnamirim,RN
59143,-5.9292523417666745,-35.270042089373675,parnamirim,RN
59151,-5.883632920510785,-35.20384948972186,parnamirim,RN
59152,-5.886563452788081,-35.208241315938245,parnamirim,RN
59158,-5.923446049706152,-35.219361727338,parnamirim,RN
59200,-6.227792244781999,-36.02104583129707,santa cruz,RN
59215,-6.4801497212964305,-35.432799303715115,nova cruz,RN
59295,-5.771836310002838,-35.28010726441113,sao goncalo do amarante,RN
59296,-5.774190270584408,-35.271143276096765,sao goncalo do amarante,RN
59343,-6.587777586515777,-36.77417649588248,jardim do serido,RN
59360,-6.689736437594984,-36.66057082946716,parelhas,RN
59380,-6.259324714082862,-36.518752632087725,currais novos,RN
59598,-5.114496526784273,-36.32302709972073,guamare,RN
59610,-5.190287925014005,-37.33984428255541,mossoro,RN
59611,-5.181754798018344,-37.347160528981796,mossoro,RN
59615,-5.152744611819865,-37.35494664194081,mossoro,RN
59631,-5.213570953984841,-37.33623578092242,mossoro,RN
59900,-6.11306189477227,-38.20667004551809,pau dos ferros,RN
59920,-6.211259206195411,-38.49626229332373,sao miguel,RN
59965,-6.413355657069214,-38.013967260122904,alexandria,RN
60050,-3.7439349481207556,-38.52761765665849,fortaleza,CE
60055,-3.742130649184098,-38.52390517081265,fortaleza,CE
60060,-3.723469600166843,-38.51591994035029,fortaleza,CE
60115,-3.73456878838418,-38.51053386926288,fortaleza,CE
60120,-3.748384587414396,-38.510088185799326,fortaleza,CE
60135,-3.7451462381296663,-38.5040410642394,fortaleza,CE
60150,-3.735471102599029,-38.501022682210376,fortaleza,CE
60160,-3.7300528406584963,-38.499833994622506,fortaleza,CE
60165,-3.725588915058424,-38.49344824821249,fortaleza,CE
60175,-3.7356276023136723,-38.48260091771711,fortaleza,CE
60180,-3.7148263334933453,-38.47048474307843,fortaleza,CE
60181,-3.729277220012794,-38.47271326697475,fortaleza,CE
60190,-3.7513745339018505,-38.47240235396532,fortaleza,CE
60192,-3.744184712706461,-38.48418839463074,fortaleza,CE
60320,-3.7280920246056684,-38.55705475100283,fortaleza,CE
60325,-3.73019985250735,-38.553402163493715,fortaleza,CE
60335,-3.7154175884802743,-38.564747180940365,fortaleza,CE
60340,-3.7246990544019254,-38.58004324762984,fortaleza,CE
60347,-3.716409164713622,-38.589810600460936,fortaleza,CE
60348,-3.7174904631035073,-38.59928475757381,fortaleza,CE
60353,-3.723632954593798,-38.60436072809454,fortaleza,CE
60355,-3.7317088655504693,-38.56963160405948,fortaleza,CE
60410,-3.763645860818206,-38.539839250582176,fortaleza,CE
60416,-3.7554090132905675,-38.54512901740256,fortaleza,CE
60420,-3.766617871763346,-38.54172724751307,fortaleza,CE
60426,-3.75503333886186,-38.55274495981473,fortaleza,CE
60430,-3.7459882152039983,-38.55147347834274,fortaleza,CE
60455,-3.7417755077038035,-38.560146132409635,fortaleza,CE
60510,-3.762982984352418,-38.58118403018607,fortaleza,CE
60525,-3.768000657007669,-38.58527826668291,fortaleza,CE
60533,-3.7657567872976583,-38.61046888315293,fortaleza,CE
60540,-3.7855859148770437,-38.613777776789036,fortaleza,CE
60543,-3.792494451763235,-38.601169715695775,fortaleza,CE
60711,-3.80137211587103,-38.564348297860455,fortaleza,CE
60712,-3.8006973441168093,-38.5663343163709,fortaleza,CE
60730,-3.79107420237575,-38.583174278210166,fortaleza,CE
60741,-3.7899436621017473,-38.550588541500204,fortaleza,CE
60743,-3.8009489661671703,-38.53712134659461,fortaleza,CE
60763,-3.8145484516910106,-38.58547446480213,fortaleza,CE
60811,-3.771710234511463,-38.488787914008405,fortaleza,CE
60813,-3.781373736254397,-38.486321541229174,fortaleza,CE
60821,-3.787173944140928,-38.49286750734524,fortaleza,CE
60822,-3.798682743515933,-38.49320832483779,fortaleza,CE
60841,-3.8195324538029514,-38.491708218160824,fortaleza,CE
60844,-3.8238702206247828,-38.47843508196411,fortaleza,CE
60861,-3.8053468639357635,-38.524001339290294,fortaleza,CE
60862,-3.8161216063878354,-38.517643400873844,fortaleza,CE
60866,-3.834777063310085,-38.52150199200992,fortaleza,CE
60873,-3.855464883812208,-38.498657096328095,fortaleza,CE
61624,-3.6635261992528894,-38.6837553960604,caucaia,CE
61631,-3.6969166604073815,-38.596096217271835,caucaia,CE
61645,-3.755693039997342,-38.613961350534574,caucaia,CE
61658,-3.7667659956037407,-38.65536409195577,caucaia,CE
61700,-3.912322652354214,-38.376434985468876,aquiraz,CE
61760,-3.8780846128375694,-38.4586571230597,eusebio,CE
61809,-3.907262551320178,-38.599590051605446,pacatuba,CE
61814,-3.892540242565715,-38.60542420310129,pacatuba,CE
61900,-3.8788741702259135,-38.618745979476834,maracanau,CE
61932,-3.858717379326444,-38.584384257815714,maracanau,CE
61933,-3.8689208715978345,-38.60140637290832,maracanau,CE
61962,-3.9532422291143487,-38.69394848431213,lages,CE
62022,-3.6851137814213644,-40.36402965886259,sobral,CE
62030,-3.676361655771074,-40.36271854178773,sobral,CE
62051,-3.697676475900594,-40.34057120902246,sobral,CE
62180,-3.979862753185089,-40.696004315252104,pacuja,CE
62265,-4.180568412190747,-40.42480973254835,varjota,CE
62320,-3.725711352106951,-40.991608750382554,tiangua,CE
62340,-3.7589905989603696,-40.816151637596896,frecheirinha,CE
62360,-3.924749169815321,-40.893261936065585,ibiapina,CE
62380,-4.168617502766975,-40.767751448918865,guaraciaba do norte,CE
62400,-2.9042495798412467,-40.846325303002686,camocim,CE
62430,-3.1306389318396124,-40.84321613776741,granja,CE
62500,-3.496197840386694,-39.58093372474767,itapipoca,CE
62580,-2.8902381436643245,-40.110782071834926,acarau,CE
62595,-2.910768029629216,-40.19592023640867,cruz,CE
62598,-2.8629997768294237,-40.47832447728354,jijoca de jericoacoara,CE
62600,-3.6873325423106107,-39.58357917958479,itapaje,CE
62670,-3.603407789249077,-38.97122147447192,sao goncalo do amarante,CE
62685,-3.436832300222164,-39.149632430369145,paraipaba,CE
62700,-4.3559287899539,-39.314376212285076,caninde,CE
62740,-4.561920902281472,-38.9208509076592,itapiuna,CE
62760,-4.333220344027544,-38.8785689916331,baturite,CE
62790,-4.230045613748753,-38.72918190103788,redencao,CE
62800,-4.566714237937559,-37.76420388407891,aracati,CE
62823,-4.840907944503906,-37.781214193406534,jaguaruana,CE
62840,-4.1840316734497085,-38.12315905366045,beberibe,CE
62850,-4.132849103486437,-38.24159314064651,cascavel,CE
62870,-4.175669333979667,-38.46376761942315,pacajus,CE
62910,-4.7456620869071395,-37.96176139959635,palhano,CE
62930,-5.1634832018087975,-38.10503994263532,limoeiro do norte,CE
63010,-7.205203751225355,-39.31553684194381,juazeiro do norte,CE
63011,-7.198652319088752,-39.31943287260665,juazeiro do norte,CE
63030,-7.2254048139028235,-39.30084736198093,juazeiro do norte,CE
63034,-7.2274788727953,-39.31421354828775,juazeiro do norte,CE
63122,-7.228197847808331,-39.39807407938012,crato,CE
63125,-7.237091763896688,-39.39557541823201,crato,CE
63150,-7.07508607869851,-40.37356961584002,campos sales,CE
63180,-7.310555661406291,-39.30173021019368,barbalha,CE
63195,-6.999919634947142,-39.739299453186206,altaneira,CE
63300,-6.753572603131509,-38.99100741638856,lavras da mangabeira,CE
63360,-6.944245619931199,-38.965894156976866,aurora,CE
63430,-6.400125364972757,-38.86025558900954,ico,CE
63470,-6.031735490122187,-38.34898110650219,erere,CE
63502,-6.375823318432586,-39.299358527401864,iguatu,CE
63515,-6.241155539473785,-39.19200029464084,quixelo,CE
63520,-6.244549790818907,-38.91497112899601,oros,CE
63560,-6.094117746073023,-39.44897848740864,acopiara,CE
63610,-5.745164121760787,-39.628785542900346,mombaca,CE
63660,-6.001905413296545,-40.29321156760679,taua,CE
63680,-6.2102878470152,-40.696809343504476,parambu,CE
63765,-4.942380930005896,-40.53798304931322,sucesso,CE
64000,-5.084945725256096,-42.81075169349788,teresina,PI
64002,-5.074337902069725,-42.813285464675644,teresina,PI
64006,-5.0530118282385645,-42.81479234612184,teresina,PI
64015,-5.0980858310006205,-42.79142067143932,teresina,PI
64016,-5.103058257575272,-42.796010089066414,teresina,PI
64017,-5.1085201957185475,-42.79309254426713,teresina,PI
64019,-5.112437551061648,-42.80757474795396,teresina,PI
64033,-5.12360945433745,-42.76834387096315,teresina,PI
64034,-5.176091756573893,-42.78503322704989,teresina,PI
64049,-5.068139262933195,-42.78868774913422,teresina,PI
64055,-5.067748225237531,-42.76512915334239,teresina,PI
64056,-5.069187073741513,-42.766267515156315,teresina,PI
64067,-5.0073321800773725,-42.78044856201266,teresina,PI
64076,-5.116408971496599,-42.761888422820775,teresina,PI
64077,-5.102080125293338,-42.75820984360813,teresina,PI
64078,-5.103348715678189,-42.7527932873658,teresina,PI
64079,-5.113239831333186,-42.75174538789214,teresina,PI
64110,-4.755900812795437,-42.576211648165696,jose de freitas,PI
64180,-3.892214362211174,-42.23397063735173,esperantina,PI
64208,-2.9199945121832185,-41.745495323431996,parnaiba,PI
64218,-2.912935824415898,-41.77880306772577,parnaiba,PI
64230,-3.1774929264642595,-41.869414966186056,buriti dos lopes,PI
64245,-3.811342009204952,-41.8317265701314,sao jose do divino,PI
64260,-4.276353324093241,-41.778085846855895,piripiri,PI
64280,-4.830288661012602,-42.16987422607917,campo maior,PI
64290,-5.037933605097157,-42.45957464672137,altos,PI
64330,-5.503124691594767,-41.32302819869242,sao miguel do tapuio,PI
64340,-5.319299883533075,-41.5509639057129,castelo do piaui,PI
64410,-6.079023820168208,-42.736124286027476,angical do piaui,PI
64500,-7.015859272902651,-42.1265255109234,oeiras,PI
64600,-7.085030293218806,-41.46986633554552,picos,PI
64764,-8.074450129153925,-42.04957577845157,nova santa rita,PI
64800,-6.771735084011542,-43.02309333518363,floriano,PI
64803,-6.764045936317328,-43.01072930155525,floriano,PI
64806,-6.776733150899384,-43.01649873460373,floriano,PI
64840,-6.795479563943147,-43.58669258623527,guadalupe,PI
64965,-10.141657474791316,-43.94873133203079,avelino lopes,PI
65010,-2.5351032171260184,-44.2921267421155,sao luis,MA
65015,-2.534954937999679,-44.29853154585453,sao luis,MA
65043,-2.557557172506236,-44.24989706887715,sao luis,MA
65045,-2.54930673227953,-44.249808466086925,sao luis,MA
65046,-2.548378542553634,-44.25038382926302,sao luis,MA
65047,-2.5482538294985093,-44.23602052858281,sao luis,MA
65058,-2.570935999584228,-44.206467572744536,sao luis,MA
65059,-2.5522714272276668,-44.231575384373414,sao luis,MA
65060,-2.545260736873305,-44.23499277150638,sao luis,MA
65061,-2.5336578093695037,-44.25081030754342,sao luis,MA
65062,-2.5360460779270935,-44.23733928870707,sao luis,MA
65063,-2.5311246743778053,-44.235621931583225,sao luis,MA
65065,-2.5009524541003874,-44.227083760380225,sao luis,MA
65066,-2.5163034117548713,-44.228187724421865,sao luis,MA
65067,-2.5129995424374734,-44.23434294925938,sao luis,MA
65071,-2.4997908124494073,-44.26102004950506,sao luis,MA
65072,-2.5012422006260024,-44.24816336596761,sao luis,MA
65073,-2.5176521621982775,-44.2414893659331,sao luis,MA
65075,-2.502220358616744,-44.292314166685316,sao luis,MA
65076,-2.514354534857996,-44.298134692298916,sao luis,MA
65077,-2.4979931084532363,-44.297760534341826,sao luis,MA
65110,-2.551847789349706,-44.13900201110609,sao jose de ribamar,MA
65130,-2.532493843274056,-44.16157841476527,paco do lumiar,MA
65200,-2.523977179331303,-45.08620291497239,pinheiro,MA
65245,-2.5778026730853143,-44.85721804208877,peri mirim,MA
65279,-2.3801968556878568,-45.82428533682955,presidente medici,MA
65300,-3.6616241546510273,-45.37997306071832,santa ines,MA
65302,-3.656914466243523,-45.37064073246889,santa ines,MA
65306,-3.6687063599388186,-45.38371993068824,santa ines,MA
65350,-3.484247762721612,-44.88048988234321,vitoria do mearim,MA
65370,-3.619697420144632,-45.349365699330235,pindare mirim,MA
65400,-4.461757206996403,-43.8915996078408,codo,MA
65430,-3.544078339355614,-43.91826140002698,vargem grande,MA
65470,-4.032419259620942,-44.46584504982399,sao mateus do maranhao,MA
65495,-3.563524483801414,-44.58210331397584,miranda do norte,MA
65500,-3.7407619665087135,-43.36051089473439,chapadinha,MA
65510,-3.624041087270268,-43.114992633354376,mata roma,MA
65530,-3.2083187108705644,-43.403096500833485,urbano santos,MA
65580,-2.77093891489611,-42.277150306483854,tutoia,MA
65604,-4.866526843587077,-43.34752639015425,caxias,MA
65609,-4.8720584198332535,-43.35529172651559,caxias,MA
65640,-5.681526563363478,-43.09391386530676,parnarama,MA
65680,-6.1798968851136795,-43.77918230870625,passagem franca,MA
65695,-5.73270945714518,-44.15547422094826,fortuna,MA
65700,-4.226384665835355,-44.78906394035817,bacabal,MA
65740,-4.753592281421204,-44.94242988623388,pocao de pedras,MA
65750,-4.8785892070831185,-44.88337792727722,esperantinopolis,MA
65760,-5.293304861195717,-44.491505261222876,presidente dutra,MA
65790,-5.5822651212599395,-44.38091613660304,sao domingos do maranhao,MA
65800,-7.5314749353251536,-46.04310515312331,balsas,MA
65810,-9.123470479520625,-45.94508688654757,alto parnaiba,MA
65911,-5.506636293632463,-47.47666734253774,imperatriz,MA
65922,-5.446864870927711,-47.4051889210353,joao lisboa,MA
65940,-5.817305107497372,-46.145619493592214,grajau,MA
65950,-5.504495037749826,-45.24672365808475,barra do corda,MA
66020,-1.4607701372238084,-48.50096498242361,belem,PA
66023,-1.461373632765339,-48.49752980963692,belem,PA
66030,-1.469043339431253,-48.4890623958907,belem,PA
66033,-1.4610605070227303,-48.483918554515625,belem,PA
66040,-1.455600001062288,-48.47938144871037,belem,PA
66045,-1.4615054801746241,-48.478980588157775,belem,PA
66050,-1.4370180847469327,-48.487057310935164,belem,PA
66053,-1.448011681306518,-48.49023011768201,belem,PA
66055,-1.4445041744248075,-48.48446990449775,belem,PA
66060,-1.4484997588470065,-48.47542034972687,belem,PA
66063,-1.4563080142743756,-48.472132103133944,belem,PA
66065,-1.4645610334319499,-48.47439347655286,belem,PA
66075,-1.4593114978281942,-48.463340380582466,belem,PA
66080,-1.4265555698575172,-48.465663313873534,belem,PA
66085,-1.433680665507954,-48.46977258818888,belem,PA
66087,-1.4266351108520052,-48.46411642706418,belem,PA
66093,-1.4381418066601233,-48.462479406456524,belem,PA
66095,-1.436809214433568,-48.45544744997613,belem,PA
66113,-1.4308782634823864,-48.48400822665942,belem,PA
66615,-1.4004072947378041,-48.45178393446656,belem,PA
66630,-1.3791963653325696,-48.46563687354235,belem,PA
66635,-1.3279742124295733,-48.45553890730204,belem,PA
66810,-1.2882050022939955,-48.47619588223951,belem,PA
66811,-1.3010545762184877,-48.470231163795134,belem,PA
66812,-1.312214053330499,-48.48315851352102,belem,PA
66813,-1.321536304768198,-48.47228603185361,belem,PA
66825,-1.3551954730646152,-48.4783450815187,belem,PA
66833,-1.3271626008331705,-48.453637922630584,belem,PA
66914,-1.2309548124422154,-48.45013189563218,belem,PA
67013,-1.3800693425525121,-48.4155685112378,ananindeua,PA
67030,-1.3656248850543076,-48.38423467401917,ananindeua,PA
67033,-1.3729866826398887,-48.37342724162104,ananindeua,PA
67113,-1.3728254198129237,-48.4189487717972,ananindeua,PA
67115,-1.364000311069558,-48.41415064143284,ananindeua,PA
67130,-1.365623483493968,-48.404661798836536,ananindeua,PA
67133,-1.3591901571287894,-48.402328278264214,ananindeua,PA
67143,-1.353798777363931,-48.39245051533584,ananindeua,PA
67200,-1.3669818638394693,-48.33763710174524,marituba,PA
68005,-2.4248631006952497,-54.71228650484827,santarem,PA
68040,-2.427790186317368,-54.72992362073071,santarem,PA
68138,-3.866943073901409,-54.217563134175556,placas,PA
68148,-3.3029288946406257,-52.53943255841229,brasil novo,PA
68170,-2.159039051529266,-56.08520031207944,juruti,PA
68193,-7.093480792948906,-55.40306116634601,novo progresso,PA
68372,-3.2169210873579974,-52.221921540281016,altamira,PA
68375,-3.1956772171548518,-52.21765295723387,altamira,PA
68400,-2.2506345490931,-49.49773502092509,cameta,PA
68440,-1.7230241817101852,-48.88106537387817,abaetetuba,PA
68448,-1.5650067328210797,-48.761537583255155,murucupi,PA
68459,-3.779341420956579,-49.6726041939684,tucurui,PA
68470,-2.0050840872794637,-49.85879971902692,oeiras do para,PA
68473,-4.258293108188548,-49.97543464497394,novo repartimento,PA
68501,-5.379029058855997,-49.13068889186578,maraba,PA
68503,-5.369681393207208,-49.117481015561495,maraba,PA
68515,-6.074386550627748,-49.90637044692308,parauapebas,PA
68537,-6.525210475145853,-49.872794593454344,canaa dos carajas,PA
68552,-8.035249342143262,-50.03958081763671,redencao,PA
68555,-7.084785800609985,-49.92163593911829,xinguara,PA
68600,-1.0591690163111305,-46.7684589300373,braganca,PA
68626,-2.997589409724026,-47.35837753808218,paragominas,PA
68628,-2.983374721607248,-47.34985101585513,paragominas,PA
68633,-4.289137525194669,-47.568081009372996,dom eliseu,PA
68638,-4.772530697506351,-48.072662966501575,rondon do para,PA
68647,-1.077780067763653,-46.90300475031508,tracuateua,PA
68658,-2.1350551769507287,-47.55795963271966,aurora do para,PA
68660,-1.6121134438487106,-47.48467203035956,sao miguel do guama,PA
68665,-1.9343796360836623,-47.050272013776514,garrafao do norte,PA
68682,-2.584963132258858,-49.12518472623518,quatro bocas,PA
68740,-1.2991414016707559,-47.93207077840323,castanhal,PA
68750,-0.7338251857113621,-47.853523548405455,curuca,PA
68900,0.03566646686070392,-51.06310281589391,macapa,AP
68901,0.03339460087922298,-51.06788438751214,macapa,AP
68902,0.017415455319597338,-51.07016443149133,macapa,AP
68904,0.0164286012805845,-51.08290726940967,macapa,AP
68908,0.05570875587618022,-51.061550391056954,macapa,AP
69018,-2.9729251661779674,-60.004894783011686,manaus,AM
69025,-3.120035553106245,-60.02499960797718,manaus,AM
69035,-3.1061686267997723,-60.06110451585891,manaus,AM
69037,-3.0722862661958668,-60.08166537799496,manaus,AM
69044,-3.0650170637724843,-60.05898192929597,manaus,AM
69054,-3.073350152453084,-60.00195277435232,manaus,AM
69074,-3.135250781327465,-60.0054613649678,manaus,AM
69085,-3.0698215056718423,-59.95642763625398,manaus,AM
69093,-3.0190548983840833,-60.009304722092956,manaus,AM
69301,2.822774636701947,-60.6706976914915,boa vista,RR
69303,2.8112506417828613,-60.67829724669432,boa vista,RR
69314,2.823095506701589,-60.73542506403538,boa vista,RR
69800,-7.515035839188224,-63.020308663627866,humaita,AM
69900,-9.967843044507292,-67.81328446862534,rio branco,AC
69901,-9.95935155986708,-67.80548084063032,rio branco,AC
69906,-9.993371562888607,-67.81643310389886,rio branco,AC
69908,-9.979282220514099,-67.88020368411595,rio branco,AC
69915,-9.977963621769732,-67.83430606526895,rio branco,AC
69918,-9.956478682438016,-67.82849981530686,rio branco,AC
69919,-9.955303078156795,-67.84853785183275,rio branco,AC
69925,-10.153304051241047,-67.73425773430944,senador guiomard,AC
70040,-15.791769706579188,-47.87906990581182,brasilia,DF
70070,-15.784913720927284,-47.893015075867154,brasilia,DF
70200,-15.815630628466874,-47.85521104544847,brasilia,DF
70235,-15.813194505700217,-47.89330451642299,brasilia,DF
70254,-15.819884898376204,-47.901313385757675,brasilia,DF
70258,-15.821871393060118,-47.90111023732908,brasilia,DF
70276,-15.82590986050251,-47.90466747209377,brasilia,DF
70297,-15.831099138572949,-47.91445523637194,brasilia,DF
70298,-15.836117702699445,-47.91868367371064,brasilia,DF
70299,-15.837829737122709,-47.92100626929294,brasilia,DF
70337,-15.806440837638284,-47.89624333671012,brasilia,DF
70340,-15.797740677119632,-47.89371336021911,brasilia,DF
70351,-15.810962514850353,-47.90569851681274,brasilia,DF
70361,-15.819353688493397,-47.91662341947235,brasilia,DF
70363,-15.818503614963571,-47.911093215090034,brasilia,DF
70383,-15.826242987249175,-47.92164493617342,brasilia,DF
70384,-15.827493762553393,-47.92443250257792,brasilia,DF
70422,-15.824901524310992,-47.8925856261604,brasilia,DF
70645,-15.781852449476983,-47.934055062534235,brasilia,DF
70648,-15.788493200806588,-47.936096761660956,brasilia,DF
70650,-15.798037478325742,-47.942735461883565,brasilia,DF
70655,-15.797091758842974,-47.93699734599853,brasilia,DF
70658,-15.794687183997043,-47.93546669816589,brasilia,DF
70660,-15.806495753791173,-47.94217524407976,brasilia,DF
70670,-15.801919570438303,-47.9236634124868,brasilia,DF
70673,-15.800124253044523,-47.92840964784617,brasilia,DF
70680,-15.784431863233904,-47.917045573510414,brasilia,DF
70719,-15.786283585240913,-47.88911797837572,brasilia,DF
70734,-15.772567582713906,-47.88349979187399,brasilia,DF
70735,-15.780190808637096,-47.88689436958269,brasilia,DF
70737,-15.772888898609335,-47.88628830959999,brasilia,DF
70740,-15.76795567997682,-47.89101172793277,brasilia,DF
70743,-15.766207333326598,-47.884728156030036,brasilia,DF
70744,-15.763580590800172,-47.885824257152535,brasilia,DF
70745,-15.770179695567686,-47.88701554857543,brasilia,DF
70750,-15.759941938987497,-47.894498979205224,brasilia,DF
70764,-15.745605517370517,-47.8920414132894,brasilia,DF
70765,-15.751752690236298,-47.89295960849136,brasilia,DF
70767,-15.745499125961473,-47.89486592426569,brasilia,DF
70770,-15.739482811357679,-47.89941620534654,brasilia,DF
70773,-15.738457006482582,-47.89413323303607,brasilia,DF
70775,-15.739487572189853,-47.89679067368496,brasilia,DF
70800,-15.777903578255176,-47.85173616535553,brasilia,DF
70842,-15.776026191181735,-47.878938679624106,brasilia,DF
70843,-15.771866153316404,-47.879768587974475,brasilia,DF
70847,-15.767633368980128,-47.877517497894026,brasilia,DF
70854,-15.75918910923545,-47.882997147867066,brasilia,DF
70855,-15.76465779794922,-47.87842786432849,brasilia,DF
70856,-15.761386740900727,-47.87892317594594,brasilia,DF
70862,-15.755890378722901,-47.88374275741537,brasilia,DF
70872,-15.746321463335166,-47.88748863239277,brasilia,DF
70873,-15.743387244652988,-47.887974517292676,brasilia,DF
70879,-15.737372581372847,-47.88698538453592,brasilia,DF
71010,-15.815647983485285,-47.98690836700863,brasilia,DF
71015,-15.823198034175316,-47.987107680110014,brasilia,DF
71020,-15.817341154889995,-47.97384491307564,brasilia,DF
71050,-15.832843226933642,-47.97606060945693,brasilia,DF
71060,-15.834368774038428,-47.982749017683275,brasilia,DF
71070,-15.832786657811656,-47.94636739374683,brasilia,DF
71200,-15.79970985118922,-47.95136301648393,brasilia,DF
71215,-15.81393345239898,-47.947024928343254,brasilia,DF
71218,-14.616069374297906,-53.15859124208869,brasilia,DF
71225,-15.8007968464638,-47.97677495109033,brasilia,DF
71505,-15.726397652720784,-47.867599498822976,brasilia,DF
71510,-15.727567777218658,-47.8811107486624,brasilia,DF
71515,-15.744120683997922,-47.84540335166106,brasilia,DF
71530,-15.759528989541128,-47.838894208292295,brasilia,DF
71540,-15.738616102285897,-47.880548061445324,brasilia,DF
71572,-15.768227119422363,-47.779885926582374,brasilia,DF
71645,-15.864125817316856,-47.8753807022043,brasilia,DF
71660,-15.84162334154589,-47.83833437532496,brasilia,DF
71675,-15.825231869439222,-47.806012956675055,brasilia,DF
71680,-15.846515912660097,-47.831132157490835,brasilia,DF
71691,-15.8801623273159,-47.816959428036945,brasilia,DF
71692,-15.90115885953206,-47.77844460865012,brasilia,DF
71694,-15.908955546426897,-47.752844222262645,brasilia,DF
71699,-15.7930968994929,-47.851615655761144,brasilia,DF
71710,-15.86944374130542,-47.96724249638971,brasilia,DF
71720,-15.862816772712494,-47.95591795285163,brasilia,DF
71725,-15.851079643475996,-47.9510941387653,brasilia,DF
71745,-15.907903915184296,-47.94665444532355,brasilia,DF
71805,-15.880430307658997,-48.0159034331597,brasilia,DF
71825,-15.88753718768234,-48.017071767851824,brasilia,DF
71880,-15.902923143785602,-48.04589684119326,brasilia,DF
71881,-15.894031399747954,-48.049677340241885,brasilia,DF
71906,-15.831018038801858,-48.01102950131482,brasilia,DF
71907,-15.82389437806813,-47.977905965066476,brasilia,DF
71908,-15.816554506980198,-47.94294407519096,brasilia,DF
71909,-15.831816658580301,-47.99983795650155,brasilia,DF
71917,-15.837305650415594,-48.02235902807056,brasilia,DF
71918,-15.837454248875215,-48.02743965338633,brasilia,DF
71925,-15.843048553889904,-48.00840994305572,brasilia,DF
71929,-15.841933361571046,-48.008385588247,brasilia,DF
71930,-15.837821999999996,-48.036888000000005,brasilia,DF
71936,-15.840002227136713,-48.02467532124982,brasilia,DF
71937,-15.830023262395741,-47.980465771379436,brasilia,DF
71950,-15.839227991400522,-48.043637072680255,brasilia,DF
71955,-15.854505176922109,-48.03766404110522,brasilia,DF
71990,-15.875173871152358,-48.00029095859032,brasilia,DF
72007,-15.774815956743687,-48.0468055012082,brasília,DF
72015,-15.838225542625711,-48.053400718858065,brasilia,DF
72016,-15.83993183527787,-48.06007330266836,brasilia,DF
72025,-15.859336218026607,-48.04078122723543,brasilia,DF
72115,-15.82473715933874,-48.05991789848521,brasilia,DF
72120,-15.808027934819586,-48.06227524069912,brasilia,DF
72125,-15.813120200273898,-48.06773447506374,brasilia,DF
72135,-15.809372821044262,-48.07680778016369,brasilia,DF
72145,-15.80333269556457,-48.09794999426447,brasilia,DF
72146,-15.79524812892108,-48.10637549571785,brasilia,DF
72156,-15.820003649668356,-48.079357077383875,brasilia,DF
72210,-15.806986072902076,-48.10495885348102,brasilia,DF
72215,-15.827368319806846,-48.09777550322277,brasilia,DF
72220,-15.831954352347962,-48.107783866861354,brasilia,DF
72225,-15.811413855697777,-48.11919581625427,brasilia,DF
72233,-15.847901414408227,-48.11250056242789,brasilia,DF
72235,-15.84279649364882,-48.124887467458855,brasilia,DF
72240,-15.81762571736577,-48.12692619559376,brasilia,DF
72241,-15.810054104485552,-48.131833957633596,brasilia,DF
72251,-15.788929833208348,-48.12481467459101,brasilia,DF
72260,-15.799547050537774,-48.1354736156514,brasilia,DF
72270,-15.805426631769938,-48.14380920781731,brasilia,DF
72304,-15.867324605965779,-48.058868125529905,brasilia,DF
72310,-15.882229742445224,-48.0748903298648,brasilia,DF
72312,-15.88219055623414,-48.07236539326193,brasilia,DF
72315,-15.890869456325788,-48.09613187195913,brasilia,DF
72316,-15.865115854974247,-48.078484706176816,brasilia,DF
72319,-15.870815714972986,-48.09645967163494,brasilia,DF
72322,-15.858655726564333,-48.085575117845934,brasilia,DF
72323,-15.880259624218299,-48.114601878515934,brasilia,DF
72329,-15.893795573144413,-48.14311481371895,brasilia,DF
72405,-15.98529224160679,-48.02990746883389,brasilia,DF
72450,-16.008511777961637,-48.05001692124417,brasilia,DF
72460,-16.02294658397918,-48.05071815778448,brasilia,DF
72504,-16.033148930465316,-48.02923649150941,brasilia,DF
72542,-16.01208992912674,-48.005016657385674,brasilia,DF
72545,-16.008784085847207,-47.99793453934714,brasilia,DF
72603,-15.923360970121955,-48.10687576463894,brasilia,DF
72622,-15.924540043272795,-48.10282345290572,brasilia,DF
72630,-15.910072148178024,-48.05964811195106,brasilia,DF
72660,-15.930038499596831,-48.103604944990145,brasilia,DF
72669,-15.793363257833736,-47.84922424340701,brasília,DF
72735,-15.663188173970216,-48.19390839146501,brasilia,DF
72745,-15.660124828427874,-48.1933298411551,brasilia,DF
72800,-16.255154175969338,-47.95457185439946,luziania,GO
72801,-16.262499271866016,-47.956459959807795,luziania,GO
72810,-16.25039623674993,-47.95689089071632,luziania,GO
72811,-16.24876194495351,-47.963045976228784,luziania,GO
72860,-16.056320706382433,-48.03491456060777,novo gama,GO
72862,-16.069203519493158,-48.05054168496758,novo gama,GO
72872,-16.087705352464873,-47.98803412755803,valparaiso de goias,GO
72876,-16.077464689344577,-47.97760870044379,valparaiso de goias,GO
72878,-16.05860168093485,-47.979304151451366,valparaiso de goias,GO
72900,-15.995048231592037,-48.26919745886792,santo antonio do descoberto,GO
72930,-16.08407742651032,-48.506772764634135,alexania,GO
73015,-15.657509558105156,-47.79665767797435,brasilia,DF
73020,-15.657448058889154,-47.8095103858827,brasilia,DF
73035,-15.641499015652723,-47.805969968978935,brasilia,DF
73040,-15.644593447880188,-47.78652725300457,brasilia,DF
73060,-15.640895381740807,-47.81604202656759,brasilia,DF
73062,-15.646595997075122,-47.82378905088257,brasilia,DF
73080,-15.633883334253095,-47.81584492541541,brasilia,DF
73092,-15.666351618048655,-47.82437983473188,brasilia,DF
73105,-15.66275468739991,-47.86039218894382,brasilia,DF
73250,-15.57796552252159,-48.00730195946881,brasilia,DF
73252,-15.688610298832678,-47.82493559065583,brasilia,DF
73270,-15.792495491113193,-47.85048746218763,brasilia,DF
73330,-15.630511017582624,-47.668708048503426,brasilia,DF
73340,-15.606237036866709,-47.65110500843902,brasilia,DF
73355,-15.613376458566085,-47.636348152092744,brasilia,DF
73360,-15.62492861451137,-47.64717420955245,brasilia,DF
73368,-15.74972997671513,-47.92717447281999,brasilia,DF
73752,-15.453750636967458,-47.59978772286097,planaltina,GO
73753,-15.45657509599985,-47.610193491249696,planaltina,GO
73760,-14.706666711511849,-47.52309920926434,sao joao d'alianca,GO
73770,-14.139317335379074,-47.51689810696474,alto paraiso de goias,GO
73780,-14.974495376227203,-47.784387063729895,agua fria de goias,GO
73813,-15.550183236860994,-47.32949631600096,formosa,GO
73840,-13.03716354927162,-46.769693978198795,campos belos,GO
73850,-16.769915526637476,-47.6107232623567,cristalina,GO
73890,-14.489043559652542,-46.989502830620346,flores de goias,GO
73900,-14.086973323425672,-46.361570335997754,posse,GO
73920,-14.100739692965762,-46.634243522419354,iaciara,GO
74023,-16.673518642486997,-49.25667111222452,goiania,GO
74030,-16.676626307037036,-49.25349146468982,goiania,GO
74070,-16.66956866243249,-49.268831397978886,goiania,GO
74075,-16.672833253708525,-49.26887276585588,goiania,GO
74083,-16.684216006516777,-49.25149268540781,goiania,GO
74085,-16.696096201390606,-49.252416865942784,goiania,GO
74115,-16.68535479974548,-49.264542877252936,goiania,GO
74125,-16.677825590799745,-49.27463682494721,goiania,GO
74150,-16.696727724111284,-49.2674489444962,goiania,GO
74160,-16.696446874943895,-49.26452440440847,goiania,GO
74180,-16.698300553288426,-49.25584062722183,goiania,GO
74210,-16.695508962667134,-49.277109131763886,goiania,GO
74230,-16.71502406271718,-49.267861478851536,goiania,GO
74250,-16.717414025324718,-49.28812647572566,goiania,GO
74255,-16.709891294544285,-49.28923525933082,goiania,GO
74275,-16.714468385196877,-49.28109451754623,goiania,GO
74310,-16.698891264432223,-49.29457247836524,goiania,GO
74323,-16.690437557318464,-49.32701527508711,goiania,GO
74333,-16.711462089537843,-49.30572785049906,goiania,GO
74343,-16.73588063754187,-49.30233306734736,goiania,GO
74355,-16.780593311563493,-49.36185968868538,goiania,GO
74356,-16.788125964794578,-49.371245396850405,goiania,GO
74360,-16.730185916955403,-49.31945412542768,goiania,GO
74365,-16.72033829816323,-49.31624941640817,goiania,GO
74366,-16.714465008030757,-49.327121070586244,goiania,GO
74367,-16.70863490451952,-49.328703508048655,goiania,GO
74370,-16.725525037449938,-49.340978718497,goiania,GO
74375,-16.687421743178653,-49.31068635854908,goiania,GO
74390,-16.676013639357656,-49.3228312651885,goiania,GO
74425,-16.67846034804844,-49.31363765900211,goiania,GO
74435,-16.66516567429145,-49.30168105114982,goiania,GO
74440,-16.658019491866618,-49.301818974034504,goiania,GO
74453,-16.659796248798504,-49.330636936633915,goiania,GO
74463,-16.64830210545012,-49.33163524812578,goiania,GO
74473,-16.62049778325646,-49.31927701031583,goiania,GO
74477,-16.58985882611884,-49.35393311770464,goiania,GO
74485,-16.677004194893133,-49.34352470525766,goiania,GO
74550,-16.66421284900217,-49.2821053072644,goiania,GO
74555,-16.65503281560373,-49.27969000925692,goiania,GO
74560,-16.659396369821284,-49.27380796092449,goiania,GO
74565,-16.640574122551232,-49.27648326906267,goiania,GO
74593,-16.620062076963105,-49.29294123822408,goiania,GO
74595,-16.625931819753774,-49.29337699535483,goiania,GO
74610,-16.674650277962446,-49.2373079636329,goiania,GO
74620,-16.666563760785795,-49.22595971020646,goiania,GO
74630,-16.662781509499517,-49.223906709934305,goiania,GO
74645,-16.664457060457906,-49.244692822032036,goiania,GO
74655,-16.653173256578288,-49.25594512996922,goiania,GO
74663,-16.632315440775844,-49.258279550438246,goiania,GO
74675,-16.621346729888206,-49.21742374355863,goiania,GO
74684,-16.600289680945227,-49.21073105723126,goiania,GO
74705,-16.67096192301545,-49.22170794411681,goiania,GO
74710,-16.67484201568319,-49.21522411964593,goiania,GO
74715,-16.689657806719918,-49.22902580459144,goiania,GO
74730,-16.69336005970109,-49.21446065106896,goiania,GO
74785,-16.645346414924667,-49.18535459775117,goiania,GO
74805,-16.691109084528954,-49.24054057449684,goiania,GO
74810,-16.701906867001895,-49.23957626513163,goiania,GO
74820,-16.70612897434552,-49.24875756948971,goiania,GO
74823,-16.715397174014264,-49.2596197984511,goiania,GO
74840,-16.736666844111507,-49.27761440554941,goiania,GO
74845,-16.717347342437535,-49.24283873511048,goiania,GO
74884,-16.709365340473,-49.1975910561448,goiania,GO
74905,-16.73966185131914,-49.25839669985379,aparecida de goiania,GO
74919,-16.77138838884573,-49.25028229660642,aparecida de goiania,GO
74922,-16.750497132009393,-49.224577049093455,aparecida de goiania,GO
74930,-16.766552159923314,-49.33937440860811,aparecida de goiania,GO
74936,-16.76213311410043,-49.29403499532152,aparecida de goiania,GO
74950,-16.778832093083018,-49.27490249063375,aparecida de goiania,GO
74953,-16.784626718863628,-49.29163146568625,aparecida de goiania,GO
74975,-16.838342751725133,-49.249193894017935,aparecida de goiania,GO
75064,-16.28973171829413,-48.96914480380732,anapolis,GO
75106,-16.366618931522964,-48.949528433535946,anapolis,GO
75110,-16.33320358612409,-48.93962957040374,anapolis,GO
75123,-16.34935519327304,-48.95546714694175,anapolis,GO
75124,-16.358532989500745,-48.96652103159388,anapolis,GO
75126,-16.337586497699323,-48.95348845379074,anapolis,GO
75170,-16.506991076108925,-49.01955109427933,goianapolis,GO
75190,-16.619398610966368,-48.7517449118924,leopoldo de bulhoes,GO
75200,-17.305108052105656,-48.28212587529559,pires do rio,GO
75240,-16.97074863211508,-48.95099744570015,bela vista de goias,GO
75262,-16.702838709763064,-49.0933668024787,senador canedo,GO
75265,-16.745149541882594,-48.51478334802312,vianopolis,GO
75345,-16.76706286540188,-49.438089420466014,abadia de goias,GO
75370,-16.51328325061693,-49.420950494453805,goianira,GO
75400,-16.361253921121996,-49.497142785853114,inhumas,GO
75440,-16.43241381438336,-49.387132091166634,brazabrantes,GO
75470,-16.3728020737293,-49.31666655626662,nova veneza,GO
75524,-18.42997714919631,-49.21512792047294,itumbiara,GO
75533,-18.406055329858134,-49.24605507130228,itumbiara,GO
75535,-18.411576508651216,-49.26678809590555,itumbiara,GO
75560,-18.493615761637802,-49.49093381055509,cachoeira dourada,GO
75570,-18.21596364273308,-49.738250572652625,bom jesus,GO
75600,-18.010414587983583,-49.379212135853756,goiatuba,GO
75610,-17.80579849882583,-49.62161283369103,joviania,GO
75640,-17.30349906583519,-49.02636879088997,piracanjuba,GO
75650,-17.733896355961825,-49.11590889021752,morrinhos,GO
75690,-17.73942377072625,-48.6198526311481,caldas novas,GO
75701,-18.17115514193975,-47.946778226291684,catalao,GO
75709,-18.179141998482006,-47.94601353330414,catalao,GO
75712,-18.164887078871,-47.95835916060115,catalao,GO
75780,-17.708782130349086,-48.15033976578793,ipameri,GO
75800,-17.8843373334861,-51.71698996065145,jatai,GO
75801,-17.89521642922051,-51.71556579273316,jatai,GO
75803,-17.889045463636027,-51.7333743606051,jatai,GO
75804,-17.87628548655214,-51.73097004014618,jatai,GO
75805,-17.873742528486098,-51.726455041041376,jatai,GO
75828,-18.39733282966265,-52.662564788057274,chapadao do ceu,GO
75830,-17.557090737968647,-52.550319924465285,mineiros,GO
75840,-17.31931964620719,-53.193994250646135,santa rita do araguaia,GO
75860,-18.446014425685497,-50.451540714418265,quirinopolis,GO
75870,-18.73111677835222,-50.95508760157414,cachoeira alta,GO
75890,-18.99978193211773,-50.550461777298246,sao simao,GO
75901,-17.804500726925003,-50.916494660436,rio verde,GO
75902,-17.798393400301876,-50.92238641066218,rio verde,GO
75903,-17.782867107146338,-50.918176902958955,rio verde,GO
75904,-17.777496028847594,-50.90472390151822,rio verde,GO
75905,-17.799541424302955,-50.893812356325206,rio verde,GO
75906,-17.80412309643593,-50.92137394119365,rio verde,GO
75909,-17.77879253605165,-50.96475697951772,rio verde,GO
75920,-17.813130272653,-50.59644488893644,santa helena de goias,GO
75940,-17.339193802235137,-49.92900396484839,edeia,GO
75955,-17.14472752992358,-49.99164121081042,indiara,GO
76100,-16.512880224214197,-50.37494301100561,sao luis de montes belos,GO
76105,-16.579554212323874,-50.30572061487165,firminopolis,GO
76180,-16.580899236343214,-49.88292119198271,nazario,GO
76190,-16.80658045924258,-49.92213743295041,palmeiras de goias,GO
76200,-16.439020898982182,-51.116655962451055,ipora,GO
76230,-16.43263532663801,-51.81759945569071,piranhas,GO
76260,-16.234017407589523,-51.25809525639148,diorama,GO
76304,-15.1730986160153,-49.67208721976931,ipiranga de goias,GO
76330,-15.7491870749417,-49.332105332149894,jaragua,GO
76335,-15.514912961998895,-49.6794224503755,uruana,GO
76355,-15.315496976111609,-50.05803955934807,morro agudo de goias,GO
76360,-14.958343749279683,-49.54887228214086,itapaci,GO
76400,-14.518474806651268,-49.14209708875239,uruacu,GO
76410,-14.312747501518935,-49.15368762101759,campinorte,GO
76420,-14.469844694917848,-48.4569498848423,niquelandia,GO
76450,-13.52855704116866,-48.221095879632536,minacu,GO
76530,-13.773088398359624,-50.27830982382427,mundo novo,GO
76550,-13.438920474296195,-49.14655847853908,porangatu,GO
76600,-15.938605999778817,-50.142780792093696,goias,GO
76630,-16.023821140278326,-49.800356385179654,itaberai,GO
76700,-14.75127393843723,-50.56816461230508,mozarlandia,GO
76730,-15.444496329541428,-50.72338918548001,matrincha,GO
76801,-8.752743887495246,-63.90551188207316,porto velho,RO
76811,-8.798674164292708,-63.8634749862862,porto velho,RO
76812,-8.7757668662107,-63.8585133898608,porto velho,RO
76820,-8.757220310311663,-63.8749300232889,porto velho,RO
76821,-8.738175443258836,-63.87686579614044,porto velho,RO
76824,-8.747843794092704,-63.8567148301315,porto velho,RO
76829,-8.765544007813704,-63.843165181629786,porto velho,RO
76864,-9.361950110987792,-62.58354994761002,cujubim,RO
76890,-10.436959998460997,-62.473249705160875,jaru,RO
76900,-10.87722223893279,-61.95841508458222,ji-parana,RO
76901,-10.870966229947951,-61.97575155562519,ji-parana,RO
76908,-10.884449954457304,-61.92151099888174,ji-parana,RO
76920,-10.715751177252601,-62.25613931045199,ouro preto do oeste,RO
76940,-11.722454098877984,-61.77703628883976,rolim de moura,RO
76958,-11.72587550968041,-62.31699294184998,nova brasilandia d'oeste,RO
76961,-11.42706295303259,-61.46786241449919,cacoal,RO
76963,-11.43103084321798,-61.44441104439506,cacoal,RO
76974,-11.52662041605006,-61.014742629135874,espigao do oeste,RO
76980,-12.73341229711485,-60.14835451606325,vilhena,RO
76993,-13.12224107650638,-60.54217610290954,colorado do oeste,RO
76994,-13.486852444177552,-60.53788286186566,cabixi,RO
77001,-10.168506073718646,-48.34090900475208,palmas,TO
77006,-10.175309351373924,-48.31917296101117,palmas,TO
77015,-10.199200116851008,-48.34503644640124,palmas,TO
77020,-10.189407022515114,-48.32059323254705,palmas,TO
77021,-10.205196943020475,-48.32379566066405,palmas,TO
77300,-11.627033763785315,-46.8215469964229,dianopolis,TO
77305,-12.207735128344126,-47.29849504126553,conceicao do tocantins,TO
77330,-12.92069951964487,-46.95008122252024,arraias,TO
77360,-12.616803753950634,-47.87578736776262,parana,TO
77403,-11.72888142752019,-49.07374490988662,gurupi,TO
77433,-11.736384825824498,-49.07067153341281,gurupi,TO
77440,-11.708161598257645,-49.042058143796524,gurupi,TO
77480,-12.478669410006965,-49.122904845770265,alvorada,TO
77493,-10.795330297168547,-49.627226639839506,lagoa da confusao,TO
77500,-10.705425521877858,-48.406267678182125,porto nacional,TO
77600,-10.174506533679002,-48.888445237183845,paraiso do tocantins,TO
77725,-8.741731814113678,-48.75320312015688,colmeia,TO
77803,-7.193500853204221,-48.20907457718583,araguaina,TO
77804,-7.1890787268034195,-48.20766259906818,araguaina,TO
77816,-7.202188555675938,-48.2325150283776,araguaina,TO
77824,-7.183268124215672,-48.20520223687425,araguaina,TO
77900,-6.325757558052025,-47.43089957828529,tocantinopolis,TO
78005,-15.592378789994097,-56.093282626575146,cuiaba,MT
78008,-15.591816537495369,-56.08289556846968,cuiaba,MT
78010,-15.602082513264953,-56.08316320716816,cuiaba,MT
78015,-15.608747432436557,-56.086287763025894,cuiaba,MT
78020,-15.602881623512896,-56.10286061701278,cuiaba,MT
78025,-15.60856177518243,-56.099467077839705,cuiaba,MT
78035,-15.595760181118354,-56.126166654314936,cuiaba,MT
78043,-15.585559682836344,-56.1077320188563,cuiaba,MT
78048,-15.566053992679109,-56.084865406476574,cuiaba,MT
78049,-15.549336419771551,-56.095239409750214,cuiaba,MT
78050,-15.588320030897627,-56.06835682701735,cuiaba,MT
78058,-15.576748178629297,-56.02284311315735,cuiaba,MT
78070,-15.622065354545791,-56.073964469805944,cuiaba,MT
78075,-15.607627383914501,-56.033978783807946,cuiaba,MT
78099,-15.632648582532909,-55.95550907372626,cuiaba,MT
78110,-15.6469100062786,-56.134078809876065,varzea grande,MT
78115,-15.628989615187487,-56.107420915696316,varzea grande,MT
78128,-15.672568477533234,-56.12503745244942,varzea grande,MT
78138,-15.653621400692579,-56.16100519772794,varzea grande,MT
78195,-15.419296978383095,-55.72530668635377,chapada dos guimaraes,MT
78200,-16.06438232943728,-57.68804700926159,caceres,MT
78250,-15.235746482425006,-59.333280230440195,pontes e lacerda,MT
78270,-15.128912233483794,-58.130838904031144,salto do ceu,MT
78280,-15.67549165472028,-58.091327449650315,mirassol d'oeste,MT
78300,-14.615108078258483,-57.51478343819719,tangara da serra,MT
78320,-11.422656268105673,-58.779227239204424,juina,MT
78325,-10.185039835290205,-59.460581802148454,aripuana,MT
78340,-10.329327529090403,-58.49680785981626,juruena,MT
78360,-13.72672691576459,-57.90834821580805,campo novo do parecis,MT
78370,-14.779770956593296,-57.29385453891894,nova olimpia,MT
78380,-14.728321754761755,-57.04935061906149,denise,MT
78390,-15.069536524574868,-57.187765718121476,barra do bugres,MT
78435,-13.513293550631632,-56.7233867932055,sao jose do rio claro,MT
78450,-13.81190941318278,-56.08321769268831,nova mutum,MT
78455,-13.066932709409706,-55.932542791808785,lucas do rio verde,MT
78525,-10.144574145793701,-54.8697929592983,matupa,MT
78550,-11.853803043353983,-55.503545408785875,sinop,MT
78552,-11.83455242799876,-55.50810988391814,sinop,MT
78553,-11.82492077765351,-55.51680619450829,sinop,MT
78580,-9.90209628377088,-56.14798246464171,alta floresta,MT
78593,-9.979483347743496,-57.449932389721454,nova monte verde,MT
78595,-9.556751115440266,-57.39249942723962,apiacas,MT
78600,-15.878862656849224,-52.27357365971645,barra do garcas,MT
78630,-14.443594117719892,-52.832899541395136,campinapolis,MT
78640,-13.542298711925335,-52.27151765494582,canarana,MT
78643,-12.569805405342088,-52.249778856281836,querencia,MT
78652,-10.63429415830214,-51.576750870961995,confresa,MT
78705,-16.459475736621876,-54.65065743359164,rondonopolis,MT
78716,-16.43985343539315,-54.64136584931737,rondonopolis,MT
78720,-16.44565258764619,-54.6241312021256,rondonopolis,MT
78725,-16.445982562524183,-54.61502697926298,rondonopolis,MT
78730,-16.461470480410167,-54.608915925768684,rondonopolis,MT
78740,-16.475635889827064,-54.6168999901624,rondonopolis,MT
78780,-17.31726008132973,-53.223327746417894,alto araguaia,MT
78795,-16.635911309973924,-54.45664136017813,pedra preta,MT
78830,-15.809248226897083,-54.92192291932214,dom aquino,MT
78850,-15.542518572911545,-54.29976942741652,primavera do leste,MT
78890,-12.572133957590658,-55.7145156875479,sorriso,MT
79002,-20.459926314581118,-54.61173109941503,campo grande,MS
79005,-20.47289510099868,-54.625700499783306,campo grande,MS
79008,-20.458191658788422,-54.6245117112982,campo grande,MS
79020,-20.458253768528138,-54.59772469153679,campo grande,MS
79022,-20.442721075745045,-54.59303684571323,campo grande,MS
79031,-20.451700071088812,-54.5717860713157,campo grande,MS
79032,-20.4379114973018,-54.5744618473099,campo grande,MS
79034,-20.423159710618485,-54.564019573272304,campo grande,MS
79036,-20.435419798725388,-54.560835227583674,campo grande,MS
79046,-20.483293379345607,-54.552746232581754,campo grande,MS
79051,-20.486367758092843,-54.59315702990547,campo grande,MS
79060,-20.50941895253068,-54.59724622190089,campo grande,MS
79063,-20.523907605684585,-54.59022210920706,campo grande,MS
79070,-20.51542718999842,-54.613751452250156,campo grande,MS
79075,-20.552840192478797,-54.650656384734226,campo grande,MS
79081,-20.503973689534877,-54.63145440756429,campo grande,MS
79093,-20.497550918835543,-54.68074428694083,campo grande,MS
79094,-20.513282515123688,-54.662381024886955,campo grande,MS
79096,-20.518073278396322,-54.68419059805111,campo grande,MS
79100,-20.4569046815221,-54.64678802096931,campo grande,MS
79103,-20.448047106254716,-54.671822342752414,campo grande,MS
79107,-20.43232199650956,-54.672139206007905,campo grande,MS
79112,-20.441781015109182,-54.655910560286465,campo grande,MS
79118,-20.42985739935358,-54.62314561530564,campo grande,MS
79130,-21.79842220216582,-54.54346342674206,rio brilhante,MS
79150,-21.622807014494487,-55.16419800267772,maracaju,MS
79200,-20.467619302049197,-55.783090950473536,aquidauana,MS
79240,-21.48088262281061,-56.148841171735924,jardim,MS
79290,-21.126740609138764,-56.48694326023459,bonito,MS
79303,-19.002878899031444,-57.6439573351087,corumba,MS
79330,-19.001679466992762,-57.65484892441477,corumba,MS
79370,-19.00927433638438,-57.60379480051541,ladario,MS
79400,-18.50726515886232,-54.74875310212911,coxim,MS
79415,-17.583081258667853,-54.754409378924095,sonora,MS
79420,-19.534726911066016,-54.0424060575388,camapua,MS
79460,-19.816403912349053,-54.884712080029566,corguinho,MS
79490,-19.384053013667476,-54.57840194258982,sao gabriel do oeste,MS
79500,-19.67394902539021,-51.19287959241918,paranaiba,MS
79530,-18.325810509057312,-53.71035488253891,alcinopolis,MS
79540,-19.10865503041217,-51.75750386596614,cassilandia,MS
79550,-18.540974232449358,-53.13274009236252,costa rica,MS
79560,-18.798215592177247,-52.62904866109048,chapadao do sul,MS
79603,-20.793151052320894,-51.69647648595743,tres lagoas,MS
79610,-20.79310689872867,-51.68654733580693,tres lagoas,MS
79611,-20.80400920090083,-51.68137630792817,tres lagoas,MS
79630,-20.79929555989981,-51.729934787483565,tres lagoas,MS
79670,-21.26624262335363,-52.06609443412147,brasilandia,MS
79780,-21.7156472573933,-52.42268536682221,bataguassu,MS
79785,-22.155563376147217,-53.77800467267233,angelica,MS
79823,-22.215327311805318,-54.83513016636889,dourados,MS
79830,-22.22190902409986,-54.791194933457994,dourados,MS
79833,-22.21897790645835,-54.76793035844067,dourados,MS
79903,-22.512289387153597,-55.706725409649884,ponta pora,MS
79904,-22.533201139020484,-55.72438266319034,ponta pora,MS
79906,-22.562058824854066,-55.692148790223264,ponta pora,MS
79925,-23.892317950135578,-55.42947870233529,paranhos,MS
79950,-23.06107639693415,-54.20037679183215,navirai,MS
79955,-22.85947088281792,-54.60402933559914,juti,MS
79990,-23.091896511618213,-55.22776222689038,amambai,MS
80010,-25.4336481653212,-49.26917337587714,curitiba,PR
80020,-25.43004408399644,-49.27125731457771,curitiba,PR
80030,-25.41703885144277,-49.26076000637535,curitiba,PR
80035,-25.405785334416088,-49.25264477086643,curitiba,PR
80040,-25.418049427772548,-49.24877341863133,curitiba,PR
80045,-25.425730165257566,-49.253916412231625,curitiba,PR
80050,-25.435988026002338,-49.242692326351865,curitiba,PR
80060,-25.429632416666802,-49.26131687338103,curitiba,PR
80215,-25.448218911049324,-49.25429722345311,curitiba,PR
80220,-25.45634962561849,-49.26500692384355,curitiba,PR
80230,-25.44157136040363,-49.26687451387347,curitiba,PR
80240,-25.448990860825592,-49.288609857292485,curitiba,PR
80250,-25.443619109810157,-49.27685485993967,curitiba,PR
80310,-25.456933882855157,-49.30945498395365,curitiba,PR
80320,-25.460581186381443,-49.29436386681011,curitiba,PR
80330,-25.469973555313803,-49.30737230197126,curitiba,PR
80410,-25.431322500860055,-49.27921885397559,curitiba,PR
80420,-25.437577798221543,-49.281917193320346,curitiba,PR
80430,-25.430144074286282,-49.28531986744621,curitiba,PR
80510,-25.421977539487497,-49.27871218867796,curitiba,PR
80530,-25.41640443441281,-49.26781099812906,curitiba,PR
80610,-25.469955086957718,-49.289821060375864,curitiba,PR
80620,-25.458880971712055,-49.28489400818676,curitiba,PR
80630,-25.478571579823345,-49.26959282398755,curitiba,PR
80710,-25.428323460810248,-49.2998179022527,curitiba,PR
80730,-25.433759382431624,-49.297768497845375,curitiba,PR
80740,-25.441786531480876,-49.311076015365074,curitiba,PR
81010,-25.47926849511713,-49.279852063631864,curitiba,PR
81020,-25.489784860457988,-49.28777755263101,curitiba,PR
81030,-25.483878697680183,-49.272408707514224,curitiba,PR
81050,-25.490559269496057,-49.30202735573883,curitiba,PR
81070,-25.48933940885059,-49.30383679400927,curitiba,PR
81110,-25.50251900304163,-49.290853752963606,curitiba,PR
81130,-25.50491463300755,-49.30003383657739,curitiba,PR
81150,-25.51785360669225,-49.301100560454636,curitiba,PR
81200,-25.43719609261135,-49.332558792175945,curitiba,PR
81210,-25.444532403869694,-49.329172989634834,curitiba,PR
81230,-25.461270596046425,-49.33676425400148,curitiba,PR
81240,-25.47508625546335,-49.336398765478386,curitiba,PR
81260,-25.482206654666104,-49.3524267635249,curitiba,PR
81270,-25.454782183988435,-49.3498653688691,curitiba,PR
81280,-25.439849104802004,-49.352662543830256,curitiba,PR
81315,-25.50794253156171,-49.32467957443914,curitiba,PR
81320,-25.476488477709093,-49.32116194845888,curitiba,PR
81330,-25.485607348079526,-49.328361414874635,curitiba,PR
81350,-25.501030850103422,-49.33313993830728,curitiba,PR
81450,-25.496536487339643,-49.34796123069205,curitiba,PR
81460,-25.54055177687508,-49.33432433759197,curitiba,PR
81490,-25.587572235495845,-49.33053548025755,curitiba,PR
81520,-25.461728859390917,-49.23992036516672,curitiba,PR
81530,-25.461016473603145,-49.23106387131832,curitiba,PR
81540,-25.466933727604204,-49.22156689032487,curitiba,PR
81550,-25.483655349646348,-49.20993791702487,curitiba,PR
81560,-25.48678362877712,-49.217558003508486,curitiba,PR
81570,-25.4811560727919,-49.23120920834911,curitiba,PR
81580,-25.495181962254442,-49.220452866492025,curitiba,PR
81610,-25.478717171898126,-49.246115918287956,curitiba,PR
81630,-25.483030814887616,-49.25480361170287,curitiba,PR
81650,-25.49249476953316,-49.23598691501028,curitiba,PR
81670,-25.496893465578342,-49.24972624126247,curitiba,PR
81690,-25.56690418746557,-49.30911494692522,curitiba,PR
81710,-25.49760047427048,-49.26640249620495,curitiba,PR
81720,-25.51367322597389,-49.25560607832762,curitiba,PR
81730,-25.50862287827932,-49.226688173955225,curitiba,PR
81750,-25.517958758362617,-49.241322268367675,curitiba,PR
81770,-25.527873946750756,-49.24112497530738,curitiba,PR
81810,-25.5070141831112,-49.2759629794623,curitiba,PR
81825,-25.528423545694107,-49.27549000055633,curitiba,PR
81830,-25.517200416852475,-49.264433478949705,curitiba,PR
81850,-25.533676278018874,-49.24781722021691,curitiba,PR
81870,-25.52833362277842,-49.28873469667294,curitiba,PR
81880,-25.538316019905263,-49.29333825774169,curitiba,PR
81900,-25.539419304830496,-49.278123419246675,curitiba,PR
81910,-25.532443548837268,-49.26485050867498,curitiba,PR
81930,-25.561713581369546,-49.2808171144202,curitiba,PR
82020,-25.403143863860652,-49.32382325594642,curitiba,PR
82120,-25.392913497502246,-49.278741231338714,curitiba,PR
82130,-25.37860169525331,-49.27700666451326,curitiba,PR
82200,-25.396575894552832,-49.2657624456495,curitiba,PR
82300,-25.42095848118938,-49.34741002841012,curitiba,PR
82315,-25.412063650373128,-49.356386853675026,curitiba,PR
82320,-25.40455664878175,-49.34546729400173,curitiba,PR
82400,-25.394747235498823,-49.34443757980698,curitiba,PR
82410,-25.38112017187803,-49.33014689439231,curitiba,PR
82510,-25.399872090209215,-49.24086872435965,curitiba,PR
82515,-25.3956844749767,-49.22994864226332,curitiba,PR
82540,-25.39388953858399,-49.25079721106641,curitiba,PR
82560,-25.38598499193811,-49.24450850596206,curitiba,PR
82600,-25.39222454874473,-49.21712218006659,curitiba,PR
82620,-25.38315509684729,-49.2214765665517,curitiba,PR
82640,-25.376941287989233,-49.235294868640665,curitiba,PR
82650,-25.373430766248106,-49.245523145646565,curitiba,PR
82800,-25.434402408881812,-49.22670350471233,curitiba,PR
82810,-25.43724984091199,-49.21243592752114,curitiba,PR
82820,-25.417945903851354,-49.20678980584239,curitiba,PR
82840,-25.401757949533316,-49.20601254689088,curitiba,PR
82930,-25.457664354011886,-49.20575389383196,curitiba,PR
82940,-25.457666569768076,-49.21739574951016,curitiba,PR
82960,-25.466865303807502,-49.20735939336572,curitiba,PR
83005,-25.538499348815023,-49.19950992683624,sao jose dos pinhais,PR
83010,-25.542326473535166,-49.182195147235376,sao jose dos pinhais,PR
83015,-25.5624037594301,-49.171162377895335,sao jose dos pinhais,PR
83020,-25.55842134362273,-49.195697020152195,sao jose dos pinhais,PR
83040,-25.51900260111036,-49.192980370956334,sao jose dos pinhais,PR
83045,-25.512877112898774,-49.18372654989999,sao jose dos pinhais,PR
83050,-25.499611064183387,-49.17715331430011,sao jose dos pinhais,PR
83060,-25.492588346251782,-49.14306522953387,sao jose dos pinhais,PR
83065,-25.511002205663093,-49.16173908447378,sao jose dos pinhais,PR
83070,-25.52021966535569,-49.125033050362866,sao jose dos pinhais,PR
83206,-25.526098993795376,-48.522928203139465,paranagua,PR
83209,-25.543156176940684,-48.534428906394886,paranagua,PR
83212,-25.555554232448607,-48.554265998739886,paranagua,PR
83215,-25.567266599388308,-48.565075878874005,paranagua,PR
83218,-25.577998004570073,-48.576779887124886,paranagua,PR
83221,-25.520025797148804,-48.53487613865822,paranagua,PR
83255,-25.640064483362185,-48.42767049926185,pontal do parana,PR
83260,-25.813132721140203,-48.5363046397346,matinhos,PR
83280,-25.887866961664873,-48.58448614693002,guaratuba,PR
83304,-25.43178191883538,-49.0571740497372,piraquara,PR
83321,-25.446809987466878,-49.1769727607593,pinhais,PR
83322,-25.45822497671693,-49.1849729329014,pinhais,PR
83323,-25.437225932288545,-49.19396558589781,pinhais,PR
83324,-25.425234868690314,-49.18911084076795,pinhais,PR
83325,-25.415147854141832,-49.18059028549587,pinhais,PR
83327,-25.398094931342857,-49.160376455112726,pinhais,PR
83331,-25.441978954828226,-49.1606508070723,pinhais,PR
83350,-25.482183572886715,-48.82919131856336,morretes,PR
83370,-25.43470443919635,-48.712753541824284,antonina,PR
83402,-25.347457401819998,-49.22194220493234,colombo,PR
83405,-25.363734182713866,-49.19199132492246,colombo,PR
83407,-25.341577095815627,-49.18388080526201,colombo,PR
83408,-25.36747499672606,-49.184199131513296,colombo,PR
83409,-25.376300774349726,-49.182382289020936,colombo,PR
83413,-25.382570909889097,-49.168777163521916,colombo,PR
83414,-25.292742401226562,-49.22278311923789,colombo,PR
83420,-25.37140360277309,-49.07690711776502,quatro barras,PR
83430,-25.342398065900387,-49.086042958361304,campina grande do sul,PR
83450,-25.21080605480616,-49.111757263590974,bocaiuva do sul,PR
83490,-24.666145933248302,-48.97991927475517,adrianopolis,PR
83501,-25.312880860427626,-49.29186432419761,almirante tamandare,PR
83506,-25.3427927223759,-49.27371725023371,almirante tamandare,PR
83508,-25.373890211950254,-49.307921824696635,almirante tamandare,PR
83511,-25.349185202673297,-49.30093726773038,almirante tamandare,PR
83535,-25.375606922660335,-49.38601129666979,campo magro,PR
83540,-25.180768393805685,-49.31657303541073,rio branco do sul,PR
83602,-25.472311300959117,-49.538963646217745,campo largo,PR
83604,-25.46434177212552,-49.555524081905006,campo largo,PR
83605,-25.451028949732272,-49.55878492662089,campo largo,PR
83606,-25.447380406242782,-49.53071140162284,campo largo,PR
83701,-25.598513896748226,-49.38893006212152,araucaria,PR
83702,-25.590865340837354,-49.40299274485168,araucaria,PR
83705,-25.564537684252358,-49.39532110345252,araucaria,PR
83706,-25.544926406672577,-49.38611701246357,araucaria,PR
83709,-25.612764068813906,-49.37234951517324,araucaria,PR
83730,-25.679134708289812,-49.53535670561776,contenda,PR
83750,-25.76430781439902,-49.720376165993414,lapa,PR
83800,-25.770383610713115,-49.32480184605346,mandirituba,PR
83820,-25.64449513561673,-49.30091769165864,fazenda rio grande,PR
83823,-25.65991043136727,-49.299582691720765,fazenda rio grande,PR
83829,-25.656913283085345,-49.325423406025216,fazenda rio grande,PR
83830,-25.673176669302602,-49.328012016633544,fazenda rio grande,PR
83860,-26.097239791026904,-49.42823343997141,pien,PR
83880,-26.095452253608567,-49.788178088876286,rio negro,PR
84015,-25.075805112880232,-50.15949587252997,ponta grossa,PR
84020,-25.07996038746567,-50.132557804400314,ponta grossa,PR
84025,-25.091000858722392,-50.13687154434075,ponta grossa,PR
84030,-25.087261203262102,-50.102396175736985,ponta grossa,PR
84031,-25.098180223308567,-50.117882600655854,ponta grossa,PR
84036,-25.126192756089438,-50.14566867735102,ponta grossa,PR
84040,-25.108614001193278,-50.16175098124214,ponta grossa,PR
84043,-25.154758898021452,-50.14767262613904,ponta grossa,PR
84060,-25.112276206068508,-50.20716465037956,ponta grossa,PR
84070,-25.078993794267554,-50.177260032134456,ponta grossa,PR
84130,-25.42373221861194,-49.996474544439145,palmeira,PR
84172,-24.79287620819997,-49.99313307387233,castro,PR
84178,-24.806893427540267,-50.00061681236041,castro,PR
84196,-23.702852723394397,-46.401558774842776,colonia castrolanda,PR
84200,-24.257703279680833,-49.7164234007889,jaguariaiva,PR
84220,-24.113671239664153,-49.4639594393949,senges,PR
84240,-24.53385608366247,-49.939370262890066,pirai do sul,PR
84250,-24.448271673804697,-50.755240734688414,imbau,PR
84261,-24.32893411988686,-50.61883731805874,telemaco borba,PR
84263,-24.324552534034403,-50.612552272586726,telemaco borba,PR
84264,-24.340571595963986,-50.61368258579788,telemaco borba,PR
84268,-24.323054843994043,-50.63333120730312,telemaco borba,PR
84285,-23.850046221901376,-50.403015864184475,figueira,PR
84345,-24.228020510121077,-50.25638813396349,ventania,PR
84350,-24.205572115297535,-50.933840621265624,ortigueira,PR
84430,-25.229677010502076,-50.603896895070974,imbituva,PR
84470,-24.575841758798763,-51.332828082493094,candido de abreu,PR
84500,-25.474093335032038,-50.65035940195514,irati,PR
84530,-25.371975656252413,-50.462083835822334,teixeira soares,PR
84550,-25.623229798531646,-50.69335042293026,reboucas,PR
84600,-26.230550326532917,-51.08592558853442,uniao da vitoria,PR
84660,-26.421195638867772,-51.315016315456724,general carneiro,PR
84900,-23.842128594602038,-50.19392933088925,ibaiti,PR
84920,-23.8119965425153,-50.14014250820877,japira,PR
84925,-23.78967571984096,-50.058695203268186,pinhalao,PR
84940,-23.682446503474555,-49.82328699148567,siqueira campos,PR
84945,-23.605268403449074,-49.62747582545455,salto do itarare,PR
85010,-25.392188407011385,-51.466966826576034,guarapuava,PR
85035,-25.384851326780684,-51.47851782716428,guarapuava,PR
85045,-25.376457454629428,-51.48160830153171,guarapuava,PR
85139,-25.272807023543834,-50.07009121273323,vitoria,PR
85170,-25.696207537162962,-51.657107558032365,pinhao,PR
85200,-24.75784641485761,-51.76595818161726,pitanga,PR
85301,-25.406829674391112,-52.41264472955825,laranjeiras do sul,PR
85340,-25.499282631757886,-52.52485641291198,rio bonito do iguacu,PR
85415,-24.622059600596177,-53.32239831564487,cafelandia,PR
85420,-24.79557436269287,-53.29792404486486,corbelia,PR
85440,-24.542415289355326,-52.98976116432448,ubirata,PR
85465,-25.42405400767098,-52.83424961394049,espigao alto do iguacu,PR
85478,-25.11697346722494,-53.01516267584668,ibema,PR
85501,-26.226411667052986,-52.67454717796045,pato branco,PR
85503,-26.19873116851817,-52.68188085718353,pato branco,PR
85504,-26.213874466597478,-52.666432031645165,pato branco,PR
85509,-26.241173548756425,-52.702227722108724,pato branco,PR
85530,-26.407480196966088,-52.356924498560545,clevelandia,PR
85540,-25.940474358861895,-52.17787723251204,mangueirinha,PR
85550,-25.984865711694923,-52.567600711297544,coronel vivida,PR
85555,-26.485010427834762,-51.99006235031654,palmas,PR
85570,-25.826484009808258,-52.728354933045814,sao joao,PR
85601,-26.080628132861357,-53.05355217451234,francisco beltrao,PR
85603,-26.044305666376307,-53.06371355213211,francisco beltrao,PR
85605,-26.072007081445133,-53.040705170896686,francisco beltrao,PR
85615,-26.14973579423784,-53.02966720898468,marmeleiro,PR
85635,-25.899983729717466,-53.26151800839115,nova esperanca do sudoeste,PR
85640,-25.91985831671865,-53.47434392960834,ampere,PR
85650,-25.81371424107947,-53.4740523651229,santa izabel do oeste,PR
85660,-25.748854265422125,-53.06008829226007,dois vizinhos,PR
85670,-25.78387783269524,-53.30796526352506,salto do lontra,PR
85760,-25.668572737132873,-53.80378605276697,capanema,PR
85780,-25.437885479760887,-53.40870273133838,boa vista da aparecida,PR
85790,-25.486282685599935,-53.60248109064926,capitao leonidas marques,PR
85794,-23.542811279858867,-52.28910357547104,alto alegre do iguacu,PR
85801,-24.95918428429227,-53.462644000056976,cascavel,PR
85802,-24.96646635994288,-53.46672976531582,cascavel,PR
85804,-24.986482985801874,-53.49319710647036,cascavel,PR
85807,-24.944714386631645,-53.49030618847979,cascavel,PR
85810,-24.95138329734197,-53.46685083806428,cascavel,PR
85812,-24.949359133795447,-53.447920001105146,cascavel,PR
85814,-24.92049263267537,-53.428060679540316,cascavel,PR
85816,-24.951755468655858,-53.425171814982875,cascavel,PR
85818,-24.96853003431213,-53.406368703897705,cascavel,PR
85819,-24.977531834712284,-53.446044448658775,cascavel,PR
85830,-24.296024477069246,-53.3145970174448,formosa do oeste,PR
85851,-25.541844711589416,-54.58482020405327,foz do iguacu,PR
85852,-25.539380451718593,-54.575054534759374,foz do iguacu,PR
85853,-25.55569307488648,-54.563631110157715,foz do iguacu,PR
85854,-25.56833160453291,-54.5691562935889,foz do iguacu,PR
85856,-25.540465556759887,-54.55333023835214,foz do iguacu,PR
85857,-25.5315574882722,-54.55610057523554,foz do iguacu,PR
85859,-25.513500234491627,-54.534888569041975,foz do iguacu,PR
85863,-25.52417941764146,-54.56954811777931,foz do iguacu,PR
85867,-25.47543737338084,-54.58499542477247,foz do iguacu,PR
85868,-25.487219392886132,-54.57631711158799,foz do iguacu,PR
85869,-25.490651503913064,-54.55736637931499,foz do iguacu,PR
85875,-25.442862117746696,-54.402764727764094,santa terezinha de itaipu,PR
85877,-25.353606599246387,-54.22950599854947,sao miguel do iguacu,PR
85880,-25.147980629391814,-54.30365145115528,itaipulandia,PR
85884,-25.29320167334103,-54.095134218967516,medianeira,PR
85885,-25.414255032786436,-54.04109955262888,serranopolis do iguacu,PR
85887,-25.197781812101827,-53.907610151341544,matelandia,PR
85890,-25.09228097759096,-54.24220554511303,missal,PR
85892,-24.86740625895645,-54.33001889472077,santa helena,PR
85900,-24.72820752248369,-53.739927791900904,toledo,PR
85901,-24.7368155084735,-53.74065899350403,toledo,PR
85902,-24.73337100980205,-53.752237359385205,toledo,PR
85903,-24.718385807053018,-53.75896263028575,toledo,PR
85904,-24.711673570658885,-53.74760648134386,toledo,PR
85905,-24.71295584259675,-53.734957787035874,toledo,PR
85906,-24.720782448085927,-53.720451600886705,toledo,PR
85907,-24.74533577205675,-53.70889287787256,toledo,PR
85910,-24.749326324029642,-53.72542707465992,toledo,PR
85933,-24.773798104953304,-53.90499628743192,ouro verde do oeste,PR
85935,-24.402021416487024,-53.51740411970834,assis chateaubriand,PR
85940,-24.57158708173242,-53.97646971948627,quatro pontes,PR
85945,-24.599052935525002,-53.508766620135376,tupassi,PR
85950,-24.28579720485287,-53.837677556703355,palotina,PR
85960,-24.554525017898506,-54.05852495786673,marechal candido rondon,PR
85990,-24.168029447213705,-54.09723231188331,terra roxa,PR
86010,-23.31812709264708,-51.15713642282817,londrina,PR
86015,-23.32925509762943,-51.159440892517964,londrina,PR
86020,-23.31260107304635,-51.167179746017865,londrina,PR
86030,-23.294530596455626,-51.129200154969574,londrina,PR
86031,-23.283991430867744,-51.12026146351437,londrina,PR
86036,-23.31709063911144,-51.12749400848244,londrina,PR
86037,-23.32095844713044,-51.11273863908195,londrina,PR
86046,-23.347856068970952,-51.14841421334773,londrina,PR
86047,-23.346965763755968,-51.171659062586336,londrina,PR
86049,-23.371501614234717,-51.15313956570252,londrina,PR
86050,-23.331336816395314,-51.177245454304625,londrina,PR
86055,-23.33442980017073,-51.18716562962761,londrina,PR
86056,-23.32745224081872,-51.22250260491206,londrina,PR
86060,-23.312446047306594,-51.17566618569716,londrina,PR
86061,-23.312051474360246,-51.17969767227215,londrina,PR
86062,-23.305641873895134,-51.18696094080404,londrina,PR
86063,-23.311784723589223,-51.19770031125332,londrina,PR
86073,-23.28153607141156,-51.18924552681825,londrina,PR
86078,-23.27727985641277,-51.15409433373387,londrina,PR
86080,-23.276242724993185,-51.18020459400994,londrina,PR
86081,-23.26640620191997,-51.18563600982485,londrina,PR
86083,-23.266333210340743,-51.17058520666672,londrina,PR
86084,-23.267316407623348,-51.15970440348607,londrina,PR
86085,-23.25254379197341,-51.14634612228812,londrina,PR
86086,-23.257426689535535,-51.13815333886967,londrina,PR
86088,-23.262624402836305,-51.1463303077005,londrina,PR
86140,-22.85364693155448,-51.027312904521914,primeiro de maio,PR
86170,-23.059061150910853,-51.037541668178726,sertanopolis,PR
86187,-23.305229487149774,-51.21943769138161,cambe,PR
86200,-23.269435103279353,-51.05294039540039,ibipora,PR
86220,-23.375451280881514,-50.84580510209072,assai,PR
86290,-23.071765486986397,-50.91397510629001,rancho alegre,PR
86300,-23.181161077296654,-50.64960783251922,cornelio procopio,PR
86360,-23.111896862925292,-50.37155139815296,bandeirantes,PR
86370,-23.26758773800529,-50.42845018671307,santa amelia,PR
86375,-23.01751924067968,-50.40658794575256,itambaraca,PR
86385,-23.112718429096926,-50.175860427059064,barra do jacare,PR
86400,-23.15836742843691,-49.976621305259265,jacarezinho,PR
86430,-23.295140000273477,-50.07564324560215,santo antonio da platina,PR
86460,-23.30452269862072,-50.31097243334825,abatia,PR
86490,-23.40951041754561,-50.35787677226499,ribeirao do pinhal,PR
86600,-23.31247663924116,-51.36500347341602,rolandia,PR
86604,-23.31814778205777,-51.39161964122817,rolandia,PR
86605,-23.322715181568167,-51.3705509796154,rolandia,PR
86680,-22.914073517756407,-51.797181091346296,nossa senhora das gracas,PR
86702,-23.390606579747445,-51.44664446905575,arapongas,PR
86703,-23.393188641236925,-51.419884975930565,arapongas,PR
86705,-23.408572942829053,-51.42299747613877,arapongas,PR
86706,-23.427901225690107,-51.42388542180935,arapongas,PR
86760,-23.148268304523533,-51.774096846514354,munhoz de melo,PR
86770,-23.039628461153626,-51.81076125677054,santa fe,PR
86780,-23.088223660237787,-51.955043357091284,florida,PR
86800,-23.554477080661936,-51.46575603144136,apucarana,PR
86801,-23.55735761468632,-51.48681824634586,apucarana,PR
86803,-23.532455338081075,-51.4563926361493,apucarana,PR
86804,-23.54060080145267,-51.45119611921,apucarana,PR
86813,-23.570884731488974,-51.4421049073579,apucarana,PR
86819,-23.612034548654297,-51.40843287104166,vila reis,PR
86820,-23.665523235370998,-51.35659668422704,california,PR
86840,-23.99871143453599,-51.323611356091064,faxinal,PR
86895,-23.765090555947094,-51.50670423186026,novo itacolomi,PR
86900,-23.60223508623895,-51.644072483794396,jandaia do sul,PR
86938,-24.194417006485597,-51.92476732459786,godoy moreira,PR
86960,-24.027435144481696,-52.009024023193035,barbosa ferraz,PR
86975,-23.522116589381856,-51.6776633579356,mandaguari,PR
87005,-23.44174075913739,-51.92749158191649,maringa,PR
87013,-23.42248646391639,-51.938405087888434,maringa,PR
87015,-23.428319760676168,-51.95833421266876,maringa,PR
87020,-23.41291430618596,-51.94203814434729,maringa,PR
87023,-23.39123314589431,-51.93529184840365,maringa,PR
87025,-23.382472093966726,-51.927966489669885,maringa,PR
87030,-23.413770021773328,-51.92706989550015,maringa,PR
87035,-23.387797682667,-51.90893073812971,maringa,PR
87040,-23.413742909500797,-51.90754329130873,maringa,PR
87043,-23.40126751381884,-51.89433304784447,maringa,PR
87045,-23.42413885933309,-51.89568585707489,maringa,PR
87047,-23.414432773281256,-51.88601798709872,maringa,PR
87050,-23.431130605372818,-51.918235319335594,maringa,PR
87055,-23.451471584687205,-51.90562110023076,maringa,PR
87065,-23.445068629664828,-51.9771308204789,maringa,PR
87070,-23.41289154834567,-51.980249580348975,maringa,PR
87075,-23.39560726780438,-51.97479745603948,maringa,PR
87080,-23.40740155497924,-51.958423082961545,maringa,PR
87083,-23.387644893671034,-51.95519370458188,maringa,PR
87111,-23.448041264613487,-51.869960318427005,sarandi,PR
87113,-23.432404559986185,-51.87363226151733,sarandi,PR
87114,-23.433450486351425,-51.86670281115602,sarandi,PR
87120,-23.614374068425708,-52.082794433928086,floresta,PR
87140,-23.45682094005969,-52.03990549710547,paicandu,PR
87185,-23.318809614427238,-52.30525570332454,florai,PR
87200,-23.65598596315669,-52.609666035383164,cianorte,PR
87230,-23.622748095003274,-52.4701183751283,jussara,PR
87240,-23.77185835065084,-52.44832800271509,terra boa,PR
87265,-23.850051837280752,-52.132124862539804,quinta do sol,PR
87300,-24.041218925892235,-52.37165410839558,campo mourao,PR
87301,-24.04942753807217,-52.37656854858303,campo mourao,PR
87302,-24.043010320742578,-52.38609136128861,campo mourao,PR
87303,-24.034078488679658,-52.375641325826784,campo mourao,PR
87340,-24.314251507368123,-52.52911313719751,mambore,PR
87345,-24.59241160657905,-52.80415320094136,campina da lagoa,PR
87502,-23.759415570984824,-53.292783700900145,umuarama,PR
87504,-23.751737598100494,-53.30072958526696,umuarama,PR
87505,-23.7703038826882,-53.293996444343186,umuarama,PR
87508,-23.77798227002535,-53.329031379157335,umuarama,PR
87518,-23.619535425600905,-53.38212068195976,serra dos dourados,PR
87525,-23.407196286179886,-53.36950078552628,ivate,PR
87550,-23.872113354531503,-53.89365493932053,altonia,PR
87600,-23.18538719138743,-52.20422371871447,nova esperanca,PR
87690,-22.55257661345575,-52.037545966940456,jardim olinda,PR
87702,-23.078837903414584,-52.4647318679761,paranavai,PR
87703,-23.065974709795622,-52.464550952835424,paranavai,PR
87708,-23.092034540074778,-52.45462622327744,paranavai,PR
87709,-23.080020081590053,-52.460789878033545,paranavai,PR
87880,-22.938666076014126,-52.68734913823053,guairaca,PR
87900,-22.929383785209307,-53.13587259427024,loanda,PR
88010,-27.592883441504366,-48.55247105419271,florianopolis,SC
88015,-27.589867465963366,-48.55115296520953,florianopolis,SC
88020,-27.593757745225567,-48.544313757311976,florianopolis,SC
88032,-27.528367115974632,-48.49191371378214,florianopolis,SC
88034,-27.584002150271765,-48.501678766329036,florianopolis,SC
88035,-27.59114101826739,-48.509176607977736,florianopolis,SC
88036,-27.589316882452703,-48.52246814146247,florianopolis,SC
88037,-27.60018256233101,-48.50691625507009,florianopolis,SC
88040,-27.603831163391323,-48.523562641550996,florianopolis,SC
88047,-27.653601494994245,-48.53093479474947,florianopolis,SC
88048,-27.652608385227843,-48.48245691446093,florianopolis,SC
88050,-27.518376381111747,-48.5162770076532,florianopolis,SC
88054,-27.432685844753685,-48.46585740459028,florianopolis,SC
88056,-27.41984238771852,-48.42646639542672,florianopolis,SC
88058,-27.442895407783315,-48.40148110687639,florianopolis,SC
88063,-27.68168782191656,-48.49077351666238,florianopolis,SC
88064,-27.724472750239443,-48.54188463055436,florianopolis,SC
88066,-27.725282317240154,-48.506547226524255,florianopolis,SC
88070,-27.591470778485867,-48.58315671583112,florianopolis,SC
88075,-27.585486027486755,-48.57989012662318,florianopolis,SC
88080,-27.60765861187083,-48.58099990332238,florianopolis,SC
88085,-27.606573045395983,-48.592712089751465,florianopolis,SC
88090,-27.59221371184723,-48.59546881743506,florianopolis,SC
88095,-27.581970840629207,-48.59476151795889,florianopolis,SC
88101,-27.595232430148474,-48.617592337593344,sao jose,SC
88103,-27.609282058318943,-48.629095039647055,sao jose,SC
88104,-27.62112447858872,-48.639988848038136,sao jose,SC
88106,-27.60219170481988,-48.64242703793293,sao jose,SC
88110,-27.575192700181084,-48.61831023215939,sao jose,SC
88111,-27.56633758010549,-48.62546620248281,sao jose,SC
88113,-27.55802381286753,-48.63172484576854,sao jose,SC
88115,-27.54287971138869,-48.633426145173786,sao jose,SC
88117,-27.579217338674056,-48.607593349827326,sao jose,SC
88122,-27.59930554922935,-48.6831327702591,sao jose,SC
88130,-27.636539573712753,-48.655489318243326,palhoca,SC
88131,-27.65685287785421,-48.666588409943984,palhoca,SC
88132,-27.646892846781906,-48.68054504487325,palhoca,SC
88133,-27.62939454251467,-48.664483887373414,palhoca,SC
88135,-27.678198545039596,-48.687096816464226,palhoca,SC
88136,-27.640827548878654,-48.709477713256035,palhoca,SC
88137,-27.656420949374397,-48.665839739218136,palhoca,SC
88138,-27.753926417441956,-48.63349416431826,palhoca,SC
88139,-27.88554368424846,-48.59071410107894,palhoca,SC
88140,-27.687414607255857,-48.771889137271614,santo amaro da imperatriz,SC
88160,-27.507170237197762,-48.64488265337199,biguacu,SC
88200,-27.23924890910297,-48.63706692121833,tijucas,SC
88210,-27.15728166876613,-48.57004704358004,porto belo,SC
88215,-27.15657253033492,-48.50320378589786,bombinhas,SC
88220,-27.104775732474042,-48.62229620137128,itapema,SC
88230,-27.265701646122324,-48.76801763692695,canelinha,SC
88240,-27.278849823135882,-48.85121490462979,sao joao batista,SC
88270,-27.28299944363184,-48.93077294776362,nova trento,SC
88301,-26.91187688025883,-48.65639411001171,itajai,SC
88303,-26.91257382981319,-48.67397974813434,itajai,SC
88306,-26.939351585462536,-48.639367843516546,itajai,SC
88307,-26.925711318255154,-48.67879375700889,itajai,SC
88309,-26.903924810263682,-48.693049520860995,itajai,SC
88310,-26.892637342495945,-48.69833814351686,itajai,SC
88311,-26.884074363503007,-48.70582801300172,itajai,SC
88316,-26.94374934078652,-48.72163589675504,itajai,SC
88330,-26.992704286772554,-48.63215150489717,balneario camboriu,SC
88331,-26.96718397480239,-48.635726180750765,balneario camboriu,SC
88338,-26.97670723721944,-48.64453806319266,balneario camboriu,SC
88340,-27.02362385481353,-48.64826262904155,camboriu,SC
88345,-27.0308488566622,-48.662081804969176,camboriu,SC
88350,-27.105724111171032,-48.93331822533233,brusque,SC
88352,-27.076616866728674,-48.89319473283283,brusque,SC
88359,-27.14779223406619,-48.957917977996665,brusque,SC
88360,-27.08859875159925,-48.97959805947018,guabiruba,SC
88370,-26.890665854149656,-48.65532838709395,navegantes,SC
88371,-26.870633550295356,-48.683030727601924,navegantes,SC
88372,-26.84343121927079,-48.63491566536206,navegantes,SC
88380,-26.760771390660455,-48.681909781747734,balneario picarras,SC
88385,-26.79083266065954,-48.63124274488887,penha,SC
88390,-26.660970150266756,-48.691953317317825,barra velha,SC
88400,-27.4172065261721,-49.5990465372085,ituporanga,SC
88475,-27.904106011201225,-49.12855017806725,anitapolis,SC
88495,-28.038737678812907,-48.631463327998624,garopaba,SC
88501,-27.81772374608259,-50.33075225544473,lages,SC
88503,-27.826605195097567,-50.32797462657416,lages,SC
88504,-27.82180315112037,-50.34359932606334,lages,SC
88508,-27.805197638629167,-50.31391228860616,lages,SC
88509,-27.8174421802585,-50.31054351011172,lages,SC
88512,-27.838210057446076,-50.34168915710781,lages,SC
88516,-27.803572066590675,-50.36975070994317,lages,SC
88520,-27.794753914647995,-50.30423018175132,lages,SC
88570,-27.65910886422889,-50.584953610229505,sao jose do cerrito,SC
88600,-28.289186687862205,-49.93410075331146,sao joaquim,SC
88701,-28.487149679928624,-49.00915004736618,tubarao,SC
88704,-28.475921543742654,-49.01172864670755,tubarao,SC
88715,-28.633920987357754,-49.024157474362944,jaguaruna,SC
88730,-28.32938171277176,-49.176644834659655,sao ludgero,SC
88745,-28.443636588435936,-48.95654041508624,capivari de baixo,SC
88750,-28.274304945434466,-49.165211726860235,braco do norte,SC
88780,-28.231882617674767,-48.67933195388163,imbituba,SC
88790,-28.47572857600972,-48.784659261030505,laguna,SC
88801,-28.676778989638027,-49.36943092657391,criciuma,SC
88802,-28.6829348182401,-49.370217581025436,criciuma,SC
88804,-28.691211473754187,-49.387054719568205,criciuma,SC
88811,-28.671922083134465,-49.360946931159525,criciuma,SC
88813,-28.678033689593565,-49.338835280840435,criciuma,SC
88815,-28.692031154564724,-49.347625795621795,criciuma,SC
88817,-28.673850306069166,-49.41584884014353,criciuma,SC
88820,-28.715980124328123,-49.299651376329926,icara,SC
88840,-28.523681116023674,-49.31843746844079,urussanga,SC
88850,-28.753138688345132,-49.475392669899485,forquilhinha,SC
88890,-28.184383685539295,-49.21618662024598,grao para,SC
88901,-28.944044468843746,-49.49918340607663,ararangua,SC
88914,-28.987417284967577,-49.41824148200645,balneario arroio do silva,SC
88915,-28.85999261061286,-49.45152082532771,maracaja,SC
88960,-29.108465252964574,-49.63523203121822,sombrio,SC
88980,-29.315305255958787,-49.720961505227535,passo de torres,SC
89010,-26.922277619402173,-49.065782642113284,blumenau,SC
89022,-26.947572578379823,-49.07072639411816,blumenau,SC
89023,-26.949942687634756,-49.07692500050797,blumenau,SC
89030,-26.896594365249943,-49.08294434567545,blumenau,SC
89031,-26.888954863561978,-49.10210453576229,blumenau,SC
89035,-26.90504237499561,-49.088766487950146,blumenau,SC
89037,-26.90515935274632,-49.10061377029356,blumenau,SC
89040,-26.921579999140135,-49.12216246762962,blumenau,SC
89041,-26.914469334728025,-49.11226323442036,blumenau,SC
89046,-26.932024747628564,-49.142028750845995,blumenau,SC
89050,-26.91200168589103,-49.058185062564036,blumenau,SC
89052,-26.891021758568957,-49.07374245904508,blumenau,SC
89053,-26.877298283986775,-49.081445858810056,blumenau,SC
89057,-26.87024226232965,-49.05674795585715,blumenau,SC
89058,-26.857521279711488,-49.05132400015447,blumenau,SC
89065,-26.87170039425458,-49.103069858381275,blumenau,SC
89069,-26.796411407228035,-49.09590143933176,blumenau,SC
89070,-26.87378880544305,-49.128011971985536,blumenau,SC
89082,-26.89486638902222,-49.250855221345034,indaial,SC
89107,-26.732885867295668,-49.170139485950855,pomerode,SC
89108,-26.610216926670343,-49.002534048018276,massaranduba,SC
89110,-26.92112494851802,-48.9686475081214,gaspar,SC
89114,-26.93513099414835,-48.93792722466028,gaspar,SC
89115,-26.826010339017802,-48.930253375319666,gaspar,SC
89116,-26.918268320773088,-48.958546845286634,gaspar,SC
89117,-26.85192667968571,-49.023382533933386,gaspar,SC
89120,-26.827603296905576,-49.27037623408747,timbo,SC
89128,-26.719065127148422,-48.99619111602232,luiz alves,SC
89130,-26.896164242640037,-49.23851117131639,indaial,SC
89136,-26.88932240353919,-49.35056297333393,rodeio,SC
89138,-26.95718708184798,-49.37627016510524,ascurra,SC
89140,-27.056581698958887,-49.525381289507145,ibirama,SC
89160,-27.214586575753973,-49.637725417940445,rio do sul,SC
89163,-27.20409307766069,-49.64975788418899,rio do sul,SC
89164,-27.223517738688045,-49.659990711396745,rio do sul,SC
89167,-27.22627964562482,-49.64006837438859,rio do sul,SC
89170,-27.221224290121654,-49.731481761265776,laurentino,SC
89180,-27.19614273379346,-49.79595722328515,rio do oeste,SC
89182,-27.16868843172061,-49.53931960111321,lontras,SC
89190,-27.118392469189253,-49.999646980328485,taio,SC
89198,-26.94596085982091,-50.13939941622872,rio do campo,SC
89201,-26.301850904454422,-48.848394072332624,joinville,SC
89202,-26.3127561071531,-48.84347797968867,joinville,SC
89203,-26.312712610848944,-48.857218790163536,joinville,SC
89204,-26.287306620648224,-48.85180158925039,joinville,SC
89206,-26.30023352326491,-48.81620657139871,joinville,SC
89207,-26.323116974041863,-48.82953141516658,joinville,SC
89209,-26.353386442872452,-48.81399958246306,joinville,SC
89211,-26.331777299276474,-48.84943205286777,joinville,SC
89214,-26.328275192563538,-48.88032525991248,joinville,SC
89215,-26.33399166138244,-48.9002621420903,joinville,SC
89216,-26.298543560591334,-48.869858307694756,joinville,SC
89217,-26.287074320291687,-48.873739813753716,joinville,SC
89218,-26.272530923506316,-48.86153165204088,joinville,SC
89220,-26.27074229665648,-48.88181768781808,joinville,SC
89221,-26.281893965801814,-48.83991422042409,joinville,SC
89222,-26.267823839408237,-48.84491848211984,joinville,SC
89224,-26.26448500911461,-48.80725552527537,joinville,SC
89225,-26.249547532553304,-48.80822564526952,joinville,SC
89227,-26.27482843606635,-48.82034246888775,joinville,SC
89228,-26.280132640164325,-48.796517867432854,joinville,SC
89229,-26.32228062283277,-48.815180028698,joinville,SC
89230,-26.332674810171465,-48.804698068797016,joinville,SC
89237,-26.287287983070964,-48.90755352352731,joinville,SC
89239,-26.20017470047947,-48.906610772921155,joinville,SC
89240,-26.24556370537883,-48.60788895849941,sao francisco do sul,SC
89245,-26.407378348238257,-48.75811272641001,araquari,SC
89248,-26.034602380283914,-48.85354111529444,garuva,SC
89251,-26.48669076477054,-49.081236121407464,jaragua do sul,SC
89253,-26.497987343473397,-49.103562841651275,jaragua do sul,SC
89254,-26.47103678845183,-49.11565414149591,jaragua do sul,SC
89255,-26.46736049454127,-49.09306183541264,jaragua do sul,SC
89256,-26.48129391902795,-49.058517578119535,jaragua do sul,SC
89257,-26.4522503656239,-49.054652945195706,jaragua do sul,SC
89258,-26.491580915704773,-49.052080771769766,jaragua do sul,SC
89259,-26.500511928687622,-49.08529233667028,jaragua do sul,SC
89260,-26.512379468089705,-49.133063838419886,jaragua do sul,SC
89266,-26.43403424579835,-49.13869846959003,jaragua do sul,SC
89270,-26.473533296244547,-48.983797686859155,guaramirim,SC
89275,-26.405445142724908,-49.074744844985375,schroeder,SC
89282,-26.231493423749832,-49.34693597685519,sao bento do sul,SC
89289,-26.247207721185678,-49.44998262152892,sao bento do sul,SC
89295,-26.25613891864582,-49.52153209709076,rio negrinho,SC
89300,-26.12585603089477,-49.81253069564952,mafra,SC
89340,-26.34568104118662,-49.90830890118037,itaiopolis,SC
89370,-26.40493104975987,-50.1457709126807,papanduva,SC
89400,-26.247995485947694,-51.07950025593373,porto uniao,SC
89460,-26.17842967715644,-50.39172922868355,canoinhas,SC
89500,-26.778194551827706,-51.01186246927614,cacador,SC
89503,-26.786115432112734,-51.0214389199046,cacador,SC
89504,-26.775704753869576,-51.02952456825458,cacador,SC
89510,-26.788654105095265,-50.993360060398096,cacador,SC
89520,-27.290948728745207,-50.577361136441255,curitibanos,SC
89560,-27.00447650803858,-51.15253710423868,videira,SC
89580,-27.029807812153095,-50.92124249393447,fraiburgo,SC
89590,-26.928511307806666,-51.335122525174846,arroio trinta,SC
89600,-27.172115507742987,-51.50903852507784,joacaba,SC
89610,-27.173580626008164,-51.49262118869298,herval d'oeste,SC
89620,-27.399055235300438,-51.22556495735034,campos novos,SC
89650,-26.998521324070396,-51.411579838730134,treze tilias,SC
89680,-27.023931839576488,-51.89536408227146,irani,SC
89694,-26.850256635317304,-52.25917760328908,faxinal dos guedes,SC
89700,-27.2307414273828,-52.02442356124777,concordia,SC
89701,-27.21992557329001,-52.02327989668862,concordia,SC
89703,-27.22108969877591,-52.03899884790244,concordia,SC
89711,-27.230575611226463,-51.99829194247439,concordia,SC
89765,-27.254960532992147,-52.4994708847488,paial,SC
89770,-27.160802125766637,-52.31539991047458,seara,SC
89801,-27.09944773836892,-52.610097129674116,chapeco,SC
89802,-27.1030385797433,-52.62044254719734,chapeco,SC
89803,-27.09543989582476,-52.632071202754624,chapeco,SC
89805,-27.078138868778755,-52.615663162397055,chapeco,SC
89809,-27.098309117328334,-52.67127859485439,chapeco,SC
89810,-27.060817859099703,-52.63552876787947,chapeco,SC
89812,-27.11449604227134,-52.60281233605121,chapeco,SC
89820,-26.876415100422566,-52.403994657794016,xanxere,SC
89825,-26.959436655053853,-52.53171511177201,xaxim,SC
89828,-26.85762444633593,-52.56748084406709,lajeado grande,SC
89830,-26.565375356044346,-52.32532803924757,abelardo luz,SC
89843,-26.88121528807032,-52.86017603229269,aguas frias,SC
89868,-26.925367596689007,-53.00431264626756,saudades,SC
89870,-26.847939738284047,-52.98723222324769,pinhalzinho,SC
89880,-27.157052787302774,-52.88536980002553,caxambu do sul,SC
89887,-27.071407007773114,-53.162444901815576,palmitos,SC
89888,-27.074346228038745,-53.24935701690006,caibi,SC
89893,-27.101575115595427,-53.400361871374365,mondai,SC
89895,-27.059609588126293,-53.32609304434152,riqueza,SC
89899,-26.987999188007993,-53.532300990431125,ipora do oeste,SC
89900,-26.73341376125163,-53.517529914408506,sao miguel do oeste,SC
89908,-26.676332683605008,-53.31972479541719,romelandia,SC
89925,-26.84354627234118,-53.58044131414608,belmonte,SC
89950,-26.258502080968704,-53.63606883082187,dionisio cerqueira,SC
89990,-26.363163265599333,-52.850665590498174,sao lourenco do oeste,SC
90010,-30.033212764480137,-51.23143789959834,porto alegre,RS
90020,-30.030589473017823,-51.22769725328026,porto alegre,RS
90030,-30.026823730414925,-51.22181388079913,porto alegre,RS
90040,-30.041161395936474,-51.213660680950525,porto alegre,RS
90050,-30.039628920394776,-51.222633099068474,porto alegre,RS
90150,-30.05256828188104,-51.22167277068934,porto alegre,RS
90220,-30.021136927745573,-51.209674184414446,porto alegre,RS
90230,-30.008181567706295,-51.20130443913637,porto alegre,RS
90240,-30.00409696311078,-51.19631899770257,porto alegre,RS
90245,-29.983958424284666,-51.19346699236304,porto alegre,RS
90250,-29.98160993083021,-51.188586365945525,porto alegre,RS
90410,-30.04134987079236,-51.18608912609568,porto alegre,RS
90420,-30.035780991917427,-51.20115101491416,porto alegre,RS
90430,-30.0297019753662,-51.20251936491882,porto alegre,RS
90440,-30.027676358746632,-51.194555874065266,porto alegre,RS
90450,-30.0289981741667,-51.18923930531898,porto alegre,RS
90460,-30.040018026495485,-51.18716448662552,porto alegre,RS
90470,-30.033513650127862,-51.180472988640965,porto alegre,RS
90480,-30.02640324602544,-51.180352151436615,porto alegre,RS
90520,-30.016072959902225,-51.17892132567786,porto alegre,RS
90540,-30.017451288062443,-51.18959331993065,porto alegre,RS
90550,-30.01356847741822,-51.19024851930904,porto alegre,RS
90560,-30.020688672514343,-51.200705977464835,porto alegre,RS
90570,-30.021970792739566,-51.202463920094345,porto alegre,RS
90640,-30.0528082231195,-51.20349940909082,porto alegre,RS
90650,-30.054736655635054,-51.19956059413188,porto alegre,RS
90670,-30.048806233363713,-51.18867453193925,porto alegre,RS
90680,-30.064709236940818,-51.19229319549018,porto alegre,RS
90690,-30.050518862948493,-51.179855469372015,porto alegre,RS
90810,-30.07796614758054,-51.23964116784663,porto alegre,RS
90820,-30.09046769797437,-51.23553037033198,porto alegre,RS
90840,-30.077543451279457,-51.222800860649976,porto alegre,RS
90850,-30.06578689555878,-51.225993882131974,porto alegre,RS
90870,-30.073975766729266,-51.209209666711985,porto alegre,RS
90880,-30.060813567633577,-51.21610940415796,porto alegre,RS
91030,-30.007015310934644,-51.17488774416756,porto alegre,RS
91050,-30.004403834287338,-51.1520431901733,porto alegre,RS
91110,-30.000128583308786,-51.136473154496656,porto alegre,RS
91120,-29.98452568113661,-51.13010042048019,porto alegre,RS
91130,-30.004352940251774,-51.13114718861931,porto alegre,RS
91140,-29.98812283875919,-51.11775252542612,porto alegre,RS
91150,-30.00326017740812,-51.118735144263624,porto alegre,RS
91160,-29.995565074510544,-51.10254019758514,porto alegre,RS
91170,-29.99999504325933,-51.0962634583599,porto alegre,RS
91210,-30.03800906270191,-51.144626559356205,porto alegre,RS
91215,-30.030452740094894,-51.14038526633607,porto alegre,RS
91220,-30.019007803599003,-51.1375177298783,porto alegre,RS
91225,-30.034631058661265,-51.14627605802357,porto alegre,RS
91230,-30.018298859705798,-51.12547951200409,porto alegre,RS
91240,-30.022995760143456,-51.11660296233996,porto alegre,RS
91260,-30.03865360764886,-51.121878336551084,porto alegre,RS
91280,-30.044900535662766,-51.09701786179232,porto alegre,RS
91320,-30.033459014989063,-51.15138528014919,porto alegre,RS
91330,-30.033566088338503,-51.16255976401937,porto alegre,RS
91350,-30.015528344866176,-51.162708252374614,porto alegre,RS
91360,-30.020228951578055,-51.154714915131336,porto alegre,RS
91370,-30.015889963916965,-51.14861204609,porto alegre,RS
91410,-30.05011878151954,-51.166904306285744,porto alegre,RS
91430,-30.050784108299705,-51.14274869155843,porto alegre,RS
91450,-30.046833541426064,-51.13604930747305,porto alegre,RS
91510,-30.07133502892093,-51.17775102637313,porto alegre,RS
91520,-30.068075416697393,-51.1669472048459,porto alegre,RS
91530,-30.06107220451981,-51.159504916643236,porto alegre,RS
91540,-30.081475507040512,-51.13020843894735,porto alegre,RS
91550,-30.093451458007475,-51.13622147145307,porto alegre,RS
91570,-30.110818064864606,-51.107001498618935,porto alegre,RS
91710,-30.077454851622484,-51.193185781508085,porto alegre,RS
91720,-30.086147725644665,-51.21011025894578,porto alegre,RS
91750,-30.125749926191148,-51.20858749583112,porto alegre,RS
91751,-30.1308422421083,-51.21798275435879,porto alegre,RS
91755,-30.16044588588245,-51.195381196468155,porto alegre,RS
91760,-30.130673114991186,-51.23370085557171,porto alegre,RS
91770,-30.15114647350837,-51.2173619761807,porto alegre,RS
91787,-30.157486153891497,-51.15654975984019,porto alegre,RS
91788,-30.152809375880064,-51.16557960728455,porto alegre,RS
91910,-30.103114340162882,-51.24261099293992,porto alegre,RS
91920,-30.111750866550857,-51.24389587828228,porto alegre,RS
92010,-29.916961604485003,-51.179846893413064,canoas,RS
92020,-29.917004803844417,-51.1717653177083,canoas,RS
92025,-29.924146120759737,-51.16163459086898,canoas,RS
92030,-29.919402974839496,-51.14505892899358,canoas,RS
92110,-29.93731412377801,-51.16997494701149,canoas,RS
92120,-29.949839227216543,-51.16849385835352,canoas,RS
92130,-29.95548445525428,-51.163232493292185,canoas,RS
92200,-29.9547733095964,-51.18588572359675,canoas,RS
92310,-29.91622996554467,-51.18816017725101,canoas,RS
92320,-29.922777578535726,-51.199224214750956,canoas,RS
92330,-29.90190348656491,-51.21251453274884,canoas,RS
92410,-29.898660103882328,-51.16289525746852,canoas,RS
92420,-29.885329953059237,-51.17823714857105,canoas,RS
92425,-29.882484469905727,-51.154210485777114,canoas,RS
92440,-29.90527812680538,-51.14139868543693,canoas,RS
92500,-30.121449870629622,-51.336325678972145,guaiba,RS
92990,-30.015733809082768,-51.32857728642114,eldorado do sul,RS
93010,-29.766631434346724,-51.14696838432699,sao leopoldo,RS
93020,-29.779238329862242,-51.14850627652795,sao leopoldo,RS
93022,-29.792073972951776,-51.150204094875086,sao leopoldo,RS
93025,-29.767455004767953,-51.160058110032374,sao leopoldo,RS
93032,-29.77653386683951,-51.13068516330073,sao leopoldo,RS
93040,-29.769156789229083,-51.1302496283369,sao leopoldo,RS
93042,-29.7639017452581,-51.11931009023463,sao leopoldo,RS
93046,-29.774229400549345,-51.11392249945905,sao leopoldo,RS
93048,-29.76389437200504,-51.1102986112681,sao leopoldo,RS
93180,-29.694204375791138,-51.23318877432421,portao,RS
93220,-29.828980460113236,-51.15068614721684,sapucaia do sul,RS
93222,-29.81959208601507,-51.13705203576924,sapucaia do sul,RS
93230,-29.845000700048054,-51.12659239035868,sapucaia do sul,RS
93260,-29.844579288983123,-51.16850734710764,esteio,RS
93270,-29.845637884068402,-51.18285128398618,esteio,RS
93280,-29.8501922029815,-51.15580277886517,esteio,RS
93310,-29.682712407822727,-51.137380013249334,novo hamburgo,RS
93334,-29.706552545551585,-51.14139211369367,novo hamburgo,RS
93344,-29.68373160083914,-51.15144933613463,novo hamburgo,RS
93348,-29.674727503663902,-51.14719299561719,novo hamburgo,RS
93420,-29.729169490973064,-51.13286145300927,novo hamburgo,RS
93425,-29.72109743779502,-51.11451402023661,novo hamburgo,RS
93510,-29.682440885033067,-51.12347134361094,novo hamburgo,RS
93540,-29.68092687407378,-51.103469137265506,novo hamburgo,RS
93542,-29.684330843096387,-51.09298402937747,novo hamburgo,RS
93548,-29.68888489152506,-51.11443622736192,novo hamburgo,RS
93600,-29.655798861769537,-51.17176185223902,estancia velha,RS
93608,-28.771317519978446,-50.46414800112312,estancia velha,RS
93700,-29.67704500881413,-51.060403440177396,campo bom,RS
93800,-29.63655061319904,-51.00782414855772,sapiranga,RS
93890,-29.588354352147714,-50.9006766106218,nova hartz,RS
93900,-29.605286893562898,-51.16427789211877,ivoti,RS
93945,-29.518286363401156,-51.17970480071749,presidente lucena,RS
93950,-29.587186092324195,-51.091214293917815,dois irmaos,RS
94020,-29.934890349275758,-51.00227876459274,gravatai,RS
94035,-29.943998462933838,-50.9992667557947,gravatai,RS
94065,-29.94499376975962,-51.04869510719994,gravatai,RS
94070,-29.938661909759755,-51.068768230578186,gravatai,RS
94110,-29.91155743531841,-51.060818761361546,gravatai,RS
94120,-29.91351711654597,-51.050509258484965,gravatai,RS
94150,-29.93077036765025,-51.02479078831666,gravatai,RS
94185,-29.945227229326854,-50.97188232550285,gravatai,RS
94380,-29.881225047560317,-50.7835262916663,glorinha,RS
94410,-30.08355139038262,-51.0218050150084,viamao,RS
94435,-30.08481896648352,-51.040122047799095,viamao,RS
94440,-30.08414612918612,-51.05174077188593,viamao,RS
94451,-30.077760743041143,-51.05330632286344,viamao,RS
94475,-30.073697217292164,-51.09314841270517,viamao,RS
94495,-30.0569919649755,-51.09118248613219,viamao,RS
94500,-30.067485282641055,-51.11135067539507,viamao,RS
94510,-30.057428730903272,-51.07937986285858,viamao,RS
94820,-29.991651370229434,-51.08151068242755,alvorada,RS
94828,-29.9928639487548,-51.059011975307186,alvorada,RS
94850,-30.02035002258635,-51.07946137103184,alvorada,RS
94852,-30.007741653601478,-51.049365114845536,alvorada,RS
94856,-30.042937059230738,-51.065009759823596,alvorada,RS
94859,-30.03217996488206,-51.08217997757147,alvorada,RS
94910,-29.95269333551591,-51.09779064077645,cachoeirinha,RS
94930,-29.941081316868793,-51.10745666222594,cachoeirinha,RS
94935,-29.942723408932107,-51.09650357868583,cachoeirinha,RS
94960,-29.912722324461413,-51.08481400591595,cachoeirinha,RS
94965,-29.904950693956568,-51.07030394103,cachoeirinha,RS
95012,-29.172669488726473,-51.21072933509023,caxias do sul,RS
95013,-29.16288449162156,-51.203806450975556,caxias do sul,RS
95020,-29.1663138115949,-51.17831394250232,caxias do sul,RS
95032,-29.14802694882467,-51.20192077793556,caxias do sul,RS
95034,-29.16019444958931,-51.18925939305335,caxias do sul,RS
95045,-29.12726123734296,-51.17453458697446,caxias do sul,RS
95047,-29.12061739957863,-51.182188553613486,caxias do sul,RS
95050,-29.153966713587522,-51.16480661035684,caxias do sul,RS
95059,-29.11603845005783,-51.12563480510615,caxias do sul,RS
95070,-29.16744881112399,-51.15483116731139,caxias do sul,RS
95072,-29.173299048379477,-51.15178971474723,caxias do sul,RS
95076,-29.178216467446862,-51.14868438613908,caxias do sul,RS
95080,-29.173683520686257,-51.18183383155813,caxias do sul,RS
95082,-29.17782368522574,-51.17328050719071,caxias do sul,RS
95084,-29.172077814708842,-51.17274551601364,caxias do sul,RS
95088,-29.1954433860579,-51.16706068825971,caxias do sul,RS
95098,-29.190671210121483,-51.18729485057533,caxias do sul,RS
95110,-29.190856266477073,-51.23023949816572,caxias do sul,RS
95112,-29.170771745747388,-51.23096209702349,caxias do sul,RS
95150,-29.375117732594422,-51.10823005629176,nova petropolis,RS
95170,-29.405237131199158,-51.32578918258864,farroupilha,RS
95181,-29.2282968417925,-51.34995612529532,farroupilha,RS
95185,-29.298071742278164,-51.50260091138184,carlos barbosa,RS
95190,-28.968928433226377,-51.06874599856591,sao marcos,RS
95200,-28.505974693406692,-50.93824129882797,vacaria,RS
95240,-28.8019037608538,-51.28985837084383,ipe,RS
95250,-28.856785799862664,-51.28407511043693,antonio prado,RS
95255,-28.78856158381966,-51.09526360192388,campestre da serra,RS
95270,-29.035257065411393,-51.183154546287696,flores da cunha,RS
95300,-28.21190081909876,-51.525184742562196,lagoa vermelha,RS
95320,-28.78225459518229,-51.60921296756925,nova prata,RS
95334,-28.86023888910916,-51.552607108079904,vila flores,RS
95355,-28.542458167831455,-51.691383578716206,guabiju,RS
95360,-28.596703774432147,-51.786946085315805,parai,RS
95480,-29.053500891544406,-50.14571173383808,cambara do sul,RS
95500,-29.833102764742073,-50.52008406269422,santo antonio da patrulha,RS
95520,-29.89559160193635,-50.25566064711838,osorio,RS
95555,-29.7331750608532,-50.007224042358075,capao da canoa,RS
95560,-29.34114246818455,-49.74491959115231,torres,RS
95580,-29.45367401984629,-49.92164780810167,tres cachoeiras,RS
95585,-29.5409423986955,-49.88526690603356,arroio do sal,RS
95590,-30.005360772726835,-50.14976807414613,tramandai,RS
95595,-30.181172662096813,-50.21367392192425,cidreira,RS
95600,-29.650732911333858,-50.782399828363395,taquara,RS
95603,-29.663776595683643,-50.776393193740205,taquara,RS
95625,-29.949823496703946,-50.11914007834461,imbe,RS
95650,-29.571977530057968,-50.79472976396335,igrejinha,RS
95660,-29.511355583933103,-50.78115073787274,tres coroas,RS
95670,-29.38173761566205,-50.87401159925631,gramado,RS
95690,-29.64963363646582,-50.572926219838166,rolante,RS
95700,-29.17034521546987,-51.51583265028797,bento goncalves,RS
95702,-29.182131530337124,-51.50000803503631,bento goncalves,RS
95703,-29.167939929389266,-51.50485891134789,bento goncalves,RS
95705,-29.155674465575085,-51.51306325887411,bento goncalves,RS
95708,-29.138347982191938,-51.526606744399935,bento goncalves,RS
95720,-29.253901645512006,-51.52820815176132,garibaldi,RS
95760,-29.587807418100702,-51.36190308319204,sao sebastiao do cai,RS
95780,-29.68780422662315,-51.467963988245124,montenegro,RS
95795,-29.37382861712204,-51.37282573866924,sao vendelino,RS
95800,-29.61111067145766,-52.193313555031075,venancio aires,RS
95840,-29.930632716179662,-51.70738486119434,triunfo,RS
95860,-29.79261154979131,-51.86124955771729,taquari,RS
95870,-29.60072374263251,-51.93419702846099,bom retiro do sul,RS
95890,-29.4812253044076,-51.808172808597945,teutonia,RS
95900,-29.46055671555411,-51.966717167345216,lajeado,RS
95910,-29.430823732155336,-51.99377718667392,lajeado,RS
95913,-29.44657988996659,-51.961201913641,lajeado,RS
95915,-29.467470043267866,-52.08774923081315,santa clara do sul,RS
95920,-29.302432809389433,-52.42974132558072,boqueirao do leao,RS
95935,-29.270551732285227,-51.98834367295233,capitao,RS
95940,-29.394875869959982,-51.945171165133004,arroio do meio,RS
95950,-29.214818384069204,-52.0256512681145,nova brescia,RS
95960,-29.236104755527442,-51.8751846997003,encantado,RS
95975,-29.001382772410064,-52.15716982762596,putinga,RS
95980,-28.9720990314305,-52.00750426344917,anta gorda,RS
95995,-28.87190543829348,-52.180111441190874,arvorezinha,RS
96010,-31.77233288809363,-52.33919520280354,pelotas,RS
96015,-31.762679492581828,-52.3383354860887,pelotas,RS
96020,-31.7554965196217,-52.34127190287297,pelotas,RS
96025,-31.771425250792085,-52.35582077742327,pelotas,RS
96065,-31.719759796332397,-52.35233925500248,pelotas,RS
96070,-31.69725421849868,-52.339119321208784,pelotas,RS
96076,-31.765482554628306,-52.32048399660753,pelotas,RS
96077,-31.75710255905281,-52.31766668746678,pelotas,RS
96080,-31.751071747621015,-52.3232017075999,pelotas,RS
96081,-31.738306987947905,-52.314131234772624,pelotas,RS
96083,-31.75888431571451,-52.272004518870276,pelotas,RS
96085,-31.7505954230308,-52.30625558113885,pelotas,RS
96095,-31.734625422878846,-52.21480363990495,pelotas,RS
96170,-31.36440027763601,-51.97864734895337,sao lourenco do sul,RS
96200,-32.03464709881218,-52.097201592173086,rio grande,RS
96201,-32.03821975236037,-52.084825109025644,rio grande,RS
96203,-32.079231334862214,-52.156032771961506,rio grande,RS
96206,-32.176204791665675,-52.16178965807263,rio grande,RS
96211,-32.04029057026779,-52.11623226138782,rio grande,RS
96216,-32.105256811181135,-52.17395580139477,rio grande,RS
96217,-32.16005542108376,-52.180737086899995,rio grande,RS
96230,-33.512901226788884,-53.34974784632119,santa vitoria do palmar,RS
96270,-31.102961069926018,-50.91340742099437,mostardas,RS
96300,-32.56105729568267,-53.378113690387714,jaguarao,RS
96400,-31.32726762241418,-54.106450230952454,bage,RS
96402,-31.329277566734664,-54.12173057806752,bage,RS
96415,-31.332879107506674,-54.0900643956009,bage,RS
96418,-31.33876803150761,-54.07827334104643,bage,RS
96450,-30.979123341411878,-54.66997677388248,dom pedrito,RS
96460,-31.401705514245453,-53.87636237472542,hulha negra,RS
96470,-31.578575056364723,-53.38246136866199,pinheiro machado,RS
96487,-31.73356683118392,-53.586333437758334,pedras altas,RS
96495,-31.50150939820098,-53.69073915188292,candiota,RS
96570,-30.513795368962732,-53.48920920234293,cacapava do sul,RS
96600,-31.395632570425594,-52.67708329253571,cangucu,RS
96610,-30.544711212440724,-52.52372179022532,encruzilhada do sul,RS
96745,-29.96270532877309,-51.618642688658596,charqueadas,RS
96770,-30.5950876526286,-51.75234557238621,cerro grande do sul,RS
96790,-30.29829374043067,-51.308982963290255,barra do ribeiro,RS
96810,-29.717245446008437,-52.43078315444669,santa cruz do sul,RS
96815,-29.70360562925553,-52.422548254594275,santa cruz do sul,RS
96820,-29.704350321116042,-52.42556658016127,santa cruz do sul,RS
96825,-29.71779605257508,-52.4185043185084,santa cruz do sul,RS
96835,-29.750792875949454,-52.421664647063224,santa cruz do sul,RS
96842,-29.765458577850765,-52.4405657366876,santa cruz do sul,RS
96900,-29.41678369308112,-53.026586319295326,sobradinho,RS
96930,-29.67044597567735,-52.78911852703207,candelaria,RS
97010,-29.68434895692012,-53.813803244861695,santa maria,RS
97015,-29.692576960657462,-53.81234231845419,santa maria,RS
97030,-29.70669904579279,-53.87216415148998,santa maria,RS
97035,-29.692851374341796,-53.85109147238334,santa maria,RS
97040,-29.6736796585368,-53.83205729776537,santa maria,RS
97045,-29.674157805917048,-53.80320028856753,santa maria,RS
97050,-29.68943650014343,-53.79833260135035,santa maria,RS
97090,-29.67572108721145,-53.79063836221183,santa maria,RS
97105,-29.706864785465406,-53.71802555114769,santa maria,RS
97185,-29.5968016501597,-53.76801100248575,itaara,RS
97250,-29.46857622844848,-53.45869367289793,nova palma,RS
97300,-30.336434008509347,-54.32365439442601,sao gabriel,RS
97385,-30.204742942373727,-53.34095123552069,vila nova do sul,RS
97400,-29.554610604083763,-54.21123284419048,sao pedro do sul,RS
97418,-29.471457592362487,-54.227555204448144,toropi,RS
97450,-29.883498364402605,-54.82633070054312,cacequi,RS
97501,-29.755778626042446,-57.08813772410531,uruguaiana,RS
97502,-29.762249215384355,-57.078952373770164,uruguaiana,RS
97503,-29.773663291996964,-57.09614113417625,uruguaiana,RS
97507,-29.775954482376285,-57.07674937066641,uruguaiana,RS
97542,-29.784433749766997,-55.79219384385998,alegrete,RS
97574,-30.89510433824259,-55.52544617365127,santana do livramento,RS
97590,-30.254941083139382,-54.920334249156326,rosario do sul,RS
97670,-28.654368454743132,-56.005437023988705,sao borja,RS
97700,-29.186543626128145,-54.867516055696015,santiago,RS
97800,-28.405745014830895,-54.95736550862166,sao luiz gonzaga,RS
97870,-28.507734250458203,-55.231598780198624,santo antonio das missoes,RS
98005,-28.64310602745524,-53.60738746615864,cruz alta,RS
98025,-28.634963758598047,-53.604379111376296,cruz alta,RS
98130,-29.231046769171375,-53.67851335397243,julio de castilhos,RS
98160,-29.520498712729548,-53.5778998785527,ivora,RS
98170,-29.081334764866796,-53.837070833138384,tupancireta,RS
98200,-28.62920471972509,-53.098996288532234,ibiruba,RS
98270,-28.41944855924533,-53.654098747811844,pejucara,RS
98280,-28.293540609837006,-53.5022378421305,panambi,RS
98290,-28.20732212632177,-53.484839056818565,condor,RS
98300,-27.89852791719222,-53.31111050685997,palmeira das missoes,RS
98360,-27.47330447119546,-53.17050386349097,rodeio bonito,RS
98460,-27.195549163878507,-53.255200432922415,irai,RS
98470,-27.33216878232534,-53.058859552370144,planalto,RS
98680,-27.39309950021365,-54.08802409490898,tiradentes do sul,RS
98700,-28.38782850412007,-53.91593589989315,ijui,RS
98750,-28.23771966641463,-53.76337497269791,ajuricaba,RS
98801,-28.304875504730383,-54.264895538029,santo angelo,RS
98802,-28.29014801452278,-54.2700091103363,santo angelo,RS
98803,-28.290552519798347,-54.262511433078906,santo angelo,RS
98807,-28.29995574900375,-54.243987986611536,santo angelo,RS
98870,-28.029701451024163,-54.34991721201693,girua,RS
98900,-27.865358274962087,-54.470127802309875,santa rosa,RS
98910,-27.77657590438832,-54.23551840843681,tres de maio,RS
98920,-27.627277989445282,-54.31036031755507,horizontina,RS
98995,-27.90680205449298,-55.1390737732943,porto xavier,RS
99010,-28.27075286645487,-52.54089769848736,passo fundo,RS
99020,-28.2504401891353,-52.41055964370881,passo fundo,RS
99050,-28.24410971738653,-52.387712398313305,passo fundo,RS
99051,-28.253212107955743,-52.456622436636984,passo fundo,RS
99052,-28.233273406921914,-52.372582196719335,passo fundo,RS
99060,-28.275844570121826,-52.37500795789541,passo fundo,RS
99062,-28.279737730803678,-52.38488490299348,passo fundo,RS
99074,-28.27272533377297,-52.39574588313523,passo fundo,RS
99145,-28.126926574906292,-52.29683663059865,coxilha,RS
99150,-28.445913394643156,-52.20283767459886,marau,RS
99250,-28.7127705935721,-51.93407780760516,serafina correa,RS
99260,-28.56573083286525,-51.974619453032226,casca,RS
99270,-28.539455616164148,-51.87743619825896,sao domingos do sul,RS
99400,-28.730670471052086,-52.844475193036104,espumoso,RS
99440,-29.089435463724918,-53.21596164133482,salto do jacui,RS
99500,-28.29124464593789,-52.79025576343903,carazinho,RS
99530,-28.061001781776675,-53.06614906485781,chapada,RS
99560,-27.939046257504383,-52.9263631143591,sarandi,RS
99605,-27.441895840657565,-52.91480070999014,gramado dos loureiros,RS
99615,-27.52481394969961,-52.896760672083246,trindade do sul,RS
99660,-27.71786642064481,-52.62398227507844,campinas do sul,RS
99670,-27.78222223380718,-52.806500480230916,ronda alta,RS
99700,-27.63604581650499,-52.2730491223361,erechim,RS
99701,-27.627115136617082,-52.25863983402857,erechim,RS
99725,-27.4995642240208,-52.15016574213005,tres arroios,RS
99730,-27.728956133348813,-52.536535128236906,jacutinga,RS
99840,-27.950143156090746,-51.80988631728817,sananduva,RS
99870,-27.84465049601447,-51.57643492457602,sao jose do ouro,RS
99950,-28.06895869493593,-52.01206796080064,tapejara,RS
99960,-27.95372179010726,-52.02551148985606,charrua,RS
99980,-28.38912938983304,-51.84383599037798,david canabarro,RS
99990,-28.329594975628552,-51.76936175492407,muliterno,RS
