product_id,product_category_name,product_name_lenght,product_description_lenght,product_photos_qty,product_weight_g,product_length_cm,product_height_cm,product_width_cm
37cc742be07708b53a98702e77a21a02,eletrodomesticos,57.0,163.0,1.0,400.0,27.0,13.0,17.0
7bb6f29c2be57716194f96496660c7c2,moveis_decoracao,51.0,2083.0,2.0,600.0,68.0,11.0,13.0
a1b71017a84f92fd8da4aeefba108a24,informatica_acessorios,59.0,636.0,1.0,900.0,40.0,15.0,20.0
f53103a77d9cf245e579ea37e5ec51f0,cama_mesa_banho,52.0,206.0,1.0,500.0,16.0,10.0,16.0
518ef5de2c2b3a255e326a4594ba15d9,cama_mesa_banho,27.0,329.0,2.0,800.0,36.0,8.0,16.0
8b41fbc2b984a12030090112324d1bc4,bebes,55.0,1627.0,1.0,500.0,20.0,13.0,13.0
1eba879220bd0981a0e2fbab499ed4e1,moveis_escritorio,57.0,476.0,1.0,8950.0,52.0,51.0,17.0
5f504b3a1c75b73d6151be81eb05bdc9,cool_stuff,38.0,1176.0,3.0,15350.0,47.0,40.0,47.0
bbf920aa6ac72007a726e6f419156f8f,moveis_decoracao,42.0,303.0,2.0,1300.0,25.0,16.0,25.0
0d826eba8e0a2ae3bca9e3a947dd756d,brinquedos,50.0,423.0,4.0,250.0,20.0,14.0,12.0
1e5428c428e0f783acd6e3d94ba4ee2a,pcs,55.0,1067.0,1.0,12000.0,27.0,50.0,53.0
75b4372e69a42f8ae1d908c076f547b2,beleza_saude,22.0,1313.0,1.0,938.0,29.0,22.0,23.0
7f34b85142d1ef9e077a0da9ada27385,moveis_decoracao,59.0,1750.0,3.0,2300.0,105.0,3.0,70.0
af16005fca813272caf59c432153949e,moveis_decoracao,55.0,1186.0,2.0,800.0,53.0,8.0,20.0
6ddc95e87149457c4c5177b0a474a9ba,moveis_decoracao,47.0,1405.0,3.0,150.0,35.0,2.0,25.0
c33d78b97260227119fb2b71be168fca,cama_mesa_banho,39.0,170.0,1.0,650.0,27.0,10.0,22.0
6f0169f259bb0ff432bfff7d829b9946,casa_construcao,58.0,918.0,6.0,1050.0,16.0,20.0,16.0
b6f3b8136ba8302906df7e11ff908751,pet_shop,36.0,617.0,1.0,1350.0,23.0,7.0,30.0
2be2be0a6a5916840503fdf50808ebcb,utilidades_domesticas,41.0,270.0,1.0,600.0,36.0,6.0,19.0
ac5bae85a895724330c4acddd581b02b,telefonia,50.0,1254.0,2.0,500.0,16.0,15.0,11.0
1e12f1836c1f08b25ef78fcdf76fbf08,ferramentas_jardim,60.0,884.0,1.0,900.0,37.0,3.0,23.0
60cf4effb6947283fa638d570bd07318,bebes,30.0,410.0,4.0,4500.0,80.0,70.0,28.0
5877301b00f95e3c6118738b293dfab3,eletrodomesticos,50.0,273.0,1.0,1500.0,65.0,8.0,38.0
e0bbe6292471ff5ab3752414baf78111,relogios_presentes,43.0,572.0,2.0,500.0,16.0,11.0,11.0
dd768d259ee6054e0dadd66c8e2be0b6,cama_mesa_banho,52.0,700.0,2.0,350.0,16.0,10.0,16.0
db7e6804f1a8206a7e51c9a741a09d9e,brinquedos,51.0,410.0,2.0,300.0,24.0,11.0,24.0
f9471562478eba8761bc985b968a0092,utilidades_domesticas,38.0,390.0,1.0,850.0,18.0,21.0,15.0
4473f3e5c65952b074ef987fa5c24662,telefonia,59.0,776.0,6.0,350.0,17.0,4.0,12.0
4c6018f41a6c2e5543cc034e94f5ce5b,ferramentas_jardim,44.0,2395.0,1.0,16500.0,40.0,25.0,26.0
a85543a371d5cfafedb80a8177a692b5,utilidades_domesticas,59.0,470.0,2.0,750.0,34.0,14.0,24.0
5e21d5cab5d33e770d8150a4ee6117db,relogios_presentes,60.0,312.0,4.0,200.0,16.0,2.0,11.0
68bfdbfe84f03af17733b10362f10020,moveis_decoracao,63.0,244.0,4.0,600.0,29.0,12.0,23.0
47969dd948e918289f809be899ddfb4c,papelaria,48.0,501.0,1.0,258.0,19.0,12.0,19.0
f4d705aa95ccca448e5b0deb6e5290ba,cama_mesa_banho,57.0,74.0,1.0,250.0,20.0,2.0,15.0
bbaef2eadf31fe3ea6702077398be06c,perfumaria,45.0,1003.0,2.0,400.0,18.0,11.0,11.0
3fc3d637781e5d185455013606a6e2cd,eletronicos,32.0,1274.0,1.0,250.0,16.0,10.0,30.0
d1fbb5683c8e93f314d0f2bf40d07761,cama_mesa_banho,53.0,155.0,2.0,1500.0,39.0,12.0,25.0
c752f2bc46ad4b389290cf5828a1db62,beleza_saude,40.0,654.0,1.0,650.0,25.0,13.0,14.0
7aeb83cae61b0e94e6426cba2598ad9e,utilidades_domesticas,55.0,471.0,2.0,1270.0,17.0,14.0,17.0
84e1b9c6ba2ed178bd217097b41f1251,moveis_cozinha_area_de_servico_jantar_e_jardim,50.0,859.0,1.0,10893.0,33.0,88.0,44.0
1ba7948f3aa31cdaf78a4885f3c5385a,brinquedos,29.0,566.0,2.0,1220.0,20.0,33.0,22.0
0e40b1ed4cfd3da1962ec91913e54ba8,eletronicos,52.0,424.0,1.0,175.0,22.0,11.0,15.0
d394d30215872be4cda2c67c1ce5b981,esporte_lazer,37.0,621.0,5.0,250.0,20.0,20.0,20.0
302a19dacdbb5ed2f74f9dee8126ef79,bebes,64.0,882.0,5.0,300.0,17.0,7.0,24.0
0a17941f41b99d2f070fab54b458a4a4,malas_acessorios,28.0,453.0,1.0,300.0,16.0,23.0,19.0
98190f6a2c3253d07ca86525bb238162,eletronicos,25.0,813.0,1.0,1836.0,61.0,6.0,24.0
e2c3ed9aaddfd2312a6a5fe9b3ddadd3,brinquedos,53.0,579.0,1.0,675.0,22.0,24.0,21.0
a1bf559ac1eab015ba992bd76d9d76c7,informatica_acessorios,32.0,1074.0,2.0,200.0,39.0,2.0,30.0
eca3036ef7ba11b3331c334b7053fe13,telefonia,51.0,443.0,1.0,117.0,19.0,4.0,12.0
23ab7bb9eac81e85ec43ed71064cf7ce,cama_mesa_banho,55.0,613.0,1.0,550.0,16.0,10.0,16.0
78119fbfa709d07b86f5ccf15043c6d6,cool_stuff,43.0,447.0,2.0,586.0,18.0,11.0,13.0
3c883b9d3fd2d0ce448d4136349dc0a4,cama_mesa_banho,49.0,153.0,1.0,550.0,23.0,15.0,23.0
622d3b263cd40b06e1eeea144fb83f19,bebes,19.0,200.0,1.0,250.0,21.0,4.0,13.0
de984954e2e130136bcf8988bc973d90,instrumentos_musicais,40.0,234.0,1.0,1000.0,56.0,9.0,22.0
c6336fa91fbd87c359e44f5dca5a90ed,esporte_lazer,39.0,772.0,1.0,150.0,16.0,16.0,11.0
2e511b5741ab14e7f5294df6f1310b03,informatica_acessorios,52.0,2515.0,1.0,188.0,20.0,16.0,15.0
74f250adf8f41738ca96718232a41499,moveis_decoracao,56.0,646.0,1.0,300.0,16.0,30.0,20.0
f16ced867a24a244afefb5b867f337df,fashion_bolsas_e_acessorios,38.0,487.0,2.0,13600.0,26.0,60.0,40.0
2029248294c186017ecfc48cecd47bbd,ferramentas_jardim,44.0,586.0,3.0,3250.0,32.0,14.0,22.0
115bc0865dc675638645e1ab5311e30c,bebes,46.0,726.0,3.0,850.0,42.0,25.0,15.0
b0cd550945da1de6eb9cb69595d540df,esporte_lazer,55.0,1392.0,1.0,900.0,16.0,16.0,16.0
c04b8195870068ff5c495f269a0bc993,livros_tecnicos,54.0,1162.0,1.0,1100.0,29.0,3.0,21.0
6c3fc3c928cf7d57418923ffea326d9a,cool_stuff,49.0,733.0,3.0,800.0,42.0,25.0,15.0
3c2f792f1041177a81913a977431a99e,eletronicos,40.0,549.0,1.0,200.0,20.0,20.0,20.0
bcad5b050c241af2fdc24c51556b297c,ferramentas_jardim,60.0,1177.0,3.0,11450.0,23.0,43.0,35.0
0d8c64a12c0e49b2515674c031b965a1,moveis_decoracao,54.0,220.0,2.0,2200.0,20.0,20.0,20.0
debefa981200019b8c4a45d0176125a6,cama_mesa_banho,64.0,702.0,1.0,2200.0,42.0,11.0,36.0
4ed86bcb86407328452ac1c5b3b89d67,bebes,59.0,255.0,2.0,500.0,30.0,8.0,35.0
c354569eefd558bf201d0aedf35608ed,cama_mesa_banho,55.0,166.0,1.0,700.0,49.0,4.0,50.0
f2a1b32f85cad59ff2a8444154ac25f0,climatizacao,51.0,2959.0,4.0,7800.0,105.0,10.0,40.0
a1e9b0d76a76ff474f4a4374fcfb8c42,esporte_lazer,28.0,663.0,1.0,1800.0,28.0,12.0,18.0
1dfb36d969d347f56f43590ec42c7b8c,esporte_lazer,50.0,1212.0,5.0,900.0,26.0,6.0,13.0
6b5af19067eeadc0f331687a79ca656b,papelaria,62.0,621.0,1.0,600.0,16.0,6.0,11.0
ef6aa884e3493fd38cc8ee47d8d79d10,cool_stuff,47.0,1392.0,1.0,150.0,16.0,7.0,12.0
11dc4053871ff53ff79fb1fc7e6b160f,esporte_lazer,29.0,347.0,1.0,1600.0,100.0,7.0,11.0
8729e9bc4b7f0422448d80ed35ae329d,beleza_saude,51.0,1918.0,1.0,1650.0,25.0,30.0,20.0
fa9cf28beaafe4f4bec59550f6c76481,moveis_decoracao,47.0,470.0,3.0,400.0,35.0,6.0,15.0
0bb7cb61f1957f79dac582ab66ccdc1f,utilidades_domesticas,45.0,561.0,2.0,553.0,18.0,9.0,15.0
ad19bca6e0f1919433d7e21d534ddb50,livros_interesse_geral,42.0,1109.0,1.0,900.0,18.0,25.0,16.0
95578be74a242e7a0eae084908bbb5f8,moveis_escritorio,38.0,2088.0,1.0,14900.0,58.0,28.0,58.0
f72379337062680ca5a2b7b0275913d8,moveis_decoracao,56.0,945.0,2.0,2050.0,30.0,22.0,18.0
24f9f99148480cd31288ed4e7d962e15,moveis_decoracao,58.0,1953.0,1.0,850.0,69.0,11.0,11.0
ef76ea9ee88ad60b9680c7635f2baaa8,bebidas,57.0,497.0,1.0,200.0,20.0,9.0,14.0
09c3d39641970009c198caed304ccfc4,bebes,52.0,1659.0,1.0,300.0,68.0,7.0,13.0
a453b4ccccf554efba31d5ada5a59a60,telefonia,60.0,818.0,6.0,300.0,17.0,4.0,12.0
a7b42937ab954b0e03bcf6cc35209940,esporte_lazer,56.0,813.0,2.0,250.0,16.0,10.0,16.0
a8bb7885faf316d9a5062d42d2b2fba4,esporte_lazer,50.0,844.0,1.0,875.0,40.0,26.0,20.0
5563f6b699b362e1bd6a2e1e650f52bd,livros_tecnicos,60.0,1265.0,1.0,2050.0,29.0,5.0,21.0
7e437c1d65a7baab7e7ca6c9f4e98b84,beleza_saude,57.0,1571.0,1.0,2150.0,28.0,32.0,11.0
aeeb6146e21d11416d01b0e03c2de06e,utilidades_domesticas,31.0,580.0,2.0,500.0,19.0,13.0,20.0
e91f30f35875789d4b7d14610aa88c15,cama_mesa_banho,50.0,208.0,1.0,500.0,16.0,10.0,16.0
ac1290e4432c1f2662b71ac47da47691,telefonia,43.0,533.0,2.0,125.0,19.0,3.0,11.0
5b488b474a4f2519b7826390b1873a58,utilidades_domesticas,60.0,1206.0,4.0,4100.0,51.0,31.0,31.0
ce8a29973a1fed3f8d22ea5514d9ea07,eletronicos,56.0,505.0,2.0,200.0,20.0,20.0,20.0
a314a62cff3e5725f545fa263aed7a7b,cama_mesa_banho,48.0,120.0,1.0,300.0,40.0,4.0,30.0
f159439c5c382fae366d444e05c590c1,perfumaria,52.0,365.0,1.0,400.0,18.0,18.0,12.0
083178fd17a5d863811733e46fc529ef,esporte_lazer,38.0,256.0,3.0,450.0,25.0,25.0,25.0
70c325280f670aee445babb3400cf804,moveis_decoracao,51.0,535.0,1.0,250.0,35.0,5.0,25.0
f3dadecca4b876a315481c79b8adcf16,pet_shop,50.0,365.0,3.0,300.0,24.0,12.0,12.0
bcb815bba008d89458e428078c0b9211,,,,,150.0,16.0,2.0,11.0
f9f899bf492ac59cf645a6c93eb91e05,moveis_decoracao,29.0,764.0,1.0,6267.0,36.0,40.0,36.0
2043cae78c8b731c405c7329a05154b2,eletroportateis,52.0,640.0,3.0,750.0,30.0,30.0,30.0
3bcf64d8d26d6e06bd568d27fe31d8e8,cama_mesa_banho,56.0,198.0,1.0,1650.0,35.0,20.0,30.0
47de5f36ace720b578ca1b30d0b45b8d,informatica_acessorios,53.0,192.0,1.0,900.0,26.0,13.0,21.0
603751cec205d947f27ef1ab32b7fb26,cool_stuff,22.0,683.0,3.0,700.0,20.0,20.0,20.0
17da5d80ea0eeabd565083183027d588,bebidas,59.0,879.0,1.0,700.0,20.0,20.0,20.0
dd2ca29c9d0f93d3b1d28d7d7ee3025c,moveis_sala,24.0,356.0,2.0,7750.0,33.0,25.0,33.0
3931aaf38ba4cc928100541ff51b82ff,informatica_acessorios,45.0,554.0,3.0,400.0,16.0,4.0,16.0
f28fd17099749b33b6e5081515b2e797,cama_mesa_banho,44.0,421.0,1.0,550.0,30.0,5.0,25.0
4723ab93377036eb7e0c15dfca8c8ce6,telefonia,50.0,561.0,3.0,200.0,19.0,3.0,12.0
89f46d1e213867388c2fac6078f5c06d,fashion_roupa_feminina,43.0,754.0,2.0,500.0,16.0,2.0,11.0
1dcd65bb5dd967d7b4c6b0223cefb838,,,,,9150.0,33.0,30.0,44.0
88316766399e9545cb650c3ab70208a0,fashion_bolsas_e_acessorios,42.0,361.0,1.0,100.0,17.0,3.0,12.0
593236d0ff46b4299b4787fb8d43f7f0,industria_comercio_e_negocios,44.0,1396.0,2.0,7225.0,16.0,103.0,25.0
386486367c1f9d4f587a8864ccb6902b,cama_mesa_banho,54.0,120.0,1.0,835.0,40.0,9.0,33.0
84db874a1a2d895b0eece26cc9bb3dd3,cool_stuff,55.0,418.0,2.0,1250.0,36.0,16.0,24.0
b687f7d54b34a215172bf55f9584584a,ferramentas_jardim,49.0,374.0,1.0,900.0,30.0,10.0,20.0
7e34dea6bf1b26c294d48bfc3fa41d9e,fashion_underwear_e_moda_praia,63.0,3140.0,11.0,400.0,16.0,5.0,11.0
af8215adef2df1e9e66642f159e81e55,relogios_presentes,52.0,585.0,1.0,400.0,20.0,11.0,19.0
bc86251d831265a9937ccfccecd6c224,automotivo,59.0,867.0,5.0,1500.0,68.0,9.0,33.0
0eb8e03d4ef83152c4642b606b5bbdec,moveis_decoracao,47.0,348.0,1.0,2900.0,40.0,10.0,35.0
bdb0b11a36aed4d0d862a7037c838560,telefonia,45.0,742.0,3.0,383.0,16.0,12.0,13.0
f303e2cdf0967ef1a153d12f2685d280,cama_mesa_banho,58.0,262.0,1.0,1400.0,25.0,10.0,25.0
88d1ed18fd38fa0ffeeb4b517ca42a9d,utilidades_domesticas,55.0,132.0,1.0,470.0,21.0,23.0,21.0
9fa0c72476690fbc66bcacc498fe7fd6,informatica_acessorios,34.0,1122.0,2.0,100.0,18.0,11.0,14.0
1fa4ef78e1b8f0afea31e4ae9578affd,cama_mesa_banho,55.0,739.0,1.0,1600.0,40.0,20.0,20.0
9ff668529410eefd5bca723acb4834c1,moveis_decoracao,59.0,439.0,1.0,1800.0,30.0,6.0,20.0
a878ce3514b37e8bfeac8f881438b775,cama_mesa_banho,58.0,678.0,1.0,1250.0,19.0,17.0,22.0
61a53738adc5c0e8d243553320f9ba1c,esporte_lazer,59.0,1104.0,1.0,8809.0,52.0,52.0,17.0
457953cd3ce26e8f7c9037bfb9e19b14,moveis_decoracao,56.0,296.0,2.0,1050.0,100.0,7.0,15.0
54af11c815f92135fb554bd9c97dd418,cama_mesa_banho,57.0,520.0,1.0,950.0,29.0,10.0,25.0
37d2e3656244fd840ebd0460360455cd,papelaria,36.0,215.0,1.0,700.0,45.0,10.0,31.0
67ff96903c597ba4b1d7f668734bc3a4,construcao_ferramentas_jardim,34.0,376.0,1.0,65.0,17.0,12.0,17.0
5e6248437b2668bba62c0fdd71eaf72d,ferramentas_jardim,42.0,567.0,3.0,1075.0,34.0,31.0,34.0
8375cac77900898b899b33ef7b966bb0,cama_mesa_banho,35.0,2618.0,1.0,1200.0,16.0,22.0,11.0
00a985c524adbb97a4211e4ce17aabec,telefonia,58.0,734.0,3.0,250.0,17.0,4.0,12.0
e000ecbb2e86143e74b3b2c3cf15f21e,brinquedos,60.0,196.0,4.0,1150.0,30.0,30.0,30.0
46fd22a153db867285b826a2c62b446b,utilidades_domesticas,58.0,803.0,3.0,10900.0,71.0,25.0,45.0
29c131c43e662b738339aafcc0ba00fc,moveis_decoracao,32.0,926.0,1.0,600.0,17.0,17.0,17.0
5ade9eaa68986ae388b9d6ba2aa185e8,moveis_decoracao,60.0,956.0,4.0,5250.0,66.0,15.0,33.0
913dfadde395f6049127173cfbb96121,informatica_acessorios,24.0,718.0,2.0,200.0,41.0,2.0,29.0
17d4764518c5a017b128060439d1559f,cool_stuff,44.0,854.0,3.0,1000.0,35.0,28.0,16.0
ca078ba5884f07fd8e2ec7f7b13556f1,moveis_cozinha_area_de_servico_jantar_e_jardim,60.0,356.0,1.0,4400.0,27.0,27.0,37.0
233ad2cdae25fbf46f0d090b678d23f4,market_place,53.0,213.0,3.0,775.0,35.0,9.0,15.0
2b250e4c796f4ce9da7ee0465bd1b574,musica,43.0,656.0,2.0,783.0,16.0,8.0,15.0
f1202530b474dade246e7fe77cdda463,cama_mesa_banho,58.0,373.0,2.0,1700.0,34.0,10.0,34.0
33202a8e7a645388c41ed714203d7131,alimentos,45.0,911.0,1.0,3350.0,20.0,21.0,20.0
99d1f27bf9ea0392ab69d0203c6efdc4,perfumaria,60.0,1772.0,1.0,150.0,16.0,16.0,15.0
bae8ac5e125a98fe445bc17714104709,malas_acessorios,57.0,455.0,3.0,10700.0,40.0,100.0,16.0
f7740e5b4337a3cc4a8a204553101a85,beleza_saude,43.0,876.0,2.0,543.0,30.0,12.0,16.0
64cb768ce668c3df58334a28d528b754,brinquedos,41.0,517.0,1.0,875.0,65.0,23.0,20.0
3932e37f1f658768ac53fbe680f145bc,cama_mesa_banho,60.0,850.0,1.0,1100.0,40.0,10.0,30.0
75f3ef6a5cb0f2d5aeef15925f0ccf69,consoles_games,50.0,429.0,4.0,530.0,18.0,24.0,18.0
cffa43acc63e8225bb6889f3c3bd74e3,beleza_saude,57.0,991.0,1.0,217.0,17.0,13.0,15.0
9291234bfd76d396f56b5175d435dd84,moveis_decoracao,40.0,274.0,1.0,200.0,27.0,10.0,12.0
c24f692e0f20f854c24c31517610ba7c,telefonia,54.0,1057.0,6.0,200.0,18.0,3.0,16.0
d3f4f3de0f4576184674937d1e9cecca,brinquedos,51.0,122.0,4.0,450.0,20.0,31.0,30.0
53b36df67ebb7c41585e8d54d6772e08,relogios_presentes,33.0,523.0,3.0,584.0,16.0,11.0,13.0
4a0c2a56e65c941a0bb9874c47dd66d8,cama_mesa_banho,58.0,2375.0,6.0,1400.0,30.0,20.0,26.0
a56af7192032f295ac582a2d70e4caba,telefonia,57.0,1887.0,2.0,600.0,23.0,18.0,20.0
98600823ba81f3ba76386dac7c31ee06,beleza_saude,47.0,1115.0,3.0,125.0,24.0,12.0,20.0
036734b5a58d5d4f46b0616ddc047ced,telefonia,58.0,751.0,5.0,300.0,17.0,4.0,12.0
a22f707cfd269773138c3bf3a43f6180,moveis_decoracao,25.0,253.0,3.0,7000.0,25.0,25.0,25.0
a1fcd4b731530eed7fa5531f3f0c2fe0,cama_mesa_banho,51.0,231.0,1.0,2100.0,40.0,6.0,29.0
88cd1536cced07ce8b7eb699521f841e,cama_mesa_banho,55.0,514.0,1.0,900.0,16.0,10.0,16.0
8058b0067728a211c68874081e7352d4,esporte_lazer,56.0,1720.0,1.0,1000.0,20.0,20.0,14.0
3ac52f93c2299daa201fbb7ff36546f7,informatica_acessorios,60.0,401.0,2.0,150.0,16.0,5.0,15.0
2eb9b2ef7c1da3c7b99702452ea4729f,tablets_impressao_imagem,64.0,547.0,3.0,300.0,26.0,3.0,26.0
c9cfa62f6407e7bad1a59a8ad7255d4e,telefonia,56.0,214.0,2.0,200.0,22.0,16.0,16.0
446e83f3f31931e9eda31363bde07293,moveis_sala,55.0,595.0,1.0,5600.0,20.0,5.0,60.0
a853bf1a5f8d9f04f5df123168164720,livros_importados,63.0,1071.0,7.0,1300.0,29.0,9.0,18.0
385a33a408e9c35c9fbc2025c12f3784,informatica_acessorios,52.0,967.0,1.0,220.0,22.0,13.0,12.0
cc3181a81384b6fc34602d49cb6068a6,eletrodomesticos_2,33.0,94.0,1.0,18450.0,68.0,21.0,42.0
4a9947ec1fcec2b3321193ed5590e8cb,relogios_presentes,42.0,576.0,3.0,300.0,16.0,2.0,20.0
5b76cbb9c422e9f3920a1a75a88f0cf0,casa_conforto,28.0,102.0,1.0,200.0,30.0,15.0,15.0
614d9b959168fce3e0cbd0645acbb666,moveis_decoracao,36.0,80.0,2.0,400.0,16.0,28.0,16.0
28b5eddd0f9eb2e6a7dd8a36e0a79828,utilidades_domesticas,60.0,279.0,1.0,300.0,35.0,4.0,15.0
665839d5bdf604c2909beca037c57144,brinquedos,22.0,265.0,1.0,420.0,28.0,12.0,22.0
c2c951d6f458fe552a49dcd590bdb4a6,cama_mesa_banho,55.0,661.0,1.0,1200.0,35.0,3.0,30.0
c2c4115f38ec8f43e1052cf0735e289b,moveis_decoracao,39.0,202.0,1.0,2300.0,40.0,10.0,30.0
3ea344b27741300cc4724d2a5af94460,cama_mesa_banho,57.0,729.0,1.0,1500.0,20.0,30.0,30.0
89005f5c60b53829a9a617fe5e292221,automotivo,40.0,622.0,6.0,700.0,40.0,15.0,40.0
1d3d7e2bc2cb75e4e2c798ec9aae0279,telefonia,57.0,1260.0,2.0,175.0,17.0,3.0,12.0
0f8977d115c52d93a05dd4eb7052baff,cama_mesa_banho,59.0,266.0,1.0,3975.0,46.0,12.0,43.0
8bc6752b88d4909a129ee0abfd76875b,pet_shop,17.0,746.0,1.0,300.0,16.0,4.0,11.0
c76ce8f19e21cfc8226f0551ed5da750,cool_stuff,54.0,940.0,1.0,1800.0,42.0,25.0,15.0
557484a8965bdc4e548658239f7663fd,ferramentas_jardim,52.0,1493.0,6.0,4000.0,30.0,21.0,24.0
70cc46ccdfff951dd7829395bce256ca,ferramentas_jardim,54.0,1318.0,1.0,700.0,30.0,10.0,20.0
167752e318335bf6bdd6906c4c470266,esporte_lazer,48.0,1422.0,1.0,200.0,18.0,8.0,14.0
31d6f0a621ee145ae8c70304cf564483,relogios_presentes,54.0,691.0,2.0,200.0,16.0,2.0,11.0
995e25d9b46dee183004994645768d95,esporte_lazer,57.0,722.0,4.0,500.0,16.0,15.0,20.0
be19e1611a6015a66266d199ff3ccce0,consoles_games,38.0,456.0,1.0,150.0,29.0,2.0,16.0
56e04ad5959e2c30a6754d9cc1f098f2,portateis_casa_forno_e_cafe,46.0,490.0,1.0,225.0,18.0,18.0,16.0
50571d0f0f8ffbeec1c64cefeec01135,fashion_bolsas_e_acessorios,58.0,526.0,5.0,350.0,43.0,16.0,27.0
de907886b218bfa2e0097c1fdff81785,eletronicos,60.0,443.0,2.0,100.0,22.0,4.0,11.0
27c63413ca2806bcab40a31d0f862a59,climatizacao,60.0,1271.0,1.0,4550.0,40.0,21.0,32.0
3fddda7e92c16fa45033a4373a116e00,perfumaria,45.0,650.0,1.0,75.0,11.0,11.0,8.0
f110a8fd4a8052d5717ce2adc2bb71d0,esporte_lazer,57.0,1176.0,4.0,3350.0,66.0,6.0,43.0
52261c8a90724edab7b960c69dbf7a9c,utilidades_domesticas,24.0,761.0,4.0,950.0,21.0,27.0,21.0
c857b96593773e940454e76efa8eabb3,moveis_decoracao,55.0,133.0,1.0,700.0,35.0,4.0,30.0
d53b2798a5e86b8db90ea3c4855cb409,brinquedos,44.0,952.0,3.0,200.0,20.0,25.0,25.0
d19284bf0893e07e80c26fe4ad33458e,moveis_decoracao,47.0,1750.0,4.0,2550.0,105.0,3.0,70.0
9739d07ec835e1c66eedb9a6df402bd5,cool_stuff,44.0,354.0,5.0,900.0,43.0,21.0,26.0
6d07236d4abe99b5b1cbf368971bf6e7,brinquedos,49.0,170.0,6.0,200.0,17.0,7.0,12.0
7bcc81e7096d625f592094c60385ebc5,bebes,55.0,1633.0,1.0,550.0,20.0,13.0,13.0
1a596515dcbe1a261f8dc0640ccb5149,moveis_decoracao,57.0,384.0,1.0,600.0,30.0,10.0,20.0
6722735e7b6ea43bbd86b1c9074c3057,automotivo,52.0,231.0,1.0,1050.0,20.0,16.0,16.0
9474f3c0da0c4fd0bdf88cf6ac1b5d04,moveis_decoracao,51.0,208.0,3.0,200.0,55.0,6.0,55.0
44feb28a74abb0f2f303412d60160750,livros_tecnicos,40.0,1120.0,1.0,500.0,25.0,3.0,18.0
edffab3eae08991a067c2c7664821661,moveis_decoracao,55.0,1646.0,1.0,300.0,16.0,6.0,11.0
a8115d34a4b7b74388da609692162c37,informatica_acessorios,34.0,1080.0,2.0,250.0,41.0,2.0,29.0
418b40c9e83b7e5ac79e4a7ef975ebbe,eletrodomesticos_2,47.0,796.0,3.0,7300.0,82.0,10.0,54.0
6965419e0d5116b685c3f825e4752231,informatica_acessorios,34.0,774.0,1.0,900.0,36.0,9.0,11.0
d248fe1e952b5b5d62572369cc23ac3c,relogios_presentes,34.0,608.0,3.0,600.0,23.0,19.0,15.0
1c4b558889819d00efc1ec52e76bc450,bebes,58.0,374.0,6.0,200.0,16.0,9.0,11.0
9f69acd4da62618a3f6365b732d00ccd,,,,,850.0,27.0,13.0,21.0
7552749c1a1124b5590d5b7206324daa,moveis_decoracao,38.0,478.0,2.0,14300.0,49.0,42.0,42.0
ea44caac707f7f1325182a538007f838,bebes,59.0,809.0,5.0,6600.0,45.0,25.0,35.0
8ccac7e503c0ba1f7e7b3aafeae52cca,moveis_decoracao,35.0,596.0,4.0,5500.0,32.0,32.0,32.0
f71c0f4ee48321ba6b82205b2fc9e08f,moveis_decoracao,30.0,669.0,4.0,975.0,35.0,25.0,21.0
933bdcaec5fb56654d35ffaae48c7068,cama_mesa_banho,48.0,557.0,3.0,250.0,28.0,4.0,18.0
812f428f6757ab16c46cffc68f2e90c5,moveis_decoracao,53.0,1991.0,2.0,600.0,60.0,7.0,14.0
d951b7ee80638f0b34111a091327be42,perfumaria,54.0,522.0,1.0,150.0,16.0,12.0,11.0
f2a949f938c95d18433bebfb12afe395,automotivo,60.0,1657.0,3.0,650.0,16.0,21.0,18.0
f18e94c9042a09a45c22444e432c0fe5,esporte_lazer,54.0,493.0,1.0,400.0,21.0,26.0,21.0
ede2db86fe8aefa5df3788e970819229,pet_shop,43.0,261.0,4.0,950.0,50.0,20.0,20.0
28447390cfd2a411fcb8c008b6163da2,brinquedos,57.0,696.0,4.0,405.0,21.0,7.0,16.0
9e572ff4654f7064419d97a891a8b0fc,cama_mesa_banho,52.0,167.0,1.0,1900.0,47.0,7.0,35.0
e693be8d8b92c327a28dbadd6abedd0d,papelaria,39.0,1361.0,1.0,300.0,27.0,5.0,23.0
ee8eb0990ff05d13d55e89350ce16a3d,cama_mesa_banho,44.0,826.0,4.0,600.0,31.0,4.0,17.0
d0b9d3d449a97f582b325f11b512bfd2,livros_interesse_geral,35.0,1254.0,4.0,1833.0,17.0,17.0,18.0
f03e2584cfc057f8bf76bf5683955585,brinquedos,38.0,1338.0,2.0,150.0,16.0,21.0,11.0
7642ddbf174d9a97119510f56be6c201,brinquedos,55.0,1131.0,3.0,1950.0,30.0,35.0,35.0
d0fac709247e97e9b44a5351891ef9f3,automotivo,60.0,968.0,3.0,800.0,16.0,16.0,11.0
9256d5ffeddcdb1ee516de53414ff1a2,telefonia,59.0,540.0,3.0,300.0,17.0,4.0,12.0
31a2f42a87890f87d77daebdfabc182e,brinquedos,58.0,419.0,5.0,1700.0,30.0,35.0,25.0
8fae593cc19dca7764e3eea78ec0fd77,telefonia,40.0,1886.0,2.0,300.0,21.0,11.0,14.0
ce776bb92d4579d4ea61c2a009a2ab67,relogios_presentes,40.0,262.0,1.0,600.0,16.0,27.0,17.0
cfe3de98710935b80905117b165e6799,moveis_decoracao,39.0,354.0,1.0,1350.0,30.0,30.0,30.0
a8d952e8e5436a6fe36d24c402d100de,telefonia,60.0,540.0,6.0,300.0,17.0,4.0,11.0
2cbd0f06c3123f0bd14c4bffc0498996,telefonia,52.0,728.0,1.0,75.0,19.0,5.0,11.0
40f9995eecfc68f54991ca49582e9885,telefonia,60.0,816.0,1.0,150.0,27.0,5.0,20.0
8934769521d632e65c27992662f05673,cool_stuff,26.0,1105.0,3.0,200.0,17.0,4.0,13.0
bd9fca6bf4bdcbf4094d7bc11415dfe5,eletroportateis,47.0,2378.0,6.0,4683.0,45.0,29.0,22.0
50f1880f1989251727fbbfe8c0a346a6,cool_stuff,54.0,661.0,2.0,1450.0,42.0,25.0,15.0
6ef76b1a0c15eb96ed49c78d38f37b68,cama_mesa_banho,50.0,222.0,1.0,600.0,45.0,15.0,35.0
9ee22e986a24607377ce379ebda2c666,eletronicos,44.0,293.0,3.0,16850.0,22.0,22.0,18.0
e94d9f48ab491b190c0f0bdbd12830ae,relogios_presentes,56.0,559.0,2.0,215.0,19.0,13.0,19.0
2bb3e85f2a403543fdb64e266e70c792,brinquedos,57.0,925.0,5.0,19450.0,45.0,50.0,45.0
a0b4002c65e49bff2f59d5c78c95fd0f,relogios_presentes,58.0,195.0,3.0,200.0,16.0,2.0,11.0
902a8b8bb0768e8562edc2d903337812,bebes,33.0,104.0,1.0,750.0,40.0,11.0,35.0
2655d926d7d25a339682b6d8b2d53a49,cama_mesa_banho,50.0,395.0,1.0,690.0,25.0,11.0,22.0
672bdce161930b1c72890c619224376a,fashion_bolsas_e_acessorios,27.0,542.0,2.0,1000.0,20.0,20.0,20.0
41b32e93d4f4db03491412efc40f3c91,relogios_presentes,58.0,485.0,3.0,1000.0,17.0,10.0,16.0
283f243bb09e48e8f324d175182d5cfa,telefonia,60.0,1440.0,4.0,225.0,18.0,5.0,16.0
18301962305db63b0f3e995998075ffa,construcao_ferramentas_jardim,33.0,164.0,1.0,200.0,16.0,16.0,12.0
00de7f393d962717eeeb2d7131a40dba,telefonia,47.0,816.0,2.0,300.0,16.0,5.0,12.0
70906e04da1eebf3d1b8791bd09ffe85,informatica_acessorios,51.0,518.0,1.0,214.0,18.0,14.0,13.0
9c74c26ab807a4a6a5c1dd3c0a112d76,cama_mesa_banho,58.0,781.0,1.0,500.0,20.0,10.0,20.0
2d27434c710806b971a721da337a112a,relogios_presentes,58.0,401.0,2.0,200.0,16.0,2.0,20.0
3606696d19bbcad6cb6c0e985749862f,automotivo,56.0,882.0,4.0,450.0,16.0,9.0,15.0
e002889aa3b0026aa7dd040d8344a14b,esporte_lazer,55.0,1889.0,5.0,650.0,38.0,10.0,28.0
a90344a21959338905811b0c0248ac4a,papelaria,57.0,487.0,2.0,150.0,16.0,6.0,11.0
962a6951154f98f2c8e9a5b8b2bcf4a9,moveis_decoracao,47.0,610.0,1.0,2550.0,30.0,35.0,30.0
1a264b7839c199ba4df21d5284492650,automotivo,44.0,1335.0,1.0,250.0,18.0,11.0,14.0
e4d1cdc6559e08672c98c73a21305521,esporte_lazer,52.0,303.0,1.0,150.0,25.0,5.0,20.0
3bb8427f7700385308f42cfcf4c8d10d,consoles_games,58.0,1388.0,2.0,700.0,25.0,25.0,16.0
48270bcc7097939dcf14a537d7128054,,,,,1000.0,30.0,30.0,30.0
81a7ce9e5b3c92b523c22a4d3d3e05f4,utilidades_domesticas,60.0,213.0,1.0,450.0,16.0,30.0,11.0
72b253635b316f49e42e618d6e585ebc,brinquedos,23.0,273.0,1.0,125.0,22.0,7.0,14.0
7b85e3deef35afd6ebed5461ee8f0641,informatica_acessorios,56.0,617.0,1.0,1583.0,18.0,15.0,12.0
6fd08d44046ab994b96ff38ad6fcfba1,bebes,60.0,865.0,1.0,500.0,23.0,23.0,23.0
931c60354b3929e5d44693757b11b5c0,beleza_saude,39.0,3580.0,1.0,375.0,29.0,4.0,16.0
1349eb7b72fc4394d408917c76464af8,bebes,41.0,243.0,1.0,133.0,21.0,8.0,14.0
0c9439abe84dc40a64fc164365c4d064,bebidas,36.0,1481.0,1.0,2775.0,16.0,38.0,11.0
cfe99a31516679fb9515881d25891570,fashion_calcados,35.0,222.0,5.0,500.0,29.0,12.0,23.0
a41e24aae442561fb4a9ef505ff1d55f,papelaria,36.0,495.0,1.0,250.0,19.0,3.0,14.0
fc13bac52be6640d9a77f54894e2c0e6,beleza_saude,42.0,1158.0,1.0,550.0,17.0,9.0,13.0
c59f580bd1844c1f634ce410bda0a6ea,moveis_decoracao,42.0,1405.0,3.0,150.0,35.0,2.0,25.0
be3eb52ad733d7f7fff631a0cad35e81,informatica_acessorios,29.0,863.0,4.0,500.0,16.0,16.0,16.0
81c891c541361f1108fe9e2a645324d9,cool_stuff,47.0,832.0,3.0,13900.0,34.0,93.0,34.0
048d97d0e3bf2fdb3f1d268b69396cdc,esporte_lazer,48.0,652.0,3.0,1200.0,25.0,30.0,25.0
431dc11c26a67c6a49e81cee84f35b28,consoles_games,47.0,1338.0,2.0,600.0,18.0,12.0,18.0
b80b2895a4edf092d99f63d8d96d84e5,esporte_lazer,36.0,1703.0,1.0,269.0,22.0,16.0,19.0
0820af09ddc75b84841b1fab4da4be9b,eletrodomesticos,60.0,462.0,1.0,100.0,18.0,8.0,13.0
57414a165829139b9b534f0b4a794fe0,pet_shop,41.0,302.0,1.0,14725.0,54.0,25.0,37.0
d48bacc1dcd9c86bf1ed4ed2a303336c,brinquedos,52.0,752.0,3.0,1232.0,38.0,18.0,25.0
f6e0b7ccc34e4decc1b855f8da06a5fc,brinquedos,59.0,257.0,3.0,900.0,30.0,4.0,20.0
8f79800a347de2da5104a414bc791a0b,ferramentas_jardim,41.0,515.0,1.0,400.0,30.0,15.0,20.0
06c38a87544301cba8b0fb5a0796383d,brinquedos,45.0,553.0,5.0,2300.0,98.0,12.0,20.0
5fb0031ce4395d307321919f71ffbdf7,beleza_saude,29.0,682.0,3.0,859.0,25.0,20.0,18.0
ec72556b5da399d24fe06338e816a9ac,papelaria,45.0,151.0,2.0,233.0,20.0,11.0,15.0
584c7a0f5da1770ba58350c8d8176b45,automotivo,57.0,1031.0,4.0,6250.0,40.0,30.0,30.0
b980f3256c981fc178514325143b1fc8,informatica_acessorios,59.0,1130.0,2.0,243.0,17.0,15.0,12.0
ba1d7e7ee1f055d252a2faa8ea3cea9b,agro_industria_e_comercio,59.0,693.0,6.0,1900.0,45.0,15.0,40.0
70f4ee470f7fc40e48a98f2903ddf010,automotivo,57.0,1062.0,3.0,1750.0,35.0,10.0,35.0
a6d351912e312fb24186739576d04fe2,automotivo,58.0,703.0,6.0,5650.0,47.0,19.0,23.0
a5805a2671f8bb392f3282c35e0e81d9,relogios_presentes,43.0,315.0,1.0,488.0,16.0,12.0,13.0
7b32b1b87594b60dced8abb4531d2986,telefonia,51.0,419.0,1.0,350.0,16.0,6.0,11.0
2a97ccde48b4f516a7a76352d03eff88,cama_mesa_banho,56.0,527.0,5.0,825.0,29.0,17.0,28.0
57c9362442482cd2451f2eabf468e532,relogios_presentes,31.0,944.0,2.0,283.0,19.0,14.0,19.0
83b92639fffd1d55c9e04c77c86d8d2c,informatica_acessorios,56.0,901.0,1.0,280.0,20.0,15.0,14.0
d696750e550fd0f733979dd7e5dff921,utilidades_domesticas,44.0,916.0,2.0,950.0,53.0,5.0,13.0
ead3077a141a9c800d6a4bb9d0d415b6,cama_mesa_banho,60.0,662.0,1.0,1150.0,22.0,4.0,28.0
a8fe47ad6f852f93cc92c7b408687de3,esporte_lazer,27.0,202.0,5.0,400.0,70.0,10.0,20.0
6c321ed0f47858a8650f4104771224b5,relogios_presentes,58.0,509.0,4.0,300.0,16.0,2.0,20.0
92e2d2146e433cd4d1f09a3f8633ead0,cama_mesa_banho,53.0,714.0,1.0,1200.0,33.0,18.0,26.0
363a9f5b97bf194da23858be722a7aa5,construcao_ferramentas_construcao,44.0,1455.0,6.0,30000.0,100.0,50.0,50.0
3951784ecfbd4c912d2e02245d8b5e89,utilidades_domesticas,32.0,1172.0,4.0,1200.0,50.0,10.0,15.0
ea5774e69135147e6f0e1eb593d9b105,beleza_saude,55.0,1202.0,3.0,500.0,20.0,10.0,20.0
84d85a2f13ed52a5f07ce6d1497a397d,moveis_decoracao,50.0,488.0,3.0,700.0,32.0,4.0,23.0
cdafffbe81c76e4cb8b1270523215c82,perfumaria,47.0,313.0,1.0,500.0,16.0,17.0,15.0
173e9fe34bfe97f3a5e6dc57fe897b74,livros_tecnicos,36.0,890.0,1.0,950.0,29.0,3.0,21.0
8c0c3a8ad1d1896e7d9d66921a4b66ab,brinquedos,47.0,719.0,3.0,1200.0,17.0,21.0,37.0
77b91313bf9acf3eabf9abc503d99366,beleza_saude,50.0,686.0,1.0,452.0,25.0,11.0,15.0
3a9d55dadd7f45b28659b20a81c48cb2,fashion_bolsas_e_acessorios,25.0,202.0,3.0,250.0,18.0,9.0,11.0
9d395a6bc9dbad2dfe60c8c92d8df397,moveis_decoracao,59.0,2001.0,3.0,850.0,69.0,11.0,11.0
7ca498260c343bafc4596d101ec12490,papelaria,53.0,367.0,1.0,2343.0,32.0,39.0,35.0
f0f5a9211c208c91441a70cb5241214e,esporte_lazer,59.0,2087.0,1.0,200.0,35.0,15.0,15.0
20ed63974a9207895b4e56993e5a9a3c,moveis_decoracao,34.0,259.0,2.0,5700.0,40.0,30.0,40.0
014fcf6bd5cd4c7ee29fb3bb618c445e,,,,,7000.0,55.0,30.0,45.0
5135301d684848b74276f22afcc6781c,utilidades_domesticas,49.0,1012.0,2.0,500.0,24.0,20.0,23.0
1c6b0760060e08631997f228e1d07a78,cama_mesa_banho,41.0,111.0,1.0,350.0,40.0,4.0,30.0
65b96f012e6206481aeb67d31dd9b146,relogios_presentes,58.0,486.0,7.0,250.0,16.0,2.0,11.0
de72ea95a1cd05b1a597d294a425be57,automotivo,31.0,728.0,2.0,25100.0,64.0,64.0,49.0
e1002b42a99dd5cc7558e0ca58729bcc,utilidades_domesticas,28.0,321.0,2.0,600.0,26.0,11.0,11.0
601a360bd2a916ecef0e88de72a6531a,cool_stuff,33.0,897.0,1.0,1600.0,42.0,25.0,15.0
9f6e8441548dd40516cdb98f1b29c3d5,,,,,2700.0,44.0,13.0,44.0
e251a68000f75257cf9ef16bcea51976,papelaria,44.0,207.0,1.0,200.0,21.0,7.0,14.0
af56e0203193f066ed64cbbbbf95ae6a,esporte_lazer,50.0,1290.0,3.0,750.0,25.0,7.0,25.0
cc59cf334461196527f790e5c9191ece,pet_shop,39.0,619.0,1.0,140.0,19.0,12.0,15.0
30ad9d2c8a8e788a606a6c23e07260a9,informatica_acessorios,38.0,488.0,1.0,300.0,27.0,5.0,20.0
bfc59c5d8a26d129f82fbc5207fcd676,cool_stuff,53.0,330.0,1.0,2000.0,35.0,44.0,19.0
def8b2856a5c8fea8715aa849a198cd4,brinquedos,43.0,279.0,1.0,281.0,16.0,12.0,14.0
bd9d35f2bce5b870f79e5d7112a01953,beleza_saude,54.0,457.0,4.0,1700.0,36.0,10.0,36.0
cf1d8e226162a1d0ad61f29b7ed72d82,market_place,53.0,1377.0,2.0,250.0,18.0,8.0,18.0
8c0b38fcee9ef771b9da3d7dc849989c,telefonia,49.0,1342.0,3.0,300.0,18.0,5.0,12.0
f4b952dd7ab601c02bb1bd06395f45f6,relogios_presentes,53.0,301.0,2.0,1183.0,23.0,5.0,26.0
d43f4e32cbdc4fc0a825ed4020475c82,esporte_lazer,39.0,558.0,2.0,1300.0,20.0,20.0,20.0
06cd420a1b028388e0bf1f78daf20411,ferramentas_jardim,36.0,844.0,1.0,2850.0,22.0,15.0,14.0
1af8902c3a99c03308ce1a8d05dc7d52,instrumentos_musicais,61.0,1106.0,8.0,5650.0,50.0,15.0,45.0
43fbb9403319de5e660094ddbe8cc0a4,informatica_acessorios,46.0,468.0,2.0,150.0,19.0,5.0,13.0
a8a491b1916fc6801cbebd09e7c02567,telefonia,58.0,597.0,1.0,150.0,19.0,4.0,11.0
eba7488e1c67729f045ab43fac426f2e,perfumaria,43.0,259.0,1.0,610.0,22.0,14.0,16.0
978859c6048ded0fa8bf3b9ea8236387,utilidades_domesticas,59.0,299.0,1.0,350.0,33.0,4.0,20.0
23c6236434e58c6519c19e56c2dade45,esporte_lazer,59.0,1432.0,6.0,517.0,27.0,17.0,26.0
8da77162e41d47464f9806727417cf6e,cama_mesa_banho,58.0,293.0,1.0,3600.0,50.0,10.0,30.0
8f7ae8d7845cdabafb4b6f20d8bc5a43,esporte_lazer,41.0,785.0,2.0,700.0,16.0,12.0,22.0
38ad86e536a0e27c5a4d2dc30964259d,telefonia,60.0,540.0,2.0,300.0,17.0,4.0,12.0
88de5a4c9a8190df7f9b4a5b4f3f68cd,pet_shop,44.0,430.0,2.0,200.0,16.0,7.0,11.0
a9dad2ea6b0cb39733febae5b7ec1dda,utilidades_domesticas,58.0,143.0,1.0,790.0,36.0,8.0,25.0
28ac89c113ac960ad954042de30dd52f,esporte_lazer,29.0,622.0,1.0,10500.0,34.0,11.0,11.0
b17a4e7b997ea645dd323bb1bed802ac,,,,,600.0,24.0,4.0,15.0
79706e79825f7409ef032653a271fba2,moveis_escritorio,54.0,1085.0,2.0,22800.0,48.0,45.0,56.0
e27c4dd075a521097a085bced0631ce7,moveis_sala,31.0,618.0,2.0,9750.0,27.0,15.0,92.0
38b5079a807bb9f22ddfa46f929accee,perfumaria,55.0,633.0,5.0,200.0,16.0,2.0,11.0
48e82f62f499350869ac7529efd9fcbd,moveis_decoracao,60.0,357.0,1.0,650.0,25.0,5.0,17.0
a56fbff66c12c1ef311cac69e7f2d5fb,moveis_decoracao,48.0,493.0,2.0,600.0,30.0,20.0,20.0
e26445edc4d665a7950a4b60461fc58d,livros_interesse_geral,31.0,710.0,7.0,1000.0,22.0,28.0,16.0
52e9413ed0d3e64b796aac2bc2291d50,esporte_lazer,54.0,790.0,6.0,200.0,17.0,10.0,11.0
a7566c5565bf286a5c8fb48387d97bb8,perfumaria,44.0,259.0,2.0,425.0,23.0,14.0,17.0
0a8bc1a07183eceacf95ae5cb4cbd076,pet_shop,25.0,1399.0,1.0,165.0,16.0,10.0,11.0
44a36ac829dfa2dace1d880985b71344,beleza_saude,50.0,533.0,3.0,243.0,20.0,14.0,19.0
2e8eb076261eb842a7e1bdf64e1facda,fashion_calcados,53.0,408.0,3.0,1400.0,22.0,12.0,33.0
154e7e31ebfa092203795c972e5804a6,beleza_saude,48.0,575.0,1.0,100.0,20.0,15.0,15.0
b5034cecd2d602fcc8175e8fe0988a3d,automotivo,56.0,361.0,1.0,200.0,35.0,4.0,26.0
d6061ffaf719f75dd074a637c535b644,casa_conforto,53.0,1180.0,2.0,1850.0,45.0,15.0,12.0
2535db191954746776aa1f51dc1a9651,beleza_saude,43.0,341.0,1.0,350.0,18.0,14.0,15.0
f1d4ce8c6dd66c47bbaa8c6781c2a923,bebes,52.0,828.0,4.0,4950.0,40.0,10.0,40.0
fa92cdb881a2eab7e1f10d0ba6f42fc5,relogios_presentes,55.0,498.0,3.0,300.0,16.0,11.0,15.0
90d44d8f3025c0bcf8ef83de3fe8011e,ferramentas_jardim,36.0,153.0,2.0,700.0,22.0,28.0,24.0
cdfbf89ab41de77f2bc60c0194c00d37,telefonia,51.0,446.0,1.0,124.0,22.0,5.0,16.0
719d571299707561c34ba04ab867b32a,beleza_saude,41.0,1178.0,1.0,434.0,20.0,16.0,18.0
45e967683e7292b195609137fadaf2fe,automotivo,57.0,453.0,4.0,100.0,21.0,2.0,17.0
9f683084a0b0211109fef6e538cb4767,cama_mesa_banho,43.0,352.0,1.0,800.0,45.0,11.0,11.0
db8416b29581dc9ccea5e43e59fda317,perfumaria,46.0,534.0,7.0,1850.0,35.0,26.0,26.0
8fbd36d3b045f5f38b252b1513478f38,informatica_acessorios,56.0,482.0,2.0,500.0,35.0,5.0,15.0
c5f80e9b4f6f51bc7cdb5d004643262a,beleza_saude,58.0,767.0,5.0,8900.0,38.0,88.0,30.0
4c8b28305f570899b6ded964ddd234a9,moveis_decoracao,51.0,767.0,4.0,550.0,34.0,6.0,23.0
c7e02747ef9366a4fb7f4ac4fd261c36,informatica_acessorios,59.0,2168.0,7.0,900.0,35.0,10.0,19.0
4f3192a28c9da057319996e1502dc216,cool_stuff,38.0,1499.0,1.0,4317.0,30.0,40.0,28.0
9c9c0e6325bd947d1468817769ed4197,informatica_acessorios,36.0,971.0,1.0,450.0,21.0,16.0,16.0
7a3d2e33323f0341eaecc6154c003ac0,consoles_games,31.0,241.0,1.0,325.0,17.0,11.0,14.0
bf8193d8e1127957f3b82527c6d44c01,malas_acessorios,36.0,543.0,1.0,500.0,25.0,7.0,20.0
c8b96022819f31119f1404ad2c3c1059,pet_shop,54.0,1581.0,2.0,5450.0,30.0,30.0,30.0
a8f6902216234a2535986d89451f9ad7,telefonia_fixa,42.0,938.0,2.0,800.0,16.0,28.0,25.0
336090aa9bdfdc02b01b154b2d0abda2,eletronicos,58.0,219.0,3.0,600.0,16.0,5.0,20.0
8d8109048bbf6f0369b1522029f92a19,cool_stuff,49.0,933.0,1.0,250.0,22.0,23.0,16.0
1c33c71830d320620439a3236a1c4ae1,livros_interesse_geral,54.0,2931.0,3.0,2200.0,19.0,26.0,11.0
a448325c57fbf792a2f6ac7d1b730917,climatizacao,63.0,1729.0,3.0,4800.0,72.0,5.0,11.0
3a21e6f5a154a5b03b6edb8fc6b24c5d,bebes,58.0,585.0,2.0,220.0,23.0,9.0,17.0
d19c5ff1a4d4e8b0558536d57cf43cf7,construcao_ferramentas_ferramentas,57.0,1430.0,8.0,4700.0,35.0,25.0,25.0
bea29aa4974e69f7e5873c7df0393b16,cama_mesa_banho,52.0,435.0,1.0,1050.0,22.0,16.0,18.0
05696da7eee323669666f62228d00f78,cama_mesa_banho,55.0,342.0,1.0,12900.0,60.0,27.0,50.0
221682b067ae8e8460ae2517e7e25e11,beleza_saude,60.0,528.0,4.0,250.0,19.0,11.0,23.0
1cf22c0593f2ba8ecf404d0945a2036a,construcao_ferramentas_construcao,60.0,996.0,1.0,5500.0,16.0,45.0,15.0
7dffa5a576c3022da3db58e3b829f886,relogios_presentes,54.0,395.0,2.0,550.0,25.0,13.0,25.0
19c91ef95d509ea33eda93495c4d3481,beleza_saude,50.0,1257.0,1.0,700.0,25.0,12.0,19.0
bfa4ca2c253f707895fce02b4756f4c4,papelaria,44.0,123.0,3.0,10100.0,38.0,55.0,35.0
bd08f3b4263a91e6d82b7ed0e8c4b75d,cama_mesa_banho,60.0,280.0,1.0,725.0,35.0,10.0,18.0
659dc4a2860c19265edc2fe7e451329c,malas_acessorios,45.0,232.0,1.0,550.0,45.0,10.0,32.0
d8e8c5f6ab9f4c0214127182ca234525,moveis_sala,54.0,380.0,2.0,4550.0,50.0,10.0,50.0
90ef6790cfc145cf45f9c476d1f47af0,papelaria,49.0,241.0,3.0,6100.0,60.0,20.0,29.0
3dc7db1edfac20883ed35ecfec05a3cc,automotivo,60.0,547.0,1.0,1050.0,16.0,5.0,16.0
03d4233b9e3382adaed9e5c58626f1dc,moveis_decoracao,59.0,566.0,1.0,200.0,35.0,10.0,20.0
168b1b45c68037b0490157ee10540349,cama_mesa_banho,60.0,269.0,1.0,3150.0,39.0,13.0,46.0
c2a241928535e097a96aa157dfaa86b5,casa_construcao,59.0,962.0,6.0,50.0,52.0,22.0,52.0
743f4eec5711267026a93df72eeb7174,livros_interesse_geral,44.0,1615.0,1.0,800.0,33.0,6.0,22.0
79ce45dbc2ea29b22b5a261bbb7b7ee7,beleza_saude,27.0,152.0,2.0,1000.0,25.0,6.0,12.0
086351823300e0339f6955b27998c186,cama_mesa_banho,49.0,189.0,1.0,3305.0,65.0,12.0,45.0
775bca2cd0c1c8165c893062195f9429,moveis_decoracao,44.0,472.0,2.0,2400.0,19.0,7.0,16.0
ebcf9e2edf1b5ef61117102401561d4a,telefonia,42.0,329.0,1.0,150.0,16.0,4.0,13.0
3846c262ddb08db0ea2cc1a1685590ff,,,,,600.0,18.0,18.0,18.0
0d90fced28b749fa0468818d98cb8212,beleza_saude,42.0,534.0,1.0,983.0,41.0,23.0,35.0
29fd9022374ff3fef2e8f82c39b4133e,cama_mesa_banho,57.0,427.0,1.0,800.0,45.0,15.0,35.0
188ad420d63afdbdf6711580e40dfbb5,brinquedos,57.0,564.0,1.0,150.0,20.0,7.0,15.0
3470ec574925a96bb8480140fddb1050,pet_shop,55.0,633.0,1.0,300.0,16.0,16.0,16.0
75dffc4de999c1c28630b084e58beee4,automotivo,56.0,1831.0,1.0,1425.0,24.0,10.0,23.0
34742604f6cd1e891726b849b6890f81,esporte_lazer,47.0,1582.0,1.0,12000.0,105.0,46.0,46.0
ad59cb0673bceac69f32635f227b2ddb,market_place,35.0,382.0,1.0,285.0,19.0,13.0,15.0
c2fb73db15e28aa021dcf7b2856fef27,bebes,52.0,704.0,4.0,3600.0,60.0,20.0,50.0
fe7d52482b17e6b3466f4b8f3ce51a9e,beleza_saude,45.0,3059.0,3.0,250.0,23.0,7.0,15.0
738067b78d178e457fa0dc6db5d2cc58,informatica_acessorios,59.0,583.0,1.0,300.0,16.0,8.0,12.0
8b6ed41158b194711f83b8da92757544,esporte_lazer,52.0,490.0,2.0,1182.0,21.0,16.0,17.0
83d199d296c44101c8c3b5c9c0cce9ea,brinquedos,26.0,855.0,2.0,500.0,18.0,6.0,21.0
03e7d29d9988a30815f1f20b6549881f,fashion_calcados,54.0,404.0,4.0,700.0,22.0,12.0,33.0
6562dd6467621f6b5ab019a96d4ee8c7,automotivo,56.0,920.0,1.0,9850.0,56.0,15.0,15.0
fca5350a69eb4d8ae4f5884413ebd0e5,perfumaria,36.0,220.0,1.0,400.0,16.0,18.0,11.0
19a20f150018f5e9df17c838f7139435,utilidades_domesticas,48.0,617.0,1.0,2600.0,33.0,23.0,30.0
2ccd049c8e7ea210e079a1aa8ad92477,papelaria,54.0,218.0,3.0,6900.0,28.0,55.0,37.0
26b2a480ced2900a62bb9431133e95aa,construcao_ferramentas_iluminacao,41.0,971.0,1.0,1050.0,16.0,19.0,16.0
65aca437a0c87d858fed1fd11dda2f4f,automotivo,56.0,461.0,7.0,400.0,30.0,11.0,15.0
371c121dc86b3821f720e7dbe1928207,papelaria,59.0,504.0,4.0,150.0,22.0,5.0,12.0
12181424582d4d4233622caeddcae843,informatica_acessorios,53.0,326.0,4.0,1450.0,56.0,12.0,25.0
325c397d5d1eebe97422d6bc1ed8709d,moveis_escritorio,30.0,210.0,3.0,5600.0,90.0,30.0,40.0
5e53af05c040b01584b81b3549945faf,construcao_ferramentas_ferramentas,53.0,470.0,3.0,200.0,16.0,16.0,16.0
c0603988d17e4588dfce0f7f01978557,cama_mesa_banho,60.0,516.0,1.0,400.0,26.0,18.0,23.0
08c816d9a716567bf436173ef6f5f12e,eletronicos,60.0,740.0,1.0,150.0,18.0,12.0,15.0
9f7f468f60c25b1f2b5183c259116c46,cama_mesa_banho,56.0,146.0,2.0,400.0,40.0,3.0,40.0
69523f67543ff9ea6b1a15858fb59b3b,relogios_presentes,55.0,201.0,8.0,200.0,16.0,2.0,11.0
562cc818d2fced5e90afc6c220636bff,instrumentos_musicais,33.0,487.0,3.0,3250.0,66.0,17.0,36.0
2add772ac1b21ad0f2a8f7bfda8723db,cama_mesa_banho,55.0,610.0,3.0,7550.0,60.0,30.0,60.0
7eb9c68704af5effea1cee6f3a6b4b4b,fashion_calcados,54.0,404.0,4.0,900.0,22.0,12.0,33.0
1666b6ce6543ea221eac0c273d4ce8d7,brinquedos,55.0,701.0,1.0,1500.0,41.0,16.0,43.0
8e3a9b154a86602302ce789b9eb8b6c7,beleza_saude,46.0,862.0,1.0,700.0,25.0,12.0,19.0
a04087ab6a96ffa041f8a2701a72b616,pcs,55.0,1105.0,1.0,13700.0,27.0,50.0,53.0
83b7e1ec294af41b21657b105834c836,esporte_lazer,49.0,3148.0,8.0,325.0,19.0,14.0,17.0
40c9f84a8919516ca9b0d6a9f5ad27f4,fashion_bolsas_e_acessorios,45.0,802.0,1.0,100.0,16.0,5.0,16.0
0797e47ffb3917b66fa62245a283bd9e,moveis_decoracao,55.0,1108.0,1.0,2000.0,28.0,38.0,11.0
ede062bcd13ef64b5cc87369e4edaf62,beleza_saude,58.0,391.0,1.0,250.0,16.0,5.0,15.0
dd4c3b4ab7e001aaf385ea2e68952030,bebes,23.0,358.0,1.0,450.0,30.0,7.0,20.0
f45992b1a19d4d13c6260492eb703aee,telefonia_fixa,50.0,908.0,6.0,300.0,19.0,6.0,15.0
b90e522acbe2ea08ee4ce317a90e173c,moveis_decoracao,58.0,884.0,3.0,6050.0,40.0,30.0,30.0
6d313b6e250189718db2169e5e3a38c2,bebidas,43.0,1680.0,1.0,375.0,20.0,12.0,15.0
3a53c1796dd7e4050fdfd2f5d4c90f70,pet_shop,57.0,2358.0,6.0,6350.0,56.0,20.0,34.0
41347179516c8b9380040cf54274ff80,informatica_acessorios,45.0,503.0,1.0,1150.0,23.0,19.0,26.0
acdd408fe971bbe29a81f8febb575ffc,eletronicos,50.0,237.0,1.0,175.0,20.0,16.0,18.0
783caabd539c4079ec08423e30719fba,construcao_ferramentas_iluminacao,56.0,1512.0,6.0,500.0,35.0,14.0,23.0
4df96b4c5286321b71834691e8defd53,brinquedos,57.0,571.0,1.0,400.0,28.0,7.0,24.0
888eeb22340037a42971d30e3808a745,utilidades_domesticas,55.0,158.0,1.0,150.0,20.0,20.0,20.0
044f125d78e0a631b0479182a37aab8c,esporte_lazer,57.0,574.0,6.0,550.0,30.0,16.0,16.0
aa49aaae4bb4f02fb270790fd815b40e,ferramentas_jardim,45.0,267.0,1.0,250.0,18.0,16.0,15.0
3f0376e782caf27ef19342d8e5c7e6f5,eletronicos,46.0,401.0,1.0,150.0,22.0,11.0,16.0
192a2c0fed2f8bed34ad458a073ed376,utilidades_domesticas,63.0,309.0,3.0,1300.0,17.0,30.0,35.0
c5944369a5cc96d600713f640e46ab5e,relogios_presentes,19.0,699.0,3.0,350.0,18.0,10.0,15.0
dca18a6e2fb6da75092ed874094ed7b6,telefonia,62.0,340.0,1.0,300.0,13.0,8.0,10.0
6803077179d24889430188e03fafd31a,eletronicos,48.0,287.0,1.0,100.0,23.0,8.0,18.0
2f465f0f879ab88842042a85bac3a937,moveis_escritorio,56.0,740.0,2.0,30000.0,51.0,66.0,63.0
2719b33ad5e693f64d333db5422585eb,esporte_lazer,48.0,354.0,2.0,900.0,28.0,25.0,25.0
d2f1cd931c7b76fefa93547cc1b4881b,moveis_decoracao,55.0,320.0,1.0,850.0,40.0,5.0,11.0
6f2af80a4dddb41170c1afe551f88765,pet_shop,51.0,458.0,3.0,150.0,26.0,6.0,19.0
7f4e034245e45549110139d1de248f83,bebes,55.0,1629.0,1.0,600.0,20.0,13.0,13.0
b9c7a57c9d01c95a4dc4815e539852eb,relogios_presentes,60.0,159.0,1.0,150.0,16.0,2.0,11.0
88dd63919fc9ab693803578a04a20209,informatica_acessorios,58.0,395.0,1.0,217.0,16.0,14.0,14.0
1491a8ff192d4b5c369b0eaa2fe33ee5,cama_mesa_banho,46.0,162.0,5.0,4600.0,60.0,19.0,50.0
d37c7b44350fea9327f32f3e603f682b,moveis_decoracao,53.0,187.0,1.0,900.0,40.0,2.0,30.0
56a59e73563d9b8d536af8b0dc9e0995,pet_shop,51.0,1815.0,2.0,200.0,20.0,7.0,14.0
6bc8dadd7731eae110fe2d177361784c,informatica_acessorios,48.0,591.0,3.0,138.0,16.0,13.0,13.0
1e618d311a1b7f88a9d96ec50aa85582,utilidades_domesticas,42.0,540.0,4.0,9950.0,31.0,61.0,31.0
9cfb95272c4cd1e98619d3bdea888a7c,cool_stuff,33.0,604.0,1.0,1700.0,42.0,25.0,15.0
817a6779721af586b76778eb4fdf98da,moveis_decoracao,61.0,157.0,9.0,3450.0,41.0,15.0,25.0
e672fbe634ad07cce9d85f412becb2c0,cool_stuff,41.0,909.0,1.0,1400.0,42.0,25.0,15.0
1ef5ef43b311a978115840517ac78943,automotivo,60.0,204.0,2.0,150.0,25.0,20.0,25.0
18962ffc781d31e8d995293458954e91,moveis_sala,20.0,466.0,1.0,3350.0,33.0,13.0,33.0
3abefa3ab32440bb6f5937c65c6652f8,perfumaria,39.0,522.0,2.0,127.0,14.0,16.0,12.0
d585c50d622ff40b4d69959caa42a5a3,beleza_saude,50.0,1580.0,1.0,1036.0,20.0,19.0,14.0
e84997d75938765ef99930f908ceedf4,papelaria,52.0,431.0,1.0,1900.0,49.0,12.0,36.0
158102fe543dbaeb84d87811bfe06d0d,moveis_decoracao,56.0,646.0,1.0,300.0,16.0,30.0,20.0
a0951eca8e874597dc3abaefc1940679,cama_mesa_banho,53.0,293.0,1.0,1250.0,16.0,10.0,16.0
36eef04eb938af8bd108b4e2753b5a95,moveis_decoracao,31.0,192.0,1.0,1600.0,24.0,27.0,39.0
d6693a8a60b625f2c5eff7f475b5ed22,cama_mesa_banho,59.0,277.0,1.0,5550.0,45.0,15.0,30.0
6dfe5ffea29ecbbe138a4066b5ebec9b,cama_mesa_banho,55.0,290.0,2.0,17100.0,56.0,38.0,48.0
62ad9a8972411e333e16347051a98e2a,eletronicos,43.0,889.0,2.0,113.0,16.0,10.0,12.0
ec96b7b4e1401281edb9465d0d689cae,alimentos_bebidas,36.0,420.0,1.0,1200.0,16.0,23.0,13.0
8d1cfc0463b545928bfb4e589e017bd4,market_place,55.0,1626.0,1.0,175.0,17.0,10.0,19.0
4e5dc46fe4e31dd605f374ee43f0268e,pet_shop,46.0,2381.0,3.0,400.0,30.0,20.0,20.0
db99498f1d7048253b27cbb54916ec1d,moveis_escritorio,60.0,970.0,1.0,17950.0,64.0,30.0,56.0
0dabe0ee04aa9d25592cbb5b585e698c,industria_comercio_e_negocios,58.0,1930.0,1.0,4050.0,30.0,20.0,30.0
3e6ccb382c617b7e07b5865257f8bdec,cama_mesa_banho,19.0,284.0,2.0,1000.0,45.0,10.0,15.0
78efe838c04bbc568be034082200ac20,moveis_decoracao,57.0,272.0,1.0,2500.0,40.0,10.0,30.0
31c1d1dfbb4b2730140b8bd9248bcd58,cama_mesa_banho,58.0,58.0,1.0,200.0,20.0,2.0,15.0
6d7a4492be45dfb8e38e762efe6614a4,telefonia,60.0,776.0,6.0,300.0,17.0,4.0,12.0
235b4ddb049ab79478e058d0d3609bae,relogios_presentes,58.0,884.0,6.0,500.0,16.0,11.0,12.0
a8828da272eadaa78eed16beefd526fa,moveis_decoracao,56.0,1749.0,4.0,1300.0,65.0,3.0,45.0
16ed6a6e3fce23b741650437fe58d65b,utilidades_domesticas,49.0,1226.0,1.0,750.0,35.0,15.0,35.0
7bdb28a55646012fb3348058d629d9bc,instrumentos_musicais,55.0,541.0,3.0,2750.0,103.0,12.0,17.0
0b349a8595d271e85a0514fe541953fd,beleza_saude,40.0,422.0,1.0,400.0,16.0,10.0,20.0
782447ddd6d2ba5b64cb23ef7a8db626,eletrodomesticos_2,44.0,57.0,1.0,3585.0,33.0,6.0,19.0
55782cb82e0efe052da0a3da237da3b2,automotivo,60.0,1159.0,3.0,2450.0,30.0,30.0,30.0
e9eca3b15e6ebb8296666ab1254b504e,esporte_lazer,31.0,3822.0,1.0,680.0,17.0,17.0,15.0
c6147d11c322b6a63f0cdd8722be9477,eletrodomesticos,46.0,384.0,1.0,14350.0,35.0,46.0,35.0
20ecd51a1e2c3e5cc72096b2ce0d29d5,cama_mesa_banho,52.0,222.0,1.0,1300.0,37.0,5.0,34.0
9d6580f17a0cba74324ce82874fbbe13,telefonia,57.0,1239.0,3.0,8100.0,25.0,25.0,25.0
7099b88be79102f4ec1fb1410b28d466,beleza_saude,56.0,783.0,5.0,500.0,27.0,14.0,23.0
9276ddb0d445c1bfcac493452b6f0ba4,telefonia,60.0,818.0,6.0,250.0,17.0,4.0,12.0
588ec31c89dea5de5dc87e15790df3f4,cama_mesa_banho,60.0,374.0,2.0,6650.0,20.0,40.0,50.0
e6fd80a00ebb1a3e0d58a38555fbbf2c,informatica_acessorios,31.0,600.0,2.0,500.0,19.0,9.0,16.0
cdd4ca17d0e8c9d9d322b1d11d76e876,telefonia,58.0,266.0,4.0,100.0,16.0,11.0,11.0
3a5ef18a79b288df31a2b4bf5b2d17ce,brinquedos,47.0,749.0,1.0,1200.0,35.0,6.0,25.0
9f7b48e2d4e4d7375f71a10791faa1b8,cama_mesa_banho,42.0,507.0,4.0,2050.0,50.0,10.0,40.0
81b454070eecf89b21503cd5d313aa57,automotivo,50.0,2304.0,4.0,250.0,16.0,6.0,15.0
48ce12dd2efb6bb7f38a34eb4723c10e,consoles_games,37.0,726.0,2.0,610.0,18.0,12.0,18.0
ceb25e5f3be12c14a1c69bd9e9e0f67f,brinquedos,51.0,1510.0,7.0,318.0,19.0,23.0,18.0
742778ff0ce574b84b7ed2fb0788cfd2,esporte_lazer,49.0,1089.0,1.0,275.0,25.0,15.0,19.0
bad02bda4c5cc1c81501022f3b06101c,moveis_decoracao,38.0,723.0,11.0,1100.0,30.0,31.0,30.0
a94db861b4ea1c79704586f07c8cdbc3,utilidades_domesticas,46.0,316.0,4.0,12150.0,68.0,20.0,33.0
9503faef00966962beacdb4916272305,construcao_ferramentas_construcao,55.0,612.0,1.0,1900.0,35.0,30.0,25.0
077599a82ee54960bc4f4c941b0d1359,beleza_saude,53.0,1140.0,3.0,1600.0,18.0,8.0,20.0
fc41206e8fcdfebc2418ab3a038053af,automotivo,57.0,703.0,6.0,3550.0,56.0,11.0,32.0
5d52927f3cf2e3266c5dd6e4d2dd566a,telefonia,52.0,526.0,5.0,200.0,21.0,6.0,13.0
eb7172d8a3c64298d2d767f6603c231e,brinquedos,51.0,296.0,2.0,250.0,23.0,11.0,22.0
d862ce2954329a2af9498e8568ee9b1c,pet_shop,58.0,1009.0,4.0,250.0,27.0,9.0,27.0
a695ab8413ea83619cde9b18292d6aa1,moveis_decoracao,38.0,503.0,4.0,1700.0,23.0,7.0,23.0
bd66403f5f11696c897a825d5235697f,esporte_lazer,60.0,528.0,2.0,274.0,18.0,12.0,15.0
da09111354db562f50dffb0476a96828,alimentos_bebidas,42.0,262.0,2.0,450.0,16.0,13.0,13.0
0fd55f5dee013f990c929cd3ad6bfee0,utilidades_domesticas,50.0,3027.0,5.0,2725.0,37.0,17.0,37.0
08922ac36480e00c6972216735d44693,relogios_presentes,55.0,184.0,6.0,300.0,16.0,2.0,11.0
993dda4a23beb110830cd8d181abe310,bebes,51.0,2012.0,2.0,350.0,65.0,11.0,11.0
97017430754804328eb9597b7f85da03,telefonia,60.0,818.0,5.0,300.0,17.0,4.0,12.0
66b7fa94628214c463164097cfbadb7c,cama_mesa_banho,58.0,518.0,1.0,2250.0,30.0,30.0,30.0
7b5d8be0e04080e4c8ee6a7ec2f1f597,moveis_decoracao,50.0,830.0,1.0,650.0,20.0,35.0,20.0
65ae1951caecbb80c7d5e2e662ddb0dc,utilidades_domesticas,58.0,1284.0,7.0,2700.0,25.0,15.0,25.0
f27aff266ad97e75d4a24c893b2c311e,eletrodomesticos_2,55.0,1345.0,6.0,8850.0,45.0,33.0,35.0
9d8a0e115e802d845b4ce1eb794d1260,esporte_lazer,30.0,2299.0,1.0,150.0,20.0,10.0,15.0
7e48d9554094858ee2269c4ef809f50e,relogios_presentes,51.0,789.0,2.0,200.0,16.0,2.0,11.0
4745d118bc09758d0a4bf795b7bb5cb7,fashion_bolsas_e_acessorios,57.0,676.0,4.0,150.0,17.0,9.0,17.0
aef95f9d9e323e61a5caecdc41907c79,moveis_escritorio,35.0,1168.0,1.0,12675.0,48.0,49.0,40.0
d113b2e0de22329a327c5f133ec15914,utilidades_domesticas,58.0,994.0,3.0,1500.0,60.0,10.0,25.0
a7f67835c76b6bdd6950e1322c4b3900,esporte_lazer,56.0,574.0,6.0,250.0,30.0,16.0,16.0
c696cd2db7870be08c37822f7c0ef831,relogios_presentes,59.0,672.0,3.0,350.0,20.0,13.0,13.0
68361925fcb61b3627e79dd95137ae7f,informatica_acessorios,28.0,1064.0,1.0,253.0,14.0,12.0,12.0
86b4986bc313d65b0b5e46f5be8d11ce,consoles_games,31.0,2287.0,5.0,1000.0,18.0,4.0,15.0
40a1e3c65a0bcf6f4ebba840a8156ba2,,,,,200.0,16.0,10.0,13.0
4e04b7c4ec31cc8172cf3e5b863d34d0,esporte_lazer,58.0,493.0,6.0,200.0,16.0,10.0,11.0
50627d7c3dd43902d64134574befe12f,informatica_acessorios,32.0,626.0,3.0,300.0,16.0,4.0,11.0
ed7c541aa5466333629b1e1b8cfc8087,ferramentas_jardim,46.0,130.0,1.0,832.0,32.0,9.0,32.0
9e3f014cac929951c0297e591fbb234d,market_place,49.0,503.0,2.0,2450.0,28.0,48.0,30.0
b11cfc408f43a71b16c2288e79172244,cool_stuff,53.0,530.0,4.0,300.0,16.0,11.0,11.0
47e175ac0195aa4774597a07c912415e,papelaria,60.0,484.0,5.0,850.0,16.0,21.0,15.0
a97cd00f5c1dbfbc7f0f4b6c1032253e,utilidades_domesticas,59.0,731.0,1.0,5500.0,51.0,20.0,29.0
7efa345eefd35e2fc11d13201436bf38,casa_construcao,51.0,201.0,1.0,500.0,16.0,40.0,15.0
0a70bfd7366ebae1c146277751691546,consoles_games,48.0,720.0,1.0,200.0,19.0,13.0,17.0
5c0826f946c32406d5baa79544668b4c,eletroportateis,39.0,873.0,2.0,1200.0,20.0,15.0,25.0
81dba264e2c91829b19c58fa6eb33072,moveis_decoracao,60.0,2132.0,2.0,400.0,69.0,11.0,11.0
8971b502ef885ceacff5dd02b873cdf6,beleza_saude,29.0,1335.0,1.0,750.0,27.0,15.0,18.0
3997a6da5a88930a92998ccbf98adf32,cool_stuff,48.0,671.0,2.0,9300.0,44.0,21.0,38.0
ebf7d9b8166c02eb72e573eebd630458,cama_mesa_banho,55.0,185.0,2.0,526.0,44.0,6.0,33.0
e70bc14a36a0d1a0394cc724be815a1b,bebidas,47.0,858.0,3.0,175.0,23.0,16.0,16.0
2fe1e09df32992e9e5041a2671233e20,fashion_roupa_masculina,36.0,968.0,3.0,600.0,16.0,2.0,11.0
236fdb1c273caaa9a7dbff8111e6a4e1,moveis_decoracao,55.0,412.0,1.0,7450.0,52.0,18.0,35.0
fe75529a267b76ac6e96f0c322a899a4,beleza_saude,33.0,374.0,1.0,304.0,20.0,15.0,15.0
c36b3f0e13d2e953ee290c7ded304c57,relogios_presentes,40.0,228.0,1.0,750.0,28.0,18.0,25.0
f60e19fc3b0ee38735e6a6fefe937bdf,sinalizacao_e_seguranca,58.0,144.0,2.0,150.0,20.0,2.0,28.0
f7fb8cbbcb9cd35f6fc536c77ae02ebe,cama_mesa_banho,59.0,277.0,1.0,2000.0,45.0,15.0,35.0
6addacff5b9a648cf0760f3d943b99b0,informatica_acessorios,43.0,460.0,2.0,250.0,16.0,5.0,11.0
80d3aeff2ab6c9d795010c029dbd5ddd,moveis_sala,31.0,342.0,1.0,4350.0,58.0,15.0,53.0
e7d26dd6742baca292020c158e6720c3,malas_acessorios,40.0,124.0,1.0,450.0,24.0,47.0,34.0
2cab5fb805c35e09a71fc411c7849ec2,brinquedos,55.0,816.0,4.0,1000.0,37.0,35.0,25.0
947a46e4f6dcc04e256398abf33e272e,papelaria,43.0,867.0,7.0,750.0,30.0,40.0,11.0
8d29622ad4b816113fa721f21af4f667,beleza_saude,48.0,1444.0,1.0,4200.0,30.0,10.0,20.0
513d6bfa0cc5198ae04a6ebf0baeae98,eletrodomesticos,52.0,465.0,1.0,350.0,16.0,15.0,20.0
ea99c9c7061d17bbfe7e85d842f2c3ee,cama_mesa_banho,55.0,137.0,1.0,1600.0,36.0,8.0,29.0
270516a3f41dc035aa87d220228f844c,beleza_saude,45.0,232.0,3.0,800.0,21.0,4.0,15.0
ccb162ed569f47d83f62aebd5700d7ad,climatizacao,56.0,671.0,4.0,8750.0,25.0,25.0,25.0
517dd1c1cda3892f83d386dcf9a4e9b7,moveis_decoracao,63.0,701.0,5.0,1750.0,35.0,10.0,35.0
35537536ed2b4c561b4018bf3abf54e0,esporte_lazer,59.0,1459.0,9.0,2100.0,36.0,9.0,14.0
5cb96c51c55f57503465e4d2558dc053,esporte_lazer,53.0,282.0,1.0,300.0,35.0,6.0,11.0
f422d0d9f8b5f7c27289382b14b61248,brinquedos,63.0,361.0,3.0,1800.0,38.0,12.0,35.0
93c902b021a9e594f658ab1b0351602a,eletronicos,60.0,390.0,7.0,1250.0,26.0,10.0,18.0
e54cb69cc7bf5d21921991aae48501fb,cama_mesa_banho,54.0,702.0,2.0,1000.0,50.0,12.0,12.0
07c055536ebf10dfbb6c6db6dbfc36e5,moveis_decoracao,59.0,473.0,1.0,600.0,30.0,3.0,20.0
5ed9eaf534f6936b51d0b6c5e4d5c2e9,cool_stuff,51.0,693.0,3.0,600.0,20.0,20.0,21.0
8d2453bdd784cad1b09625bad27e3bd9,relogios_presentes,55.0,679.0,3.0,600.0,16.0,13.0,13.0
b30bd2570ba0ad3ce06e785a7b23d544,cama_mesa_banho,55.0,315.0,2.0,2900.0,45.0,15.0,35.0
e23a34276c3979415a832cbd4d043952,informatica_acessorios,46.0,446.0,1.0,140.0,12.0,21.0,12.0
6e6cc4bc64ffea91782dbc0cc7c325d9,papelaria,39.0,256.0,3.0,50.0,16.0,6.0,11.0
656e0eca68dcecf6a31b8ececfabe3e8,informatica_acessorios,45.0,236.0,1.0,173.0,18.0,13.0,12.0
aaa391b7c35a628a6318851e8e933e0b,,,,,200.0,16.0,2.0,11.0
a1dd59756b92c62cd39375d0b0222698,cama_mesa_banho,52.0,153.0,1.0,200.0,16.0,10.0,16.0
b1dddee0530f59d8b4808c007e8f14a8,moveis_escritorio,45.0,2081.0,1.0,10850.0,58.0,20.0,58.0
2a15783d3cb601f8d9a6a86806b037b3,bebes,47.0,1080.0,1.0,600.0,38.0,5.0,33.0
4c7d4a2efde21e3bf1660926fabc6a9d,beleza_saude,60.0,316.0,3.0,250.0,18.0,10.0,15.0
768cb9a5290c41d7968447ae28c64cca,eletrodomesticos,58.0,535.0,1.0,15050.0,39.0,38.0,39.0
6ca32b4631431cb1fe976880797a0f5c,pet_shop,19.0,619.0,6.0,5350.0,50.0,30.0,40.0
fa3bea10a666ef8afb1557f5e866b719,esporte_lazer,9.0,254.0,1.0,150.0,28.0,6.0,14.0
093be8c4566a25d70e577faa3539d7d3,moveis_decoracao,55.0,2027.0,3.0,6700.0,90.0,4.0,50.0
494f6aae5fcc59af1db7b6dc85df1977,automotivo,59.0,651.0,5.0,6675.0,71.0,4.0,44.0
2a5806f10d0f00e5ad032dd2e3c8806e,moveis_escritorio,46.0,1350.0,1.0,11875.0,57.0,55.0,22.0
a8c6827a8a59c4b3bd37a9761715f3d8,esporte_lazer,53.0,985.0,2.0,3200.0,16.0,85.0,16.0
a94036c0bb4dfce8d5762777c07b7be2,cama_mesa_banho,57.0,2473.0,2.0,2500.0,43.0,8.0,33.0
d5cf2d1224d6d3a279dc2593f5a824fa,pet_shop,60.0,770.0,3.0,500.0,35.0,22.0,28.0
ffd34459c21034d1da6df9800de0d7a3,beleza_saude,33.0,816.0,1.0,150.0,23.0,7.0,17.0
e61f95fe83b531f0d8c152b6ad798eba,moveis_decoracao,58.0,461.0,2.0,417.0,47.0,4.0,35.0
b1035b3d307f0aeb6157fdd3e09f8119,telefonia,55.0,395.0,3.0,375.0,18.0,13.0,16.0
81a3f1e46ec16acb4800a5002b014438,perfumaria,55.0,696.0,1.0,550.0,16.0,10.0,11.0
d2efc686acbf02ce6200ee423516f0d0,automotivo,56.0,344.0,5.0,100.0,19.0,7.0,16.0
460a66fcc404a3d7306d5f50fcb2d18a,utilidades_domesticas,51.0,720.0,1.0,350.0,16.0,16.0,17.0
71e5d0eb5a5fcc829dc6c1bc1ecac7cf,esporte_lazer,36.0,2886.0,1.0,150.0,16.0,16.0,11.0
61509eaebb2d4bd1a7511b1a75703f8c,utilidades_domesticas,50.0,500.0,1.0,300.0,25.0,2.0,17.0
2362291929f77eccf5f5cb26029dcf90,automotivo,54.0,591.0,1.0,2400.0,52.0,8.0,52.0
10d9c039b5dcb3b2a4a4fd507fd187a0,cama_mesa_banho,52.0,127.0,2.0,900.0,50.0,5.0,50.0
f8a9ed2d85e69c00f817d88ee3de7333,esporte_lazer,36.0,264.0,2.0,2850.0,28.0,28.0,20.0
2028bf1b01cafb2d2b1901fca4083222,perfumaria,54.0,1536.0,2.0,250.0,20.0,8.0,21.0
5f0bdec2fb222061ed8fe52586a5957d,telefonia,42.0,660.0,1.0,113.0,18.0,4.0,11.0
da7813106f94601e6022f50017299e2f,informatica_acessorios,49.0,567.0,1.0,1350.0,23.0,9.0,23.0
a07713fa6def350398642fcb700db2f9,fashion_calcados,52.0,408.0,5.0,1400.0,22.0,12.0,33.0
5929e483b6df44414c047cac38873fe6,esporte_lazer,22.0,300.0,2.0,650.0,60.0,10.0,20.0
56303e28cce31802381aea252883b8b8,relogios_presentes,49.0,569.0,1.0,200.0,20.0,7.0,15.0
e7d5464b94c9a5963f7c686fc80145ad,relogios_presentes,42.0,938.0,5.0,275.0,16.0,14.0,14.0
9cd17b1cc8db0de6b175f213e9054c01,brinquedos,50.0,903.0,5.0,2416.0,32.0,28.0,23.0
97c57b8428f6b7a7597248a02938681d,moveis_escritorio,51.0,2250.0,1.0,11400.0,58.0,21.0,57.0
8b51c6ccc9c0548c951214e1cd1547ff,cama_mesa_banho,58.0,678.0,1.0,1000.0,28.0,14.0,16.0
3225c54bb2785c33f49f50398fcdb88c,relogios_presentes,47.0,547.0,1.0,269.0,17.0,11.0,13.0
8d7d29e5fb9ff5333009326c87fc04e9,moveis_escritorio,56.0,1070.0,1.0,7433.0,57.0,68.0,31.0
94d1135483ece2c7493dd8f6b4ad7454,casa_construcao,55.0,1626.0,3.0,15000.0,60.0,50.0,50.0
40df4be4429553e18755913ac3cfeac5,instrumentos_musicais,44.0,546.0,3.0,1450.0,32.0,14.0,27.0
8828464e34fc3da3892f568218e14d61,beleza_saude,60.0,3244.0,1.0,3575.0,21.0,18.0,22.0
f38c674135b439b1d2deb1d68da9f4e6,automotivo,57.0,1412.0,9.0,600.0,20.0,10.0,15.0
5e2ac503775a811be6aeeb9f87830e92,cama_mesa_banho,60.0,680.0,1.0,1250.0,19.0,17.0,22.0
9800689d93f54df6dc7df4ebd0aade31,bebes,58.0,527.0,1.0,650.0,36.0,31.0,19.0
c32884d4d3342f6417b68f1f46387a14,esporte_lazer,47.0,396.0,1.0,600.0,16.0,15.0,15.0
b8c89bc5fa5dc01a5d0e9d7ff0c6ecdb,cama_mesa_banho,55.0,444.0,2.0,700.0,50.0,16.0,16.0
01c9a70868bec5b748c67fcc26ce5895,brinquedos,39.0,601.0,2.0,750.0,30.0,17.0,30.0
0502d1a36be75bd36b452f31c6ed264a,,,,,100.0,16.0,7.0,11.0
1b34de23397f9ce6cd0f7afa27b60eac,beleza_saude,33.0,3664.0,1.0,430.0,22.0,17.0,21.0
7c1bd920dbdf22470b68bde975dd3ccf,beleza_saude,59.0,492.0,2.0,200.0,22.0,10.0,18.0
8974fd022d2eca68246a2f754bd7de23,telefonia,26.0,345.0,1.0,200.0,27.0,5.0,20.0
364c1b9489e407ae88e1d12e89514428,livros_tecnicos,58.0,2533.0,1.0,1900.0,17.0,7.0,23.0
a1efe4a86746c22541813e22e1d23e33,cama_mesa_banho,52.0,289.0,1.0,1950.0,34.0,9.0,33.0
cfef9c856c09723e61b5eeaed5aa2d55,beleza_saude,57.0,2556.0,1.0,300.0,16.0,6.0,11.0
53a0380bace091a275d6f6a7e46c07b6,bebes,46.0,251.0,1.0,213.0,17.0,8.0,12.0
1d7997c2448b27bd70c631b37acd27c2,esporte_lazer,54.0,1552.0,1.0,400.0,28.0,19.0,19.0
3a135477bf41350a0b1d8afdf616d446,brinquedos,56.0,928.0,3.0,600.0,52.0,9.0,19.0
e5eadf9be70a4a9fa514019542fc330a,eletrodomesticos,48.0,543.0,2.0,1200.0,35.0,20.0,30.0
8f5bd114ef009fccfa3fd221b6bf7465,relogios_presentes,28.0,890.0,1.0,409.0,16.0,11.0,12.0
7fa79f73326e6b9b13b79f60a435d4a5,esporte_lazer,45.0,570.0,2.0,725.0,19.0,14.0,15.0
a85e15cc715d8d8ce1d520208aa1304c,esporte_lazer,53.0,479.0,1.0,900.0,16.0,8.0,13.0
63085bb4366ded27bcb63cbb59b4103a,bebes,53.0,872.0,2.0,13100.0,38.0,47.0,44.0
94a6c010ef78e62cab34c6caf0a69b5f,consoles_games,51.0,113.0,1.0,100.0,20.0,3.0,15.0
35b265fd684b08f6f780239bf05a390b,moveis_decoracao,56.0,1042.0,6.0,1170.0,22.0,12.0,20.0
a06766fec51c96d4d0bce282906735eb,cama_mesa_banho,55.0,626.0,2.0,650.0,16.0,10.0,16.0
5295e2ed3de019d54ea93507c27b3ded,informatica_acessorios,50.0,688.0,2.0,200.0,39.0,9.0,20.0
ff7fccf8513f360157f0660fe51d1d88,esporte_lazer,59.0,1313.0,2.0,1500.0,80.0,14.0,16.0
e33df02e384487f2bcd3788619f89215,utilidades_domesticas,48.0,274.0,1.0,350.0,20.0,30.0,30.0
6c81db10f914c4d032b14fa93aa0a818,fashion_bolsas_e_acessorios,56.0,198.0,4.0,150.0,16.0,16.0,16.0
a082e9e8862e9af2f5a67c2dd1594010,esporte_lazer,54.0,1411.0,1.0,9200.0,48.0,26.0,29.0
283fdfa75f7a2ae01b4dec87edd065eb,relogios_presentes,33.0,1128.0,2.0,250.0,19.0,14.0,16.0
fb8e60e1a3c247d3a2e17f6986e71a40,moveis_decoracao,58.0,858.0,1.0,3250.0,31.0,43.0,21.0
661a91a30ea8c794b9f0b1797d8832c0,beleza_saude,40.0,1146.0,2.0,900.0,20.0,15.0,20.0
3b82e71cc658bc6deadebef95075ac55,bebes,48.0,395.0,1.0,350.0,25.0,5.0,17.0
9aa9caee155847cddb376a05b9a39791,telefonia,60.0,777.0,6.0,300.0,17.0,4.0,12.0
1c9b5793de6c3d9117b6218552c87a8f,perfumaria,54.0,956.0,1.0,50.0,16.0,5.0,11.0
060f71666a632ac169814c0f1d715571,cine_foto,60.0,2069.0,1.0,150.0,16.0,8.0,11.0
d4a816cb2593a92590cabdaef6549b90,beleza_saude,60.0,1078.0,1.0,700.0,22.0,6.0,12.0
02f8dd9b448d3ec2c73e65a22da1121c,relogios_presentes,43.0,597.0,1.0,250.0,18.0,9.0,17.0
ca3c22c251a7108b6b122830eb0c60be,beleza_saude,39.0,740.0,1.0,1307.0,23.0,26.0,20.0
de80c37c338574091896b7fdc81dc376,beleza_saude,49.0,1045.0,1.0,333.0,17.0,17.0,15.0
eef398550dd9575d23eb2d8be74bd45a,,,,,1100.0,35.0,15.0,20.0
5bd6493a2d5a384987386f2696bae33d,telefonia,59.0,405.0,1.0,150.0,19.0,4.0,11.0
f15c46e2da924b1fc76fe638911262bc,consoles_games,49.0,1944.0,1.0,650.0,16.0,16.0,16.0
b3e40ff639c185b9d726b4b19c17e6cd,cool_stuff,55.0,934.0,1.0,2150.0,42.0,25.0,15.0
9b239ddc71920a6c762514e65bd0b810,beleza_saude,53.0,172.0,6.0,50.0,19.0,11.0,23.0
820e8f306dc9ffcf6d0957516084cca1,brinquedos,43.0,932.0,2.0,888.0,25.0,21.0,20.0
f9ce5e5592c6836c379b156a1b043684,esporte_lazer,59.0,247.0,2.0,1250.0,60.0,15.0,15.0
57f2bc497c1a3ebe41ba7a06d78ed159,relogios_presentes,55.0,336.0,4.0,250.0,16.0,2.0,20.0
d2e8130fbec52f5dac0571ea1993f28a,informatica_acessorios,56.0,1199.0,3.0,525.0,23.0,11.0,16.0
1a758361b1c10b3ffe3d3373332de319,esporte_lazer,56.0,819.0,4.0,175.0,17.0,10.0,13.0
9d703ce870d13f6fca072b0fca977fc1,eletroportateis,51.0,909.0,2.0,350.0,27.0,5.0,12.0
6f2d7833b8f0a094571ebddebdc6623a,telefonia,60.0,298.0,7.0,350.0,17.0,4.0,13.0
fadc89c2a60ff96b18827644074dfd70,utilidades_domesticas,52.0,827.0,1.0,1800.0,30.0,30.0,30.0
4ef60b1f697ffec7b21fb506866496f6,pet_shop,44.0,1793.0,1.0,11350.0,80.0,26.0,26.0
7a22c18ef5b314ac41161a5598c05352,automotivo,60.0,841.0,2.0,1850.0,95.0,16.0,35.0
3117617b81eeaddd6d5a788a3d4230f1,eletroportateis,32.0,665.0,1.0,100.0,30.0,5.0,11.0
c3f8ee7e05c01c61ab863e336b0f2e5e,informatica_acessorios,52.0,381.0,4.0,24050.0,60.0,40.0,60.0
138d7037b59dcee052810952c983033b,esporte_lazer,50.0,621.0,1.0,1400.0,21.0,16.0,16.0
0f0c4960b05d6145bbb4b348423503ef,eletronicos,32.0,139.0,3.0,1700.0,32.0,5.0,26.0
b1551ef44e04265b510840b991b24b51,utilidades_domesticas,55.0,1010.0,1.0,1000.0,43.0,11.0,37.0
d71dee111aab947d8d1216505f130d8e,moveis_decoracao,15.0,856.0,1.0,5300.0,57.0,15.0,37.0
293ee8ac0a45f559cdeba37b938fdb66,cama_mesa_banho,51.0,290.0,1.0,8550.0,40.0,32.0,40.0
a80b3c9fe4065f8159d873438f88be4e,beleza_saude,28.0,166.0,2.0,300.0,23.0,7.0,12.0
3c81b58ed91e248ab04898f42e223b1c,esporte_lazer,40.0,428.0,2.0,600.0,20.0,20.0,20.0
9ea1152d6d52dc57ab2ea49aa626adc1,beleza_saude,49.0,3037.0,1.0,1067.0,22.0,19.0,19.0
0f9a07df17934769a978a9b2917ba8a3,automotivo,58.0,579.0,4.0,550.0,33.0,27.0,26.0
81d2fa5b1805af5f9e0d08af321b2f35,beleza_saude,49.0,198.0,2.0,100.0,20.0,15.0,15.0
a44f944687bbcf1d5e4f2af94a55dc05,bebes,63.0,1380.0,3.0,5900.0,30.0,50.0,40.0
679bb6cbef77322da2a4719b6d7d0a96,cool_stuff,44.0,117.0,1.0,600.0,25.0,37.0,36.0
2f13d1dc8b4e1d9d8027be50339546a9,moveis_decoracao,48.0,895.0,1.0,2650.0,30.0,30.0,30.0
9565229244e9341fb8c8069879cf73cd,cama_mesa_banho,60.0,234.0,1.0,1700.0,34.0,7.0,32.0
064d09b1de34c17dbacfa4096f79f256,ferramentas_jardim,55.0,992.0,1.0,400.0,16.0,7.0,16.0
b8eb8663142255eb7ab4526b3ee1c7fd,informatica_acessorios,57.0,207.0,1.0,400.0,28.0,6.0,13.0
50565731f3aeea3f334d15ab5bb98546,utilidades_domesticas,57.0,399.0,2.0,400.0,20.0,11.0,11.0
ee6c49af1a2de55aa0e076257ab4ab99,informatica_acessorios,47.0,956.0,1.0,140.0,22.0,14.0,14.0
0e687d00ba3214b4aca6397a14d49373,eletrodomesticos_2,52.0,1012.0,4.0,7500.0,55.0,10.0,82.0
ffe013e1b4603e3b0b02fbb159d5b400,esporte_lazer,43.0,281.0,2.0,6600.0,22.0,12.0,12.0
2109e8aeedbade2096a471740fb9e798,moveis_decoracao,45.0,640.0,1.0,10150.0,45.0,30.0,45.0
ec2d43cc59763ec91694573b31f1c29a,cama_mesa_banho,38.0,735.0,5.0,800.0,20.0,20.0,20.0
9ab817d90bc61ed772ffea01b4cdcdb6,beleza_saude,57.0,1262.0,1.0,450.0,20.0,12.0,12.0
b112694f32005c5254383ccf38bfd11f,informatica_acessorios,60.0,254.0,1.0,850.0,30.0,15.0,15.0
abaa4c2633cbc40dda16b575531db57b,relogios_presentes,59.0,1015.0,1.0,500.0,20.0,12.0,15.0
2ae40c35ef6620f730a55329d0cd3301,esporte_lazer,37.0,968.0,9.0,700.0,30.0,36.0,20.0
0bff7ada15fd3840490f79b2612db33b,papelaria,42.0,440.0,2.0,1775.0,39.0,22.0,22.0
7c3cbbd1a99a73b3dd683eb7c0570801,cool_stuff,55.0,831.0,1.0,1400.0,42.0,25.0,15.0
322c315bc0661c64fdcab7a70dbc0354,consoles_games,60.0,578.0,4.0,1000.0,20.0,30.0,20.0
2083a6feb4bbb31f6abc92fc24e468c0,telefonia,56.0,3135.0,2.0,150.0,19.0,15.0,15.0
61b5c300f3e56ac6bda4cb54de396f9b,telefonia,33.0,286.0,1.0,200.0,25.0,2.0,18.0
783dae38feb9e3a364e24e25168cfa8a,utilidades_domesticas,55.0,842.0,1.0,14350.0,50.0,50.0,50.0
679a3e5e1d2bb68982be5734c6e55e63,casa_construcao,57.0,565.0,4.0,800.0,38.0,38.0,22.0
be40dfccc49c5959cc0cc2f6447acc38,esporte_lazer,48.0,855.0,1.0,1000.0,16.0,20.0,16.0
ebfe7a4ca40dd34375e373405a114c32,utilidades_domesticas,49.0,79.0,2.0,417.0,19.0,11.0,18.0
136b005b69367b661e552c94cd28a37e,beleza_saude,42.0,1514.0,1.0,2200.0,20.0,20.0,20.0
78f3531b3a1bfef3513d4f344e0c88d0,moveis_decoracao,56.0,183.0,1.0,2300.0,40.0,10.0,30.0
473e6d1c85bacb1bc3280dcda0f5321c,livros_importados,40.0,289.0,1.0,1000.0,29.0,3.0,21.0
03d817e5e392e78674ed0bd8195f9159,informatica_acessorios,56.0,590.0,1.0,1350.0,23.0,9.0,23.0
09b0d15a8cc9a84e7af7e0225f67dc45,moveis_decoracao,52.0,252.0,1.0,1400.0,20.0,20.0,20.0
495bddc7440e227dcf4af56f47749587,beleza_saude,42.0,743.0,1.0,867.0,13.0,14.0,12.0
52ed6cbde6c5bee6f2ea166bf4c1d972,moveis_decoracao,38.0,161.0,2.0,550.0,16.0,12.0,21.0
f2f411f86bd5bd427e28e2a30771761f,cama_mesa_banho,58.0,188.0,1.0,1150.0,44.0,2.0,35.0
96cfc21d191df7257d9a6dfef4d897fd,cama_mesa_banho,55.0,458.0,1.0,550.0,30.0,3.0,19.0
71d3eb56de43c35d4386dcb564a0fc92,beleza_saude,30.0,602.0,1.0,650.0,20.0,14.0,15.0
f9888c7f6af544006f91ca92833d3507,automotivo,59.0,873.0,2.0,2000.0,54.0,17.0,24.0
c1ad8ac66c91ad301cefc322ba2adf31,relogios_presentes,44.0,371.0,2.0,757.0,19.0,14.0,15.0
dd5a5e7b2b76089d6415070e8d6d5456,utilidades_domesticas,52.0,4.0,1.0,1450.0,27.0,29.0,26.0
b72569983090c8bcd75fe577f5be5934,eletrodomesticos,60.0,62.0,1.0,350.0,16.0,35.0,25.0
30a6a74ad9391b95bfc088f875ce8cfc,esporte_lazer,21.0,160.0,1.0,360.0,30.0,13.0,22.0
cfcb14e1f3b7ac5213b4e2ae7697598b,livros_tecnicos,20.0,608.0,1.0,350.0,21.0,2.0,14.0
50b0e47f8219992ae98677122c483fde,malas_acessorios,53.0,700.0,1.0,9500.0,76.0,32.0,49.0
332b3e10a1e54aa72c52f41221eb53ab,cool_stuff,38.0,870.0,1.0,1800.0,27.0,12.0,21.0
f1bad58626618e14b6b25b096acee146,beleza_saude,60.0,918.0,1.0,150.0,22.0,3.0,15.0
42a2bd596fda1baef5719cb74f73030c,cama_mesa_banho,60.0,188.0,1.0,1300.0,44.0,2.0,35.0
69268ea255c0a531db56f066777fdcf1,livros_tecnicos,53.0,1232.0,1.0,1300.0,29.0,3.0,21.0
c414790bdf0857692c821035bc3f6a0e,eletronicos,53.0,273.0,5.0,400.0,26.0,8.0,18.0
95d4404184aa5ce72e590362cc471d62,cama_mesa_banho,52.0,297.0,1.0,1300.0,37.0,23.0,35.0
1aa2ed670a95e9f475723707a7c3f386,cama_mesa_banho,50.0,234.0,1.0,1000.0,38.0,6.0,29.0
3625fbaf8284047185fb0351f2f84ae3,esporte_lazer,55.0,815.0,4.0,1600.0,25.0,8.0,25.0
4724ffa427f315c485e39b02e21859b2,beleza_saude,52.0,1059.0,6.0,550.0,16.0,9.0,11.0
0ecb699933e1e9cc336bf7569ad72e84,moveis_decoracao,24.0,1707.0,2.0,600.0,30.0,15.0,15.0
71f4e8616f830f33d1059bad50cacf99,esporte_lazer,48.0,886.0,1.0,200.0,33.0,4.0,13.0
b357dcb28df5d58381e1c9d6541f8064,cool_stuff,57.0,1826.0,6.0,250.0,16.0,3.0,11.0
fa381a4a9af65ea5fc8f3829214045f9,esporte_lazer,60.0,1351.0,7.0,3050.0,62.0,10.0,22.0
46c01e269265ddd1b66ccc8b4588a411,utilidades_domesticas,34.0,767.0,2.0,4150.0,29.0,28.0,23.0
e9e7c466f491674b6f283e2d2c8da88a,esporte_lazer,45.0,380.0,1.0,1250.0,32.0,15.0,36.0
b114bf337c0626166abe574eee9e3f32,moveis_escritorio,47.0,1398.0,1.0,13350.0,57.0,56.0,22.0
67677f0c9d58c64d17cdbad0abe40285,informatica_acessorios,56.0,276.0,3.0,200.0,16.0,4.0,20.0
144266e1585320d057797a369596bb8b,cool_stuff,39.0,765.0,2.0,1925.0,30.0,32.0,27.0
ee5329ffbe604bebcf84b2fd7792024e,beleza_saude,53.0,84.0,1.0,250.0,23.0,7.0,15.0
79e42c4fa2bde6e0c828d23c4fb7df35,instrumentos_musicais,57.0,962.0,4.0,900.0,42.0,8.0,40.0
3aa3fb2fdb16c7383879e48a574fc8ab,moveis_decoracao,42.0,87.0,3.0,11850.0,74.0,8.0,74.0
254e83d8714765408ae71c07e6a972e0,telefonia,60.0,438.0,2.0,651.0,20.0,15.0,22.0
50b82b74dfaf7b1e257d85b3e58bb977,beleza_saude,47.0,186.0,1.0,300.0,19.0,7.0,12.0
827f677ed9cd1e18a5f4e8ecd4eb7489,telefonia,42.0,351.0,1.0,200.0,19.0,3.0,11.0
09dbbe2c4f26cad4d560aea043f9632c,bebes,32.0,1531.0,2.0,800.0,40.0,30.0,50.0
6f46359e56f51d5deded13adcd1c255c,beleza_saude,42.0,437.0,1.0,650.0,16.0,16.0,16.0
f52b6b9e0bc35ec9d682eea89b27ef38,utilidades_domesticas,59.0,1794.0,1.0,2800.0,50.0,50.0,50.0
79938780eb7ffb7289f59a9a283bc06b,beleza_saude,54.0,1739.0,1.0,1300.0,20.0,20.0,20.0
994f625d5c932719310d0a2f43acc714,relogios_presentes,53.0,556.0,2.0,280.0,16.0,7.0,14.0
c344623528c017d4fa7c51cb56d17a98,perfumaria,32.0,703.0,1.0,552.0,23.0,14.0,19.0
37fe4cdce8bd0f643d3f943a6a3b8e89,cama_mesa_banho,45.0,501.0,3.0,1000.0,40.0,10.0,30.0
627dc84ce949186519dbddc2f58fbdfc,fashion_bolsas_e_acessorios,30.0,401.0,3.0,200.0,16.0,11.0,11.0
254689a977285f8dd17c32b30870e933,bebes,57.0,2883.0,4.0,16500.0,43.0,83.0,43.0
c9af29e8a0c52866bb2c9f5f6344d9b2,moveis_decoracao,58.0,2037.0,2.0,650.0,69.0,11.0,11.0
09c3a2ea33f044aebffecd6681e00133,moveis_decoracao,45.0,494.0,1.0,1150.0,35.0,23.0,35.0
6f790ed0f75949b7fa234ec087aed912,bebes,48.0,1171.0,1.0,23033.0,49.0,84.0,49.0
85df978207ed4024ea16570dbb64fd6e,cool_stuff,33.0,385.0,2.0,100.0,20.0,6.0,15.0
fca62108387e25005784da2f551466a1,moveis_decoracao,42.0,87.0,3.0,14600.0,84.0,8.0,84.0
2de5c479fb0c490a0f2a2f3ab36e71b6,ferramentas_jardim,56.0,511.0,6.0,1050.0,22.0,21.0,16.0
f25bb6afe10215e774d598f4f79d74e8,brinquedos,54.0,491.0,4.0,1400.0,41.0,4.0,41.0
3b8b957801a5b4bca1a4f5d1f5d32aef,telefonia,30.0,350.0,3.0,100.0,20.0,4.0,15.0
7569eb05a9b91e5137cd9cf7494043e5,beleza_saude,34.0,1943.0,3.0,434.0,21.0,14.0,21.0
b1ae85955829e28646e38ed2ff6ae776,cama_mesa_banho,57.0,184.0,2.0,600.0,60.0,10.0,40.0
729a75e5cb63f785e67ebd8c44a5c0ee,relogios_presentes,37.0,621.0,1.0,350.0,23.0,12.0,15.0
1613b819ab5dae53aead2dbb4ebdb378,automotivo,60.0,982.0,2.0,50.0,17.0,10.0,15.0
0654d3c1e3efc7e7cd9dbde9cb743df2,ferramentas_jardim,52.0,368.0,2.0,700.0,20.0,18.0,19.0
4182ad8f6fd91b6064f2d1097d8a4291,beleza_saude,38.0,929.0,1.0,1097.0,18.0,18.0,16.0
af9418dfcdd7f19b51906a2f32cd6bc0,cama_mesa_banho,59.0,289.0,1.0,2150.0,34.0,9.0,33.0
f0059d6f29674e2ee22b3d3b4dc560f9,moveis_decoracao,60.0,2007.0,4.0,2750.0,69.0,11.0,11.0
16042ffa9e13c9207641ee169b044346,eletroportateis,47.0,616.0,2.0,2167.0,19.0,20.0,18.0
9df7a56fa4352899fa6976c54a35ae3a,relogios_presentes,57.0,588.0,2.0,400.0,16.0,11.0,11.0
7f27a510cfe7b7c16bdba4e185dd7940,moveis_decoracao,36.0,237.0,2.0,7400.0,45.0,45.0,45.0
33fac76e7f17367dedaef7954bbb33b4,beleza_saude,63.0,1113.0,2.0,550.0,20.0,20.0,20.0
7e0f1b886ed1dd65930f3b9a30d563d2,beleza_saude,37.0,361.0,2.0,900.0,94.0,31.0,41.0
186052b3f166a0f7227e78b2d27652d3,casa_conforto,56.0,162.0,1.0,3200.0,20.0,30.0,46.0
2c004d873fda9131eb12f6b71538087a,cama_mesa_banho,54.0,683.0,1.0,1517.0,32.0,5.0,29.0
b833b995caddd97b8786370988e32ee4,utilidades_domesticas,54.0,351.0,2.0,200.0,20.0,15.0,15.0
a0ef8572cd061badd81ffc48dc04d1fa,moveis_decoracao,55.0,130.0,1.0,2000.0,40.0,11.0,34.0
c0a3d13743c894a0bd017a85acb658f3,cama_mesa_banho,51.0,305.0,1.0,1500.0,49.0,16.0,39.0
de7e97827841985dae27ef4c4769da95,automotivo,57.0,852.0,4.0,900.0,18.0,7.0,14.0
1c38f26a1dba8b5325c3b434679bfea2,ferramentas_jardim,51.0,518.0,1.0,363.0,18.0,26.0,17.0
9bc7d25a36d620cf449cfdebe3de132f,beleza_saude,45.0,287.0,4.0,500.0,20.0,7.0,20.0
badbf5d003888b6338ea8774b4ac9717,construcao_ferramentas_construcao,46.0,893.0,1.0,2750.0,16.0,2.0,11.0
1f5542855786adc0116f56cfd6f9f830,,,,,150.0,20.0,5.0,20.0
85ae33cb0cb21c6fe6b021faf074a682,telefonia,58.0,424.0,1.0,150.0,19.0,4.0,11.0
df969ce58d2f301f941a09bc75558cd4,bebes,51.0,446.0,1.0,350.0,30.0,30.0,20.0
2b1736cd698222fad698e3c1be9dd4a3,automotivo,48.0,689.0,5.0,2550.0,20.0,20.0,20.0
18b0e642cbae7251e60a64aa07dd9eb9,informatica_acessorios,24.0,718.0,2.0,200.0,41.0,2.0,29.0
d763e6048c898edf2640a38fcd29588f,informatica_acessorios,55.0,211.0,1.0,1200.0,38.0,24.0,12.0
66ffe28d0fd53808d0535eee4b90a157,ferramentas_jardim,54.0,978.0,4.0,3950.0,16.0,64.0,38.0
710b7c26b7a742f497bba45fab91a25f,utilidades_domesticas,59.0,1933.0,1.0,1850.0,16.0,25.0,12.0
fed5c40c27e1c88560a9e92d82ee0825,eletronicos,53.0,109.0,1.0,150.0,24.0,12.0,18.0
2d89e78798ca1f317b4d3a96c74248ba,beleza_saude,51.0,2468.0,3.0,200.0,23.0,7.0,15.0
bc4cd4da98dd128c39bf0b8c2674032f,pcs,55.0,3610.0,4.0,2650.0,16.0,31.0,39.0
efcef300fe9b2c558a8ea258127f6e6f,pet_shop,43.0,480.0,1.0,7300.0,25.0,25.0,25.0
53ecc2857666872f67f44e60b13d2ed2,ferramentas_jardim,32.0,390.0,2.0,353.0,26.0,14.0,14.0
4298b7e67dc399c200662b569563a2b2,informatica_acessorios,58.0,420.0,1.0,200.0,21.0,14.0,15.0
1b7b45fba5ad23e8117914f8b36e6772,esporte_lazer,46.0,1277.0,5.0,1600.0,42.0,10.0,22.0
ef92defde845ab8450f9d70c526ef70f,utilidades_domesticas,36.0,558.0,1.0,450.0,24.0,8.0,15.0
f92ece990baf778926b7349c309b55f7,pet_shop,38.0,734.0,12.0,7300.0,49.0,29.0,34.0
8dc41bbd4f596aff149d8aa3e29521e7,cama_mesa_banho,46.0,288.0,1.0,4325.0,54.0,19.0,42.0
6d1befe53a3d28e0d0d8b3bfcce11195,automotivo,56.0,1235.0,1.0,1800.0,34.0,40.0,19.0
8f8cb7e4a7f16d339f87f8aa2711a003,brinquedos,36.0,529.0,2.0,650.0,28.0,13.0,15.0
5f76bb88bf4410580362879247ef7248,utilidades_domesticas,46.0,1342.0,1.0,9700.0,28.0,26.0,26.0
fc8e852906ed3985a6e1ea67eb1dfdf9,moveis_decoracao,47.0,2064.0,2.0,600.0,68.0,8.0,13.0
f0f34793b31e7353a0d77fed40bdb196,moveis_decoracao,59.0,946.0,2.0,25325.0,95.0,25.0,64.0
84dacba9d49f304ee015bc094083df20,utilidades_domesticas,54.0,341.0,2.0,16300.0,80.0,23.0,33.0
43cc8e4d981bc04b9d78b12e8a908d41,beleza_saude,44.0,1793.0,1.0,11450.0,80.0,26.0,26.0
1f75be631e988bb0ad750e60e18d043b,beleza_saude,29.0,378.0,2.0,200.0,25.0,10.0,15.0
a0c6107c67d8dc850d070c70c7d32000,informatica_acessorios,57.0,489.0,4.0,350.0,19.0,3.0,13.0
25eb0a9d681b3515ff680cb41e69f58e,bebes,23.0,1059.0,2.0,100.0,22.0,23.0,16.0
92144cc00a16129494387f172aa54198,esporte_lazer,55.0,1392.0,1.0,1350.0,16.0,16.0,20.0
ad3cad415b6ec472fcdeff903a4a2567,utilidades_domesticas,51.0,386.0,2.0,2700.0,44.0,34.0,16.0
cdd68c0ef3e507db79631336cf9ec285,moveis_decoracao,49.0,494.0,2.0,450.0,30.0,20.0,20.0
f7d2c621aa931cf19b039d6089c106ad,papelaria,33.0,640.0,4.0,100.0,16.0,6.0,11.0
7be2cf904217376863ada2c9df82c8f2,utilidades_domesticas,51.0,663.0,4.0,3000.0,62.0,12.0,25.0
c3df8a716bc06d8fed63c0ed6e2c904d,telefonia,53.0,505.0,1.0,350.0,16.0,6.0,11.0
d6bcc9649c52a826c656563ffb87a036,,,,,200.0,16.0,2.0,11.0
d6aa421b9567e3e2a3a0caf8fb846cbc,utilidades_domesticas,48.0,546.0,1.0,5675.0,25.0,25.0,60.0
3a5dc69f4360ae2f4561d165c2ee8fae,bebes,51.0,410.0,1.0,550.0,43.0,25.0,33.0
5911ffedc1c50c813140e8a27035f2bf,beleza_saude,49.0,3265.0,2.0,633.0,18.0,16.0,14.0
3863a6df816f3b8ce0358a1243541fcb,construcao_ferramentas_jardim,52.0,646.0,2.0,1225.0,45.0,28.0,28.0
e7a1555b071186b8184e2fe0e647181a,utilidades_domesticas,43.0,475.0,1.0,600.0,25.0,8.0,15.0
98fa242dbcad30eeec98b1187ef08db3,fashion_bolsas_e_acessorios,50.0,504.0,2.0,200.0,16.0,16.0,16.0
2d2fbde9939c282238dc0847b04c5018,informatica_acessorios,48.0,343.0,4.0,300.0,22.0,12.0,20.0
c166595bd1ea20e060090a5b91145196,esporte_lazer,56.0,1026.0,1.0,150.0,17.0,15.0,16.0
a2746ab0f7535d34316ed109d859d7f4,telefonia_fixa,53.0,627.0,1.0,500.0,17.0,13.0,14.0
8b2e2ee3c4042bdb5b3c5fa6b8663b33,brinquedos,33.0,1130.0,1.0,1750.0,34.0,19.0,21.0
23318fc7dadffdde2b4ebf8dadefcf68,moveis_sala,58.0,487.0,5.0,3300.0,46.0,9.0,56.0
eaf3ca98b28c4329251a46380c8473c5,papelaria,59.0,202.0,3.0,300.0,24.0,7.0,14.0
7b35ccd93a2184646c03b70326626923,esporte_lazer,30.0,2162.0,1.0,1563.0,20.0,16.0,17.0
d4e19eb1e5c5d6194af618d3a67de4e6,beleza_saude,52.0,1151.0,1.0,300.0,16.0,20.0,15.0
d070415dddac66bcbc0a2e4f253c0f81,automotivo,21.0,2566.0,1.0,20100.0,61.0,61.0,37.0
6abd84909e8ed79ef808c16f90b91093,beleza_saude,56.0,389.0,1.0,250.0,16.0,5.0,15.0
69c5919a1b057b3d3d8b58f3b9b4b89d,automotivo,34.0,364.0,1.0,800.0,20.0,10.0,20.0
0c761b0e33d708e6a3694a94ac4b82c4,beleza_saude,45.0,1982.0,1.0,2200.0,35.0,10.0,18.0
9bbd350bf9e9d00628872c869354b3be,esporte_lazer,30.0,395.0,1.0,204.0,19.0,17.0,16.0
dfb8e83d3ad8c5ce34db45b25f755b46,automotivo,45.0,1283.0,5.0,175.0,25.0,25.0,25.0
d4ad9721bda56413600c43c11006cb78,moveis_decoracao,63.0,1700.0,1.0,700.0,60.0,11.0,20.0
df6d00c24fc224b84e9ad17708d0f4d7,cama_mesa_banho,53.0,495.0,1.0,650.0,30.0,4.0,19.0
bb42f37fc3d9130e4a4339d24a47dd7c,cama_mesa_banho,59.0,81.0,1.0,400.0,20.0,2.0,15.0
7c2d0df8e5fbfa71d54a400b33a8502e,beleza_saude,59.0,1515.0,1.0,138.0,12.0,9.0,18.0
f361fccba568fabe00db466f80626d1e,automotivo,20.0,908.0,1.0,75.0,17.0,8.0,13.0
6db41bd5a650ed247a5690c0e78c3969,utilidades_domesticas,50.0,979.0,2.0,700.0,30.0,30.0,30.0
f2e84ab8eb8eaa7cddc82f2b0f4424d2,informatica_acessorios,51.0,727.0,1.0,450.0,18.0,16.0,17.0
b7a89537c40b1f5a18b5ba75dbb91cbe,instrumentos_musicais,49.0,1051.0,1.0,594.0,20.0,15.0,16.0
ff34f05b00e8638201e04d2d0651c663,ferramentas_jardim,43.0,452.0,1.0,2350.0,30.0,12.0,15.0
2009f9265306f26803dd5a243416707f,bebes,60.0,1212.0,4.0,1200.0,28.0,13.0,21.0
3f31ad7df5482b3e8fcaac6ea060574f,relogios_presentes,48.0,361.0,2.0,200.0,31.0,4.0,13.0
9102363e9fd5fc8fa4c0719ee704c89c,utilidades_domesticas,55.0,93.0,2.0,1300.0,37.0,37.0,37.0
873d2aa3911060e77ac89009410aa908,telefonia,54.0,172.0,2.0,150.0,20.0,5.0,12.0
caa41bf17e27022341da028e79152c4c,beleza_saude,60.0,365.0,1.0,180.0,16.0,13.0,11.0
9190ce23001d7618017faae67788ea09,cama_mesa_banho,41.0,627.0,1.0,4442.0,57.0,36.0,42.0
42a437e306c8020b829fa2a5c55d3b62,eletrodomesticos,60.0,277.0,1.0,200.0,27.0,13.0,17.0
0ce1e35bdc6af7e582e7ef9363e29b5b,telefonia,57.0,607.0,1.0,100.0,16.0,11.0,9.0
4c5cc632a68ce10ff22b58b5b8c8b8f3,cama_mesa_banho,39.0,364.0,1.0,6300.0,51.0,22.0,36.0
525f8fbde09c9bf777025c3141fbbc6e,climatizacao,52.0,346.0,3.0,250.0,22.0,11.0,16.0
221734613a802d62bb706f54ae56f970,cama_mesa_banho,55.0,739.0,1.0,1500.0,20.0,40.0,20.0
c2c00c360a8407127ec5393828933bc5,papelaria,47.0,329.0,2.0,250.0,20.0,20.0,20.0
8899e549604c83a99da5fd3ec51d955d,cool_stuff,57.0,1003.0,4.0,200.0,30.0,20.0,40.0
ddb73ecd2a301a87fa538fa0a33d4112,eletronicos,59.0,487.0,2.0,800.0,16.0,2.0,11.0
b3fa89053a8298a2d3265e6ea6c79588,bebes,54.0,1116.0,1.0,11683.0,47.0,30.0,49.0
7b8c427eb09be88d32fcfaa8018f5caa,beleza_saude,55.0,624.0,1.0,2000.0,30.0,12.0,16.0
8bbc072e9ad5dfad286bf7965b945217,utilidades_domesticas,55.0,801.0,3.0,483.0,30.0,14.0,25.0
2267f81f3634e3fdd5d27151ddad3c26,cool_stuff,53.0,419.0,3.0,9650.0,86.0,8.0,40.0
41c24b8ce92d1a2cac62db5edfd088b2,relogios_presentes,27.0,178.0,1.0,314.0,18.0,11.0,14.0
ebf19d90623587fde1eff2a222d8b177,brinquedos,53.0,495.0,2.0,1874.0,38.0,38.0,26.0
2bbafc7b18384308a1fb3f64c022b25c,esporte_lazer,47.0,861.0,1.0,1014.0,25.0,22.0,22.0
575a896d07cd269eb0b2b8762e0be261,esporte_lazer,60.0,902.0,2.0,6150.0,20.0,20.0,20.0
e1ed9c25b42fc1afbc7459cc821a9d44,construcao_ferramentas_construcao,22.0,101.0,1.0,7700.0,50.0,20.0,50.0
ce9642db03eabe825b92638bd5d4aebd,malas_acessorios,58.0,367.0,5.0,1200.0,45.0,15.0,35.0
a710be5818329b097a82bb26b480f5fa,esporte_lazer,53.0,826.0,6.0,367.0,19.0,14.0,17.0
4d3e81b2dfb45a73759982d63e532e94,cool_stuff,49.0,425.0,1.0,200.0,30.0,5.0,30.0
d766964397625ab68a48b7267bf7b04e,automotivo,42.0,395.0,2.0,11100.0,60.0,60.0,18.0
738da8ddda2e593acfdc53c2d1520dfa,instrumentos_musicais,63.0,950.0,9.0,8350.0,105.0,12.0,45.0
12f066474dfa3c415c169051c5e1967e,telefonia,60.0,749.0,3.0,200.0,22.0,8.0,15.0
a5e253ef6240a13a4d631fd39d2c7444,fashion_bolsas_e_acessorios,48.0,638.0,1.0,200.0,16.0,5.0,20.0
9c7bdf67b06b419aefb93cfdfc96c55d,esporte_lazer,25.0,823.0,1.0,476.0,17.0,14.0,14.0
3eef0cb94ba82de806bb30ab743c7655,moveis_escritorio,26.0,1177.0,1.0,11880.0,50.0,60.0,27.0
674882c56b0e1ef7ce973f10a6c02b1b,pet_shop,58.0,809.0,5.0,1500.0,60.0,16.0,26.0
d01019ebab9a3f583fd32785518d8704,casa_construcao,30.0,1272.0,1.0,1175.0,30.0,15.0,18.0
1e7d94ec384eb160b91eb277f13ba1ff,esporte_lazer,40.0,228.0,2.0,3650.0,60.0,15.0,15.0
6af944d65385c537dd7fb26787c7dae3,moveis_decoracao,63.0,190.0,2.0,2100.0,50.0,7.0,50.0
f7a17d2c51d9df89a4f1711c4ac17f33,utilidades_domesticas,56.0,1245.0,5.0,350.0,22.0,8.0,19.0
6a1a04054158fe995e1688d8f79605b2,esporte_lazer,59.0,254.0,1.0,1650.0,40.0,45.0,25.0
2a46d3a8cb337e4c4b5db2d6df599cea,eletronicos,53.0,1011.0,3.0,5200.0,20.0,15.0,13.0
bec7585cabd7834bae06fc5bd3475cc9,cama_mesa_banho,47.0,641.0,3.0,2150.0,50.0,10.0,40.0
4f0abfbee7569e43b80f9aaa256a9bf8,beleza_saude,60.0,919.0,1.0,150.0,22.0,3.0,15.0
b815c6ac9af2fbea9b2588de81c53905,moveis_decoracao,54.0,284.0,2.0,14500.0,35.0,30.0,35.0
6cc2b92f841b20c5e39281a44a9c68bc,esporte_lazer,50.0,437.0,1.0,2200.0,60.0,18.0,18.0
e8dca0ae20e339a356e9d598fefc3be5,telefonia,32.0,1130.0,5.0,100.0,20.0,20.0,25.0
bf7a3359eeb43b9944c70293e4be896a,moveis_quarto,56.0,240.0,1.0,14000.0,60.0,5.0,90.0
32bb152336c896d906a6344cdbe1993c,moveis_decoracao,58.0,635.0,1.0,7350.0,30.0,35.0,30.0
99de5bb76bad02d0f39306af0436bcfd,dvds_blu_ray,37.0,1657.0,3.0,800.0,35.0,4.0,25.0
d902e8400cd0c58b64ea157af940e670,bebes,52.0,786.0,2.0,3800.0,44.0,23.0,43.0
096d687ce8c7ae68039cce3f229b1d4c,pet_shop,35.0,1008.0,2.0,665.0,9.0,9.0,8.0
6d7d853286dac8449c42146f8ce5dedf,esporte_lazer,35.0,421.0,2.0,150.0,45.0,10.0,11.0
195a72beccf48da20d71e2d7530b470a,beleza_saude,48.0,474.0,4.0,425.0,20.0,11.0,14.0
1d7db62a21ffb4f220d3e8a05fa77e02,fashion_bolsas_e_acessorios,22.0,328.0,3.0,100.0,16.0,13.0,11.0
92f1f77b7f3c73831fef53406c195302,telefonia,46.0,1267.0,4.0,350.0,20.0,15.0,20.0
32bad49615b7c5da42609b98df97482c,portateis_casa_forno_e_cafe,51.0,81.0,1.0,50.0,18.0,8.0,13.0
951cb45d30e716a846d8cf5874034e56,telefonia,57.0,524.0,1.0,150.0,18.0,3.0,12.0
236f3599e6d57eeb5eb9535b2c88b231,brinquedos,29.0,657.0,3.0,300.0,19.0,15.0,17.0
6eb70dfb283dc3f645ed7b03c990dc72,audio,31.0,251.0,2.0,343.0,19.0,11.0,13.0
ba3f298a122a95c4928e8b8628e8520e,cama_mesa_banho,50.0,111.0,1.0,2200.0,30.0,20.0,25.0
793ee3bd01e3ecec7ab94aed9aeee415,informatica_acessorios,40.0,1076.0,1.0,950.0,36.0,15.0,16.0
265f4031e6bbb8ee2c1590baca25c89f,automotivo,51.0,282.0,1.0,750.0,16.0,24.0,24.0
781a5256893d06b9526750ff0b5f50e4,beleza_saude,50.0,1233.0,1.0,225.0,18.0,11.0,14.0
6bd248f93425ceeb625a8a97e2404112,papelaria,39.0,217.0,1.0,550.0,46.0,10.0,32.0
cd82271424be9568801391194697361c,cama_mesa_banho,56.0,999.0,1.0,400.0,19.0,13.0,15.0
3729e88d6c44656dc1bbd5f3c57b00d4,esporte_lazer,60.0,403.0,3.0,700.0,30.0,20.0,20.0
dbaee28f4ee64465838a229582d77520,construcao_ferramentas_construcao,58.0,1178.0,2.0,418.0,19.0,6.0,13.0
b3cf0a98f31b76ed0cec13d9c77102c4,market_place,26.0,1528.0,1.0,1300.0,33.0,6.0,22.0
5861217c6b00a886e28a101167dbb1e1,utilidades_domesticas,51.0,150.0,1.0,425.0,23.0,15.0,18.0
2e274768896aa2c7635b9689423a5d34,esporte_lazer,42.0,1404.0,1.0,3313.0,29.0,32.0,25.0
57646b730d659bc73d8193fc5131014b,flores,48.0,130.0,1.0,450.0,30.0,15.0,20.0
1b64e3f229ea80e2b453b120cebcc448,informatica_acessorios,41.0,724.0,1.0,1925.0,33.0,40.0,18.0
d34c07a2d817ac73f4caf8c574215fed,telefonia,56.0,56.0,1.0,325.0,20.0,15.0,14.0
b2467a0d160e2d74cf50312ff80e75c7,beleza_saude,53.0,986.0,1.0,2000.0,30.0,12.0,16.0
4257f45f6ea58aa46885ed7ef723b6c0,,,,,2300.0,29.0,13.0,25.0
6871a3c157d6f51697e887f3c3598479,informatica_acessorios,58.0,1923.0,4.0,850.0,25.0,11.0,15.0
ff5f8606556b625613f069a5a9a48966,bebes,63.0,554.0,1.0,2300.0,27.0,14.0,27.0
4fcb3d9a5f4871e8362dfedbdb02b064,automotivo,53.0,603.0,1.0,5950.0,65.0,11.0,65.0
17865682ce7cccfe7dec02d1f74a8f86,automotivo,54.0,339.0,1.0,350.0,25.0,10.0,15.0
5fb1e24560c31b0eaa1911d4247187ed,brinquedos,34.0,649.0,3.0,2600.0,33.0,12.0,26.0
7046a5632fbe7baa273b14b3253e1547,eletronicos,57.0,2672.0,5.0,3300.0,55.0,7.0,20.0
7c888c2f683671fce1d3a9db421ab15e,moveis_decoracao,43.0,508.0,1.0,700.0,20.0,15.0,20.0
368c6c730842d78016ad823897a372db,ferramentas_jardim,57.0,366.0,2.0,1650.0,30.0,22.0,30.0
45ba26803dbbdb26ec5757546929ac89,pet_shop,38.0,88.0,2.0,400.0,16.0,16.0,16.0
bac35584a4b6413380a74f9617e12379,papelaria,40.0,904.0,1.0,1000.0,20.0,20.0,20.0
c78c6340ae7cb2e130f1d7dd49bd0f96,beleza_saude,53.0,246.0,1.0,675.0,27.0,14.0,16.0
596e3ace8e8329beb05bb40700a659f7,construcao_ferramentas_construcao,60.0,1154.0,1.0,450.0,16.0,10.0,11.0
628f5ed6c14790dcb9233c8dbf596175,beleza_saude,43.0,875.0,1.0,555.0,30.0,12.0,16.0
591cf821695e4e2934a87e07122f7839,fashion_bolsas_e_acessorios,60.0,270.0,2.0,250.0,16.0,2.0,11.0
9f14f401fce2d9ddd450e7ce60cb7f5f,consoles_games,45.0,130.0,1.0,100.0,20.0,3.0,15.0
8338cef8355d238f43711dcb9c0657b2,moveis_decoracao,59.0,473.0,1.0,700.0,30.0,3.0,20.0
646998fa29db22fe94b0bd31b8d228ac,bebes,37.0,208.0,1.0,470.0,29.0,10.0,25.0
1c8ddcbd9abd12c51979969411f0b110,moveis_decoracao,50.0,534.0,1.0,650.0,65.0,2.0,13.0
43354a2ac9eca9f50cb31647c6d5516a,brinquedos,50.0,563.0,6.0,8750.0,30.0,69.0,25.0
530d9436af6fa4960e9754ce4128b468,moveis_decoracao,39.0,510.0,2.0,1350.0,80.0,20.0,20.0
cb81df0e3ccece253557f2a07df4727e,esporte_lazer,25.0,469.0,1.0,225.0,18.0,15.0,16.0
d7d794641d5ada503ecda1a6f19199d5,esporte_lazer,36.0,348.0,1.0,887.0,16.0,15.0,13.0
f34152d311875e9da480bd51f495155d,informatica_acessorios,35.0,1101.0,1.0,250.0,42.0,2.0,30.0
242a6abd32d7630b48ef5c0a1bf527eb,,,,,400.0,35.0,16.0,35.0
936a034fe3b07b7ae7c87fc8ceb0749d,relogios_presentes,58.0,1233.0,4.0,450.0,16.0,2.0,20.0
2e830c73f28d3b8542af03cf2637dfc4,eletronicos,34.0,214.0,1.0,275.0,24.0,9.0,17.0
33ec1056063990a554e2e2cd85219de5,cama_mesa_banho,60.0,624.0,2.0,400.0,57.0,4.0,28.0
1bef08f119466a85a83919d5b80facd3,cama_mesa_banho,39.0,114.0,1.0,250.0,40.0,4.0,30.0
508d5e8ce8e79bb506f9f0c096b295c4,moveis_escritorio,19.0,930.0,1.0,12775.0,37.0,65.0,36.0
bce551f6c568dca0b7e4cf5af7de7390,informatica_acessorios,57.0,327.0,5.0,1200.0,30.0,2.0,15.0
aa70ae9ee9a798d44ae6e00ce6d82cb1,beleza_saude,60.0,919.0,1.0,150.0,22.0,3.0,15.0
5c59756861f289b773f83871924200eb,cama_mesa_banho,40.0,729.0,1.0,3100.0,20.0,30.0,30.0
c7c27b5cbae5f0689560d8d154af7724,automotivo,39.0,1129.0,2.0,2050.0,90.0,13.0,18.0
7a81751397c8813678761201a7114339,utilidades_domesticas,38.0,389.0,1.0,200.0,37.0,3.0,11.0
6ddcabeba730cb81a3c9570a595a12da,beleza_saude,53.0,386.0,1.0,700.0,30.0,12.0,16.0
7798ddd884068c64f261fa5d6a7f6cd9,pet_shop,53.0,531.0,1.0,8050.0,57.0,21.0,37.0
fa2d929efb6b3c378099488dd6b02ca5,moveis_decoracao,53.0,1749.0,3.0,2600.0,105.0,3.0,70.0
ccec880520770d791d004c9a1ae8b0aa,pet_shop,46.0,798.0,3.0,150.0,25.0,10.0,15.0
2d75cb4f23924fff112f06ef3520c120,brinquedos,28.0,178.0,1.0,400.0,16.0,17.0,11.0
45b280868bcc8124d9309f459a42eeaf,esporte_lazer,59.0,902.0,2.0,6450.0,20.0,20.0,20.0
18bbc803715ffa8ec1b58bd3f737fdca,informatica_acessorios,38.0,665.0,1.0,850.0,16.0,11.0,37.0
c10a7001e8b49dfc03817444b5f2ed81,relogios_presentes,46.0,670.0,1.0,500.0,16.0,2.0,11.0
d540d228abea2bb0713acb40e4f3d341,pet_shop,56.0,2358.0,6.0,2350.0,42.0,22.0,32.0
4aa6014eceb682077f9dc4bffebc05b0,utilidades_domesticas,43.0,1002.0,3.0,10150.0,89.0,15.0,40.0
7d9f42ecf65ca91f7e28483c5008dc4b,cama_mesa_banho,60.0,234.0,1.0,1600.0,34.0,7.0,32.0
ddcb7473fdc5368c019e3ef6fbde816b,automotivo,54.0,586.0,1.0,2950.0,41.0,19.0,41.0
200eed7d1d3482898094819dbec1cb52,utilidades_domesticas,48.0,1202.0,3.0,500.0,19.0,12.0,12.0
b596e2d70dd2f5fb5ff9ee2a1c803e5b,esporte_lazer,53.0,748.0,2.0,6300.0,42.0,20.0,32.0
9c54fc6d530332481d147e58ed7d3eb5,esporte_lazer,59.0,1225.0,2.0,500.0,16.0,16.0,16.0
1782400950423c9b12600278b8ef65d3,perfumaria,58.0,553.0,1.0,567.0,23.0,15.0,16.0
2a6d3f9c3a96e62e0ca38559cbf6410b,eletronicos,41.0,318.0,1.0,125.0,21.0,13.0,18.0
261244fc4d0197d8772346872f5b0f5e,moveis_cozinha_area_de_servico_jantar_e_jardim,54.0,785.0,5.0,975.0,41.0,12.0,12.0
c3fb02b29695e526cd3988bdd55ba013,bebes,24.0,655.0,1.0,300.0,42.0,25.0,15.0
519246f38910c45249e57a9f9b9fc142,telefonia,59.0,534.0,2.0,392.0,17.0,11.0,13.0
7ac5f520abfc0589418bc7c76cea7a7c,cama_mesa_banho,59.0,349.0,2.0,1550.0,30.0,10.0,30.0
423a6644f0aa529e8828ff1f91003690,agro_industria_e_comercio,54.0,2352.0,3.0,5800.0,30.0,30.0,20.0
1e88eb1734651579b4928df098f4d86c,moveis_decoracao,60.0,702.0,2.0,600.0,26.0,8.0,17.0
447b7437663c07b241787482238e1d58,fashion_bolsas_e_acessorios,58.0,1359.0,1.0,200.0,16.0,2.0,11.0
aeb2db5f8c0fe1e55a951d49dd331fc3,informatica_acessorios,35.0,1101.0,1.0,250.0,42.0,2.0,30.0
63c21c167a87abcbed6efe83c8169866,construcao_ferramentas_seguranca,59.0,825.0,1.0,1100.0,30.0,10.0,25.0
8471182114c4e0e3b1586fef0ad240a9,automotivo,30.0,313.0,4.0,500.0,25.0,16.0,20.0
0984eaa8480e41aded35bd7b5131a1c1,beleza_saude,58.0,540.0,1.0,30000.0,55.0,75.0,61.0
b1877a842c7cc3487d5ead23827c45b2,informatica_acessorios,49.0,1692.0,1.0,343.0,16.0,17.0,13.0
dc58d5459e21851dd9acdfc10a621159,utilidades_domesticas,31.0,680.0,2.0,700.0,23.0,15.0,20.0
9e2821b749b419a902d948c583175ece,fashion_bolsas_e_acessorios,36.0,339.0,2.0,100.0,16.0,2.0,11.0
b37a8cda46313ac91d79f16601ca5253,ferramentas_jardim,59.0,1105.0,9.0,600.0,21.0,8.0,13.0
2e64d11879c5bbda600381dbb5452a38,beleza_saude,47.0,225.0,1.0,1350.0,26.0,18.0,11.0
1a4abdf8e4e0329e516e6e55260bb1d7,ferramentas_jardim,35.0,382.0,1.0,600.0,16.0,7.0,22.0
a996a150a7fd0eba6a177ec84b939b51,pet_shop,57.0,1640.0,2.0,5300.0,30.0,30.0,30.0
634256dbcd184b3757ffd7632c9fe52a,beleza_saude,49.0,295.0,1.0,150.0,16.0,5.0,17.0
6f57ca539fb6b20b79a272e17194d9c9,beleza_saude,34.0,1053.0,1.0,400.0,20.0,5.0,11.0
7648a2a07675230af77cdcd849834e57,beleza_saude,45.0,2616.0,1.0,1600.0,25.0,20.0,20.0
cd46a885543f0e169a49f1eb25c04e43,informatica_acessorios,58.0,1390.0,2.0,3475.0,54.0,13.0,48.0
c795f412e17c825c7765adfdb4ecdc56,pet_shop,46.0,497.0,2.0,300.0,30.0,10.0,17.0
b44ac72ece514e2e7985803cf7cefbc5,livros_tecnicos,49.0,894.0,1.0,367.0,18.0,5.0,15.0
5083416598756311d4bb4ddabd661e25,pet_shop,54.0,459.0,1.0,9100.0,37.0,30.0,39.0
cfb79bfbdaf59cfe2e9ae0a071451f32,cama_mesa_banho,44.0,445.0,1.0,550.0,30.0,3.0,19.0
990166f4c0d91a6cb92663b4d190ad1e,utilidades_domesticas,51.0,969.0,3.0,9300.0,31.0,58.0,31.0
a334304f952399f2161225628a9d2891,beleza_saude,58.0,1692.0,4.0,300.0,18.0,10.0,14.0
e350532acfc2ee911b6dcf1029dcb48d,brinquedos,27.0,867.0,5.0,300.0,22.0,6.0,16.0
2132979d9b6f64e99b8c9bb4da4e0323,informatica_acessorios,12.0,676.0,2.0,496.0,36.0,13.0,35.0
e61812136e9f12e9f4359132b1b82870,informatica_acessorios,44.0,195.0,1.0,650.0,22.0,12.0,12.0
bb77135946e78428a7a5634a46113a22,bebes,57.0,271.0,1.0,600.0,25.0,15.0,25.0
b8b426747049f2d3d6e00b486d47dedb,beleza_saude,49.0,819.0,3.0,1250.0,42.0,11.0,12.0
e9e425171123c1c10c30c2c7379b9544,relogios_presentes,50.0,383.0,1.0,950.0,21.0,11.0,15.0
d60c79092c4d9018a9e4f08f24b7a280,utilidades_domesticas,28.0,735.0,2.0,300.0,20.0,30.0,20.0
2b4662eb979b4254e70b334e76ba0470,cama_mesa_banho,56.0,515.0,1.0,6700.0,30.0,30.0,30.0
7a7be236d8368315680071df4209dd4e,moveis_decoracao,55.0,199.0,2.0,850.0,30.0,30.0,30.0
af4e303574dc703e52b2731419bd563c,brinquedos,50.0,256.0,2.0,561.0,20.0,27.0,22.0
e4acef9f829635351de593a05d2406da,esporte_lazer,45.0,40.0,1.0,562.0,20.0,13.0,17.0
4e90dce938e15bfe8ef9b962391e9866,papelaria,52.0,372.0,4.0,500.0,30.0,40.0,11.0
fa7b3afca12fceaa20c5d7aa279f08ca,automotivo,60.0,183.0,2.0,100.0,18.0,4.0,14.0
515ba7ccc6abbd1c0f5016704a0184e2,pet_shop,59.0,678.0,4.0,1400.0,40.0,20.0,30.0
def080e33b38a4c756347d4665b40a7f,musica,45.0,1465.0,5.0,1850.0,55.0,17.0,15.0
e482ad963bfb9a9abc51b9850aca97b7,utilidades_domesticas,45.0,293.0,1.0,250.0,19.0,8.0,11.0
526f833e1eb0a32ad9351145a761b9ab,relogios_presentes,60.0,491.0,2.0,250.0,16.0,2.0,11.0
45a15b38cc3c0514717a1de673c6193c,,,,,250.0,17.0,8.0,13.0
4a266296cc64880551c3efad9739fb2e,instrumentos_musicais,59.0,802.0,2.0,3750.0,18.0,30.0,27.0
2722b86640ddc24e1374c2df1ac2a230,construcao_ferramentas_construcao,47.0,1139.0,3.0,1700.0,26.0,9.0,20.0
e3dd5a5b73bfbb610ada4ed74a6612b6,pet_shop,32.0,1244.0,1.0,138.0,17.0,13.0,14.0
28fe7bc9b73556b0cee83320fcd2600e,utilidades_domesticas,56.0,1200.0,2.0,3550.0,16.0,43.0,43.0
55f166570845e0a7b4456edac9c420b7,automotivo,42.0,431.0,1.0,975.0,32.0,35.0,29.0
6818d803130fa8df4d513db9d6289dc2,livros_interesse_geral,40.0,1618.0,1.0,300.0,30.0,4.0,20.0
f399bbedb1d21192dffefc4a8b30a229,utilidades_domesticas,59.0,614.0,1.0,5300.0,30.0,35.0,30.0
1792cba4f134a09e9450d6142fbe9293,informatica_acessorios,57.0,297.0,2.0,150.0,16.0,3.0,13.0
e21b0b8dd6c9543f46cf3178a39ea458,esporte_lazer,56.0,307.0,4.0,700.0,16.0,16.0,25.0
46f739c1cd676603026c0af4d29ef7a5,automotivo,55.0,212.0,3.0,1850.0,20.0,15.0,20.0
81227b918dc751995a7301b5f38437b8,telefonia_fixa,53.0,1265.0,1.0,750.0,27.0,12.0,27.0
67473aa97e981b3b8abaa6a8a768eb26,beleza_saude,60.0,450.0,1.0,400.0,38.0,12.0,25.0
e251ebd2858be1aa7d9b2087a6992580,ferramentas_jardim,34.0,511.0,4.0,8875.0,40.0,14.0,43.0
c689470c5a069795896edc7b896d9251,cama_mesa_banho,63.0,837.0,1.0,1300.0,43.0,5.0,30.0
170b033abb14ccc92a21b95dba58fa90,utilidades_domesticas,55.0,757.0,4.0,325.0,25.0,15.0,16.0
3366363f84c6f967f12d15a59b1e7839,informatica_acessorios,33.0,1303.0,1.0,200.0,31.0,13.0,11.0
d2085f7e0f9533605386960fc7e987ec,ferramentas_jardim,40.0,207.0,4.0,150.0,16.0,2.0,11.0
52b668edc0d0c20cd9319bfda4019597,moveis_decoracao,59.0,205.0,8.0,900.0,31.0,11.0,26.0
c55fe8cbb36a1353e443dc9e773b80da,cama_mesa_banho,48.0,426.0,1.0,250.0,28.0,4.0,16.0
4a85b07765a341b846c963da0381db96,beleza_saude,57.0,1687.0,1.0,4350.0,16.0,16.0,16.0
e0df353ed6d11a723c8046c7aec42d62,brinquedos,33.0,669.0,1.0,630.0,31.0,19.0,16.0
0c002598a0876501a172ffcea9496008,cama_mesa_banho,53.0,768.0,4.0,9150.0,50.0,30.0,40.0
2511e504fd7794c668a8521aabe3713d,cama_mesa_banho,60.0,298.0,1.0,2650.0,33.0,7.0,39.0
b3bf52e880d6c9f4dd7e34fb682d5054,esporte_lazer,47.0,594.0,5.0,700.0,19.0,10.0,16.0
3096d513ef378c2f6b32b7f4f42a471a,relogios_presentes,54.0,555.0,4.0,400.0,16.0,2.0,11.0
ed000a9f9f04376551e24de254464c9e,,,,,7400.0,40.0,6.0,35.0
8cef0a48dd6a31a4da7683d1f35d8925,utilidades_domesticas,42.0,540.0,4.0,9950.0,31.0,61.0,31.0
7770bdde7d6bfd349bfdeabc4ce54c07,telefonia,54.0,581.0,1.0,150.0,19.0,4.0,11.0
338bf1554cc911be551275c6c6c396c7,utilidades_domesticas,35.0,347.0,2.0,1400.0,21.0,40.0,21.0
07dc749f37490643099305c4df823727,telefonia,50.0,194.0,1.0,100.0,16.0,2.0,15.0
3b7929cc079c14493fb6fb3373dbc1e1,audio,21.0,68.0,3.0,1075.0,40.0,20.0,30.0
052516c377ebbc53a39f053af1db08b4,cool_stuff,46.0,595.0,2.0,450.0,16.0,12.0,22.0
ecb5b54535b9954dfabb3bd16f3c567d,telefonia,57.0,2112.0,1.0,117.0,19.0,5.0,13.0
b84ee1832bd494a163f0a8315efde95c,informatica_acessorios,56.0,944.0,1.0,200.0,20.0,20.0,20.0
f7ac498363699addc5ff78eadee46977,telefonia,51.0,544.0,5.0,150.0,19.0,3.0,20.0
550fc11ceff23335b50bdab8f9d3c3e2,esporte_lazer,35.0,649.0,4.0,400.0,21.0,4.0,17.0
7cd29da0653abeb444703cc5a957f479,beleza_saude,23.0,565.0,1.0,1029.0,20.0,15.0,17.0
5194b6f4fa50ae9404bfd3e48ebe3911,informatica_acessorios,54.0,1368.0,4.0,1625.0,16.0,23.0,21.0
1d4de03a6141ce2a2ae5a97f51cabb37,cama_mesa_banho,32.0,253.0,1.0,4050.0,40.0,15.0,23.0
cba1a3cf642112a308969fdb2c9f687d,construcao_ferramentas_iluminacao,53.0,981.0,3.0,600.0,21.0,30.0,21.0
2eb3f7edda1f0799d78ffade55e64374,beleza_saude,49.0,893.0,1.0,1400.0,90.0,27.0,20.0
52a085323b6c368f0ab93e7540614992,eletronicos,59.0,444.0,1.0,150.0,21.0,7.0,14.0
3fd97d8c7b16543086520039b5c7267a,utilidades_domesticas,55.0,486.0,1.0,1800.0,22.0,63.0,22.0
04af9f3af5c6afc4eece909c25330934,relogios_presentes,51.0,475.0,6.0,200.0,16.0,2.0,20.0
46734f8521a7998c55748c1abbddeb12,utilidades_domesticas,45.0,507.0,3.0,1200.0,32.0,40.0,28.0
8bab563be2e3316280e3990af91da7b7,eletronicos,49.0,190.0,1.0,133.0,18.0,11.0,14.0
2f785af0f4f132585052347521b90b29,beleza_saude,46.0,456.0,1.0,529.0,20.0,18.0,16.0
87a9863375a0a462b168cb02bdad360c,bebes,58.0,1083.0,1.0,383.0,22.0,14.0,17.0
edfc544c4047e30a3bc73212e414330d,moveis_decoracao,56.0,2043.0,5.0,2900.0,69.0,11.0,11.0
18f0c077dff7331d813fd82f7dd05a6e,ferramentas_jardim,47.0,574.0,1.0,270.0,26.0,16.0,21.0
73c61364b22d14eac780a200b81d34c5,telefonia,58.0,818.0,5.0,300.0,17.0,4.0,12.0
67d2c4ee8fd08752a32aae5f878740aa,telefonia,45.0,361.0,1.0,100.0,19.0,4.0,11.0
404a57563d487aecbc2b1a01d9b89aab,cama_mesa_banho,62.0,313.0,1.0,3500.0,45.0,15.0,35.0
a59fb60fddcc72a9878b7ed5cb69d8e4,audio,48.0,424.0,1.0,200.0,27.0,5.0,20.0
a5845d48b5db7a5f0b41b39e2db4d42e,telefonia,52.0,397.0,3.0,200.0,19.0,4.0,20.0
cb71b23bd70b9df12843e4dfb9ed09c1,informatica_acessorios,32.0,1074.0,2.0,200.0,39.0,2.0,30.0
c9676685ee3aec26dd274549d54b85f6,beleza_saude,52.0,832.0,1.0,200.0,22.0,5.0,12.0
869c418f22e0c0ed9207ff691f279e46,utilidades_domesticas,27.0,282.0,2.0,300.0,20.0,10.0,15.0
9e0e152552a1323f7e5dcf63d50cdae3,perfumaria,48.0,969.0,3.0,400.0,20.0,11.0,11.0
e2c49770bf52260e9960ccefdd38e960,beleza_saude,45.0,1031.0,1.0,400.0,16.0,16.0,16.0
1a0ef485e35802dd1d23ab5446cac458,cine_foto,56.0,1451.0,1.0,1540.0,47.0,19.0,19.0
8d219c7aa1a8032569bbd8c4ad515daa,esporte_lazer,52.0,914.0,2.0,4350.0,20.0,20.0,20.0
8047a9de3dd280cc068a2cba4586b91f,utilidades_domesticas,47.0,630.0,3.0,1100.0,22.0,30.0,22.0
d3a745c19c13090b4114427d782f6c52,perfumaria,58.0,912.0,1.0,400.0,18.0,8.0,16.0
8b18b26ce90f9f0e4c9ae339e532f325,esporte_lazer,55.0,1524.0,1.0,2175.0,30.0,27.0,23.0
d9894482fba41f536a273ba2276d951f,market_place,62.0,310.0,2.0,600.0,20.0,14.0,20.0
8092fb20e422a961ea52cd441b5a4244,informatica_acessorios,28.0,736.0,1.0,856.0,25.0,16.0,18.0
70d17ed46123e5b68dff23e113415d5a,brinquedos,57.0,70.0,4.0,900.0,39.0,30.0,29.0
0b01a9718a61dbdd35cfec9ad13a0301,construcao_ferramentas_jardim,57.0,815.0,1.0,2200.0,16.0,16.0,16.0
f2af004352a06a99dca765596240cbc3,beleza_saude,61.0,1054.0,4.0,100.0,29.0,5.0,15.0
426844dd9ed9ae105a5d4b3f1e18becc,ferramentas_jardim,47.0,590.0,4.0,133.0,18.0,8.0,12.0
1501b0033c68a37fa9560033a440e529,eletroportateis,58.0,1160.0,6.0,410.0,24.0,22.0,17.0
40002041835941ae0e10b9716ab7b03d,eletronicos,54.0,1497.0,7.0,700.0,22.0,6.0,11.0
20a64c9ab614812a2634ebbd69bb4a02,cool_stuff,50.0,1490.0,3.0,550.0,100.0,6.0,50.0
ab1f9387c0627dd24000bfbc54fdeee0,eletronicos,45.0,456.0,1.0,175.0,22.0,11.0,16.0
9b6459fd1853c7e4422ff0bdd8184cb3,,,,,2000.0,80.0,60.0,11.0
a87972100f1fa4091a86d6801620656d,brinquedos,16.0,373.0,1.0,300.0,21.0,11.0,21.0
46255a421f244cd985f138a63d77d09c,,,,,15500.0,51.0,50.0,36.0
516ccdc0667fe7e260156d1998ef9546,moveis_escritorio,37.0,1069.0,1.0,7563.0,58.0,65.0,30.0
a634f634b444139884120ac4915d134d,informatica_acessorios,54.0,347.0,2.0,125.0,19.0,16.0,16.0
d3c044bd42d84a79e3b0c42662806a48,esporte_lazer,32.0,3831.0,1.0,150.0,16.0,16.0,11.0
ae17f8265a23421715164ab420b62b36,utilidades_domesticas,43.0,595.0,1.0,1050.0,30.0,30.0,30.0
6ee1607bacba780139e7f7fcd316c1d0,utilidades_domesticas,51.0,127.0,3.0,2100.0,43.0,30.0,11.0
51c3bce480bc653e51d768e09253d6dd,automotivo,52.0,85.0,1.0,250.0,25.0,7.0,20.0
d65b6607952f9e0d705b1cbdc92ac027,cool_stuff,57.0,768.0,4.0,500.0,27.0,10.0,15.0
b4c0a557e24a783073ea34fdabe4663c,bebes,52.0,738.0,1.0,950.0,50.0,19.0,45.0
d368d485a71290394dddb034555b8eff,fashion_bolsas_e_acessorios,55.0,634.0,4.0,675.0,47.0,11.0,35.0
3c5229dee6997f28485a65cbabceacb8,utilidades_domesticas,58.0,535.0,5.0,600.0,30.0,11.0,20.0
66e2abb080c6383458347f1e6d47ed4a,livros_interesse_geral,58.0,1288.0,2.0,1300.0,18.0,25.0,11.0
b75bc6d95abd11862892008658b17f49,utilidades_domesticas,61.0,881.0,4.0,6800.0,40.0,40.0,40.0
71a62950e363cbba0816448a733a58e0,bebes,38.0,1531.0,2.0,750.0,30.0,40.0,50.0
d06466afa11453b6450b70992c90ece7,beleza_saude,57.0,821.0,1.0,550.0,20.0,12.0,12.0
0ddf5b8a3a2a417e9ec403ddd8a59446,pet_shop,52.0,348.0,5.0,250.0,18.0,9.0,14.0
550299c725cac9511da2b6f40543270c,cama_mesa_banho,54.0,609.0,1.0,200.0,21.0,10.0,14.0
b046862b2553fe4962392cdc93a2ae93,malas_acessorios,47.0,1479.0,1.0,850.0,25.0,50.0,30.0
3ec2984cb2de1675a0306bfc60dbe5a5,cama_mesa_banho,56.0,458.0,1.0,1860.0,39.0,12.0,33.0
33ba4b29d820b397054cc97e892ab1bc,automotivo,57.0,955.0,2.0,300.0,17.0,10.0,15.0
cce55549bb816a12eba7ddfd637a961d,relogios_presentes,53.0,356.0,4.0,300.0,16.0,2.0,11.0
aa280035c50ba62c746480a59045eec4,brinquedos,56.0,678.0,3.0,200.0,16.0,8.0,11.0
2d12dfe2cf5a6677b26067f2ddb55844,brinquedos,41.0,998.0,3.0,1350.0,22.0,20.0,34.0
20f160a9cf2e856ee5eba259e9ae33f9,perfumaria,56.0,1224.0,3.0,556.0,21.0,16.0,16.0
9bb2d066e4b33b624cbdfec7d50b3dcb,pet_shop,53.0,1494.0,2.0,900.0,26.0,19.0,23.0
64b4f32393cbf55be791078e7a2adca0,relogios_presentes,56.0,817.0,1.0,50.0,16.0,8.0,16.0
418aafa8794c4c22bacfa453f98bbf26,beleza_saude,52.0,353.0,1.0,600.0,17.0,18.0,17.0
43ee88561093499d9e571d4db5f20b79,moveis_decoracao,39.0,161.0,3.0,200.0,20.0,20.0,20.0
66d92b0c49af34728904a73c26e9e59a,relogios_presentes,56.0,582.0,1.0,450.0,16.0,19.0,14.0
194163a8a65a48a8c95623c399a9d4a7,,,,,1600.0,48.0,8.0,39.0
3e442d09f9dfef002aadf31960869f65,informatica_acessorios,33.0,1084.0,2.0,200.0,41.0,2.0,29.0
d011223de539cd224b5c5c8082313d46,moveis_decoracao,50.0,676.0,2.0,2125.0,28.0,27.0,33.0
1305c16a9228b89ed9dc201c20df2363,relogios_presentes,43.0,602.0,2.0,500.0,16.0,11.0,11.0
622bad99b4296aade0783ebecdd3fa15,esporte_lazer,47.0,1249.0,1.0,400.0,27.0,6.0,25.0
2f1927c926303d27159849d2601d5d96,esporte_lazer,40.0,354.0,3.0,650.0,28.0,20.0,25.0
e96a50fc74fa04fd6f23b324d87a1a81,livros_importados,34.0,472.0,1.0,800.0,30.0,2.0,21.0
dd0c5ce67727fde645d9a6c8cdc4970d,eletronicos,59.0,743.0,2.0,343.0,28.0,16.0,19.0
e0352fc1b2c93712f1772fc4b0204db7,moveis_escritorio,59.0,1253.0,1.0,8075.0,52.0,51.0,17.0
6e69b019a5ce263335eacafaa68ffeba,brinquedos,52.0,233.0,1.0,300.0,45.0,15.0,35.0
49d89239eb92d383e390b38b9bb792c6,automotivo,59.0,580.0,2.0,200.0,16.0,5.0,20.0
33e503f68fb60fe165ed992965f2c737,informatica_acessorios,51.0,550.0,1.0,5550.0,23.0,9.0,23.0
dabb495df6a109d46f8faeca31a1c75d,malas_acessorios,28.0,491.0,2.0,150.0,16.0,17.0,11.0
d881b7a2ce3e484f379f751df4c709ce,construcao_ferramentas_construcao,49.0,249.0,1.0,200.0,16.0,5.0,11.0
4eba76ab901d06e619d8d7ac69b3579a,bebes,25.0,641.0,2.0,517.0,25.0,26.0,26.0
3976b9f62045be05e8bbd11c4fc19360,cama_mesa_banho,58.0,298.0,1.0,6100.0,36.0,15.0,45.0
32a6743a58d26480b6aa3850856286ac,brinquedos,41.0,85.0,2.0,662.0,21.0,26.0,18.0
4fd6ec612afa6f67b850b157f00a3368,ferramentas_jardim,45.0,1095.0,9.0,598.0,38.0,30.0,38.0
f8a8f05a35976a91aed5cccc3992c357,moveis_decoracao,63.0,418.0,1.0,1500.0,45.0,15.0,35.0
5a57a59c44429be19e1ce8e69e15c473,utilidades_domesticas,60.0,1056.0,2.0,8550.0,27.0,23.0,27.0
e7fab7a4d6f0d5abfb66e1dd2fc35d4e,casa_construcao,53.0,871.0,6.0,500.0,16.0,20.0,16.0
0127db1f4effcf8f5b88d80588bc5624,relogios_presentes,53.0,555.0,1.0,200.0,20.0,7.0,15.0
3a05a947f28cf46d789adedc107d7595,esporte_lazer,57.0,652.0,1.0,3450.0,16.0,15.0,20.0
f107bcdf49e25fab8c0b66fbabb97fc1,construcao_ferramentas_construcao,59.0,1007.0,2.0,400.0,34.0,4.0,16.0
db91bca0e0253d71433c22ac5acd0fbe,papelaria,45.0,513.0,2.0,575.0,23.0,26.0,14.0
17a1211f690515d1adf3300cd6278354,informatica_acessorios,48.0,213.0,1.0,350.0,16.0,8.0,11.0
e44030e694bab50c9fdfb329cc114833,bebes,53.0,2601.0,1.0,400.0,30.0,16.0,20.0
a25fb4516757403b129bcfe366dddb9b,cama_mesa_banho,60.0,335.0,3.0,6050.0,60.0,10.0,60.0
e801441171ec3eaf3bbb86d6ba6fc9af,relogios_presentes,44.0,788.0,1.0,275.0,17.0,10.0,12.0
dff96addbfdf534a44ed5094b8c6765d,sinalizacao_e_seguranca,51.0,910.0,2.0,800.0,47.0,8.0,12.0
2ab3eebb03e660d44470d936c0f20bb6,esporte_lazer,56.0,788.0,3.0,300.0,22.0,6.0,16.0
aed75ad669fbebd5a385ac7cc2ae7573,beleza_saude,42.0,427.0,1.0,30000.0,50.0,75.0,56.0
51ff363ff8346f0fb99858f2c0954231,esporte_lazer,49.0,752.0,1.0,200.0,20.0,7.0,14.0
c03500a4a72be532834b3d947821d519,pet_shop,52.0,348.0,10.0,200.0,18.0,9.0,14.0
3ece1fcd5a64459a4e24143920178f42,moveis_decoracao,59.0,2432.0,2.0,400.0,69.0,11.0,11.0
31dbb0d1815bdc83c93f4b3472fa7c4d,,,,,300.0,24.0,24.0,11.0
b715d785d518112309c312260fd88842,papelaria,54.0,193.0,3.0,190.0,20.0,14.0,13.0
d688e1eb847d2f72892ede46001673bd,informatica_acessorios,55.0,300.0,1.0,761.0,18.0,15.0,15.0
cf8c588a4b9b7599aa4807e78bbc65a9,informatica_acessorios,24.0,456.0,1.0,50.0,60.0,16.0,11.0
098c8d862a494bb5926e558a87687768,cool_stuff,54.0,940.0,1.0,2000.0,45.0,30.0,20.0
d190211dfdf3ec5ef8f1e5f59418dab0,informatica_acessorios,57.0,1738.0,1.0,596.0,19.0,7.0,15.0
232ae93f6ac6e6a57c1b34b312eb3826,automotivo,59.0,1066.0,4.0,100.0,24.0,2.0,17.0
4b2e8d0baa7e0e7483c8bfe1dc33e406,relogios_presentes,51.0,753.0,2.0,300.0,16.0,11.0,20.0
93846cfcd171609cebb8b3f8c553d23f,esporte_lazer,55.0,2021.0,5.0,588.0,25.0,30.0,28.0
f264c1d9b20b5e4a340254d0405e613b,cool_stuff,48.0,874.0,1.0,1050.0,42.0,25.0,15.0
e87587976240265f6944e5a019ea704c,construcao_ferramentas_seguranca,57.0,1230.0,1.0,700.0,60.0,10.0,20.0
547b95702aec86f05ac37e61d164891c,ferramentas_jardim,33.0,509.0,1.0,9100.0,42.0,13.0,39.0
7564c1759c04fc0a38f2aa84f7a370ee,construcao_ferramentas_construcao,59.0,2432.0,3.0,1200.0,16.0,11.0,11.0
a84a9be4cdf0d5dbd36103b1e1ebc82f,automotivo,55.0,766.0,3.0,6450.0,72.0,22.0,52.0
9755f955f1fcd2a83ca77997e9de8b83,fashion_bolsas_e_acessorios,38.0,435.0,1.0,188.0,22.0,12.0,21.0
19936fa4f614ee0590d3b77ac83fd648,telefonia_fixa,34.0,1016.0,2.0,1100.0,20.0,16.0,20.0
a5d89252158ff2fc7effe07dcffbbc14,esporte_lazer,54.0,2990.0,1.0,2600.0,27.0,32.0,27.0
b7c472e4bf39b63628ecedc8c9af805d,ferramentas_jardim,30.0,825.0,1.0,3000.0,27.0,10.0,32.0
a03e401d58a45187271718c5d7610422,utilidades_domesticas,48.0,1297.0,3.0,9650.0,62.0,35.0,37.0
5862da8a8a08881304fe2dc5d8671200,ferramentas_jardim,43.0,432.0,3.0,1000.0,105.0,20.0,20.0
652ab2a1bee7f7f0ab475b06cd290865,livros_interesse_geral,63.0,1246.0,1.0,700.0,23.0,2.0,16.0
e85d91619b497e98754390b6198a9818,bebes,56.0,624.0,2.0,700.0,24.0,14.0,18.0
1178e5819b87e4a8846d636e39df026b,automotivo,62.0,418.0,6.0,400.0,16.0,7.0,12.0
611a736015e65141abd844f0f37c84af,cama_mesa_banho,48.0,549.0,1.0,450.0,16.0,10.0,16.0
bb191b58fe5bc5a220db96fd387655c2,cool_stuff,58.0,1023.0,6.0,7300.0,79.0,5.0,63.0
5099f7000472b634fea8304448d20825,beleza_saude,56.0,635.0,1.0,375.0,26.0,11.0,18.0
0e669e3efedd9f3ab75fcbe334e1177e,brinquedos,33.0,628.0,1.0,1310.0,60.0,12.0,24.0
75fc57fb06b1d35ea433e16ecbf5a6bb,eletronicos,45.0,471.0,1.0,125.0,22.0,9.0,16.0
6831b5d22263248cd732a13b207fd68a,brinquedos,46.0,411.0,5.0,400.0,22.0,22.0,22.0
211293b50935ced8d4370f552c482d74,bebidas,55.0,1736.0,3.0,226.0,18.0,16.0,16.0
700a315aa104dcf3ea345a850f746ec1,fashion_esporte,32.0,889.0,1.0,1500.0,70.0,15.0,65.0
2b4609f8948be18874494203496bc318,beleza_saude,59.0,492.0,3.0,250.0,22.0,10.0,18.0
1ab21e6620cb6346784529bff0a0c43b,ferramentas_jardim,46.0,476.0,1.0,268.0,38.0,9.0,12.0
f50c70e94e7b173b135c3cab35201f37,relogios_presentes,59.0,975.0,2.0,2850.0,41.0,35.0,48.0
2a3539131370b3ac020dd5f7a656a53d,eletronicos,60.0,442.0,2.0,1075.0,21.0,9.0,9.0
14ae64f095e11f8010d2381ba2845cff,cama_mesa_banho,59.0,124.0,2.0,800.0,95.0,8.0,50.0
38273c03eb0f88327f62c1d521260623,informatica_acessorios,49.0,823.0,1.0,150.0,20.0,10.0,20.0
b7900dadb2e17d3f270cd487b7df185d,cama_mesa_banho,54.0,909.0,1.0,800.0,25.0,5.0,25.0
7670134d0deed66c4befad4f59d0af49,utilidades_domesticas,41.0,243.0,1.0,400.0,16.0,11.0,14.0
2052b3c5e08893e567c2fb7778476c75,informatica_acessorios,46.0,227.0,1.0,810.0,16.0,10.0,12.0
9400a388ad4fbe5e9d381a9762fc99c2,moveis_decoracao,59.0,2045.0,1.0,1550.0,25.0,16.0,18.0
27dd6092aaf2627e39331ad9823b5ebf,relogios_presentes,50.0,155.0,2.0,300.0,16.0,16.0,11.0
31596cc4bf31a702bc34ab7223a827da,eletrodomesticos_2,33.0,1335.0,4.0,2850.0,62.0,11.0,40.0
111e2f43245b193147270aba6d558129,beleza_saude,39.0,371.0,1.0,150.0,16.0,3.0,15.0
ebe0908b88b8280a543507871218669b,livros_interesse_geral,45.0,756.0,1.0,425.0,28.0,3.0,20.0
3c61c2007c26ec50365d6c385e088ca1,esporte_lazer,37.0,732.0,1.0,100.0,27.0,17.0,14.0
9feeadd6b97835152e83e1b25b46f5c4,esporte_lazer,54.0,1175.0,1.0,1064.0,24.0,20.0,19.0
ed4eef5d2197b2950e6eec648488909d,bebes,45.0,891.0,1.0,3050.0,28.0,33.0,45.0
22594ba8fd9a72ad95d352929c821560,moveis_escritorio,31.0,1076.0,1.0,8450.0,53.0,50.0,16.0
496f6bd86011e5a9ddea8dc96e802340,moveis_decoracao,60.0,458.0,1.0,1050.0,30.0,4.0,20.0
65dfa5d20f4beb1a0f6aad75c004434f,cool_stuff,51.0,729.0,2.0,8450.0,45.0,24.0,39.0
69455f41626a745aea9ee9164cb9eafd,relogios_presentes,41.0,408.0,2.0,501.0,18.0,13.0,14.0
3e935c981d34489d33ea5c721ab2e14c,alimentos,54.0,524.0,1.0,550.0,32.0,30.0,27.0
c8f57335e06d8d4e73e34057dc92cfbe,telefonia,59.0,273.0,1.0,300.0,16.0,2.0,11.0
0fe922b7f7d43ef454bbc241416e7401,esporte_lazer,45.0,429.0,2.0,50.0,20.0,11.0,11.0
f3c5707e7c539ab6533e3611da02b648,cama_mesa_banho,57.0,204.0,1.0,2250.0,35.0,20.0,30.0
f9b0ee95ce8b1ef8b50eecc5e0fa4348,esporte_lazer,59.0,2993.0,1.0,1250.0,23.0,23.0,23.0
cec09725da5ed01471d9a505e7389d37,esporte_lazer,52.0,1197.0,1.0,2500.0,20.0,11.0,11.0
0ea4159212776c6cc70d802d45145353,cama_mesa_banho,41.0,187.0,2.0,200.0,16.0,6.0,20.0
7209cdb0efeff5f50f20b2ff4cdd511d,utilidades_domesticas,58.0,720.0,3.0,9950.0,31.0,61.0,31.0
6c6a78e0768babe7473b5eccf0fc6076,moveis_decoracao,60.0,357.0,1.0,400.0,25.0,5.0,17.0
1b474c650cb9407d32a1e066937b68fd,relogios_presentes,43.0,548.0,3.0,381.0,18.0,12.0,15.0
2d110366dd24a714cb50dddc30b4101c,esporte_lazer,32.0,1961.0,1.0,250.0,16.0,17.0,22.0
276e9ed23a30582d125743aaed57ed22,ferramentas_jardim,60.0,624.0,3.0,250.0,17.0,7.0,13.0
ea4f4b5a820fea007c6c8d7ef9a790bc,informatica_acessorios,31.0,694.0,1.0,167.0,16.0,14.0,13.0
717782a9317932b317d99e416c04ee79,moveis_decoracao,42.0,199.0,2.0,6100.0,35.0,15.0,30.0
03d7ad0ce97624c931b3abde02b5d819,perfumaria,48.0,259.0,1.0,249.0,19.0,13.0,15.0
237428d1c44f69d9f7eb073c1baf34e5,livros_tecnicos,46.0,1111.0,1.0,1300.0,27.0,2.0,19.0
610e045d4ebcfde8d0c8991e8b1f39bb,esporte_lazer,41.0,786.0,1.0,400.0,16.0,10.0,11.0
be96ebb16fae936ebe608daef14a2d21,informatica_acessorios,56.0,306.0,5.0,4400.0,19.0,23.0,19.0
1ab301df9ab26fc25842366a7c68fb96,papelaria,51.0,404.0,4.0,1400.0,35.0,46.0,31.0
3cce0d166c3fb2507956c630c1d0f87c,casa_construcao,58.0,415.0,6.0,900.0,32.0,24.0,11.0
f2e53dd1670f3c376518263b3f71424d,cama_mesa_banho,53.0,236.0,2.0,1975.0,41.0,13.0,31.0
cbfdbf24b32d9aceeeff3e9c77fd9d36,moveis_decoracao,52.0,1786.0,2.0,600.0,68.0,8.0,13.0
89cea55405dd7811b48e500d9f263e43,telefonia,48.0,856.0,6.0,300.0,16.0,5.0,11.0
2e9575efe2eb834f5673cb75df8537f9,relogios_presentes,55.0,744.0,2.0,210.0,18.0,12.0,17.0
9e2d3a8d8ffad53e2e35282a2020221c,moveis_decoracao,50.0,531.0,4.0,1600.0,35.0,6.0,32.0
c36bbb0e95d7546794ee5170baf0df93,cama_mesa_banho,55.0,92.0,1.0,300.0,28.0,13.0,12.0
083e8ca099c4307911ac90d162896350,automotivo,47.0,790.0,2.0,300.0,16.0,5.0,11.0
87e6cf7eb3e4996b725323a1d704fb8b,cool_stuff,53.0,431.0,1.0,1000.0,16.0,19.0,15.0
d8c199ae0fce3ce0ba91596db04910be,construcao_ferramentas_construcao,49.0,645.0,1.0,1800.0,20.0,6.0,20.0
e4d56c64196ecb182e719d9bacd0628a,bebes,60.0,1217.0,2.0,500.0,25.0,4.0,18.0
2367943ffa6af39caabaf4f8f90e0d3a,moveis_decoracao,58.0,2128.0,2.0,350.0,69.0,11.0,11.0
bd69e6d599b9a3d9c298617c14e46f9f,cama_mesa_banho,54.0,405.0,1.0,700.0,45.0,15.0,30.0
a18c130946b89ab774bc5948fe71e2a5,consoles_games,53.0,520.0,6.0,300.0,20.0,5.0,15.0
eb356ef61e2262adcadc023b9522609d,relogios_presentes,60.0,261.0,3.0,200.0,16.0,2.0,11.0
f348ae21168771dfd5b8081e387b4f6b,utilidades_domesticas,52.0,340.0,3.0,250.0,25.0,10.0,15.0
27672da99215b426dc0ced05731bccc6,fashion_bolsas_e_acessorios,59.0,412.0,3.0,200.0,16.0,2.0,11.0
5efb4125102dcaa9a937dc2002c96aba,eletrodomesticos,54.0,156.0,1.0,400.0,55.0,13.0,12.0
963022ab2afed8b12ad312739a142b07,moveis_decoracao,51.0,1244.0,3.0,700.0,35.0,20.0,35.0
5115d8cd6438c0c4d8abdf38d5d41ebd,fashion_bolsas_e_acessorios,46.0,128.0,7.0,350.0,16.0,2.0,20.0
a86bf954ba3a0e7e31f2b6dc5267212b,relogios_presentes,41.0,66.0,1.0,700.0,20.0,13.0,15.0
1b3c5b1455f3e42d831fb778055c9e45,consoles_games,52.0,1916.0,5.0,900.0,20.0,20.0,16.0
2e513e110e3f95926fa3d1ac44444ff4,eletronicos,56.0,320.0,1.0,150.0,24.0,8.0,16.0
f4116e296faeae4edac03ac7a501da81,perfumaria,43.0,574.0,1.0,150.0,17.0,9.0,11.0
d221b0b65668b701135753c952b7a5f5,eletrodomesticos_2,38.0,2030.0,1.0,16100.0,58.0,19.0,85.0
093cd981b714bcdff182b427d87fc8fc,esporte_lazer,58.0,413.0,5.0,750.0,16.0,5.0,11.0
58306668d7263e8ebd2d5c69ef31cc23,beleza_saude,55.0,261.0,1.0,5300.0,25.0,105.0,12.0
0b9d32c4f39a77eca7f39c5b69ebc690,fashion_calcados,40.0,303.0,12.0,300.0,29.0,7.0,16.0
ad0bb547c950431dae08e48803ff6dad,bebes,59.0,1591.0,1.0,2400.0,43.0,50.0,37.0
04d752c2cda8f0972a8ab10ac9abdf12,cama_mesa_banho,53.0,128.0,2.0,900.0,50.0,5.0,50.0
8c7274c4e638e7f229007fe28aafc741,,,,,1950.0,40.0,8.0,30.0
a95c77f369c8486c3ca5d101c49be836,moveis_decoracao,43.0,523.0,1.0,500.0,50.0,5.0,30.0
ef69b63fe95d8d9ff6ac136f213db1bc,cama_mesa_banho,48.0,1304.0,1.0,3600.0,35.0,35.0,35.0
3c3b7758fe340e0cc216142b0700124a,automotivo,51.0,1276.0,1.0,850.0,16.0,28.0,16.0
ba82e510acd9a0fe69a44cafea53f9aa,papelaria,43.0,166.0,1.0,200.0,16.0,10.0,11.0
43944a8f8f0b7ae86b6c3d3c2f257375,eletrodomesticos,52.0,1363.0,2.0,4920.0,65.0,11.0,33.0
6d5a9cd602c26f8751612f77ff4c6a90,bebes,37.0,235.0,2.0,9400.0,75.0,15.0,50.0
a9b9032e79635ad9618808cfdd644c77,esporte_lazer,30.0,221.0,4.0,150.0,25.0,25.0,25.0
6fd771d57c8870a7affe71227bea0d5c,eletroportateis,44.0,876.0,4.0,575.0,20.0,11.0,17.0
b28428391b08e61232dcc1ccf6bf71bc,beleza_saude,62.0,1621.0,1.0,3600.0,40.0,11.0,21.0
8d437dc54645e02e40d13fb2de911c1b,esporte_lazer,31.0,486.0,1.0,500.0,25.0,15.0,20.0
acbbaa8cbb7857102ad783c73caa55c5,bebes,21.0,618.0,1.0,483.0,17.0,24.0,21.0
993ac19aa975075775c16ba15426f8be,informatica_acessorios,52.0,1731.0,4.0,9600.0,52.0,19.0,51.0
0e429613002a4b7dfa4554005e2ab8d2,eletrodomesticos,59.0,250.0,1.0,250.0,27.0,13.0,17.0
2eb384017334e47db9ccf364216799df,utilidades_domesticas,59.0,887.0,1.0,5500.0,32.0,32.0,32.0
30d755143f7313a7c3d24f936273dc19,beleza_saude,47.0,886.0,4.0,667.0,30.0,16.0,16.0
c6dd917a0be2a704582055949915ab32,cool_stuff,54.0,1012.0,1.0,1200.0,42.0,25.0,15.0
a3cc2811456002f4baf5a88ab9ff3427,esporte_lazer,46.0,582.0,1.0,6650.0,30.0,50.0,30.0
b142d7aed19ed6df9da4eafdc297afde,informatica_acessorios,58.0,679.0,4.0,140.0,16.0,11.0,17.0
f3720bc68555b1bff49b9ffd41b017ac,informatica_acessorios,60.0,274.0,1.0,867.0,34.0,15.0,15.0
04f6c1fd057cc96a63e1f9579ddb942b,construcao_ferramentas_construcao,59.0,320.0,1.0,100.0,20.0,4.0,25.0
99f265229d46f700208ad7cb1ff48aae,telefonia,60.0,755.0,6.0,350.0,17.0,4.0,12.0
70d105fdaaef81ef28419e11afe0372c,cama_mesa_banho,59.0,416.0,1.0,1750.0,40.0,6.0,30.0
9a53219f889aa616af7f732ed9aa3fad,moveis_decoracao,49.0,1750.0,3.0,3150.0,105.0,3.0,70.0
542d6af4881a5a647cde02c201f43916,cama_mesa_banho,54.0,204.0,1.0,550.0,16.0,10.0,16.0
f6ce2f79a280fa3c1ddc114d34ab273d,eletroportateis,52.0,1074.0,1.0,1150.0,16.0,16.0,16.0
600807028ef02560765e441c161a9da3,papelaria,60.0,589.0,3.0,250.0,21.0,7.0,15.0
40cb7bb3d30559b9b6c4fb62bc837962,cama_mesa_banho,54.0,617.0,2.0,350.0,47.0,4.0,35.0
4eea8502d7c2de8da6eea6bc6243b50c,informatica_acessorios,59.0,2046.0,6.0,250.0,17.0,10.0,13.0
6766f04fea82c46bd3001e969a5ba795,moveis_decoracao,48.0,1459.0,1.0,1600.0,53.0,8.0,11.0
6d5172990dbf91301b99da2fc11c9609,eletrodomesticos_2,37.0,388.0,2.0,1938.0,32.0,19.0,21.0
b2fd74298e16eef2568d2f9dff6042c8,utilidades_domesticas,50.0,364.0,1.0,10450.0,61.0,28.0,28.0
313f8ed3413f949a1c0eb1cd6495ae5d,cama_mesa_banho,52.0,222.0,1.0,7150.0,40.0,20.0,40.0
6211cde2a8e52071bbb756f59569701b,consoles_games,63.0,71.0,3.0,800.0,20.0,20.0,20.0
ce169d5f9421a6f21e41a7bf54d0b98e,instrumentos_musicais,41.0,163.0,1.0,500.0,30.0,20.0,30.0
e9906cf475ca638edcb034d031364e1b,brinquedos,47.0,1375.0,9.0,550.0,29.0,18.0,28.0
6d85d9d5f551adaa92a276918f462fbe,fashion_bolsas_e_acessorios,42.0,150.0,1.0,100.0,16.0,7.0,15.0
aadff88486740e0b0ebe2be6c09476ae,beleza_saude,56.0,390.0,1.0,250.0,16.0,5.0,15.0
e7261ba9b589b73ac45411a15058403e,informatica_acessorios,60.0,491.0,1.0,1600.0,25.0,9.0,25.0
17d68b6c1ebd7073e3689b9a26004651,informatica_acessorios,28.0,1558.0,1.0,1000.0,34.0,15.0,14.0
aba86c093ccdbac75b09111d57e50004,moveis_escritorio,41.0,154.0,1.0,2600.0,40.0,45.0,39.0
492bfd5c7a82cfd6dddccdec443b2ca4,pet_shop,39.0,776.0,1.0,8500.0,16.0,15.0,25.0
d9c379ab5377be590da568f41cd3c49d,climatizacao,54.0,964.0,1.0,9200.0,20.0,8.0,15.0
314f853949a68233748ccc6092eaf51f,esporte_lazer,42.0,2096.0,2.0,1600.0,25.0,15.0,25.0
1c5b28beb34835f960261f45ba22a136,perfumaria,47.0,609.0,1.0,600.0,30.0,10.0,30.0
ce582863190cb932e8a7f5515791c11e,automotivo,56.0,304.0,7.0,550.0,30.0,5.0,20.0
9e56be75b16c105f33d3f033597080a2,cama_mesa_banho,46.0,352.0,2.0,900.0,50.0,11.0,11.0
e74468fa3b2f543435a8b3258fbf5f28,ferramentas_jardim,56.0,828.0,2.0,650.0,30.0,7.0,21.0
0efaf4b155c6545bdc426ec0722cceaa,brinquedos,59.0,453.0,2.0,300.0,16.0,16.0,16.0
a9568a13a4077638b75b8a64bc4818bc,relogios_presentes,51.0,482.0,2.0,160.0,18.0,12.0,17.0
7e42a5d6c862c0078b9e31fd9daa31f8,automotivo,59.0,891.0,5.0,850.0,23.0,7.0,38.0
bb927b73a53da18d3609acf60b8595e9,esporte_lazer,52.0,354.0,1.0,1123.0,32.0,25.0,23.0
b5f7245e14a8a3d52f0a6e468971e6d9,livros_interesse_geral,37.0,546.0,1.0,450.0,28.0,6.0,19.0
8bc30c38b76dfd760a9e57ef36b6e0f2,brinquedos,37.0,1353.0,3.0,958.0,65.0,15.0,50.0
40376ad8bd1bd1066449dbb09440dc43,fashion_calcados,34.0,240.0,12.0,200.0,29.0,7.0,16.0
be958064244f19bf11ee270b2feca7a2,moveis_decoracao,60.0,1701.0,2.0,700.0,60.0,7.0,11.0
3d37da85f5e66558333fb5daee494736,beleza_saude,59.0,1828.0,1.0,1400.0,20.0,20.0,20.0
a75b732b129c2fe3d8e371dd8333cd00,moveis_cozinha_area_de_servico_jantar_e_jardim,38.0,731.0,5.0,6400.0,16.0,2.0,11.0
c5de3a869922e74a2bf19a543f4ac55b,construcao_ferramentas_construcao,58.0,1281.0,1.0,2220.0,54.0,10.0,11.0
93ca601fb17b9bc29a7fcaa4e40f015b,bebes,47.0,224.0,2.0,9400.0,75.0,15.0,50.0
685919d3ededc26c0ec078b32241025a,bebes,48.0,1369.0,2.0,6850.0,48.0,25.0,34.0
bb9a7bcdb8c9facc7f1262db27fb1300,beleza_saude,30.0,548.0,1.0,150.0,16.0,5.0,17.0
d06fb43b1cd92ac61a438742cf40a1ed,esporte_lazer,32.0,463.0,3.0,450.0,29.0,25.0,26.0
cdeefdce9704b2a961a01e89b1f19e7b,informatica_acessorios,52.0,2518.0,2.0,400.0,28.0,6.0,20.0
be837f2e0152a208d4386f4126d5bd7c,eletrodomesticos,60.0,940.0,2.0,950.0,25.0,11.0,15.0
70edd5335ad299e9e54698f46a88db07,moveis_escritorio,54.0,604.0,1.0,8800.0,52.0,51.0,17.0
8812d73b9937b5bd3648ff9d11f9c3fb,cama_mesa_banho,58.0,679.0,1.0,1325.0,19.0,17.0,23.0
bb09e8007aff97a9452967b19430cf53,utilidades_domesticas,57.0,571.0,1.0,2350.0,25.0,30.0,25.0
40e834fa1961d072be482a772dbba0e1,esporte_lazer,42.0,394.0,5.0,600.0,32.0,18.0,23.0
5a7863759f1ae1605d08f6900ae8a90f,papelaria,53.0,500.0,2.0,550.0,16.0,4.0,11.0
8ca6ebfd6293a5b03f104d27c4945718,beleza_saude,47.0,1290.0,1.0,1200.0,25.0,12.0,19.0
441d07171060d7bca33d9946d792da25,beleza_saude,41.0,1350.0,3.0,400.0,16.0,8.0,11.0
80a08e4dfa5115b34f674eca035a01dd,esporte_lazer,50.0,2164.0,5.0,3400.0,33.0,25.0,28.0
5ce6a6914bbb228f4cb4ee93c1cd0d15,brinquedos,36.0,225.0,2.0,1700.0,19.0,27.0,40.0
ef854c7d98d5eba672287b0a9d37075b,instrumentos_musicais,58.0,815.0,8.0,18600.0,100.0,15.0,50.0
a5647c44af977b148e0a3a4751a09e2e,moveis_escritorio,48.0,1066.0,1.0,12160.0,56.0,51.0,28.0
0c98a3d692d019586b9c9645334924e6,bebes,35.0,301.0,1.0,500.0,33.0,8.0,31.0
07a949f27854f64558f8babcfec441cc,cama_mesa_banho,58.0,254.0,1.0,2800.0,40.0,20.0,40.0
56ad64ea1d19bc4b26b61088d89e6f41,moveis_decoracao,43.0,523.0,1.0,400.0,50.0,5.0,30.0
5263b67de8e3edbade45ea923f6c4e79,esporte_lazer,29.0,973.0,1.0,7400.0,49.0,22.0,41.0
8c5876b1c7768217964f353bc7e64393,telefonia,61.0,440.0,1.0,250.0,18.0,3.0,28.0
5403528d987ad26e8d7cb25940411987,relogios_presentes,58.0,600.0,3.0,250.0,16.0,2.0,11.0
f8c52581d99477033b6cfa2da771e101,esporte_lazer,49.0,373.0,4.0,150.0,20.0,4.0,15.0
1d0e69d769465dd7bacc44f752215f10,brinquedos,54.0,228.0,2.0,450.0,16.0,16.0,16.0
0f6fe4862e89ffc00d229ccb2fc46159,beleza_saude,49.0,660.0,1.0,483.0,16.0,16.0,14.0
c04dddb81af9afac2798f81e0ca7eed6,esporte_lazer,31.0,236.0,2.0,2100.0,60.0,15.0,15.0
7b10697c2c3686763958e2c55e8fe2b9,instrumentos_musicais,52.0,648.0,1.0,2750.0,103.0,12.0,17.0
dee86721a08f1d5b57abb73f61eea265,cama_mesa_banho,52.0,120.0,1.0,750.0,34.0,18.0,44.0
c2a1ff8408a1c857c8730e4d12da714e,utilidades_domesticas,56.0,1221.0,3.0,1450.0,21.0,17.0,22.0
9cafcacd991a72be85d1970013b8204e,relogios_presentes,37.0,517.0,3.0,850.0,48.0,16.0,35.0
1d116eece9b8bf17edaea2f3bc0f7324,fashion_bolsas_e_acessorios,29.0,107.0,1.0,800.0,16.0,10.0,15.0
619d72a5e53d41d7646274a3fa20c2c4,informatica_acessorios,41.0,493.0,1.0,242.0,22.0,14.0,14.0
98ec655119c24de03b804696821f3955,beleza_saude,46.0,586.0,1.0,200.0,20.0,20.0,30.0
5743cde12b14a481dbc29d4dc336f92c,esporte_lazer,55.0,986.0,2.0,400.0,18.0,9.0,11.0
1978f38f6cbdcaf326ecbb4732f9f748,informatica_acessorios,46.0,314.0,1.0,1000.0,17.0,12.0,40.0
2635c3e7db0ac6cb3e733cac61ce0ba5,utilidades_domesticas,45.0,466.0,1.0,628.0,21.0,31.0,18.0
b97f763397091be9d344874e6cd31028,perfumaria,60.0,867.0,1.0,700.0,19.0,13.0,16.0
c88c6b94ef95d151a4c6043e26feae65,utilidades_domesticas,54.0,705.0,1.0,250.0,18.0,9.0,12.0
d5ec248795e2538e7ea49158e34086e3,brinquedos,43.0,474.0,2.0,380.0,18.0,18.0,18.0
76b7fa5da50b22fe17d1e7bbde661106,moveis_decoracao,52.0,264.0,1.0,650.0,25.0,25.0,25.0
a22e92e1c32bdf3db91e0170a8b18408,esporte_lazer,44.0,1161.0,3.0,3450.0,100.0,15.0,15.0
ff55834c0b3272853dfe62340f2bb91b,relogios_presentes,52.0,150.0,4.0,250.0,16.0,2.0,11.0
194e74feac1f84a8ee5a517d4b3e107a,pcs,59.0,3913.0,2.0,14150.0,52.0,27.0,52.0
fe7ad3e3828f32193dfbe6359f733a8f,brinquedos,48.0,609.0,3.0,823.0,25.0,28.0,28.0
c8f47078677998140708abd3c0aa15ec,cool_stuff,54.0,998.0,1.0,2850.0,42.0,25.0,15.0
2d7ec74c6f93ad8234f2e29817b2827b,bebes,54.0,305.0,6.0,1400.0,40.0,30.0,30.0
0c3256090b6cc52703b152c874827cd7,consoles_games,57.0,762.0,4.0,200.0,21.0,7.0,16.0
147df4d924f569e480fbd77099707f08,cool_stuff,63.0,1066.0,6.0,14100.0,46.0,33.0,27.0
b51119656391080bf4b0c2bb98b0f704,moveis_sala,49.0,677.0,2.0,14500.0,49.0,39.0,17.0
e1ff3a1468d0e11fe813756e733e0fa4,moveis_decoracao,54.0,570.0,5.0,10000.0,100.0,55.0,11.0
eb8dbe7d2dd22ab3547925e49a78feb3,esporte_lazer,48.0,831.0,1.0,650.0,18.0,18.0,18.0
9f98cbe573253ebd8cc1c0f5f061451d,cama_mesa_banho,57.0,665.0,1.0,1422.0,42.0,10.0,36.0
e2f1ccf86759df28dd1e9f2e0e3242d4,beleza_saude,53.0,934.0,3.0,400.0,18.0,9.0,28.0
5788687ad396e23d2c0332354be2d918,papelaria,27.0,729.0,1.0,300.0,16.0,16.0,11.0
99c97d191bcc87e072acc4521bce44d4,eletrodomesticos_2,33.0,111.0,1.0,7350.0,44.0,14.0,30.0
4a6bed9678fe2fa40d7a84063fde6f89,fashion_bolsas_e_acessorios,44.0,117.0,3.0,150.0,16.0,5.0,11.0
5322d72e04acadda01cd9c274b4af288,ferramentas_jardim,37.0,226.0,1.0,400.0,25.0,5.0,11.0
721fda30a0b343c44e828d8402b41cf2,brinquedos,58.0,462.0,2.0,400.0,16.0,23.0,15.0
34dabb8af33b3756cf72df05fb327011,tablets_impressao_imagem,56.0,512.0,1.0,300.0,26.0,10.0,26.0
4c1e109ecdf58453de365d217cefa64c,pet_shop,37.0,1219.0,2.0,974.0,26.0,30.0,28.0
36244ee06dc3aec1f9b7b5852e0f7bc8,informatica_acessorios,40.0,896.0,3.0,1450.0,25.0,15.0,25.0
4180a49d4b879e727ad2c8e82a9f4d87,esporte_lazer,54.0,1598.0,1.0,250.0,16.0,15.0,16.0
6ddc47ca7a57816752ed7bfc1f9757e3,moveis_decoracao,60.0,304.0,3.0,600.0,100.0,15.0,15.0
cc74107a3eceb1b0c1c000edae5a8431,automotivo,32.0,200.0,1.0,250.0,20.0,10.0,15.0
6bbe55cf8f85c87b6eebb775a53402f4,tablets_impressao_imagem,54.0,512.0,1.0,283.0,22.0,12.0,21.0
8ed094bfe076c568f6bb10feada3f75d,moveis_escritorio,43.0,1128.0,1.0,16133.0,63.0,59.0,25.0
1a4eccba16567c9ffa6e98d0f552a883,utilidades_domesticas,52.0,164.0,2.0,8950.0,95.0,6.0,45.0
e87b2200e1df21f624eea3e9bd087dc0,brinquedos,23.0,234.0,1.0,350.0,17.0,14.0,12.0
50f39d42ee3c1155a39f330b0b53c735,,,,,500.0,16.0,19.0,12.0
dd89d65fbdcdde1b2dd534d255797c71,beleza_saude,42.0,791.0,1.0,200.0,22.0,2.0,15.0
48711538a9ed71dcb2cdf01a38974abd,telefonia,52.0,1151.0,3.0,550.0,24.0,8.0,18.0
48d560392eb163f1f9c3e4f032f81da8,perfumaria,36.0,165.0,1.0,425.0,18.0,13.0,14.0
88f07c54aaac38face5f27e7d71922f8,fashion_bolsas_e_acessorios,63.0,328.0,4.0,150.0,16.0,5.0,11.0
d22bbc02259111e107ee7916637d4791,esporte_lazer,58.0,1074.0,5.0,700.0,16.0,11.0,11.0
4d272fe20c57c64dc74b3db191fc31ef,cama_mesa_banho,45.0,113.0,1.0,350.0,40.0,4.0,30.0
37cc5883abe2ac5703f1cfa3a9ec41c0,eletronicos,39.0,480.0,3.0,217.0,16.0,13.0,16.0
42a2efd39155b59e16bac90081495285,relogios_presentes,35.0,1073.0,1.0,348.0,18.0,11.0,15.0
d496f7647d2eceba04455a3e682c59a6,cama_mesa_banho,51.0,220.0,1.0,2050.0,30.0,5.0,30.0
4e4533c3f5832b58737e5a6229fe39f5,cama_mesa_banho,54.0,515.0,1.0,1000.0,16.0,10.0,16.0
e306ca54c91b21392317d5b4632c9fe3,consoles_games,42.0,778.0,1.0,700.0,26.0,12.0,18.0
4100a608bd0aa524b06ffefba973707b,beleza_saude,39.0,798.0,1.0,688.0,17.0,13.0,16.0
91025258cde9e3ab5c55b59dbc77cde2,construcao_ferramentas_construcao,32.0,424.0,1.0,333.0,25.0,11.0,19.0
33a07ea8a7b3dbab277c180e9f1233ea,automotivo,43.0,421.0,1.0,2000.0,20.0,21.0,15.0
ac5e164e2eda939ffa46593f90077f9a,fashion_calcados,35.0,222.0,5.0,400.0,29.0,12.0,23.0
96ef18649cc53717e0028b36c7c69774,moveis_decoracao,52.0,485.0,2.0,500.0,35.0,8.0,35.0
4aca38e787c979a6106440c7a63036b4,brinquedos,55.0,1107.0,1.0,1600.0,40.0,15.0,35.0
36f60d45225e60c7da4558b070ce4b60,informatica_acessorios,33.0,300.0,1.0,207.0,19.0,11.0,14.0
09364ccfda8448d03ae4082f6044b16e,informatica_acessorios,56.0,924.0,1.0,200.0,16.0,10.0,16.0
621b15d249d471192c1bd7ade2dd8b86,fashion_roupa_feminina,26.0,225.0,2.0,300.0,16.0,2.0,11.0
5e5d267a41f3d8bb608c2f0bd4b4972f,relogios_presentes,57.0,536.0,1.0,357.0,17.0,12.0,16.0
5ddf71f0c832e1af820031a5a62beb01,eletrodomesticos,50.0,719.0,1.0,100.0,16.0,3.0,13.0
6ae38d49db7fc65ad1779828542aecba,ferramentas_jardim,42.0,317.0,1.0,2300.0,23.0,22.0,19.0
d5ad1429503cdb3871407ed2e8fbf859,moveis_decoracao,37.0,626.0,3.0,1363.0,36.0,6.0,32.0
a5341e3f8155dbb3e62323d3ea289729,moveis_decoracao,50.0,422.0,7.0,2850.0,40.0,5.0,44.0
09982590713913e225d3ce5ccb670688,bebes,58.0,1977.0,1.0,200.0,17.0,17.0,15.0
d1f69b1b509a6f4e1fdca33101625bc8,relogios_presentes,36.0,343.0,10.0,750.0,30.0,30.0,30.0
762e9c384b4752bbcbea568e3d89856f,pet_shop,25.0,236.0,2.0,200.0,21.0,16.0,17.0
af4708c7522d336a01ea0a421531e56f,papelaria,54.0,688.0,2.0,475.0,18.0,13.0,16.0
775917a2882dceb1d02aaa6b1abc1b24,moveis_decoracao,58.0,408.0,2.0,8050.0,52.0,18.0,35.0
f42892b40225227fe465626ff509a92e,casa_conforto,58.0,335.0,1.0,1750.0,45.0,15.0,35.0
ab5da1daa941470d14366f4e76a99dd2,eletrodomesticos,57.0,953.0,3.0,100.0,30.0,10.0,15.0
a19b6951c75da43aad691622dd2f6abe,moveis_decoracao,44.0,789.0,1.0,650.0,20.0,35.0,20.0
99b5175198369d12de8feee13dafac16,beleza_saude,35.0,778.0,1.0,225.0,28.0,15.0,17.0
610c673331ac3c4fa0f393ce5af9aa2e,eletronicos,43.0,381.0,1.0,150.0,22.0,11.0,16.0
66f7f8d449192024900375fad770d864,relogios_presentes,46.0,250.0,3.0,650.0,20.0,15.0,17.0
249de764c23f381ef073c7520e0ab799,pet_shop,38.0,605.0,1.0,175.0,20.0,5.0,13.0
71a7800a633691de8ecdd17463335e2e,construcao_ferramentas_jardim,49.0,1845.0,5.0,550.0,20.0,16.0,30.0
d66815037fba03ebe1e3bcb9967723aa,brinquedos,46.0,853.0,3.0,1349.0,35.0,49.0,25.0
f35013cb05a9538a4428fa6161b2c96b,cama_mesa_banho,60.0,680.0,1.0,1275.0,19.0,17.0,23.0
60c93709754c1b56d6fcc7187a4810f3,utilidades_domesticas,57.0,685.0,1.0,2700.0,30.0,30.0,30.0
dc52f0f5d3ec37a93eaf956cde4e5d2c,relogios_presentes,60.0,539.0,7.0,400.0,16.0,2.0,20.0
86742dc5c815f1c8c04c6e323e3c1865,pet_shop,37.0,734.0,10.0,6950.0,48.0,28.0,31.0
800b4691fe11622089b5437c9713fe95,moveis_decoracao,57.0,306.0,1.0,1300.0,40.0,7.0,35.0
d2f5484cbffe4ca766301b21ab9246dd,informatica_acessorios,51.0,448.0,1.0,180.0,16.0,9.0,16.0
1cf0c9095608952cb1c65c4789946375,eletronicos,52.0,293.0,2.0,275.0,28.0,9.0,22.0
e485be8a88ca64e497e88b16af6cc11d,dvds_blu_ray,38.0,910.0,2.0,200.0,20.0,2.0,14.0
60bc15240c03ba82f305cd923bd93598,perfumaria,53.0,693.0,1.0,450.0,18.0,18.0,18.0
b41d86054cccdd1d4bb6c1835bfee57c,beleza_saude,42.0,376.0,1.0,500.0,23.0,5.0,11.0
905434463b9e660873f4c2833b75ae07,pet_shop,55.0,800.0,1.0,11450.0,42.0,65.0,55.0
a5e74dc2d01e8b9df1590c7160358273,utilidades_domesticas,50.0,226.0,6.0,7250.0,45.0,19.0,45.0
e275b12a1775bcc17af5524af5ba80b4,,,,,500.0,35.0,7.0,40.0
a4fa3b8fa5953b0bd18bf4e0b4de499d,cama_mesa_banho,58.0,189.0,1.0,1350.0,46.0,2.0,36.0
f80214fd7d681d1dcf12b3acaf4f0da7,moveis_escritorio,45.0,1156.0,1.0,12250.0,63.0,58.0,24.0
544523486eda57c8fe25acfe423abaf4,automotivo,58.0,382.0,1.0,1300.0,22.0,9.0,16.0
3b4db17ce4f2c8731f83b093db7aa0b1,market_place,56.0,1376.0,3.0,1750.0,32.0,10.0,40.0
01ef0716b68c8493434ad32430c24e18,cama_mesa_banho,59.0,641.0,2.0,1250.0,16.0,10.0,16.0
5c973b4202aac5c372a483e712306f4f,cama_mesa_banho,38.0,182.0,2.0,350.0,25.0,9.0,19.0
57d79905de06d8897872c551bfd09358,telefonia,59.0,540.0,4.0,300.0,17.0,4.0,12.0
21634fadc73ca34ac36813b02f1f10c8,utilidades_domesticas,51.0,906.0,3.0,800.0,44.0,14.0,35.0
e78506414d2563b6414cfd84b7fa0802,perfumaria,58.0,827.0,1.0,460.0,20.0,14.0,20.0
173d5a1b6c4ea4f41aafca840646d240,informatica_acessorios,60.0,2442.0,4.0,100.0,16.0,16.0,16.0
11068d52d5927407c556ffd893c3feae,beleza_saude,43.0,1364.0,1.0,2300.0,30.0,12.0,16.0
be55ae76be8824525f40695d49a5a7b5,agro_industria_e_comercio,42.0,370.0,2.0,2350.0,18.0,36.0,18.0
51250f90d798d377a1928e8a4e2e9ae1,perfumaria,54.0,937.0,1.0,50.0,16.0,5.0,11.0
6cc9186dabae23739b55d97cc649c686,moveis_decoracao,33.0,471.0,1.0,450.0,20.0,20.0,20.0
6d426dd1336e5a7d34470ae65bc68abf,telefonia_fixa,30.0,679.0,2.0,3060.0,30.0,11.0,26.0
b86342c63a6cf10c0bd92517b1a592bc,automotivo,60.0,1657.0,3.0,550.0,16.0,21.0,18.0
834df04774f3aa4b60bfd6f839f448bc,fashion_calcados,49.0,375.0,6.0,300.0,29.0,7.0,16.0
8e6e09d38503b28b4d2f3f0450bd6fc9,beleza_saude,58.0,775.0,1.0,250.0,16.0,10.0,20.0
0364c36f8e845e4d309c0a3accc04b1c,moveis_escritorio,47.0,1158.0,1.0,16800.0,63.0,58.0,24.0
43423cdffde7fda63d0414ed38c11a73,relogios_presentes,41.0,1159.0,4.0,350.0,16.0,14.0,11.0
d9cb2ed0c6d5ccdd1da7ae9e8cad120c,utilidades_domesticas,60.0,446.0,5.0,10300.0,45.0,28.0,45.0
06f89d2b2a8b4994e56366402feacba9,consoles_games,58.0,1811.0,4.0,750.0,16.0,8.0,11.0
ab52c2c44ec8bebc9559a03ec12c8eec,papelaria,50.0,318.0,5.0,1500.0,38.0,30.0,28.0
4cfc416f8442732b89ab2c1bbeabe9da,bebes,40.0,435.0,1.0,500.0,34.0,8.0,21.0
6e40985ec667ded54668d2b70a7aa0a2,ferramentas_jardim,47.0,495.0,2.0,550.0,25.0,15.0,15.0
dd60cac04e6bcbc919cb1c7dcc473211,utilidades_domesticas,59.0,379.0,1.0,900.0,45.0,20.0,25.0
c872a0597aebcf0777299db27d6d94d4,beleza_saude,39.0,2389.0,1.0,3600.0,16.0,28.0,11.0
4c05be00027392c898ab59a94fad2151,beleza_saude,53.0,1101.0,1.0,250.0,26.0,5.0,18.0
24c855c83d506d85c7386ff94d6c8db1,esporte_lazer,48.0,3402.0,1.0,700.0,25.0,25.0,25.0
6b00cb3fe05c73d0acef3fd949a34c0f,brinquedos,34.0,254.0,1.0,200.0,16.0,10.0,11.0
cc02ea01817f1cb21e6708bc19f1ee20,industria_comercio_e_negocios,45.0,704.0,1.0,4400.0,36.0,12.0,45.0
887c03038c774a15272a3e75ca7b4fa7,informatica_acessorios,58.0,548.0,1.0,150.0,16.0,14.0,11.0
b4693721011686a49e4b8fac4e527dde,moveis_decoracao,42.0,789.0,1.0,450.0,20.0,35.0,20.0
6c698925de870b02a87e337a0d3af1c3,perfumaria,50.0,248.0,1.0,363.0,22.0,16.0,20.0
667058878eaaa9a381ed3e6b1f8b8cda,telefonia,60.0,850.0,5.0,300.0,17.0,4.0,12.0
b49315bbc5fe119fafd17c53f573bfae,construcao_ferramentas_construcao,53.0,878.0,1.0,150.0,19.0,5.0,25.0
f32415d23c358ef1e387a7d329d9ce9f,papelaria,59.0,276.0,2.0,550.0,66.0,12.0,12.0
224f4ce3262279a31db214df54befe1b,beleza_saude,56.0,608.0,1.0,350.0,19.0,12.0,13.0
76f4d017416dbf316f05abe3a1aa04df,fashion_calcados,53.0,408.0,5.0,1400.0,22.0,12.0,33.0
060965aa6dfa817b80abda0c9413cc77,cama_mesa_banho,59.0,3863.0,5.0,22250.0,85.0,23.0,68.0
cd7f7f00061ea28ae06afc6dc5786cf0,moveis_decoracao,33.0,1183.0,5.0,350.0,68.0,8.0,13.0
5264bb8a8395e30c0d59ac73be2c7613,telefonia,29.0,341.0,3.0,83.0,19.0,4.0,11.0
0ff3339eba4028a9dc569a61229c465a,informatica_acessorios,50.0,801.0,5.0,100.0,16.0,4.0,14.0
1427b126f61597524866770b05d4eed2,informatica_acessorios,51.0,378.0,1.0,200.0,17.0,13.0,13.0
854f1672c41eaa84b3e3a79e06146f63,telefonia,59.0,777.0,6.0,350.0,17.0,4.0,12.0
50a64d6b01398039142e3e0be6f2fca4,artes,50.0,856.0,1.0,5900.0,40.0,10.0,30.0
6c8dfcd9be1c04a1b4f98bb6c283a6aa,instrumentos_musicais,37.0,284.0,1.0,289.0,37.0,12.0,13.0
ca5c923962558430573f83661dbe36d6,pet_shop,59.0,747.0,2.0,1250.0,40.0,20.0,30.0
0eb5d1d033dcdd7b9b11658ce84ee8e9,pet_shop,54.0,350.0,1.0,350.0,16.0,4.0,11.0
5991d036c20c6afec567cb3b852e616d,utilidades_domesticas,55.0,595.0,1.0,1400.0,30.0,30.0,30.0
62ea5f65c53b526eee8ccada76b1446c,moveis_decoracao,60.0,1486.0,3.0,1950.0,105.0,3.0,70.0
c8eb5b2d7173db25ec9bfc54dcb4ccbb,bebes,44.0,1135.0,1.0,450.0,25.0,15.0,17.0
485aa17cb179a6624fb0c9e12cc639d1,cool_stuff,51.0,873.0,3.0,900.0,18.0,9.0,27.0
3a362c0e7f9a69276e2d95869a3e143b,beleza_saude,60.0,919.0,1.0,150.0,22.0,3.0,15.0
2ffdf10e724b958c0f7ea69e97d32f64,relogios_presentes,59.0,582.0,1.0,263.0,17.0,12.0,13.0
181abab3cccc131f868d3bc7a5b97fd0,moveis_sala,38.0,433.0,1.0,1100.0,31.0,5.0,31.0
956d19f9b8366d1675cc4ffd0bf10d87,relogios_presentes,59.0,870.0,5.0,400.0,16.0,11.0,17.0
39084b68d30ae3ce2bdaf467ed4f3dbc,perfumaria,23.0,217.0,2.0,250.0,16.0,11.0,11.0
60583a83a08e3bb8c9fd974983021a34,utilidades_domesticas,60.0,396.0,5.0,3600.0,46.0,19.0,32.0
bc9b777dcebf814cf56193dcef254448,beleza_saude,45.0,315.0,2.0,250.0,16.0,5.0,20.0
6c8353ee35a281d45677fc3715958586,informatica_acessorios,42.0,756.0,9.0,200.0,16.0,2.0,11.0
0bcc3eeca39e1064258aa1e932269894,ferramentas_jardim,57.0,339.0,2.0,1800.0,37.0,22.0,40.0
ee99026a2d04ff2294f42f8cf337029b,ferramentas_jardim,54.0,1736.0,2.0,1300.0,25.0,14.0,24.0
6ec26071510e1cf38d6988f473f8d7a5,moveis_decoracao,60.0,454.0,2.0,433.0,47.0,4.0,35.0
b7550710491181180a97295a6b9faded,construcao_ferramentas_seguranca,57.0,2457.0,1.0,7250.0,31.0,31.0,31.0
50e08517d3e71a6c24abf633e8d88ca1,utilidades_domesticas,55.0,1733.0,1.0,1818.0,33.0,17.0,26.0
16616beea59b12efb813aafa8b759f23,telefonia,50.0,1986.0,1.0,100.0,19.0,5.0,13.0
11a8af1af041fa2d890e7922566feadb,fashion_bolsas_e_acessorios,52.0,264.0,5.0,200.0,16.0,6.0,11.0
ffbe169d395060d7fb975c990581a329,moveis_decoracao,52.0,1141.0,3.0,700.0,40.0,11.0,30.0
d76b0c7f80641d892f4e650e74e4c120,beleza_saude,49.0,1245.0,3.0,1150.0,50.0,10.0,15.0
ea1d9847778160f2d0c74950812fd8d0,automotivo,57.0,370.0,1.0,5600.0,30.0,25.0,25.0
75c1defd23a9893201a8bed3740168eb,eletronicos,60.0,653.0,1.0,401.0,17.0,12.0,15.0
b2a40530065c5d88115cfa7560151794,perfumaria,55.0,888.0,1.0,125.0,16.0,7.0,16.0
ecf23a6c1689e2bed38171ececac6138,utilidades_domesticas,56.0,1688.0,4.0,1700.0,16.0,17.0,17.0
f9b1795281ce51b1cf39ef6d101ae8ab,,,,,400.0,32.0,15.0,15.0
6473836fcba4675677ffc426c98db787,automotivo,60.0,261.0,1.0,375.0,20.0,14.0,18.0
7d537f37cb20c7ccb74397390322047d,beleza_saude,52.0,588.0,1.0,2000.0,30.0,12.0,16.0
129de02d0ac6adf4f77c41bc157adbeb,automotivo,55.0,2527.0,2.0,250.0,20.0,4.0,16.0
164a001b8c3c3be1c4c04f158bfafaca,ferramentas_jardim,32.0,1142.0,2.0,3020.0,35.0,23.0,25.0
deecc62b2db3d87ff4d9fe364fead01f,telefonia,59.0,2374.0,3.0,350.0,16.0,10.0,12.0
8cd0af4160df609b19513a93e40899a6,cama_mesa_banho,31.0,254.0,1.0,1925.0,38.0,13.0,20.0
12a46620105cc4bf4d193fed203ab9e6,esporte_lazer,53.0,921.0,4.0,150.0,17.0,5.0,11.0
b8a0d73b2a06e7910d9864dccdb0cda2,beleza_saude,43.0,295.0,1.0,371.0,20.0,16.0,16.0
d767651561474e5b08ee9a2674146331,livros_interesse_geral,20.0,928.0,1.0,400.0,33.0,6.0,22.0
5415fa4d6c000c97cddafcf0419b09f7,fashion_bolsas_e_acessorios,40.0,360.0,5.0,800.0,16.0,9.0,11.0
7c4a8bec217df1de0df2b5aaf8175b65,audio,58.0,675.0,2.0,167.0,16.0,4.0,11.0
6fd29b4c024c598e9339e67a7469be43,relogios_presentes,59.0,1057.0,1.0,225.0,28.0,10.0,18.0
8ceb6a29cf065f382c7b8cbc9fea3a84,beleza_saude,60.0,919.0,1.0,200.0,22.0,3.0,15.0
f9eb0aeafb5aa02dd5889376063550b9,cama_mesa_banho,58.0,352.0,2.0,400.0,50.0,11.0,11.0
96f608a5fe010cb34dc25baee3274444,cama_mesa_banho,55.0,352.0,2.0,500.0,50.0,11.0,11.0
60184212dae4e6b0da32bf54271a8c4a,relogios_presentes,59.0,476.0,2.0,394.0,17.0,11.0,14.0
c91c24a6ec3aa0059e69656c4677e84d,ferramentas_jardim,54.0,292.0,2.0,3750.0,32.0,14.0,22.0
1ec5253cf0b6d3a31b822770cfa139b5,utilidades_domesticas,28.0,337.0,1.0,9000.0,50.0,14.0,50.0
f2169c25db6a579fde210bf8ce7ce9d7,ferramentas_jardim,33.0,1942.0,1.0,7750.0,54.0,28.0,28.0
1a405418406359cc2b8815f93bf359c2,esporte_lazer,56.0,1007.0,2.0,4550.0,20.0,20.0,20.0
c06d2c20b8ddf6d40c23294a6e361c78,beleza_saude,42.0,857.0,1.0,1250.0,30.0,12.0,16.0
24decea9d84c24b8c6c53a2df90066e9,cama_mesa_banho,46.0,352.0,2.0,550.0,50.0,11.0,11.0
9b20cbe99cd2a76d917fd7c13cc75384,informatica_acessorios,52.0,944.0,1.0,100.0,16.0,20.0,20.0
8498a9b0c20fa9075241141de7f756fb,esporte_lazer,44.0,235.0,2.0,2100.0,60.0,15.0,15.0
fdfb90feb49d2b41b8283a8ec6e95590,instrumentos_musicais,59.0,1123.0,1.0,11600.0,45.0,20.0,100.0
e891d4a9622cae3b9fc2ec558bda155b,,,,,400.0,50.0,5.0,11.0
e583bb5fa3cb1e876a6ea48f21dfef34,artigos_de_festas,59.0,761.0,1.0,350.0,27.0,9.0,19.0
0a4af8f868e8a22b279c9d0a24d36537,moveis_decoracao,60.0,538.0,3.0,500.0,17.0,17.0,17.0
4c2394abfbac7ff59ec7a420918562fa,beleza_saude,49.0,1495.0,3.0,600.0,33.0,19.0,13.0
11059273f4bc1a293777e98c89807c62,beleza_saude,43.0,1565.0,1.0,1050.0,22.0,15.0,17.0
71137504070dc94a0e1d04089985f3e2,esporte_lazer,55.0,1723.0,3.0,1150.0,80.0,8.0,15.0
56190ea1f5b28f23ba0065cfa36b7de6,esporte_lazer,42.0,1322.0,2.0,400.0,26.0,16.0,21.0
c770c3d5ab511e88a96d387bdb0b6ce0,utilidades_domesticas,12.0,210.0,2.0,1100.0,48.0,24.0,23.0
740adb81f19fb346d1ce72237211ba51,pet_shop,37.0,1243.0,2.0,682.0,25.0,35.0,27.0
24baefeed71136f90df0149ca1e85c49,automotivo,56.0,874.0,1.0,150.0,27.0,10.0,13.0
50cada320c34c3d63fa8598fdda8e06e,beleza_saude,39.0,300.0,1.0,233.0,42.0,21.0,26.0
1190eb246390ebf377a858260f546a98,relogios_presentes,55.0,750.0,1.0,500.0,20.0,13.0,13.0
c6cae2869a248cef27c00f3340ac90a6,moveis_decoracao,56.0,1181.0,2.0,600.0,53.0,8.0,11.0
5e3b4b17383b90a3129e552bd71bf2b8,beleza_saude,59.0,1310.0,1.0,1450.0,20.0,15.0,15.0
083ea24cbab9f8f572fc21a8f63fb282,fashion_bolsas_e_acessorios,49.0,459.0,5.0,150.0,16.0,9.0,11.0
a2105c8c0d5d99dbc5a2a9ad94321e5c,esporte_lazer,58.0,1274.0,2.0,4800.0,58.0,10.0,50.0
a5ffaf53a3938ac2c92f493e524adfca,automotivo,51.0,586.0,1.0,2000.0,41.0,19.0,41.0
11875b30b49585209e608f40e8082e65,esporte_lazer,26.0,1465.0,1.0,1032.0,17.0,15.0,16.0
54b755678728b84472c2b654ac4de777,alimentos_bebidas,26.0,2427.0,1.0,200.0,20.0,12.0,15.0
db42edb381d7ffe41a162d344fb1de53,moveis_decoracao,35.0,569.0,1.0,2400.0,30.0,30.0,30.0
c956bde83b283fe27c438080dcb246c5,utilidades_domesticas,38.0,547.0,2.0,7250.0,32.0,28.0,27.0
a85c8524b5ee70cd1f5fc717304870bb,automotivo,46.0,738.0,3.0,300.0,25.0,10.0,20.0
3d36ef6c6d553500f4240920658689e3,brinquedos,48.0,819.0,4.0,1538.0,25.0,36.0,31.0
66484d3ad6c8fcd55265bfdb060fc8cc,eletroportateis,37.0,3469.0,5.0,1500.0,22.0,29.0,13.0
6b5170a2d3ae93a38e63f17b356da239,utilidades_domesticas,40.0,464.0,1.0,1200.0,28.0,8.0,13.0
aca71e1fceaea4278f27aab8a3498f60,automotivo,57.0,1331.0,4.0,100.0,16.0,4.0,12.0
2ba4dc95f18bb2bedbef662cb24de95e,brinquedos,30.0,698.0,3.0,10300.0,39.0,49.0,42.0
cf78006a2a6b0429b9663edd99bb38f9,moveis_decoracao,49.0,399.0,1.0,1900.0,28.0,19.0,21.0
b587e5fbc8f3573cb77c210bae6c3093,fashion_bolsas_e_acessorios,13.0,175.0,1.0,150.0,20.0,20.0,20.0
439d0c278b77ddc4b1488de210c8df35,cama_mesa_banho,44.0,641.0,2.0,1950.0,50.0,10.0,40.0
79ad39409fa4bcc36b4b7f734c79c2a2,fashion_bolsas_e_acessorios,59.0,874.0,3.0,200.0,20.0,10.0,20.0
007c63ae4b346920756b5adcad8095de,utilidades_domesticas,48.0,808.0,1.0,2800.0,30.0,30.0,30.0
9abb00920aae319ef9eba674b7d2e6ff,bebes,35.0,2395.0,1.0,350.0,19.0,14.0,12.0
de92134fd940e9302d27c31af4581fbd,eletroportateis,50.0,797.0,1.0,438.0,25.0,12.0,15.0
12b86b2eab3b8c2bbf01adc381aa96e2,fashion_calcados,44.0,284.0,12.0,400.0,29.0,7.0,16.0
e3425df9bd51be69917273c9dd92ed5e,relogios_presentes,53.0,346.0,2.0,733.0,17.0,10.0,18.0
22a8168cf1f1c6347da8d29863b7f75e,consoles_games,53.0,2013.0,4.0,155.0,16.0,7.0,14.0
746cc974fbb29d7d1bb638e588b7c8d8,cama_mesa_banho,47.0,701.0,2.0,1100.0,50.0,12.0,12.0
8b8b4d3f77864f6e8f6b35fc23ff63ca,esporte_lazer,60.0,723.0,1.0,600.0,50.0,12.0,18.0
0a27be3536127164b11173c57f14a2da,perfumaria,53.0,613.0,1.0,500.0,23.0,8.0,15.0
f8b09faf273ab8c2cb4209378253f56a,beleza_saude,25.0,1351.0,1.0,1200.0,25.0,19.0,18.0
840b41c3044d2b09db4933d48cffa924,utilidades_domesticas,54.0,464.0,1.0,505.0,17.0,17.0,19.0
341d85d688ecc3353cf2a968e7ad0dbf,beleza_saude,47.0,554.0,1.0,350.0,16.0,10.0,20.0
c9bd28e8a4220af0723c7b7f97778681,informatica_acessorios,57.0,1502.0,2.0,300.0,18.0,8.0,20.0
7c467bb2783193fce00e68a53bf05fbd,moveis_quarto,52.0,344.0,3.0,10750.0,93.0,63.0,11.0
59dbefe045e850ce6df6b1fd5dce14ba,pet_shop,55.0,678.0,4.0,11900.0,50.0,37.0,37.0
50d77758742285ff49f340ebdf0df5a7,eletrodomesticos,56.0,953.0,3.0,500.0,30.0,12.0,17.0
a067f34727f55a883d84f5b3a5c72255,beleza_saude,53.0,2703.0,7.0,350.0,19.0,11.0,23.0
6b3c88110203820df52c762cd2d2e80f,brinquedos,57.0,1647.0,1.0,700.0,16.0,30.0,30.0
f390882d834eed84766218994ee9a511,esporte_lazer,44.0,392.0,1.0,525.0,23.0,23.0,23.0
525cb8d7fb28b9615a1cf6dd55074865,cama_mesa_banho,48.0,326.0,1.0,450.0,16.0,10.0,16.0
37664a6100bf523c545b7040be69ad00,beleza_saude,32.0,325.0,1.0,1600.0,21.0,16.0,31.0
636636222363eaf74bf5e313dc934cd0,moveis_decoracao,41.0,721.0,3.0,900.0,32.0,6.0,28.0
7368c0d612a177b6cb085f56b823dc08,eletroportateis,45.0,418.0,1.0,500.0,30.0,10.0,11.0
93b498aa80cf4062f0c6636c038141df,eletronicos,55.0,2583.0,4.0,719.0,21.0,12.0,24.0
c3504adf8e5bbfd1978d29a00c2075c5,pet_shop,59.0,1064.0,5.0,1650.0,68.0,4.0,48.0
62d41a80c366aa2d8644e3270adf8440,informatica_acessorios,50.0,512.0,1.0,1225.0,43.0,15.0,21.0
f77dd338d9f75229a09cbb9a18fd0c9a,cama_mesa_banho,42.0,734.0,5.0,400.0,20.0,20.0,20.0
cae4c48440297651e8ff3c2d58d314d2,moveis_escritorio,50.0,2083.0,1.0,20500.0,58.0,28.0,58.0
4ae289635418a8110ea2d5fb86472c63,utilidades_domesticas,50.0,448.0,4.0,1950.0,35.0,29.0,12.0
3db8ae718c645f8d0de8d1042bd9acd6,esporte_lazer,37.0,1338.0,1.0,250.0,18.0,13.0,16.0
d23a564a7cd43e5169246cc8d2c8c5db,instrumentos_musicais,47.0,150.0,1.0,600.0,16.0,3.0,11.0
99f84efaad4ec3bc71502bb7e6d8f8e8,utilidades_domesticas,55.0,414.0,1.0,8250.0,28.0,60.0,28.0
f9cce3e19235fa7d11942f69caaa22c7,telefonia,49.0,1715.0,4.0,300.0,20.0,38.0,30.0
e948cf75e6b64307f7f76a49eaa9fc2f,,,,,2300.0,36.0,21.0,36.0
83f86eca5473b6d1c7d566223592908d,,,,,200.0,16.0,2.0,11.0
055019def765ce08da9fac0585e927c3,bebes,63.0,884.0,5.0,300.0,17.0,7.0,24.0
4565bb5b964cc42b49780586560c98e0,esporte_lazer,32.0,1200.0,1.0,850.0,25.0,3.0,19.0
0a6cf067b01351046739940c8cb7f60f,brinquedos,49.0,893.0,1.0,600.0,26.0,13.0,41.0
12679a5fde22662b441abe4f754345ae,utilidades_domesticas,54.0,1926.0,1.0,10825.0,48.0,35.0,45.0
297b52b57d258e1a40202d4f9fb7e38a,beleza_saude,44.0,1482.0,2.0,150.0,20.0,17.0,21.0
271dc7b756644a368e87e48c2d38c590,cool_stuff,46.0,1001.0,3.0,900.0,23.0,41.0,16.0
5cbecf1b44b9abf491a61aadf2809f1a,cama_mesa_banho,30.0,140.0,1.0,700.0,40.0,4.0,30.0
0ef509449287240ee39e57b7eb630202,esporte_lazer,49.0,901.0,1.0,400.0,30.0,30.0,30.0
801abf9ab81269e94b64dd62fbd50fc2,bebes,38.0,713.0,1.0,6050.0,64.0,12.0,47.0
b0528299d65ab35e3ed853f6a853b8b8,construcao_ferramentas_construcao,48.0,1200.0,1.0,3400.0,16.0,27.0,35.0
4e46d4d7bdbc358eee60e44df825dd01,fashion_bolsas_e_acessorios,34.0,142.0,1.0,150.0,21.0,9.0,14.0
1a8c8d4e86c3b6d020f42b5621825ced,eletrodomesticos,42.0,116.0,1.0,450.0,20.0,13.0,12.0
37f4d0bf85fbf875c920d460766d6a5c,construcao_ferramentas_iluminacao,51.0,1512.0,6.0,500.0,35.0,14.0,23.0
59bcfc096cb9fa35b5c5294582c78486,beleza_saude,27.0,524.0,1.0,3500.0,35.0,30.0,15.0
9696fc4ef13aa92c9933cc364d18ac40,casa_conforto,30.0,230.0,1.0,700.0,30.0,30.0,30.0
a996589ecdf800089835934a0360ccc3,eletronicos,49.0,238.0,1.0,150.0,18.0,9.0,13.0
ea20f928ceaa7f146fe62a0cc8413ee5,moveis_decoracao,52.0,1786.0,2.0,500.0,68.0,8.0,13.0
a72df9d6b4412dbd03d886846a438a3c,consoles_games,39.0,1255.0,5.0,250.0,19.0,2.0,14.0
523af7268f3fb3b843cbae0c6b6526e0,eletronicos,27.0,271.0,2.0,300.0,22.0,4.0,13.0
21addb589dd9cf0c658177579dd2e99d,relogios_presentes,55.0,311.0,1.0,283.0,22.0,13.0,20.0
dac3640f6d34332e47555c0f1c5cad27,relogios_presentes,42.0,587.0,1.0,333.0,19.0,10.0,17.0
57a8dfdc8e9c5f16bfe0d6762706944b,automotivo,60.0,144.0,1.0,200.0,16.0,8.0,11.0
a294436012a512193adfae667b8465f8,brinquedos,60.0,804.0,3.0,625.0,33.0,13.0,23.0
e168af8b2f0d9319737c6a7a37904f9e,papelaria,59.0,139.0,1.0,2000.0,30.0,30.0,30.0
612da1ab2099d81e7da8a5769663c1ea,esporte_lazer,59.0,199.0,1.0,975.0,19.0,20.0,15.0
35d6a7880150d5dacc9ad0c9a9cfb233,instrumentos_musicais,45.0,1546.0,5.0,725.0,28.0,8.0,23.0
274669a78ffdf9398adbd9502e6c4915,papelaria,29.0,194.0,1.0,450.0,16.0,42.0,32.0
7620a27f1d6747511f1c6f0ddb63c0ef,flores,52.0,225.0,1.0,850.0,16.0,11.0,11.0
ecbd7c0c31f1779002f5a78b2a1873ae,bebes,60.0,362.0,2.0,183.0,22.0,11.0,22.0
b0c89945c034268074f5f80b362bda34,cama_mesa_banho,60.0,612.0,1.0,550.0,16.0,10.0,16.0
0a8699af8de9f3c25f80fe9b530df153,moveis_decoracao,53.0,1988.0,3.0,2500.0,65.0,8.0,45.0
ef2fb3a493929907466587fecb5611e2,cool_stuff,38.0,195.0,1.0,567.0,35.0,27.0,17.0
44980f2abfac3c9364a666403350799b,esporte_lazer,46.0,1230.0,3.0,850.0,30.0,23.0,15.0
80c8ded77011b1d2c8e3bdbff65eab23,beleza_saude,60.0,918.0,1.0,200.0,22.0,3.0,15.0
f16d9c6688f187efa6ce353d689d85fd,moveis_escritorio,37.0,1259.0,1.0,8400.0,25.0,23.0,37.0
e297db380aba505a729f00cd61b149d9,utilidades_domesticas,54.0,1414.0,3.0,425.0,41.0,12.0,13.0
3fa7fe855040269e26ef452c5679234e,eletroportateis,46.0,3163.0,3.0,1025.0,37.0,26.0,29.0
caf540627b7914ab734c86495fdc95ee,moveis_decoracao,54.0,769.0,1.0,13300.0,45.0,35.0,45.0
e8f487b9cb03fdb7daf2505822570853,cama_mesa_banho,52.0,1413.0,1.0,875.0,20.0,22.0,27.0
03c0275df9996ed2720b28488c7946d4,beleza_saude,57.0,1649.0,1.0,300.0,22.0,5.0,15.0
f8f93700c26007f74716eca57d217cfd,fashion_bolsas_e_acessorios,58.0,631.0,3.0,400.0,43.0,16.0,27.0
188d0b148e6d1c86faffe0d73c3f2dad,moveis_decoracao,25.0,249.0,2.0,7650.0,25.0,25.0,25.0
b3e62451b0073eb78f48426d3832b8d2,utilidades_domesticas,55.0,1346.0,1.0,1950.0,25.0,23.0,21.0
f4d18451e6c35980e6898e36dfd6fb55,cama_mesa_banho,53.0,392.0,1.0,900.0,45.0,15.0,35.0
8ebd584f33b5fdca6428a5130d6e17d2,moveis_decoracao,45.0,1011.0,4.0,425.0,30.0,10.0,21.0
00be617b58175bf207fd35910d5097a4,cama_mesa_banho,52.0,396.0,1.0,900.0,45.0,15.0,35.0
beec9bc2305d3372fa3b3133ba3fd644,,,,,3000.0,40.0,40.0,40.0
9431a9c618106cc583ea8b3381047c0b,ferramentas_jardim,58.0,1513.0,3.0,350.0,23.0,7.0,14.0
a52ed2fb26d435066d6613134afcb439,cama_mesa_banho,56.0,211.0,1.0,220.0,32.0,4.0,23.0
310b40ec41fbfc061e5309006482e68a,livros_interesse_geral,59.0,179.0,1.0,500.0,18.0,16.0,16.0
dec4cd5561ffdae063f94385555a5683,relogios_presentes,37.0,340.0,3.0,1000.0,27.0,15.0,25.0
48cf041a87beac458328d395d035515a,telefonia,58.0,428.0,2.0,150.0,19.0,4.0,11.0
a4ea23e4c7a6ea7b4106779177221ce7,informatica_acessorios,40.0,2755.0,5.0,200.0,20.0,10.0,15.0
059ca09d32720d9adce3ae12e181339d,perfumaria,50.0,676.0,1.0,426.0,20.0,16.0,17.0
98b22c1129886cbd7fcae69d1c93e442,cama_mesa_banho,57.0,188.0,1.0,1350.0,44.0,2.0,35.0
3207a174f3e42a042883848bbbf6fdf8,informatica_acessorios,38.0,484.0,1.0,500.0,32.0,12.0,20.0
f06eacf8d7279dfb3018a75f7ce08840,automotivo,52.0,561.0,2.0,900.0,56.0,12.0,16.0
9269d6409ec9f19cad883b2c1aa206d9,utilidades_domesticas,43.0,731.0,1.0,9750.0,42.0,28.0,33.0
bc79c7b682c43251149b8546f189e646,cama_mesa_banho,54.0,123.0,2.0,300.0,50.0,8.0,34.0
5c61329e1b7e18310bbc294c17cd47bb,brinquedos,31.0,936.0,9.0,250.0,18.0,16.0,16.0
cbdb9bf611328898bd4b32a384506b3a,moveis_escritorio,26.0,945.0,1.0,12700.0,55.0,70.0,18.0
e5b1f66dbce509c58fa37ff08428f91d,consoles_games,60.0,1511.0,4.0,665.0,16.0,17.0,16.0
a632b5621f2a0e69800b6d491f5a20e9,eletronicos,53.0,3100.0,1.0,800.0,20.0,20.0,20.0
7ac0d3f8ac5b60c13d74b02b8cbb4623,pet_shop,40.0,1110.0,6.0,1050.0,20.0,17.0,25.0
add20623e743c90cefc65db803efa18e,perfumaria,59.0,852.0,2.0,400.0,16.0,7.0,20.0
f5195736fa7a5ef076d923c03675184a,automotivo,48.0,527.0,1.0,8450.0,45.0,25.0,45.0
17823ffd2de8234f0e885a71109613a4,,,,,3750.0,42.0,20.0,24.0
96cfc72c759891226dacf3dfb303d6c1,fashion_bolsas_e_acessorios,59.0,676.0,4.0,200.0,17.0,9.0,17.0
5a1a5bb0e9e3dbd18e6d8d3c326d3fed,cama_mesa_banho,55.0,249.0,1.0,850.0,38.0,10.0,38.0
a4ec3aca85c0421e2cd607dc03162791,utilidades_domesticas,27.0,570.0,3.0,3500.0,51.0,8.0,35.0
2515eea3c60c67ecbb38b2f6b72733a3,bebes,14.0,268.0,2.0,1100.0,30.0,5.0,45.0
e20e8fa3a50b1774e52b89664b3b6ddd,esporte_lazer,44.0,454.0,1.0,628.0,17.0,25.0,14.0
33c4b54c2a3e60ac5beb217d833d9f52,ferramentas_jardim,59.0,986.0,5.0,1650.0,30.0,23.0,20.0
230aa1590e1e7bc88252d8f1649109c2,cama_mesa_banho,59.0,842.0,1.0,1175.0,28.0,8.0,28.0
c3002d67c0b8c6449c3a80c1556ad8c5,moveis_cozinha_area_de_servico_jantar_e_jardim,53.0,1563.0,3.0,3300.0,40.0,20.0,60.0
010951987d78f9d52fbf50a43b690ba1,informatica_acessorios,55.0,441.0,1.0,1100.0,40.0,20.0,20.0
e9de4d4332d0f60d443dadf3171ad6d4,automotivo,35.0,283.0,1.0,11200.0,25.0,18.0,18.0
c230b471b7e21ff9060e68ee154afd70,,,,,200.0,16.0,5.0,11.0
b5e13c9a353102f79c6206ff5cb61a50,brinquedos,59.0,249.0,2.0,1500.0,40.0,25.0,20.0
302ff907f751a6ff40456ba47db233ae,beleza_saude,57.0,511.0,1.0,710.0,21.0,15.0,11.0
4dfbe01419f983d397ed0439f090541d,cama_mesa_banho,49.0,729.0,1.0,2350.0,20.0,30.0,30.0
00905d58c87afcbce21420b3712cacaa,cama_mesa_banho,59.0,253.0,1.0,3875.0,46.0,12.0,43.0
93a12c289ca2b78e7069e469f5053ef2,informatica_acessorios,55.0,408.0,1.0,233.0,16.0,14.0,15.0
2efe79c475e4c22430aedf7eacc830ee,esporte_lazer,60.0,1507.0,1.0,1900.0,25.0,25.0,25.0
e74c906e50417096a9c1fb2c5860b010,utilidades_domesticas,54.0,698.0,1.0,5900.0,65.0,12.0,45.0
a0fe1efb855f3e786f0650268cd77f44,agro_industria_e_comercio,35.0,380.0,1.0,125.0,20.0,4.0,13.0
48e5af4df590c37a05a29b5c86e020e1,artes,51.0,473.0,1.0,150.0,20.0,4.0,20.0
e2e426d1332240070b0a836a854d057b,cama_mesa_banho,57.0,701.0,2.0,1100.0,50.0,12.0,12.0
ea7ab4d3d8f539561e8078feaca6ae07,bebes,60.0,1035.0,3.0,1450.0,42.0,25.0,15.0
c18b9716f7bfbff80fd3e41cee298c98,brinquedos,27.0,691.0,2.0,250.0,21.0,10.0,20.0
d159157f1837c548e960ea0e9b00b259,esporte_lazer,59.0,1571.0,3.0,1300.0,105.0,15.0,15.0
176120d3ee50ae4945932ce1c6a70f34,perfumaria,40.0,624.0,5.0,438.0,16.0,12.0,17.0
b6ae63c5f2b226331d069831d5b1f570,cool_stuff,46.0,314.0,3.0,1800.0,44.0,29.0,26.0
c420c13056340a00e4cd63fdf6e4f4fc,esporte_lazer,47.0,70.0,1.0,500.0,22.0,15.0,22.0
f8a7665279f140d238371c8e7604c204,moveis_escritorio,59.0,249.0,2.0,650.0,40.0,11.0,11.0
5ef336462ba740ddd4727319e26207e6,construcao_ferramentas_jardim,46.0,1157.0,1.0,1725.0,22.0,21.0,14.0
1632189d4c3d9e64cf3fd110b93f1a19,fashion_bolsas_e_acessorios,56.0,1474.0,1.0,200.0,16.0,2.0,11.0
d1c427060a0f73f6b889a5c7c61f2ac4,informatica_acessorios,59.0,1893.0,1.0,6550.0,20.0,20.0,20.0
ea73128566d1b082e5101ce46f8107c7,moveis_decoracao,63.0,254.0,2.0,2500.0,49.0,13.0,41.0
b3cd491b3a347c8becc23fa5515440f9,utilidades_domesticas,60.0,446.0,5.0,15000.0,52.0,28.0,52.0
e8ac63e69971f9cf0bd7a7f78b8841ab,relogios_presentes,59.0,544.0,5.0,450.0,16.0,2.0,11.0
7bbe91ccbf899dc40a38d012a4dc411f,eletroportateis,48.0,736.0,1.0,2900.0,16.0,34.0,32.0
5e26cbd45b83e411e82e3a8cafa8d951,bebes,37.0,1556.0,1.0,700.0,20.0,20.0,30.0
ca3d7d7b66676d1731e2fe13b5243c43,cool_stuff,39.0,1514.0,1.0,1700.0,28.0,36.0,27.0
a2c98a9d7f6f4906717d7994e8a32e7b,utilidades_domesticas,37.0,1521.0,2.0,1350.0,28.0,23.0,25.0
b47f7c9903cbd0bed2968a1b4cd21ed6,ferramentas_jardim,33.0,222.0,2.0,2900.0,17.0,26.0,27.0
96b0a882d11b17ce51238420ec63e3a1,cama_mesa_banho,56.0,641.0,4.0,2150.0,50.0,10.0,40.0
9e164b4afdecc7c67fb9b6f12c104e21,esporte_lazer,54.0,1823.0,1.0,450.0,18.0,18.0,18.0
1574ed2c73e4465c572f68dd77528203,,,,,16000.0,58.0,28.0,58.0
4d9e8a6d8d07e4f47e093b8c2999ae01,eletronicos,60.0,517.0,4.0,200.0,16.0,6.0,14.0
3ecdca110c08b28987d694dc625bea20,cama_mesa_banho,55.0,612.0,1.0,1600.0,40.0,7.0,34.0
49484d56efdb9b218cbb9f96a117ffd2,beleza_saude,53.0,624.0,2.0,575.0,17.0,15.0,13.0
ada800a927673ac73cdfbbd2c832331b,utilidades_domesticas,59.0,513.0,1.0,2350.0,29.0,34.0,16.0
ec7dad92a5f70cbc21297b16d7a2be96,cama_mesa_banho,31.0,211.0,3.0,1400.0,35.0,20.0,48.0
283dc451ad3918badb976d56ff887289,cama_mesa_banho,58.0,188.0,1.0,1650.0,44.0,2.0,35.0
1da0fbb35cfdc9fcb6d48dfddca69513,esporte_lazer,43.0,535.0,3.0,700.0,16.0,23.0,15.0
ad548cefdd8ba3faa511884b1c8a0788,bebidas,52.0,844.0,1.0,1300.0,20.0,20.0,20.0
1a8aea590bd168ec134d9f19ae6d78ee,moveis_escritorio,48.0,2322.0,1.0,11400.0,58.0,40.0,58.0
ca38c039b717207dec906f4fa9a21db7,beleza_saude,53.0,3734.0,5.0,538.0,23.0,12.0,34.0
68fe8893052a044100e60cd0c8c6b274,informatica_acessorios,53.0,961.0,1.0,1850.0,39.0,12.0,22.0
d316be2b41acc6a122548a0d08570ca6,casa_construcao,54.0,562.0,2.0,15000.0,50.0,30.0,50.0
cb6c1c21ebc9c153a7baf319c515657a,informatica_acessorios,24.0,718.0,2.0,200.0,41.0,2.0,29.0
38faaf77a4cd4dfb50ea8512e66285b0,relogios_presentes,38.0,690.0,2.0,500.0,19.0,9.0,15.0
9759a740aa84f55b71c0c8c306a80737,beleza_saude,43.0,507.0,1.0,1875.0,23.0,23.0,23.0
6b90709b6db8b6076b0b0c71cc70d06b,fashion_bolsas_e_acessorios,60.0,240.0,5.0,50.0,17.0,4.0,13.0
2e58d459f2a674ee7b0d3d1336712acb,perfumaria,40.0,669.0,1.0,460.0,18.0,13.0,13.0
41cd333a4af5e36df81fc0b83ccf8e2d,bebes,59.0,867.0,3.0,10750.0,38.0,47.0,44.0
bd160228a5f454ada5a6b0354c96a0d2,cama_mesa_banho,61.0,509.0,1.0,4500.0,45.0,15.0,35.0
99e6f14f74a00605ad9cfe8c4bb29385,telefonia,54.0,520.0,8.0,300.0,18.0,5.0,12.0
7c3dd2ee1b4512bc2c741154fc0d2ad3,eletrodomesticos,39.0,99.0,1.0,147.0,22.0,15.0,22.0
b191d7bf910b82744bf36a5ee9b041d8,perfumaria,47.0,558.0,2.0,450.0,22.0,16.0,16.0
bbc9e653c2f5794542ac3867ab5ab757,cama_mesa_banho,47.0,221.0,1.0,570.0,30.0,4.0,26.0
c8abdbe349a97073e7aebc795be55bd8,esporte_lazer,59.0,1569.0,3.0,2150.0,105.0,15.0,15.0
32ad146ce66014dd98fdc2190bc995d6,esporte_lazer,36.0,491.0,1.0,200.0,18.0,9.0,13.0
c33a764dad4f6747f7c56115bb8d5bb7,informatica_acessorios,53.0,654.0,1.0,150.0,16.0,11.0,11.0
31b5755dd3e583e7c227a935657a818f,telefonia,55.0,1809.0,7.0,150.0,16.0,10.0,11.0
fa243e761ae871597627e917611eeb23,cama_mesa_banho,54.0,276.0,1.0,1800.0,40.0,10.0,30.0
c1f5307decb89342351bec53668cffd9,telefonia,60.0,777.0,4.0,300.0,17.0,4.0,12.0
1718ba9459e147186a7475f116526c99,eletroportateis,40.0,1313.0,2.0,7900.0,22.0,36.0,48.0
bcf3aa04becb30e6279242e23dc516f8,automotivo,59.0,955.0,1.0,50.0,16.0,8.0,11.0
882ebbd926d1093b09ff76e976866954,moveis_decoracao,63.0,838.0,1.0,2900.0,43.0,5.0,30.0
b92a7304ebad1ca5b393b53b2de5c70a,moveis_escritorio,55.0,1292.0,1.0,9725.0,53.0,52.0,17.0
ce250e78def55ee3c4c8b8f708fcd867,casa_construcao,41.0,215.0,6.0,150.0,16.0,7.0,12.0
fe7976532777922f0d60261e75f7ad36,telefonia,55.0,364.0,4.0,150.0,16.0,4.0,13.0
1f6cbd49dcb5d56eb874bf9889f9fd72,cama_mesa_banho,54.0,396.0,1.0,3550.0,45.0,15.0,35.0
e503a0c255ccb611962015bac936f938,moveis_decoracao,52.0,1089.0,7.0,30000.0,60.0,64.0,60.0
6c712952b8ef62f8d06a0314917400c8,beleza_saude,39.0,608.0,1.0,1200.0,21.0,13.0,19.0
875e0d1c97176d76e9b04c98d06383d2,bebes,44.0,432.0,3.0,8250.0,44.0,32.0,35.0
2b0ee2d07306f7c9ac55a43166e9bb4b,cama_mesa_banho,57.0,504.0,1.0,1450.0,30.0,15.0,30.0
da1cfaaffa7720fe28f26f18d52f5ad9,fashion_bolsas_e_acessorios,59.0,409.0,3.0,150.0,16.0,9.0,11.0
f71954485428cf87945953ea0a0a6229,cama_mesa_banho,38.0,694.0,1.0,7800.0,33.0,44.0,33.0
f9a508234fed38c95437c5a16b847774,consoles_games,37.0,1192.0,2.0,250.0,16.0,7.0,15.0
ee49de8fc5d17f5a154d8c649700f6ff,telefonia,55.0,443.0,5.0,100.0,16.0,11.0,11.0
7afa8c8eca2a26b599823eed4975a820,utilidades_domesticas,60.0,400.0,7.0,2600.0,37.0,24.0,37.0
46a4b4529fb2c8fbb84be938c9bb8b02,beleza_saude,46.0,1241.0,1.0,1375.0,32.0,23.0,16.0
58c975d8b74f2c5a520b580f46456cf5,fashion_bolsas_e_acessorios,40.0,562.0,1.0,100.0,17.0,3.0,12.0
f2a4a74038882bf1adc8a466962559ec,moveis_decoracao,39.0,238.0,4.0,600.0,25.0,10.0,25.0
afeeea6271148ee1bb15173b8187c431,telefonia,52.0,1885.0,1.0,450.0,17.0,3.0,11.0
03bb06cda40712fb8473f7962fb7d198,cama_mesa_banho,54.0,289.0,1.0,2000.0,34.0,9.0,33.0
97ab901f90b75df669b546a1d68d0512,brinquedos,28.0,200.0,3.0,15600.0,105.0,30.0,30.0
fc1449f3ffc59fd2eb9640505aea0581,informatica_acessorios,46.0,345.0,1.0,1400.0,26.0,13.0,35.0
ed836edc15625c202f6ba85dbbe95c3a,relogios_presentes,59.0,564.0,3.0,200.0,16.0,2.0,11.0
278cade00c52e9e5c49c7c32c68872cd,informatica_acessorios,57.0,836.0,1.0,450.0,20.0,10.0,16.0
fb783e3e545937820b57fe539b2c5a6c,cama_mesa_banho,57.0,189.0,1.0,1100.0,41.0,9.0,31.0
66f9d3c83a10e9ee98857bb89831ddc4,automotivo,53.0,977.0,2.0,2500.0,25.0,5.0,25.0
1e96e085361f3bf21a06c876982b64f2,consoles_games,49.0,2006.0,3.0,300.0,25.0,11.0,18.0
9d32095f76b97762307e86cfc18dd7a0,cama_mesa_banho,38.0,213.0,2.0,400.0,25.0,9.0,19.0
ecb624b552f939e58c7881de58ece085,ferramentas_jardim,57.0,314.0,1.0,900.0,62.0,3.0,13.0
f68980d7981fcc92059f42a4fd82fb38,esporte_lazer,56.0,1531.0,1.0,650.0,34.0,15.0,12.0
146fed9eb1d0f9db43dad0c7c96fc6e8,cama_mesa_banho,50.0,392.0,1.0,1400.0,35.0,10.0,35.0
cc30e5a54e83c955899121be1223104e,consoles_games,39.0,382.0,3.0,150.0,20.0,2.0,15.0
5a7437ffa076413d6ab152c80b04bb9b,esporte_lazer,57.0,603.0,1.0,150.0,20.0,4.0,15.0
a5a7c5c2be6edf0b10ce28ba5c6b4a69,cool_stuff,52.0,330.0,1.0,2000.0,33.0,44.0,19.0
60f1546ceca9c1dfd87b26c9c6482846,utilidades_domesticas,55.0,674.0,3.0,5900.0,65.0,12.0,45.0
59f09deeea7c839a9212a19f3416b892,utilidades_domesticas,58.0,1404.0,4.0,30000.0,60.0,66.0,29.0
c82f1b01c42306423e552a3df6875291,moveis_decoracao,59.0,201.0,4.0,800.0,21.0,21.0,21.0
9e10ae46a3021a02f1692448ef9fa1db,beleza_saude,45.0,2231.0,3.0,175.0,21.0,3.0,15.0
1612209b0b37fbe80e1e8e1b7d19ca1d,informatica_acessorios,56.0,580.0,4.0,1600.0,20.0,15.0,20.0
6e70e2f56d6f07cde6377a05d1679f79,beleza_saude,40.0,392.0,1.0,800.0,18.0,18.0,18.0
4bd3f968f30558ee2b17168cd3930fff,pet_shop,47.0,1530.0,1.0,400.0,16.0,20.0,16.0
cb4ce8694660e0c90e4250ebfb0609d2,esporte_lazer,54.0,615.0,1.0,700.0,22.0,22.0,15.0
ae27a5524edb2c8dc4656c670f458fb7,utilidades_domesticas,58.0,364.0,1.0,1000.0,40.0,28.0,28.0
f068148c48720c66b21825e2c558d493,beleza_saude,25.0,3281.0,1.0,200.0,16.0,6.0,11.0
bab7ff9abbcc13690a62d015f2ca8e44,informatica_acessorios,43.0,269.0,1.0,250.0,30.0,7.0,20.0
e791baa02d6adf9cbfc62e9b78fe91b9,informatica_acessorios,50.0,882.0,4.0,400.0,20.0,30.0,30.0
8a3254bee785a526d548a81a9bc3c9be,construcao_ferramentas_construcao,25.0,1041.0,5.0,200.0,16.0,4.0,11.0
43f88c8353708451babf9bcdd1fda92a,fashion_bolsas_e_acessorios,46.0,419.0,4.0,200.0,16.0,5.0,11.0
8b92139f9270553dc3fefeac3ef69034,pet_shop,38.0,736.0,12.0,4200.0,49.0,29.0,34.0
f40876e0ef3cd5f9132b1f16b04b1346,beleza_saude,42.0,250.0,1.0,427.0,15.0,17.0,14.0
a60613d36f37a7b27d3344f40f6a7945,beleza_saude,44.0,696.0,2.0,350.0,19.0,11.0,23.0
0a407038cdb51df51fa8d01c54fa05f0,utilidades_domesticas,50.0,614.0,1.0,5550.0,35.0,28.0,32.0
9d76340f9824309c5737621474c28ab6,beleza_saude,55.0,721.0,2.0,300.0,26.0,11.0,15.0
c0c73d7ad5469efc6d40000a75eeee76,perfumaria,36.0,811.0,1.0,450.0,30.0,15.0,15.0
42c28e0e09e582dfd979242c53111e6e,automotivo,50.0,117.0,1.0,100.0,16.0,10.0,15.0
b5b5a82ce5f1987b7e670f37629be51b,beleza_saude,56.0,960.0,1.0,1000.0,16.0,2.0,11.0
76fab799e52e98680a1aae62daef914f,eletrodomesticos_2,41.0,994.0,1.0,25900.0,48.0,46.0,65.0
2661ef1d31888c2ecf2c878d1c85545f,malas_acessorios,45.0,224.0,1.0,800.0,46.0,10.0,32.0
72fd27ef586cb111f4a1364a61734a6c,brinquedos,48.0,551.0,2.0,225.0,22.0,14.0,15.0
8e48c45980a3fee42f12f7986a4b68d5,automotivo,56.0,1498.0,4.0,2250.0,56.0,69.0,12.0
8f6830779a08a96560ec9f10e13d8fc8,bebes,32.0,728.0,4.0,250.0,18.0,4.0,14.0
489b5af4a311587c81ed419dced92dba,moveis_decoracao,53.0,903.0,3.0,600.0,16.0,16.0,16.0
98e91d0f32954dcd8505875bb2b42cdb,climatizacao,26.0,1445.0,1.0,1132.0,33.0,39.0,20.0
a3e5f9cbee551f620eb3c85fed57c5f8,moveis_decoracao,52.0,1708.0,3.0,500.0,68.0,8.0,13.0
48fed1b321d23ca8ba0752b138e7fbe5,cama_mesa_banho,53.0,212.0,1.0,1275.0,39.0,14.0,29.0
bacf2de8920bbcaf6f005a30d81391d2,perfumaria,54.0,389.0,1.0,481.0,21.0,14.0,19.0
87ac7e3e844a79b97f7b98cecfbc69db,fashion_roupa_feminina,33.0,172.0,4.0,500.0,20.0,5.0,20.0
8c881951778b843dd2567fe997812ded,cama_mesa_banho,52.0,318.0,1.0,804.0,34.0,5.0,33.0
d428453f5428574ccf030518d30d13cd,sinalizacao_e_seguranca,50.0,1252.0,7.0,300.0,34.0,4.0,21.0
aeaba104830f91586dae1bff90f54a8a,esporte_lazer,49.0,169.0,1.0,1250.0,41.0,24.0,11.0
db8ed3d08891d16a2438a67ab3acb740,cama_mesa_banho,62.0,702.0,1.0,2700.0,42.0,11.0,36.0
e343a7fbf868e28cb3f80ef0f6d9300c,utilidades_domesticas,46.0,423.0,1.0,1950.0,40.0,20.0,32.0
c50db74048e3d2e0d3d6dc83e1f92d02,cama_mesa_banho,55.0,847.0,1.0,5600.0,39.0,25.0,45.0
b6bdb28b376292b83135644ff8d4d6a2,cama_mesa_banho,60.0,265.0,1.0,2200.0,34.0,7.0,32.0
6badcb10ad09ebf25ab2e97fc1b95b1b,ferramentas_jardim,60.0,2064.0,4.0,4300.0,50.0,10.0,34.0
f4be3cfe721d891dab8f4025132fe7c5,cama_mesa_banho,36.0,331.0,1.0,700.0,27.0,12.0,22.0
43dab0384fdbf917781e1b91109bf3df,brinquedos,33.0,698.0,2.0,400.0,18.0,21.0,13.0
c0047dd512738c1a067099c37b78f627,bebes,49.0,931.0,1.0,200.0,16.0,5.0,11.0
cbdb31ccb8741d52e26bf2a42c1648d1,utilidades_domesticas,28.0,354.0,1.0,2300.0,50.0,11.0,50.0
b07499163c612b591ce1621452672e69,informatica_acessorios,36.0,240.0,1.0,1125.0,27.0,16.0,20.0
ab9cf155f8280c3739b09fe341a185e8,telefonia,59.0,409.0,1.0,225.0,18.0,4.0,12.0
71cb198fc9db8f9015998870441d9ef3,beleza_saude,54.0,230.0,1.0,350.0,22.0,16.0,16.0
1f4183ec3278c69b1237f900c701b762,malas_acessorios,46.0,748.0,4.0,2800.0,36.0,34.0,27.0
4e064cdbe4079c84a33181a96cf5609b,relogios_presentes,59.0,110.0,3.0,200.0,16.0,2.0,11.0
6848854ba286220d5450296fa28f9099,moveis_decoracao,55.0,1108.0,1.0,2000.0,28.0,38.0,11.0
d92cda0cc0ce2758750a52b1a1dad05d,consoles_games,56.0,805.0,2.0,1000.0,20.0,30.0,20.0
22bd45d50bed841763d6f7f58cb7b6ac,perfumaria,54.0,956.0,1.0,50.0,16.0,5.0,11.0
ac6c3623068f30de03045865e4e10089,ferramentas_jardim,59.0,409.0,1.0,3750.0,35.0,40.0,30.0
0cf2faf9749f53924cea652a09d8e327,construcao_ferramentas_construcao,59.0,338.0,1.0,1200.0,20.0,8.0,20.0
812caec8528c1f3b1bed583530023cb5,cama_mesa_banho,47.0,228.0,1.0,950.0,49.0,6.0,39.0
e60929757cfd605adb6061bc68412253,beleza_saude,60.0,2966.0,1.0,850.0,16.0,30.0,18.0
f4f4debbcfcafe6858d1e37a1f6e436e,moveis_escritorio,33.0,1190.0,1.0,13867.0,101.0,8.0,57.0
c760b9447b368feb545ae8c568e4c94f,eletroportateis,52.0,380.0,2.0,1950.0,26.0,30.0,25.0
951098957e7871bfeab769de5e3871a8,relogios_presentes,28.0,321.0,1.0,800.0,22.0,14.0,13.0
027cdd14a677a5834bc67a9789db5021,perfumaria,42.0,544.0,1.0,341.0,20.0,18.0,16.0
b75a056d7d03227c3a3b60e9ccf518c9,automotivo,60.0,1259.0,2.0,450.0,20.0,9.0,14.0
f16e5b7883c1349e57bc5e92ba9e0d96,moveis_decoracao,39.0,94.0,5.0,350.0,16.0,5.0,20.0
cc2232dbef2c9fca23f4c7f6a19a42e3,eletroportateis,63.0,587.0,3.0,300.0,21.0,11.0,17.0
d9d319caa9e0b2993d581f53f036ba72,esporte_lazer,39.0,627.0,1.0,500.0,22.0,18.0,18.0
8e7a3ee016b12c87b5e3e7e717620758,industria_comercio_e_negocios,56.0,2083.0,4.0,850.0,40.0,30.0,30.0
3a85491e291016cb452b9b8e78c30ddb,construcao_ferramentas_jardim,58.0,1154.0,1.0,2600.0,55.0,29.0,17.0
ad7c531c2001111873dcfed9d8317439,cool_stuff,33.0,895.0,1.0,1000.0,42.0,25.0,15.0
541ff1bb76a9502be425895dc6726d1b,fashion_bolsas_e_acessorios,53.0,384.0,1.0,50.0,16.0,3.0,12.0
734b90405c30810d3c6d8029d503f4eb,moveis_decoracao,48.0,485.0,1.0,300.0,35.0,5.0,25.0
3663ccbce96bbbea6b1b38558b5356a0,instrumentos_musicais,41.0,405.0,2.0,7050.0,66.0,17.0,36.0
8b5227e28272123eefd613a10ffd7704,relogios_presentes,51.0,404.0,3.0,820.0,18.0,12.0,16.0
c5b72065154ec27c2d1ed8a654c3348f,relogios_presentes,36.0,1116.0,1.0,416.0,18.0,9.0,13.0
f4a9b2ee7355882bd41e1bf5126cf56a,fashion_bolsas_e_acessorios,53.0,768.0,1.0,200.0,16.0,2.0,11.0
30ac6df06dc59ad72cf2f158fc2d904c,utilidades_domesticas,53.0,1034.0,2.0,16550.0,22.0,65.0,40.0
4bc15899b2cd7ade6db2fb0a5188cd24,cama_mesa_banho,49.0,82.0,1.0,400.0,40.0,5.0,25.0
f2d649f157cebee085ed738f23d5d6b7,bebes,42.0,596.0,1.0,350.0,32.0,9.0,16.0
3a7553224e54d216c4a65c85f2d04deb,casa_conforto,58.0,407.0,1.0,9475.0,53.0,30.0,38.0
4eda54569384f6cbe0511828fc574fb0,bebes,57.0,262.0,1.0,6825.0,30.0,63.0,20.0
ee3cfb33869693f2a7e8417c795d8cfc,perfumaria,46.0,368.0,1.0,350.0,20.0,10.0,11.0
68f3adaef1620e7b0c4c7cd9f78d7ed0,instrumentos_musicais,50.0,1163.0,2.0,1203.0,30.0,10.0,16.0
a662d99595c3b6054702480cb7382afe,fashion_underwear_e_moda_praia,52.0,624.0,1.0,200.0,42.0,4.0,14.0
67c4868694e75a87d7d0417c14fc26a3,,,,,400.0,16.0,16.0,13.0
a72209f6ea270769cecf0ed4168d3893,brinquedos,44.0,603.0,4.0,400.0,30.0,20.0,20.0
f522bb1400b17373f48c625ccdcb3a13,ferramentas_jardim,43.0,396.0,1.0,11600.0,37.0,26.0,20.0
af53bbaeee1f3190c2ff939fc236b6f5,beleza_saude,47.0,770.0,1.0,350.0,19.0,12.0,13.0
ba34539b92ec1baa3a9c108b81cd8344,esporte_lazer,47.0,1634.0,1.0,650.0,16.0,10.0,11.0
5b99f79ba0d929b0f3270ab0f0f5911f,bebidas,24.0,30.0,1.0,1400.0,16.0,33.0,18.0
6cbd4637b69fff7d983bb1a757febf71,perfumaria,49.0,696.0,2.0,254.0,19.0,15.0,18.0
83a1778b0d5b20c0724c97e35f083082,brinquedos,55.0,460.0,1.0,1100.0,43.0,6.0,30.0
cfc8376b91d04c43d4431abcf28d51bc,esporte_lazer,37.0,262.0,3.0,300.0,22.0,6.0,12.0
2f48e99df2052ce8a7d14855ea40e838,cama_mesa_banho,48.0,392.0,1.0,1150.0,35.0,10.0,35.0
b05eda1aa0322626a26b40fe913ebfc5,telefonia,51.0,1257.0,1.0,75.0,19.0,5.0,11.0
1dc7685f4fdb9622d84ae2ec658d5bbf,informatica_acessorios,54.0,292.0,1.0,1025.0,27.0,13.0,19.0
ae52b85c8712696950e9287398316251,construcao_ferramentas_construcao,55.0,414.0,2.0,1175.0,28.0,28.0,28.0
a3ceb95649a48c0c54ae4bd1dd66d035,telefonia,56.0,279.0,2.0,170.0,23.0,5.0,16.0
2d760d94cb67db3551e9a01ceb060161,informatica_acessorios,43.0,1276.0,1.0,1183.0,59.0,10.0,15.0
c22d563bae38dd4598dc104eefa52224,moveis_decoracao,60.0,430.0,1.0,300.0,40.0,10.0,30.0
80d2404aa74015aa6cd21863642295f7,bebes,48.0,704.0,3.0,5700.0,60.0,20.0,50.0
fa928ac86f42e63887184bc28cb452fc,fashion_bolsas_e_acessorios,59.0,1469.0,3.0,150.0,25.0,8.0,18.0
b370dd237db6a8a0bd74a6da9e367a80,cama_mesa_banho,58.0,387.0,2.0,2150.0,38.0,9.0,27.0
0c0fa42ae97a4bffaa0eb85df580be3b,relogios_presentes,47.0,165.0,1.0,250.0,18.0,13.0,14.0
7be620cd314ce6460033ba9017be7a7f,brinquedos,55.0,428.0,3.0,1238.0,32.0,35.0,17.0
4e83195accfb3316528acc16d754fdb1,cama_mesa_banho,60.0,144.0,2.0,3500.0,34.0,20.0,41.0
d8c83b90d022e897454430e70afdc5d3,automotivo,57.0,846.0,4.0,1525.0,68.0,9.0,35.0
d7d5562fce331ad958ca6f57057b3526,cool_stuff,33.0,910.0,1.0,700.0,42.0,25.0,15.0
85e8e8aad6ad12d67c21300379760196,ferramentas_jardim,56.0,1602.0,4.0,6050.0,54.0,48.0,28.0
891f85176bb33d23b19f1cc30eb2660f,audio,32.0,469.0,1.0,2000.0,31.0,31.0,31.0
810cfa5dd36b001cfc186499381f72ab,moveis_decoracao,60.0,1971.0,2.0,650.0,60.0,7.0,14.0
93b513d693c7e922381d6aec80dfb639,esporte_lazer,58.0,1715.0,5.0,1550.0,40.0,20.0,20.0
02c575cb5b29a173624c93f01786440b,informatica_acessorios,46.0,279.0,5.0,200.0,21.0,7.0,14.0
b80921007ed3f68cf6e536e6daf08610,telefonia,58.0,751.0,4.0,300.0,17.0,4.0,12.0
94950d6ddd0b24c0d15f7f09d61a8148,cama_mesa_banho,56.0,1070.0,2.0,2500.0,45.0,20.0,35.0
05d80513da078badb81a5f232e489376,cama_mesa_banho,55.0,867.0,1.0,1100.0,20.0,16.0,20.0
568c923625669145cc9a644856fccd14,fashion_bolsas_e_acessorios,22.0,233.0,3.0,150.0,18.0,9.0,11.0
378f61e89b6c50bd26a0a74c6ca046f0,moveis_decoracao,55.0,1472.0,3.0,1000.0,53.0,8.0,11.0
e0cf79767c5b016251fe139915c59a26,beleza_saude,55.0,388.0,1.0,250.0,16.0,5.0,15.0
fcffe8b68efdfe24c139e44753dc505e,cool_stuff,52.0,998.0,1.0,2600.0,42.0,25.0,15.0
e5f3a09149ee7db697907f61e7366267,livros_interesse_geral,60.0,606.0,1.0,300.0,30.0,2.0,25.0
15d8ac236009f0d5e74a5033a53ba460,pet_shop,60.0,2582.0,3.0,7150.0,35.0,35.0,35.0
a14f93c69d3e0d7482819dd023a1d2cd,informatica_acessorios,57.0,100.0,2.0,350.0,32.0,5.0,16.0
548ace38f22cc53db6f049c551d31397,ferramentas_jardim,54.0,413.0,2.0,850.0,24.0,13.0,18.0
b99e4f4fa3f421e0ffbd512d9f152dec,eletronicos,52.0,240.0,1.0,1050.0,22.0,9.0,12.0
e61c78a7343d82c0539d27df0f7dfc31,cama_mesa_banho,60.0,268.0,1.0,2700.0,41.0,8.0,36.0
652698dafbccac29d78c7ba70dceef10,cool_stuff,44.0,2413.0,1.0,300.0,16.0,19.0,15.0
a14aea6067b93158e956612c50b74cfa,,,,,12900.0,50.0,30.0,30.0
e0ce26ae52c9ab0b8c8e42129d6c1996,moveis_decoracao,56.0,297.0,2.0,1050.0,100.0,5.0,11.0
09e9d1c1a370af902b1b7175400021ee,automotivo,56.0,1040.0,1.0,150.0,16.0,11.0,11.0
1b43b0a6105ffaa6dae01356daec2657,beleza_saude,57.0,1534.0,1.0,1025.0,30.0,18.0,20.0
fb949f35bd1873f846cb7246d9db81b0,moveis_decoracao,57.0,258.0,4.0,600.0,18.0,14.0,15.0
cb074bc171407ab2a90167782076e919,casa_construcao,57.0,904.0,5.0,500.0,17.0,26.0,17.0
f95f8434a1ff4885362c44d9d8526579,papelaria,53.0,206.0,1.0,500.0,19.0,49.0,39.0
32ce8729ae3e7d91243934373ab532ec,ferramentas_jardim,55.0,199.0,1.0,850.0,34.0,3.0,15.0
fdb0400657b935e026dc0521ba81c3d2,automotivo,49.0,282.0,1.0,150.0,16.0,10.0,16.0
6d8096ca93caea3416a6b24bf411bc86,relogios_presentes,53.0,593.0,2.0,250.0,16.0,11.0,20.0
6a2909ac21d16b721e4795e7e8ff3e68,esporte_lazer,53.0,618.0,1.0,283.0,24.0,23.0,20.0
0b7142355a981ed9a8ba988a0b613dce,automotivo,57.0,868.0,2.0,1100.0,26.0,42.0,18.0
143f3709e0b16bb2f1f5737e74ec15bc,telefonia,33.0,730.0,1.0,500.0,17.0,19.0,14.0
785365b9ad25d832bdde56f305159fdb,cama_mesa_banho,46.0,338.0,1.0,900.0,32.0,14.0,27.0
4520766ec412348b8d4caa5e8a18c464,automotivo,59.0,956.0,1.0,50.0,16.0,16.0,17.0
77cc62dc80ebe12a0452d1ce0565acdc,esporte_lazer,45.0,2950.0,1.0,1625.0,29.0,21.0,21.0
27a7e832bcfcd69ff687d611c3e79cbd,perfumaria,56.0,661.0,2.0,600.0,43.0,16.0,27.0
3986c6e32f39114eff1ded07f1cb16fb,industria_comercio_e_negocios,56.0,220.0,2.0,413.0,16.0,12.0,14.0
0aed9d548c366ad8058084c1de5100c5,fashion_bolsas_e_acessorios,32.0,408.0,3.0,125.0,18.0,17.0,12.0
42ec84ace63b58b8c5a7ba7be01d5fb8,cool_stuff,52.0,1732.0,10.0,2550.0,24.0,23.0,27.0
8a551a6371de62f6f595bb25c473b877,beleza_saude,34.0,1049.0,1.0,1150.0,19.0,15.0,14.0
76eb799b655cf6ad3354a092e11246dd,informatica_acessorios,33.0,170.0,2.0,238.0,17.0,9.0,15.0
dac8681a7a366f747f42546e4922ad41,bebes,46.0,487.0,1.0,15800.0,62.0,47.0,32.0
1a37e7d1d8e98b3d70e6eb7d5deee99c,moveis_decoracao,8.0,433.0,1.0,2750.0,25.0,26.0,18.0
096b00d9037146606b19d614cd67ab65,beleza_saude,56.0,406.0,4.0,100.0,16.0,5.0,11.0
1cdc69add3346845cb008e938c7db9e0,esporte_lazer,43.0,493.0,1.0,1417.0,19.0,19.0,19.0
78540167bc14d4024b1aae7adfa2f7c9,beleza_saude,46.0,1290.0,1.0,350.0,19.0,12.0,13.0
f71a7c95a86564873cd996896b2976f6,informatica_acessorios,60.0,1201.0,5.0,900.0,28.0,29.0,12.0
dd66beca916c169c2a77e40ae2858623,cama_mesa_banho,62.0,313.0,1.0,3300.0,40.0,15.0,35.0
8f73613d06e3a557da0249015cbae6b6,moveis_escritorio,54.0,1084.0,1.0,30000.0,48.0,45.0,56.0
35ad08ea141acf7c484c97075944610f,perfumaria,41.0,402.0,1.0,225.0,16.0,11.0,11.0
57e089e3103f5cda6a4ce23b77399bdb,bebes,18.0,1194.0,4.0,650.0,20.0,8.0,14.0
632921e8d6c6b23ae47ff20950a56854,cama_mesa_banho,50.0,506.0,1.0,25.0,45.0,18.0,35.0
f337ef897cbb898bf66be49d94c0bba8,cama_mesa_banho,55.0,844.0,1.0,900.0,25.0,5.0,25.0
01a5038835acf17f141c7247956b72d6,cama_mesa_banho,54.0,235.0,1.0,1350.0,34.0,7.0,32.0
df892547f0d5bb0c35cf26abc8e93d8d,fashion_bolsas_e_acessorios,41.0,805.0,1.0,100.0,17.0,3.0,12.0
f8ea5fcf9c628485e01b9c3cf52728c2,moveis_decoracao,49.0,868.0,2.0,1200.0,40.0,8.0,40.0
879089af9bd91cf72a7154b3be3e1074,esporte_lazer,56.0,752.0,2.0,200.0,16.0,10.0,11.0
ea058d00059bd1470770129498200d05,bebidas,43.0,820.0,2.0,175.0,20.0,15.0,15.0
bd07b66896d6f1494f5b86251848ced7,moveis_escritorio,55.0,955.0,1.0,8267.0,52.0,52.0,17.0
70e4915197d6c96ebbed11364d8ce3bd,automotivo,55.0,1408.0,1.0,800.0,25.0,25.0,25.0
902f869d68a62356e8f9d054ad5e9072,cama_mesa_banho,60.0,664.0,1.0,3400.0,34.0,8.0,38.0
ee57070aa3b24a06fdd0e02efd2d757d,informatica_acessorios,55.0,937.0,1.0,107.0,19.0,13.0,13.0
df480c7d3f979093ac4c2d1109e78289,relogios_presentes,33.0,616.0,3.0,475.0,19.0,15.0,15.0
883cea107372a7f07b5830904f74952d,utilidades_domesticas,53.0,220.0,1.0,1125.0,36.0,43.0,36.0
b2fbf8beb178c391c49d80fa8c4435b6,livros_interesse_geral,52.0,951.0,1.0,700.0,25.0,15.0,20.0
57a2ee969286488b5437acce27b74259,fashion_bolsas_e_acessorios,45.0,429.0,2.0,100.0,16.0,8.0,11.0
ccd42132afae2f1f5bfd5e27549c6ece,esporte_lazer,59.0,756.0,3.0,500.0,50.0,5.0,30.0
a9490f0e069790ddb7d8e7935ea3584a,moveis_decoracao,58.0,1472.0,4.0,3000.0,53.0,8.0,11.0
add32d15ff7c76396b982686227d9553,relogios_presentes,44.0,654.0,2.0,500.0,23.0,15.0,19.0
d12ad7f92749db41296a64e02c0bd5c8,eletronicos,45.0,544.0,1.0,190.0,22.0,12.0,16.0
80033c8e73f5b367b3809549337f0122,esporte_lazer,58.0,379.0,1.0,1800.0,20.0,31.0,16.0
a8075470f960215ffb67624782f80fec,ferramentas_jardim,60.0,361.0,4.0,2900.0,67.0,3.0,31.0
eac79e5169f7190fc60b25f3e9bf21d7,pet_shop,49.0,1270.0,3.0,6000.0,51.0,26.0,26.0
50e9e70a21b874311949e3db8ace597d,beleza_saude,50.0,464.0,1.0,694.0,17.0,12.0,14.0
70c09a6d537cf2d213fe0169db7d209f,esporte_lazer,57.0,1101.0,4.0,1250.0,33.0,30.0,21.0
2ff17002562478fb03cd44f09e7ca51a,relogios_presentes,52.0,529.0,1.0,283.0,18.0,14.0,14.0
f32f6e5a56335f914976e4ad65731520,utilidades_domesticas,60.0,436.0,5.0,11800.0,45.0,28.0,45.0
b47f5cf2e99655cfc404520cb7553e2a,market_place,47.0,508.0,6.0,150.0,20.0,50.0,35.0
46ecee6884bec6bffc7e5cea0ef7aecb,casa_construcao,58.0,465.0,2.0,650.0,16.0,11.0,16.0
a4f6f1f22e3d5cae41187879ded62616,cama_mesa_banho,46.0,352.0,2.0,500.0,50.0,11.0,11.0
e1608f467393da59b31f1b40b536548d,perfumaria,60.0,236.0,1.0,478.0,19.0,16.0,19.0
05d3d52aea100aa2f887fd940991f040,beleza_saude,25.0,2653.0,2.0,500.0,16.0,2.0,11.0
90e72f6ceee757db03bba3a4eaef5dc4,automotivo,60.0,1063.0,6.0,7450.0,53.0,43.0,11.0
10be5827cbcb06a81f220d46dafd0af0,beleza_saude,54.0,1281.0,1.0,375.0,16.0,3.0,11.0
d88d2f4938825da4771d7972d76c5da7,esporte_lazer,43.0,318.0,1.0,30000.0,25.0,96.0,79.0
78819ab10b4a44927c832a21c06849e0,informatica_acessorios,53.0,3330.0,3.0,1100.0,28.0,10.0,20.0
e7bbc0d43d1f5cb09bab95b664236633,informatica_acessorios,38.0,716.0,3.0,833.0,19.0,12.0,17.0
7814c273ab16783d73a9863ebfa8b141,moveis_decoracao,51.0,756.0,1.0,12250.0,45.0,35.0,45.0
8ce5f222608f6e18ea3b7acb84313c6b,cama_mesa_banho,56.0,150.0,2.0,1400.0,47.0,21.0,41.0
5ac4f7986643a944501c66a2257bdd73,moveis_decoracao,45.0,920.0,1.0,600.0,17.0,17.0,17.0
9b968712a8768d8e23318f73476af1a3,bebes,51.0,524.0,1.0,850.0,23.0,14.0,28.0
ad938d3b79856582ace5b311ab864826,moveis_decoracao,50.0,440.0,1.0,1500.0,42.0,10.0,32.0
0ab20af8197d84bc8831765be67b4cc6,bebes,51.0,872.0,2.0,11100.0,38.0,47.0,44.0
cb03e4f0503f45854e87afe535e0681d,ferramentas_jardim,51.0,720.0,1.0,9150.0,33.0,8.0,33.0
609b1b50202d276e56b2468006fa82aa,cama_mesa_banho,60.0,678.0,1.0,1075.0,29.0,27.0,18.0
e934947ca6b64f5a6d864e21dca13b73,cama_mesa_banho,28.0,378.0,2.0,900.0,41.0,8.0,24.0
56ed53afb0d6ef2c843df74a4c1b573e,construcao_ferramentas_construcao,57.0,1630.0,2.0,5850.0,21.0,14.0,18.0
625dac8156b3157351e7257305148f3f,telefonia,54.0,935.0,1.0,175.0,18.0,12.0,17.0
908a8949fc2615cde40d1568d16aa6ca,esporte_lazer,54.0,789.0,4.0,900.0,35.0,10.0,35.0
fd4269ef0b64a4ef82eb098107665158,informatica_acessorios,44.0,237.0,1.0,1666.0,25.0,26.0,24.0
37dcce9d511e9729330ad4d80de13cfa,fashion_bolsas_e_acessorios,52.0,731.0,1.0,100.0,16.0,2.0,20.0
e254150e5ad257907453bd5520208c74,utilidades_domesticas,37.0,587.0,3.0,300.0,40.0,5.0,40.0
17552c3e04bda2b08ac85c9c55137dc3,eletronicos,51.0,1290.0,3.0,200.0,16.0,4.0,11.0
18f968379c4898b794fcf83f317ba60e,malas_acessorios,56.0,2126.0,6.0,4300.0,30.0,55.0,40.0
a1b35ee994b8c571119976c30aa07efe,beleza_saude,56.0,915.0,1.0,200.0,18.0,9.0,12.0
d0fe4295267f15ccaceac4fb233d8c9a,informatica_acessorios,52.0,398.0,1.0,350.0,20.0,2.0,26.0
99a4788cb24856965c36a24e339b6058,cama_mesa_banho,54.0,245.0,1.0,1383.0,50.0,10.0,40.0
fdba6f37e0258dbca54eb0ed8b293ae0,bebes,10.0,1162.0,2.0,600.0,20.0,8.0,14.0
b55d740a9c9a5e4b9d681828a82d28bc,automotivo,58.0,585.0,3.0,750.0,60.0,8.0,33.0
4376da457a3d2de22a9a615196ab5ba4,construcao_ferramentas_jardim,38.0,774.0,1.0,3275.0,21.0,16.0,21.0
cebed2cb3b44b298e374ec88155024f6,fashion_bolsas_e_acessorios,42.0,353.0,1.0,250.0,16.0,2.0,11.0
89e30d3452ed2e7f8d86803da7954f05,relogios_presentes,51.0,449.0,2.0,300.0,16.0,11.0,11.0
0c90f0cece2b9c521af7c85ace4794be,moveis_decoracao,41.0,411.0,1.0,4800.0,62.0,6.0,62.0
97df7b55f088f5c0c6d785d20a433d55,papelaria,54.0,307.0,2.0,4900.0,22.0,50.0,30.0
0c4d0a08f95c7b7dc5dc7402bfdafd4c,informatica_acessorios,49.0,409.0,3.0,300.0,16.0,6.0,17.0
e5b5b0c0e066fb53258fce3eace774f7,audio,36.0,310.0,1.0,290.0,19.0,16.0,18.0
ba4614e1cda7783e5c08d4372080d8b2,automotivo,58.0,679.0,5.0,5600.0,78.0,4.0,47.0
774ad2570c29b52d50433d7bb89273e7,eletrodomesticos,58.0,174.0,1.0,100.0,18.0,8.0,13.0
5b75bff143600c85dd1fe69b7055982b,beleza_saude,48.0,1674.0,2.0,350.0,30.0,5.0,12.0
e0bb3159111d86828b5caef8725ff055,utilidades_domesticas,63.0,103.0,1.0,2500.0,30.0,6.0,30.0
418d480693f2f01e9cf4568db0346d28,cool_stuff,48.0,330.0,1.0,1950.0,33.0,44.0,19.0
f3ead0dbcae5b065731b183396c1da2f,papelaria,32.0,281.0,3.0,400.0,25.0,11.0,14.0
4c65515115c33a1c4c21e9b40f85942d,informatica_acessorios,38.0,498.0,1.0,150.0,18.0,8.0,16.0
5a0c21ad6b82a1b61856e48ec959764d,perfumaria,57.0,1424.0,1.0,100.0,18.0,10.0,13.0
88ab3ce1ded665150c5cd6adcc5287e0,cama_mesa_banho,53.0,356.0,2.0,400.0,60.0,8.0,50.0
5e864d9858dc9a7b55f937ed8998ffe8,brinquedos,55.0,1035.0,2.0,1100.0,53.0,9.0,32.0
86133a7d6682fcb51debce06e6514f93,cool_stuff,52.0,394.0,1.0,5000.0,40.0,27.0,37.0
58f82cc5bebd588e5cde0b3a89059da6,informatica_acessorios,51.0,559.0,3.0,250.0,16.0,4.0,19.0
4b44730a7923e3c19eb67f1c8bfa1c39,malas_acessorios,39.0,357.0,3.0,550.0,32.0,42.0,12.0
d9d4c1378e3c6564f55c02bec84e8f2f,moveis_decoracao,59.0,2262.0,4.0,500.0,65.0,8.0,13.0
1f2b62e693c588aef7be1f457137b15e,moveis_decoracao,58.0,2276.0,2.0,3000.0,69.0,11.0,11.0
f09df9cb1beab8b8d5aacb6a51934d13,ferramentas_jardim,48.0,369.0,2.0,360.0,21.0,8.0,14.0
c5841303f830680eb1cdda8be0ff35bf,papelaria,33.0,691.0,2.0,250.0,27.0,3.0,11.0
83b00325c13c44245b2c3a2befa62a0e,bebes,56.0,621.0,1.0,10700.0,40.0,40.0,40.0
02fb2d61da1247bf732360ea76b16240,malas_acessorios,49.0,824.0,1.0,850.0,19.0,51.0,34.0
294d41c2e68c3452a16c269c5a969537,perfumaria,57.0,1010.0,1.0,550.0,22.0,16.0,16.0
401b5632c06c51319df083f1245a96ca,audio,51.0,207.0,1.0,300.0,16.0,20.0,16.0
e0e2e29a516b06947e388d20aa7bf7a6,cama_mesa_banho,58.0,1139.0,3.0,3700.0,40.0,15.0,40.0
23227b07fc69250d2fa4be6602011aea,cama_mesa_banho,46.0,171.0,2.0,1250.0,45.0,10.0,15.0
c4ca2da40ac17c4b52688ff9a7c041b8,fashion_bolsas_e_acessorios,34.0,132.0,3.0,50.0,17.0,4.0,13.0
9a075ce513162a3fb49c28aa1b6be52a,relogios_presentes,43.0,528.0,1.0,450.0,20.0,11.0,15.0
5a6b04657a4c5ee34285d1e4619a96b4,beleza_saude,34.0,1036.0,1.0,1000.0,16.0,16.0,16.0
5b7692c4f3cff85f88ad6255269c696c,cama_mesa_banho,55.0,704.0,1.0,1650.0,40.0,15.0,32.0
0603d2d85bcc46beb11bd247870c4841,cama_mesa_banho,30.0,66.0,1.0,1450.0,55.0,14.0,43.0
e0eb83f5cf9560ca3b976eea5dcfdfde,ferramentas_jardim,55.0,258.0,1.0,900.0,32.0,13.0,17.0
b18040a8b795afd0802abd9c3755ea64,esporte_lazer,41.0,979.0,8.0,7000.0,90.0,20.0,25.0
f6abeebe478d565e5e58a5fad0fa60b4,informatica_acessorios,56.0,537.0,2.0,945.0,25.0,14.0,33.0
2f0f230a6d1c2189c346d0992df870fa,cama_mesa_banho,60.0,607.0,1.0,6550.0,30.0,30.0,30.0
fc5888c7df7361d2582b2fd195a827eb,cama_mesa_banho,51.0,302.0,2.0,850.0,37.0,23.0,35.0
54860a1533edf6c65d974441713ead8e,beleza_saude,52.0,1635.0,1.0,200.0,16.0,13.0,13.0
fdde5bfe43004cc06f12152870b951f4,perfumaria,37.0,1470.0,2.0,475.0,20.0,16.0,16.0
7d88b5bdd4a526aef4368cc593209f42,construcao_ferramentas_construcao,50.0,177.0,1.0,617.0,21.0,10.0,21.0
c62bc42d383a40b285eee3f95240c817,cama_mesa_banho,56.0,2536.0,2.0,1800.0,43.0,8.0,33.0
89427567da9c9b075c9dca131535104d,brinquedos,45.0,111.0,3.0,550.0,50.0,10.0,25.0
9d2ff462feaaf88912539b8647e17ab4,informatica_acessorios,42.0,315.0,1.0,813.0,32.0,16.0,16.0
8a2fde854a6f41aae89ce99303a847e8,esporte_lazer,25.0,3679.0,2.0,150.0,20.0,10.0,15.0
7899001d8d8933d11d0f18ec5943f79e,,,,,1000.0,29.0,11.0,14.0
43d6624c213f21168ead351def0ad36a,automotivo,58.0,2075.0,1.0,3000.0,42.0,19.0,25.0
5457c026a643626249213e1e39c31d10,perfumaria,52.0,980.0,1.0,463.0,19.0,16.0,18.0
3a806ac1ab98107febb4ffcf38bc1fac,bebes,53.0,704.0,3.0,4750.0,60.0,20.0,50.0
b948a6dd0adccdcf3ea81888bf678924,bebes,47.0,791.0,1.0,850.0,40.0,40.0,12.0
4a37fea9a17c3cb688dc22802a698a80,cool_stuff,53.0,1187.0,4.0,1400.0,30.0,4.0,30.0
108e8b1d89ab5ff933c64882c075dcab,beleza_saude,43.0,1023.0,1.0,390.0,19.0,18.0,16.0
cdce55fb5fbe6b24f00f27364a8afde3,bebes,30.0,1219.0,1.0,1657.0,41.0,23.0,42.0
c765fb286266d05deb16689631d841e1,papelaria,53.0,251.0,2.0,700.0,37.0,6.0,29.0
f59b09413cef2d29c4399a4216bb92a9,fashion_bolsas_e_acessorios,31.0,369.0,4.0,200.0,16.0,9.0,11.0
9a1671211dbf49fd18dd1bd16cff632d,relogios_presentes,34.0,176.0,1.0,400.0,18.0,12.0,18.0
a1efabfd513c691eeb2650e5f04e5cb6,esporte_lazer,42.0,779.0,2.0,600.0,16.0,23.0,11.0
1528d0673079ce2d79d29753b800d76e,beleza_saude,58.0,790.0,4.0,800.0,20.0,7.0,20.0
cae79e3b5c787c231543fa415a20b5cc,ferramentas_jardim,36.0,2213.0,1.0,350.0,45.0,45.0,12.0
462a59e8ce95b0cb4df207fce782648c,livros_interesse_geral,37.0,1080.0,3.0,500.0,17.0,5.0,28.0
f6fa93875f4a7dac03e0a22143f4d815,cama_mesa_banho,37.0,212.0,2.0,450.0,25.0,9.0,19.0
e43443a05db61acfccaca5876b804ba7,,,,,500.0,30.0,19.0,18.0
805967bd91579942b3caac4ebcc39a54,cama_mesa_banho,37.0,167.0,2.0,400.0,25.0,9.0,19.0
67810bda0db346d0eee1ac3c6314af35,cama_mesa_banho,55.0,476.0,2.0,1650.0,48.0,8.0,39.0
9095a5b548eb913258279d5aea381643,cama_mesa_banho,52.0,634.0,4.0,1150.0,40.0,30.0,20.0
56cd306d7a869c029cd2f165e4dc928e,automotivo,58.0,341.0,3.0,150.0,24.0,2.0,17.0
0b7fb806fe0194cc7eb473329c680e34,,,,,1000.0,28.0,11.0,28.0
ee9d3ff88f7800b3144967778bb000de,cama_mesa_banho,59.0,765.0,1.0,1150.0,25.0,17.0,35.0
ce5a5a85a0704113bd7fd75b3fbaed71,cama_mesa_banho,30.0,115.0,1.0,733.0,19.0,12.0,18.0
9fe172fa8e662ca8572cf12abf8bce23,fashion_bolsas_e_acessorios,36.0,412.0,5.0,150.0,16.0,5.0,20.0
f288cae3916218ec01f708d093b29d4f,ferramentas_jardim,59.0,557.0,5.0,150.0,20.0,5.0,15.0
635c4d1abbc47f87a51cec367caeccdf,fashion_bolsas_e_acessorios,52.0,566.0,1.0,100.0,22.0,2.0,19.0
c63ea4621680c1b0fca8864c0564bd78,informatica_acessorios,57.0,918.0,1.0,625.0,25.0,8.0,23.0
4ba4b0ac2133ce048ceedc2355bec253,moveis_sala,52.0,848.0,2.0,10550.0,60.0,15.0,45.0
8a26f391ab8b209f67d87dd358f6f004,,,,,2200.0,24.0,28.0,24.0
72d3bf1d3a790f8874096fcf860e3eff,brinquedos,57.0,341.0,2.0,583.0,20.0,21.0,20.0
e9ceb9123d3103b7ad293c168dd3a547,cama_mesa_banho,46.0,333.0,1.0,6410.0,50.0,26.0,44.0
b516bcd976124fe39effaa262a2d295c,informatica_acessorios,44.0,648.0,3.0,217.0,35.0,7.0,29.0
bc072f287b475a918c00b3478d1bcef9,automotivo,55.0,3479.0,4.0,2500.0,21.0,18.0,16.0
3c025396e63ff6925a3b68781e8b3456,instrumentos_musicais,50.0,364.0,3.0,100.0,16.0,9.0,11.0
a7216be504e1ff211b67479ab193a552,utilidades_domesticas,42.0,886.0,3.0,5200.0,50.0,23.0,27.0
3631b85819ccd66432f8e4b5fb568cf2,utilidades_domesticas,33.0,311.0,3.0,150.0,16.0,9.0,11.0
c224f464aeeb2c6af33f0682a181efa7,utilidades_domesticas,60.0,1809.0,1.0,12600.0,16.0,2.0,11.0
f2d362fbb792bbe0233ab254111eca4e,beleza_saude,42.0,811.0,2.0,800.0,34.0,15.0,38.0
45d632f44d8cf0d14da29f0bb204524c,moveis_decoracao,22.0,1730.0,2.0,1000.0,16.0,31.0,16.0
5f315c482ee138f3766f5a9169f16ba6,relogios_presentes,51.0,499.0,1.0,250.0,16.0,11.0,11.0
7b1f8f93b6f8c691bb739451774f07b0,automotivo,52.0,1009.0,1.0,600.0,20.0,20.0,20.0
f2b264b1a4602b87d64eebefc899c1d0,ferramentas_jardim,42.0,790.0,2.0,1000.0,30.0,15.0,30.0
4b5e26931a0b0d3a690a3f520329a975,esporte_lazer,57.0,1161.0,10.0,9450.0,85.0,10.0,33.0
0f370babdc8148e1dd9d4bfc3235982a,relogios_presentes,57.0,312.0,4.0,200.0,16.0,2.0,11.0
4deb009c36a910076a023947a7929201,consoles_games,51.0,936.0,2.0,157.0,17.0,8.0,13.0
300a260403e9dddec957d7f272faf20e,cama_mesa_banho,55.0,597.0,1.0,815.0,16.0,50.0,40.0
98f129cbe241892b96fca3363f2caed4,construcao_ferramentas_seguranca,59.0,2112.0,5.0,300.0,17.0,7.0,17.0
3c949f7dabf571691248f935a0063fbd,beleza_saude,49.0,787.0,2.0,150.0,20.0,10.0,20.0
994e65eb77f3501f497e7fd860b0ea9e,ferramentas_jardim,53.0,1725.0,2.0,1000.0,33.0,14.0,14.0
465b705779143ae0e43048b1a25007a1,informatica_acessorios,19.0,189.0,1.0,300.0,23.0,5.0,15.0
9c5cec867c62c0ec4674b002eb1c3e0c,eletrodomesticos,33.0,94.0,1.0,15875.0,54.0,46.0,32.0
82c3ea364e5480f335f6743ee725a921,informatica_acessorios,58.0,419.0,2.0,275.0,16.0,5.0,20.0
5ccdfc35d9cff8db4fa46b83d5712899,pet_shop,30.0,764.0,1.0,15700.0,81.0,19.0,60.0
74706845a60b5ad457b7fa501aca8b93,cool_stuff,59.0,1309.0,6.0,11000.0,40.0,40.0,40.0
54a0f3e8ca45ad0d439759eda20c864d,telefonia,59.0,2989.0,6.0,250.0,16.0,16.0,16.0
58f1f70c378b16f78eff44c7104aa772,esporte_lazer,53.0,985.0,3.0,1400.0,34.0,16.0,23.0
e47b2f2b628e82c961a82a68a4400339,portateis_casa_forno_e_cafe,59.0,3725.0,1.0,400.0,20.0,11.0,11.0
cf4f52b8f3c906f11d98e8866614f140,agro_industria_e_comercio,54.0,365.0,2.0,600.0,30.0,15.0,15.0
3cb39171fd36c50097f2dedbbe0dfe6e,automotivo,60.0,3136.0,4.0,100.0,17.0,10.0,15.0
060c584206d08377a1408fd7afc08b0f,esporte_lazer,43.0,536.0,4.0,14000.0,105.0,18.0,18.0
7970fc94b50ea49cd73d4f2910f2f5c7,moveis_decoracao,63.0,455.0,6.0,7950.0,65.0,7.0,65.0
3f865b4848677595ed67740b3330d99e,informatica_acessorios,57.0,509.0,1.0,375.0,20.0,10.0,16.0
33a8f9ff2a9a41c0c49a24d12e106151,utilidades_domesticas,56.0,493.0,4.0,350.0,20.0,8.0,13.0
de2505e32f3a22f6b80bb58d798c4ccf,papelaria,27.0,243.0,3.0,850.0,16.0,4.0,11.0
13a3c6eda5d4bac4227c158ff70f0a8e,fashion_underwear_e_moda_praia,55.0,487.0,3.0,400.0,17.0,9.0,27.0
315affd5901833621c947264eb9f2588,relogios_presentes,56.0,741.0,2.0,300.0,16.0,11.0,11.0
5d43da09d9bdd70109b2cccd41632a06,malas_acessorios,58.0,680.0,4.0,1500.0,41.0,15.0,29.0
775596b5ab8f1cb5890c7263c1c92bc4,la_cuisine,59.0,731.0,1.0,2200.0,84.0,12.0,15.0
2f07e976774b91520e17dd3b2dba73c3,climatizacao,60.0,1428.0,2.0,6750.0,59.0,17.0,37.0
76d1a1a9d21ab677a61c3ae34b1b352f,,,,,550.0,16.0,7.0,11.0
6802aa790a9a2217f0019b44973c8268,esporte_lazer,31.0,248.0,2.0,850.0,60.0,15.0,15.0
837b5c6df9ceb8a9c604e78fde0e60a2,informatica_acessorios,32.0,1074.0,2.0,250.0,39.0,2.0,30.0
6a56304794f91b7996022b7ce5337371,papelaria,42.0,157.0,1.0,3499.0,29.0,37.0,30.0
7d08c685504c66533015d5366856da12,brinquedos,53.0,346.0,1.0,400.0,25.0,15.0,30.0
3ae687254f61c1ee2d53a48299fc2cc7,automotivo,59.0,1106.0,3.0,600.0,60.0,8.0,40.0
cfc37213adcf7bc0a35084f70a312b13,instrumentos_musicais,56.0,976.0,2.0,990.0,30.0,9.0,13.0
a8aae2d57f0b7d4b495da36a2ea21385,construcao_ferramentas_jardim,58.0,373.0,1.0,3300.0,28.0,28.0,23.0
bcc8dd5518ca336cfcdbb681592df5e3,brinquedos,52.0,700.0,1.0,7400.0,60.0,18.0,40.0
013ee64977aaa6b2b25475095162e0e9,cama_mesa_banho,40.0,519.0,2.0,1350.0,45.0,10.0,55.0
dd2f30521d540d49a7f2b94cbc99a4d1,utilidades_domesticas,46.0,203.0,1.0,1150.0,19.0,22.0,19.0
d00f6c52d2730de05fb409f09ab6e732,utilidades_domesticas,53.0,167.0,1.0,2150.0,30.0,19.0,25.0
624dfd4e171c102a6b6f50a83e522019,construcao_ferramentas_construcao,57.0,388.0,1.0,1050.0,35.0,30.0,21.0
1ec597ef2aaee9e73f32a970247f3192,beleza_saude,60.0,2910.0,5.0,300.0,26.0,26.0,11.0
72dd2e7b7e10b8a4083e53c7867c1564,bebes,48.0,835.0,5.0,83.0,19.0,8.0,12.0
96530fd162c17a87b70830cc5fb0f45c,cool_stuff,32.0,431.0,2.0,200.0,24.0,4.0,18.0
0dee0be4ceb243fbbb1d185e5f08012d,informatica_acessorios,38.0,179.0,1.0,600.0,60.0,16.0,11.0
35819a9e5342bae7ad7a0016460dee25,eletronicos,48.0,476.0,1.0,150.0,24.0,8.0,12.0
1d8ff272f4ff5248bde1358ef928713f,ferramentas_jardim,55.0,252.0,1.0,900.0,30.0,20.0,35.0
a188cd985f0f3f455caaba35a00dc5ff,papelaria,58.0,474.0,3.0,1100.0,30.0,20.0,40.0
3fa16862566852fd5dcdb4c0e24c9db6,moveis_decoracao,61.0,694.0,1.0,5300.0,30.0,35.0,30.0
37e65c3560cce352429c7290f74bf7ec,bebes,56.0,1627.0,3.0,1250.0,42.0,25.0,15.0
b1631003bdbc3b1e876f83a7d851d74a,perfumaria,48.0,1003.0,4.0,350.0,18.0,11.0,20.0
37108281cfb6d9fa07baf471f27eed76,papelaria,53.0,1291.0,3.0,500.0,25.0,15.0,20.0
5073cb7b965df5f1fea32e8728782a8f,malas_acessorios,23.0,836.0,7.0,1400.0,55.0,40.0,25.0
8ac47b3ab13c68f49f10dde899674149,dvds_blu_ray,46.0,957.0,4.0,2150.0,30.0,5.0,20.0
d4670fa6cc31ee979c4cbd5904e0562a,informatica_acessorios,38.0,323.0,1.0,1050.0,32.0,12.0,20.0
937c825572d26b9e5a723527c6d625c6,cama_mesa_banho,39.0,169.0,2.0,300.0,25.0,8.0,19.0
e84bf31698e5842d605c5aa9cfc8b02a,utilidades_domesticas,33.0,211.0,1.0,1150.0,25.0,25.0,16.0
74a92612f70f4ae7bb26ead72c53b5d3,cama_mesa_banho,53.0,245.0,1.0,800.0,45.0,15.0,35.0
c888fc3b5c58172f23548aa2bb94a8d6,utilidades_domesticas,57.0,1585.0,4.0,5375.0,29.0,31.0,41.0
d5b703c271f43f9c588a6f512a00f77e,brinquedos,27.0,531.0,4.0,150.0,16.0,7.0,20.0
7b2fc344801b7bd210743493b0cf9385,telefonia,50.0,262.0,1.0,100.0,19.0,3.0,11.0
e0c91d6c8ebefa095d644e26877e6121,pet_shop,50.0,662.0,7.0,1250.0,40.0,20.0,30.0
aef099a1948ab0d8a11c5a4b41ab3809,moveis_decoracao,47.0,453.0,2.0,700.0,20.0,15.0,20.0
8477d691ae21afadfa805681bef3a620,fashion_bolsas_e_acessorios,29.0,354.0,1.0,200.0,16.0,8.0,11.0
2dcbb450bd8303344a342b60610f3d22,cama_mesa_banho,47.0,684.0,1.0,1500.0,40.0,15.0,32.0
61c59ebbb2d9510287434ab66f6fc237,automotivo,60.0,695.0,6.0,6050.0,56.0,11.0,32.0
fe01b643060a6446e59f58e3021e66b3,perfumaria,40.0,659.0,2.0,1250.0,26.0,21.0,20.0
770c257cdfc072fb50ebf2bbd6696fe1,bebes,54.0,581.0,1.0,1150.0,18.0,18.0,11.0
0d5837a2580f92e18e2d1b5f7fa70c2d,utilidades_domesticas,57.0,1343.0,10.0,30000.0,60.0,70.0,60.0
f081174cf4cde1e4f75cd45b4518bbe6,relogios_presentes,54.0,373.0,2.0,191.0,17.0,15.0,14.0
f109f04ad95889f2f041a91afe3d894e,beleza_saude,47.0,189.0,1.0,2033.0,22.0,12.0,17.0
cbecf0dca7a42c56c9ad9e20c74af1fd,utilidades_domesticas,52.0,1374.0,2.0,1110.0,20.0,20.0,18.0
25830cd3f917e51e463f79c181a670ae,audio,59.0,477.0,1.0,300.0,17.0,17.0,17.0
809ab2033b8267fc321860bf0d4dbb11,moveis_decoracao,38.0,1405.0,3.0,100.0,35.0,2.0,25.0
2196663031bcde078cede855ac0b5739,esporte_lazer,43.0,1646.0,6.0,491.0,19.0,12.0,16.0
103704a4243ec0118742f6b229b029d7,esporte_lazer,46.0,1553.0,5.0,1800.0,16.0,7.0,11.0
5328338cfaa16ba10561cd970c73ca11,cool_stuff,51.0,330.0,1.0,1950.0,33.0,44.0,19.0
3a7bc7a262077b18cf16fb5333a98b00,construcao_ferramentas_ferramentas,29.0,273.0,2.0,150.0,29.0,8.0,15.0
627dce1ab24323cb7ac147cad5ac0b8c,ferramentas_jardim,54.0,283.0,1.0,1200.0,27.0,3.0,15.0
381169576b9f3c083a1c3261da161a3b,informatica_acessorios,43.0,677.0,2.0,225.0,25.0,9.0,29.0
8bef2f3e34f2cc22c908921e6e9eebee,relogios_presentes,58.0,506.0,4.0,250.0,16.0,2.0,20.0
0abc19e41fdc9d6894b8cae651619253,eletronicos,60.0,3109.0,6.0,15750.0,70.0,90.0,20.0
50b2ddbf47bd0b8eecabb404613e2a45,cama_mesa_banho,45.0,486.0,2.0,1050.0,40.0,10.0,30.0
3fb22448e11f38ac4437c25693fcac1e,moveis_escritorio,59.0,1219.0,6.0,2750.0,16.0,36.0,36.0
3ebc8cc75e312d29b5120d0cdc20bb4e,automotivo,57.0,1404.0,3.0,250.0,18.0,15.0,15.0
e69de7cd67f5bb13797a8530acd9c711,cama_mesa_banho,42.0,184.0,1.0,1600.0,45.0,15.0,35.0
f39e720d7174b473f81e8a7103e562fb,papelaria,50.0,226.0,1.0,1600.0,18.0,40.0,30.0
6814dd9a0fcc3213534377d08d8a24fa,cama_mesa_banho,47.0,372.0,1.0,1450.0,34.0,12.0,40.0
d339b523c298009f15d242a3a99392c7,ferramentas_jardim,51.0,2559.0,3.0,850.0,24.0,9.0,26.0
cd20f878813b93b6ad1df1b299775b0d,automotivo,59.0,872.0,2.0,1750.0,16.0,16.0,16.0
f919da4f716dc149cef4551a322001fd,moveis_decoracao,50.0,635.0,1.0,1200.0,30.0,23.0,30.0
25bf7c5e5f9d008845212122805014e5,cama_mesa_banho,51.0,121.0,1.0,300.0,40.0,4.0,30.0
34dcc2f0a890f961ee6252a1cd6ae3f2,utilidades_domesticas,59.0,1364.0,7.0,30000.0,60.0,65.0,60.0
439dee65f97bb5e70b021e1e7cf54a5e,telefonia,59.0,2124.0,6.0,100.0,18.0,7.0,16.0
561e48cdfacd14e7cfe67aa4ebd0caea,pet_shop,63.0,1538.0,2.0,650.0,21.0,18.0,20.0
852f63621d87c7e78bfc4246a251e11f,moveis_decoracao,42.0,164.0,1.0,500.0,16.0,5.0,12.0
3b0f7951038b105522c2d566b54421f7,telefonia,56.0,341.0,1.0,175.0,17.0,6.0,13.0
473795a355d29305c3ea6b156833adf5,perfumaria,36.0,605.0,2.0,100.0,20.0,20.0,20.0
68e2f443d819056e1a6b7b29729f7bb7,beleza_saude,46.0,886.0,1.0,650.0,27.0,9.0,18.0
be1c4cf8a2d2aade623eb7a646d2a0bc,cama_mesa_banho,54.0,508.0,1.0,850.0,45.0,15.0,30.0
36945ab7b40f69883323c9be517b640d,papelaria,59.0,381.0,4.0,5450.0,26.0,30.0,28.0
2669a9fe1aaf6cb29071f8f866014afc,audio,60.0,619.0,4.0,450.0,17.0,8.0,12.0
9b77a0a174a0b29b5720de6cfcc17ba9,informatica_acessorios,34.0,1080.0,2.0,200.0,41.0,2.0,29.0
39a0578866cba21bcead91f5221af2a8,fashion_calcados,34.0,240.0,12.0,200.0,29.0,7.0,16.0
8acf0061d1c7b72c3a4857db994ecc79,cama_mesa_banho,54.0,1004.0,1.0,1150.0,16.0,30.0,40.0
289eec3989226cd68c6455416caaedc5,brinquedos,42.0,1158.0,4.0,3200.0,29.0,29.0,33.0
37e6d1846b84ed781ae3af2fd42c7469,artigos_de_natal,41.0,751.0,1.0,4800.0,50.0,8.0,45.0
0b4b59f6bcaf697444a8b7b14f630b15,cama_mesa_banho,54.0,714.0,2.0,12150.0,45.0,40.0,32.0
330a8a8d810e84c45bf6fece44e082c8,informatica_acessorios,60.0,636.0,1.0,800.0,31.0,16.0,16.0
9c33575aa341a769bf00ea6e3cd12e6f,telefonia,58.0,110.0,1.0,200.0,19.0,4.0,11.0
ff01ba3d3676dd02937fd007e3f4e992,papelaria,54.0,755.0,4.0,200.0,16.0,5.0,12.0
719e28d81da534e007a853030cb8dad7,esporte_lazer,9.0,254.0,1.0,200.0,28.0,5.0,14.0
a35a9f46dcee0a67c8c7ad8493eb4135,informatica_acessorios,33.0,1084.0,2.0,200.0,41.0,2.0,29.0
c667317c8619402c91347027f2dadbce,moveis_decoracao,63.0,459.0,2.0,500.0,80.0,10.0,60.0
aceab7cb5e3cc8e531d7e0fc7c4cbffc,automotivo,51.0,840.0,1.0,3400.0,45.0,20.0,45.0
64d0feb1bcf9c7fe7b5dad3271c10910,moveis_decoracao,58.0,696.0,7.0,750.0,25.0,15.0,35.0
f516645f81debe9cff9416a20662dc43,cool_stuff,59.0,2120.0,1.0,125.0,16.0,17.0,16.0
8852d1878bd27d8e1fe4e403c2a0100d,climatizacao,58.0,793.0,1.0,6867.0,39.0,48.0,42.0
8097e6d8de77768d9f72295263e440fa,beleza_saude,37.0,601.0,1.0,224.0,16.0,13.0,15.0
d36d9ea1497c1e294498cc39df08a687,cool_stuff,29.0,953.0,1.0,200.0,16.0,20.0,20.0
14a174908a08ad7cfb56d3814d8e0ea5,cama_mesa_banho,52.0,1027.0,1.0,1150.0,28.0,26.0,23.0
521527593ca1726b992318e034dd5690,perfumaria,30.0,138.0,1.0,150.0,22.0,7.0,16.0
a00a22560435cc439faf6163eabc1ef8,telefonia,44.0,351.0,3.0,75.0,18.0,3.0,12.0
afb4b687981fad8723f84510c57c84bb,papelaria,58.0,649.0,2.0,450.0,25.0,15.0,28.0
f4efad625ed5878a2e7589dfb31c747f,moveis_decoracao,57.0,622.0,1.0,16200.0,45.0,26.0,45.0
d70c831282615555625658baeb52eaa6,fashion_bolsas_e_acessorios,40.0,360.0,5.0,150.0,16.0,9.0,11.0
555fb1933a0229450e7c01860a394dd4,telefonia,59.0,777.0,6.0,350.0,17.0,4.0,12.0
4b5df063d69ffafb87c279672ecb4191,bebes,54.0,343.0,2.0,3550.0,37.0,22.0,40.0
fde84a599b4b96ce7eef9109caece04b,automotivo,45.0,660.0,1.0,100.0,20.0,2.0,15.0
d75ee8bd2f182827d5a26a09ed584c9a,cama_mesa_banho,49.0,357.0,2.0,700.0,60.0,10.0,50.0
c509d9cdf78468c910d844f16b29fc7f,consoles_games,49.0,854.0,1.0,150.0,20.0,3.0,18.0
3ffc8b6c3ae2afbf307cbd802bfb5e4c,bebes,52.0,233.0,1.0,8950.0,41.0,40.0,40.0
4b703444923b5e57bb73ba343f5ebab7,cama_mesa_banho,49.0,204.0,1.0,264.0,17.0,14.0,16.0
1cf4209f5358de32c5cae2c2dbb84aed,telefonia,54.0,596.0,2.0,350.0,17.0,4.0,12.0
44f90f085c7a825863cbf867990e1513,beleza_saude,39.0,1200.0,1.0,517.0,25.0,13.0,16.0
3a4db42aea95097b7a616b36f21d143f,papelaria,56.0,225.0,1.0,1000.0,33.0,32.0,38.0
1e8d46e0cdc62c1ffa69cc04a6f2660f,beleza_saude,34.0,617.0,2.0,250.0,24.0,11.0,11.0
13050bbc5cf6938a3760e43f1a845fcd,cama_mesa_banho,56.0,212.0,1.0,950.0,44.0,3.0,33.0
922ee69fced8c701d47470e02811d22a,informatica_acessorios,53.0,812.0,4.0,400.0,16.0,6.0,11.0
0c6fc9b9317a68d1cda098c063914b72,instrumentos_musicais,46.0,692.0,3.0,3100.0,38.0,99.0,14.0
e3de19106e36f3981c320553135a6610,esporte_lazer,58.0,2170.0,1.0,500.0,24.0,20.0,20.0
5f42d57952b7815098979a5c4fa6f82a,beleza_saude,60.0,919.0,1.0,150.0,22.0,3.0,15.0
d21bf4652c855ccafcf94116891cc7ce,fashion_roupa_masculina,33.0,1154.0,3.0,600.0,20.0,20.0,20.0
babebd0af88094b11c6374034e7347f5,beleza_saude,33.0,1209.0,1.0,700.0,16.0,17.0,11.0
f647cb5c7b9b37aaecfaee8418a864cc,ferramentas_jardim,23.0,45.0,1.0,400.0,16.0,3.0,29.0
59391e840980a4bb6df5f44d3d734df7,esporte_lazer,59.0,1025.0,4.0,600.0,16.0,4.0,13.0
ac480ada5f06d9024eae2c6dd9de4c74,perfumaria,26.0,138.0,1.0,200.0,20.0,7.0,20.0
63ddf5df9f36e2fb2fc11b3894222c31,utilidades_domesticas,57.0,357.0,1.0,600.0,26.0,14.0,14.0
fa126ff62aae83e37857ad495641c878,informatica_acessorios,29.0,1386.0,1.0,600.0,23.0,17.0,15.0
d43c65f300c5cfaae005f1f954fc0b15,utilidades_domesticas,33.0,377.0,2.0,7450.0,23.0,80.0,12.0
0f66dd888ff5af9eba17aa59be9870d1,pet_shop,53.0,856.0,1.0,6300.0,60.0,25.0,25.0
ebee6703e867082f455a058a8bd04092,consoles_games,53.0,321.0,2.0,200.0,25.0,5.0,15.0
769083fbf5eb9f3f132a633cc9809388,cool_stuff,58.0,1419.0,4.0,8333.0,59.0,31.0,75.0
6263969289f84cd8bde876597407657d,market_place,57.0,399.0,1.0,5350.0,16.0,50.0,45.0
4039e5b67d430bc9a4078e814d7fafc9,fashion_bolsas_e_acessorios,32.0,287.0,3.0,100.0,19.0,2.0,17.0
ba01cebc5a3c2494d0a97d4713ec8938,beleza_saude,35.0,558.0,1.0,1250.0,30.0,10.0,17.0
7fc59915d9bde9a845801ee04a8658fa,fashion_bolsas_e_acessorios,58.0,1359.0,1.0,300.0,16.0,2.0,20.0
0a4093a4af429dc0a9334300e5c13ae5,beleza_saude,56.0,389.0,1.0,300.0,16.0,5.0,15.0
0129d1e9b29d3fe6833cc922374cd252,consoles_games,55.0,134.0,1.0,100.0,20.0,3.0,15.0
e07fbd0969dcddca941b8c4adec498b1,cool_stuff,63.0,2263.0,1.0,200.0,16.0,3.0,13.0
6843fcf2daa799e469f08d9ded452d01,telefonia,60.0,2050.0,2.0,500.0,23.0,6.0,15.0
af144ed65466a16118af719a57053c95,cool_stuff,47.0,1060.0,1.0,1815.0,29.0,21.0,23.0
1c4dbd58e9b07007a271122f96bb0add,cama_mesa_banho,52.0,627.0,1.0,6350.0,30.0,30.0,30.0
bf467e0b677a9c83c0c71fc3b8f6f7d6,relogios_presentes,56.0,777.0,2.0,275.0,16.0,11.0,11.0
25d6edcd216a9ee579f19f92d694f7d5,telefonia,57.0,1568.0,1.0,100.0,18.0,6.0,11.0
569216db5e4a857c4056614de975617f,relogios_presentes,57.0,607.0,2.0,600.0,21.0,20.0,17.0
555cdc8ae3abc9870afa02367539b799,relogios_presentes,55.0,190.0,1.0,250.0,16.0,2.0,11.0
3db75f31b76375c502f64d550dcd1166,informatica_acessorios,34.0,1078.0,2.0,200.0,41.0,2.0,29.0
cf5407ad3a5c603fa46d5c2613661a09,pet_shop,49.0,410.0,2.0,8750.0,45.0,28.0,45.0
dbb4ce89c8ed5fb6fd901e2e51093179,utilidades_domesticas,34.0,545.0,3.0,2200.0,48.0,25.0,25.0
d5991653e037ccb7af6ed7d94246b249,informatica_acessorios,42.0,363.0,1.0,922.0,30.0,15.0,17.0
82e4ad16521ca131d95e198d507db370,eletronicos,56.0,343.0,1.0,150.0,19.0,12.0,16.0
0185e6719ca5c224fc53853997fa3f68,cama_mesa_banho,64.0,319.0,1.0,1600.0,40.0,15.0,35.0
43222c9a989813b389d36fe5a1655c05,alimentos,53.0,186.0,1.0,1213.0,36.0,12.0,31.0
d7f94e8a47066a6a4ddb422718f59531,perfumaria,42.0,553.0,3.0,250.0,17.0,8.0,11.0
b34b2c889f5b26963569cf421254e121,moveis_decoracao,54.0,391.0,1.0,4000.0,60.0,18.0,48.0
1a6c9da4039deae58c2b769f049ae121,utilidades_domesticas,54.0,1323.0,2.0,2650.0,31.0,16.0,16.0
45d7d0595f83b5260d6b0328393c1686,climatizacao,61.0,80.0,2.0,12200.0,65.0,65.0,18.0
0faa4ca558654b554d4d09abd8fe33d2,informatica_acessorios,60.0,534.0,1.0,150.0,16.0,6.0,11.0
6ec26b3516fecd18cda3001a9c48a242,beleza_saude,60.0,918.0,1.0,100.0,22.0,3.0,15.0
e7e0728e9e488b0a67ef4d95e98ee4c8,eletrodomesticos_2,58.0,722.0,1.0,13850.0,35.0,95.0,25.0
ee56c010c47882613d271e40703165f0,utilidades_domesticas,45.0,2637.0,1.0,700.0,20.0,12.0,12.0
78258dcdffa72f0a40e1fd93b9a52b3d,perfumaria,53.0,1207.0,1.0,525.0,22.0,14.0,23.0
c18399e510fd09e3186d34f4206109d7,relogios_presentes,55.0,807.0,2.0,350.0,16.0,2.0,20.0
8e35752c1597713f370e8e63cf0dd338,ferramentas_jardim,38.0,249.0,1.0,200.0,18.0,21.0,12.0
bd0ac51dc93e62c4dbe6ca9d70a9b311,automotivo,57.0,974.0,2.0,300.0,16.0,11.0,11.0
f0606ca7e8022a81e0fa25ea3e334717,brinquedos,46.0,125.0,1.0,350.0,25.0,25.0,25.0
8fbcb15797c830eb81cb3368ffe4a851,utilidades_domesticas,60.0,445.0,3.0,750.0,34.0,8.0,30.0
08574b074924071f4e201e151b152b4e,ferramentas_jardim,36.0,450.0,1.0,9000.0,42.0,12.0,39.0
e0cff02736e677c15eb7d04c7c52018f,perfumaria,49.0,586.0,1.0,350.0,16.0,6.0,19.0
4e0d588f8e002f2bad9cbe0b8f66f6f6,,,,,200.0,25.0,5.0,15.0
ce5cedf6e57d59b07eeecb68eeafd099,eletrodomesticos_2,51.0,847.0,1.0,2750.0,32.0,32.0,16.0
4413a608a42bd21bbf9d5abbd58c249a,cool_stuff,57.0,1620.0,1.0,2350.0,16.0,40.0,16.0
6352f75289c0456b2ddd48723e2e8fa4,informatica_acessorios,34.0,1376.0,1.0,1000.0,31.0,13.0,20.0
448cbeba9628acd8b5b8bd6c8a5018a0,cool_stuff,60.0,627.0,4.0,200.0,25.0,6.0,16.0
dfb97c88e066dc22165f31648efe1312,automotivo,53.0,597.0,1.0,5417.0,47.0,44.0,44.0
e27d13968e7527aaa27fba2089c13bff,moveis_decoracao,34.0,573.0,1.0,8100.0,37.0,41.0,37.0
d9524ab5892f79d3de3870697ad7b25d,fashion_calcados,54.0,404.0,4.0,800.0,35.0,12.0,20.0
e2883845d83ecea7f341705fafdfd19c,informatica_acessorios,47.0,2356.0,1.0,100.0,39.0,9.0,11.0
cc5c55b85ec65541272bea4b9895add4,papelaria,56.0,1349.0,2.0,1100.0,27.0,10.0,20.0
35780c73ee3f0cda4f99733734a30cf6,beleza_saude,45.0,375.0,1.0,2000.0,30.0,12.0,16.0
7bff21aabd6f1c9055ef5c2a262fd62c,cama_mesa_banho,55.0,548.0,1.0,500.0,16.0,10.0,16.0
f936a018eafeb52059650c9e977b53eb,beleza_saude,41.0,1376.0,1.0,1613.0,18.0,18.0,15.0
f19ff6e54cc3bbde7ea7d0ff820b7072,casa_construcao,34.0,381.0,2.0,1000.0,40.0,40.0,40.0
c3b8f6be3507bb05fd83797f81f679bc,telefonia,32.0,331.0,1.0,175.0,18.0,3.0,12.0
3745086e428495d12317f5864306279f,brinquedos,40.0,327.0,1.0,800.0,31.0,8.0,31.0
c7c99e372ec2f873701c20e3a00ff29c,telefonia,53.0,1440.0,3.0,100.0,18.0,6.0,11.0
74ae869eb82594d9cbe6e934cf143e0c,telefonia,60.0,751.0,3.0,150.0,17.0,4.0,12.0
9806189f9cb679bcd5326b460c2b9073,portateis_casa_forno_e_cafe,56.0,901.0,4.0,2000.0,17.0,29.0,17.0
08462528607b71ea62cbc019d91b001e,beleza_saude,31.0,591.0,2.0,650.0,16.0,10.0,11.0
69474edea9d9def8b68de248373f1ad4,perfumaria,52.0,177.0,4.0,200.0,16.0,5.0,15.0
63ae63c279f3ccd864bc7756f81bec2a,cama_mesa_banho,56.0,230.0,1.0,1825.0,40.0,14.0,33.0
37d007abbb05d792773dcf090208e077,market_place,50.0,1334.0,3.0,1175.0,54.0,10.0,33.0
750dcfda0a9788bba89c94bb82a322db,utilidades_domesticas,48.0,197.0,1.0,7350.0,25.0,62.0,25.0
15fdd6032f35d4add5066fb90be28630,relogios_presentes,60.0,718.0,5.0,950.0,16.0,2.0,20.0
0134eb6b933b7ebc0f9e24ae5abefaa0,eletrodomesticos,58.0,290.0,1.0,1150.0,55.0,19.0,46.0
2ec8497962cc5f7730756635a5cbbf16,ferramentas_jardim,60.0,959.0,2.0,1100.0,25.0,5.0,13.0
b3b0236137a276a847e6ee84c1a997b6,telefonia,37.0,346.0,1.0,200.0,19.0,6.0,15.0
1b7384e0f9f5e4cb914cd3f5535a4cab,,,,,200.0,16.0,3.0,12.0
0c22c51625fc11357a8356efa31fe89f,cama_mesa_banho,51.0,747.0,2.0,11400.0,16.0,2.0,11.0
73c0537a6f1d148275c69a114b2d8bf3,automotivo,59.0,605.0,1.0,450.0,27.0,10.0,17.0
89045cfdb97f8a26621954162a34462d,beleza_saude,57.0,200.0,4.0,433.0,24.0,13.0,17.0
641444946fe3a839d726c32804cd1aff,cama_mesa_banho,57.0,369.0,3.0,3900.0,45.0,15.0,35.0
dfc9d9ea4c2fbabe7abb0066097d9905,cama_mesa_banho,54.0,797.0,1.0,3300.0,19.0,35.0,31.0
82f0d5f5a4d52cf6ca68a2080bdd0d02,cama_mesa_banho,54.0,609.0,1.0,1625.0,40.0,5.0,30.0
2072d4792ab7893ddbfc178948e0eb86,casa_conforto_2,60.0,429.0,1.0,1800.0,35.0,8.0,30.0
7dddc9aac98dd159ea9e9c1f68654649,beleza_saude,59.0,1085.0,1.0,2667.0,25.0,27.0,23.0
4fe644d766c7566dbc46fb851363cb3b,artes,48.0,1232.0,1.0,1700.0,65.0,6.0,50.0
6480f3f31b23d41c1b8ad051c201b244,beleza_saude,54.0,1859.0,1.0,3500.0,32.0,22.0,32.0
a009f7437fb17cbfa796d4f55a13c14c,moveis_decoracao,51.0,513.0,4.0,2200.0,16.0,43.0,26.0
d1a57f4402dbfe2cb1c271ad0da64311,beleza_saude,58.0,509.0,2.0,650.0,22.0,12.0,22.0
0c7dc9fcaa503c2df26419c747b39fd0,utilidades_domesticas,60.0,446.0,5.0,8350.0,40.0,28.0,40.0
66fc767a58575873dad11a4c717727dc,utilidades_domesticas,47.0,476.0,5.0,1550.0,35.0,14.0,27.0
230383f11d18c87d4fe706850bfbd3ab,brinquedos,58.0,612.0,3.0,2300.0,40.0,8.0,40.0
8d98dedc3c19de17f1a090195e85d6b6,brinquedos,40.0,617.0,4.0,300.0,16.0,7.0,20.0
3a0a670620f51d9287a85a9d81474dc0,utilidades_domesticas,46.0,829.0,3.0,1250.0,32.0,18.0,32.0
05c723fd782f0208b09b7c86f5220a5b,moveis_decoracao,63.0,254.0,1.0,1650.0,41.0,9.0,34.0
e9f5d10b74f0589a7d327eff4bdd6b04,relogios_presentes,57.0,682.0,1.0,400.0,20.0,13.0,13.0
608b018a4443a457a5cd1e58de213cb2,moveis_decoracao,35.0,688.0,1.0,300.0,22.0,4.0,11.0
ea4f6504cf603bc9b3233999c4ba4ff8,beleza_saude,39.0,789.0,3.0,400.0,40.0,7.0,18.0
57de1d67d6badffc863b651c74e59dd0,papelaria,52.0,280.0,2.0,1800.0,18.0,45.0,32.0
7152e6cb147a800b37e853d1f16c7ea7,automotivo,45.0,3728.0,1.0,850.0,16.0,10.0,16.0
afad7a4420a4348d41da23ed8d0902dd,moveis_decoracao,37.0,768.0,2.0,7000.0,43.0,35.0,50.0
781afe929e3016a667f5f439afd55fce,esporte_lazer,42.0,590.0,1.0,400.0,18.0,18.0,18.0
4025ee582ef6b8c478af3b44cf89054b,cama_mesa_banho,60.0,58.0,1.0,200.0,20.0,2.0,15.0
5d10b3779b68d58be0fcc46a1ee79689,automotivo,59.0,857.0,7.0,880.0,49.0,25.0,46.0
7ae8d9b8eca8a6daf066e53ddc7034d3,eletronicos,43.0,430.0,1.0,150.0,23.0,8.0,12.0
fb01a5fc09b9b9563c2ee41a22f07d54,consoles_games,33.0,912.0,2.0,1500.0,33.0,25.0,11.0
60495adb1f1a49c8aea75e5e56a47a48,beleza_saude,54.0,2736.0,1.0,150.0,19.0,7.0,12.0
22f799df8d5495f40f6ed3cc8b18b712,utilidades_domesticas,49.0,481.0,4.0,700.0,27.0,9.0,19.0
658bcede7062d5688cfc91d0e81f570e,automotivo,43.0,679.0,1.0,2600.0,35.0,20.0,20.0
66bec13b9ebe0d45e2589d18e9b160a4,esporte_lazer,39.0,244.0,2.0,900.0,60.0,15.0,15.0
c11485ba18bc927ccd486e58eaea6ef0,moveis_cozinha_area_de_servico_jantar_e_jardim,53.0,220.0,3.0,1000.0,20.0,30.0,20.0
4dda033e39cdc37ce2932b7ba6e8a0f7,cama_mesa_banho,51.0,362.0,1.0,2300.0,45.0,16.0,45.0
24ef70f010919148b022e66b05862778,automotivo,60.0,824.0,5.0,1100.0,18.0,15.0,15.0
45d0bf74166b507caa830564130b5ba0,,,,,200.0,16.0,2.0,11.0
0fa8853b873ba06e7d27385fbb1411ca,moveis_escritorio,52.0,1501.0,4.0,16250.0,57.0,55.0,22.0
4e0946aebc8e1d7521219ec1e7380aed,brinquedos,48.0,485.0,1.0,5470.0,48.0,27.0,42.0
f46098048d1a0c30ce1495246b8fd752,esporte_lazer,43.0,3306.0,6.0,700.0,18.0,34.0,14.0
83c3d4602324544954d73486c1a47455,informatica_acessorios,49.0,1980.0,2.0,900.0,26.0,7.0,17.0
1b5b6bd531d2e0b1650bbabac62fa352,utilidades_domesticas,50.0,364.0,1.0,7900.0,62.0,28.0,28.0
30469bb5ea377eae7121981e2f0778e4,esporte_lazer,57.0,574.0,4.0,5950.0,20.0,30.0,80.0
c1d6298abf132c4391d57e81599d415c,telefonia,52.0,818.0,1.0,100.0,18.0,6.0,11.0
e962f892a82b3e301fc363a94cb2f521,telefonia,60.0,1010.0,2.0,150.0,19.0,3.0,11.0
914c9e9af640dd56f48764a225b00f89,moveis_escritorio,47.0,1047.0,1.0,7463.0,56.0,64.0,35.0
05928363cd16fb2d20ccad40992105aa,fashion_bolsas_e_acessorios,53.0,612.0,3.0,250.0,16.0,16.0,13.0
591afedd45ae097827bf674a8491ea21,eletronicos,32.0,268.0,1.0,7900.0,60.0,10.0,60.0
03552ec45033c8658713c541f6af9f05,beleza_saude,52.0,1168.0,1.0,250.0,35.0,3.0,12.0
72331bc45c5e8665ee12999363bc9186,brinquedos,50.0,1207.0,2.0,350.0,16.0,10.0,12.0
e0d64dcfaa3b6db5c54ca298ae101d05,relogios_presentes,35.0,514.0,2.0,4338.0,17.0,12.0,14.0
060890b1af8cc031e9dde49cf544f884,automotivo,57.0,662.0,1.0,2900.0,61.0,8.0,61.0
c36a269550e11c349965d2c033470074,relogios_presentes,40.0,397.0,1.0,283.0,17.0,13.0,13.0
ef23a80c3e7f9c63e9956f6f54b1cf15,perfumaria,40.0,3863.0,1.0,150.0,16.0,8.0,20.0
ee7cb55a3fb6c3f091ecbfcdc46359c6,fashion_bolsas_e_acessorios,52.0,112.0,5.0,350.0,16.0,2.0,11.0
213875479a90df7b399cee17003be95c,telefonia_fixa,36.0,1340.0,2.0,800.0,23.0,6.0,23.0
0606451146029c2f85c958b9cce49735,relogios_presentes,56.0,738.0,4.0,450.0,16.0,11.0,12.0
e9a69340883a438c3f91739d14d3a56d,utilidades_domesticas,60.0,1912.0,5.0,3000.0,33.0,12.0,34.0
ebd127d25e3b326ac93b992dfd4d2e0b,ferramentas_jardim,58.0,324.0,3.0,150.0,19.0,7.0,27.0
829002c1d5f40820ebbc6ecd4bcdf3ab,casa_construcao,59.0,664.0,1.0,5150.0,30.0,35.0,30.0
3d4609bbecb3db49babe621f46b1b8fb,utilidades_domesticas,41.0,1181.0,3.0,300.0,25.0,10.0,15.0
236c8998f9a6e6150cdfb75fed83c15d,esporte_lazer,39.0,2055.0,1.0,300.0,20.0,10.0,15.0
30ccf4724f5227265f837e9ba0246278,malas_acessorios,52.0,573.0,1.0,1450.0,49.0,10.0,33.0
f2343d71cb5ff4e6ff456dd9b544b84a,telefonia,64.0,668.0,3.0,300.0,17.0,8.0,13.0
9ef6f9077917003875323be25c28c7c5,moveis_decoracao,34.0,257.0,2.0,8450.0,30.0,45.0,40.0
b7605b5b483063d12bd90a772bff9d21,cama_mesa_banho,45.0,437.0,2.0,550.0,40.0,7.0,50.0
c07d367dd7b78b0558e7a3e1e1a975c8,cama_mesa_banho,58.0,293.0,1.0,12850.0,60.0,20.0,40.0
e62d582ddb7630168d7227ca1f9edbd2,perfumaria,52.0,977.0,1.0,450.0,32.0,12.0,17.0
eecc2c78b528d8073b4f1c4bddf92aae,informatica_acessorios,36.0,377.0,1.0,600.0,36.0,11.0,14.0
e59f9160ef2e37fd48efdb84a4c30126,moveis_decoracao,42.0,993.0,1.0,1050.0,17.0,27.0,17.0
9394a725ee7e3f1da0d6b22b046cc8d4,brinquedos,41.0,807.0,1.0,1860.0,45.0,20.0,43.0
f9379f60154525fc7b7aab43e4f14651,telefonia,55.0,1311.0,2.0,50.0,18.0,6.0,11.0
bebd15f906a87f7a83e9dc66896ff00a,informatica_acessorios,54.0,815.0,4.0,4000.0,22.0,12.0,22.0
c81fba3eddbbb1ea8c6300e880673021,cama_mesa_banho,53.0,294.0,1.0,2200.0,35.0,10.0,35.0
5c77339ada5044e33450d5c2660692e0,esporte_lazer,33.0,2146.0,1.0,150.0,16.0,16.0,11.0
137463a11feed96cfc9fbdd97d4e2403,utilidades_domesticas,19.0,592.0,1.0,250.0,16.0,2.0,11.0
3570caaeaa3f5a1ae76392bb2b4155f9,esporte_lazer,31.0,492.0,3.0,1550.0,62.0,18.0,15.0
0fdd1ea79f0f2ec81697ccd021d6d992,informatica_acessorios,42.0,271.0,1.0,490.0,23.0,10.0,22.0
f2610c932aaabc3eb24c3512b498a838,ferramentas_jardim,41.0,1099.0,1.0,1200.0,16.0,6.0,11.0
972362b8b232932af39c3b4b03b3bda2,papelaria,42.0,115.0,1.0,17750.0,50.0,18.0,34.0
0f4dbfe93fbadcce71e1edce3a3e30f0,,,,,153.0,17.0,14.0,13.0
2bf749803c44ed8670283404d3c2140b,industria_comercio_e_negocios,49.0,572.0,1.0,10750.0,52.0,12.0,32.0
0f3288619c16188d156acc3ba91f36ab,esporte_lazer,55.0,266.0,5.0,300.0,20.0,15.0,15.0
b809b20fb6e5f42bd6d7744bad9f1a20,telefonia,58.0,486.0,1.0,100.0,16.0,6.0,12.0
f7c7bd3105bd26ce0de4072af7159f84,,,,,890.0,32.0,32.0,32.0
55b0c08f98075107c8b7d4ccded44f05,fashion_bolsas_e_acessorios,38.0,158.0,5.0,150.0,16.0,9.0,20.0
1871f846d88e6b0632e1058b61d35964,telefonia,53.0,320.0,1.0,117.0,19.0,4.0,14.0
a16485b933e24a0ee5f137fec64c48d2,brinquedos,60.0,999.0,2.0,1094.0,26.0,18.0,29.0
e025f288e09da35a510433c3180b10f1,construcao_ferramentas_construcao,51.0,531.0,1.0,470.0,21.0,14.0,18.0
839321c2db7b3b3eaff4944c3b052ecd,utilidades_domesticas,37.0,570.0,1.0,1291.0,23.0,23.0,20.0
c59a1dc190f9bfe826a1b40edb7593e8,beleza_saude,59.0,1082.0,3.0,574.0,18.0,8.0,16.0
40a13d0a09a3d1334e8537ce3194f0ec,esporte_lazer,45.0,1771.0,1.0,550.0,20.0,20.0,20.0
75d29df6618d4aed0c7860c0be80ebe5,moveis_decoracao,59.0,2130.0,2.0,300.0,69.0,11.0,11.0
ac44def10e24998cdee20a208d691127,cama_mesa_banho,55.0,1208.0,1.0,1175.0,45.0,7.0,35.0
65ce839c7967ed73e05471cbd4cb2ec1,informatica_acessorios,59.0,359.0,4.0,900.0,31.0,13.0,26.0
71d2e375cd7ae542240f5f335894448a,bebes,52.0,740.0,7.0,2350.0,35.0,35.0,30.0
c98758f52b522bc5fb31ab10715553e2,esporte_lazer,36.0,574.0,1.0,350.0,20.0,7.0,14.0
d86963242e7dda7eed04f57e492ed655,brinquedos,47.0,453.0,1.0,1100.0,43.0,6.0,30.0
7c0a2a31bc479e366fe9fee1f5bc62b3,beleza_saude,56.0,1388.0,1.0,2200.0,25.0,27.0,9.0
c6eea384e62b799e78267eaeea987eaa,bebes,60.0,1443.0,6.0,30000.0,84.0,54.0,45.0
06a47d0ecd4561565deab3dfd7d3c0ff,esporte_lazer,60.0,592.0,2.0,400.0,30.0,20.0,20.0
c1678c7353738f1698430b8ea0d6a488,cama_mesa_banho,59.0,124.0,1.0,6100.0,20.0,50.0,50.0
7b66dd141e94feae8c845e69fa60ac9f,esporte_lazer,57.0,752.0,1.0,1200.0,25.0,20.0,20.0
7c09ac0ca5900bf6f957121ebfc338e3,pet_shop,34.0,350.0,1.0,107.0,17.0,9.0,14.0
f8ca22f13e0b58c30e9a8822f20d9ba9,moveis_decoracao,59.0,601.0,3.0,12200.0,51.0,56.0,36.0
7e93d6b6ef018d488da72952ce48fb9a,esporte_lazer,53.0,735.0,2.0,2800.0,36.0,20.0,29.0
70eb8ec63fd4f2a0bf8607712407727c,moveis_decoracao,29.0,188.0,1.0,2050.0,20.0,15.0,20.0
26abb7e42cded69ba9b3736643ebeb39,relogios_presentes,43.0,378.0,2.0,867.0,20.0,7.0,14.0
2b87ded5c8c2c971d4d5a2e4bd7b85bc,brinquedos,55.0,699.0,6.0,233.0,17.0,10.0,19.0
176b54e1ca47c0ec2bc2e298a76adf9a,beleza_saude,56.0,1000.0,2.0,200.0,20.0,5.0,15.0
8aa6223e400af9c97b07c75993142721,bebes,54.0,830.0,4.0,5000.0,40.0,10.0,40.0
9ad536de496ccba6e4a9ac7be933ad9d,beleza_saude,52.0,927.0,1.0,1200.0,22.0,13.0,22.0
53b0b6e69e80935440712605cd5699c2,perfumaria,32.0,1288.0,3.0,75.0,23.0,16.0,16.0
5f8d452952e14aea06671fcc55e9b3f2,cama_mesa_banho,34.0,278.0,1.0,6800.0,45.0,36.0,19.0
092efe1dbcc1a4752b17a19fb6de36dc,moveis_escritorio,33.0,1217.0,1.0,14925.0,53.0,54.0,18.0
8fa67e5cb309b9cd7b4438e15948bdb2,bebidas,43.0,839.0,1.0,333.0,17.0,16.0,16.0
4ee8c9943111595b7dfc4d9031854a21,cool_stuff,57.0,934.0,1.0,2100.0,42.0,25.0,15.0
9cb854ba582f5a6b7832b86553c0b8ab,bebes,64.0,882.0,6.0,250.0,17.0,7.0,24.0
419cb1b441eda9b92ebd1a1b96090c26,telefonia,60.0,777.0,6.0,350.0,17.0,4.0,12.0
63b1e1149e547163e18adba529c9cb5d,beleza_saude,58.0,696.0,1.0,650.0,16.0,2.0,11.0
60d60857503b0e721781320f4fa28acf,moveis_cozinha_area_de_servico_jantar_e_jardim,47.0,880.0,3.0,11850.0,64.0,12.0,37.0
acdcfb0e41f8091492386a014aa8d57d,relogios_presentes,34.0,1162.0,1.0,522.0,20.0,13.0,16.0
21025aea6e634ed0ab9709a4fa5fb69c,utilidades_domesticas,59.0,1871.0,5.0,450.0,20.0,15.0,15.0
b7e5e565cf760233e922ed01e122ca8b,relogios_presentes,55.0,502.0,2.0,250.0,16.0,11.0,11.0
c233a2dd158de2f5877ef680906a2c33,cama_mesa_banho,59.0,238.0,1.0,2250.0,37.0,10.0,37.0
6902c1962dd19d540807d0ab8fade5c6,relogios_presentes,53.0,1773.0,2.0,800.0,16.0,11.0,11.0
bba0d9c4f470ff541dba7f02d791a4f3,relogios_presentes,59.0,679.0,1.0,400.0,16.0,11.0,11.0
c4aa0ceec0529a29290c24f2bb490b3d,telefonia,49.0,2200.0,1.0,100.0,19.0,4.0,11.0
7594c5fa74bceda1c2540003533a6e02,automotivo,50.0,777.0,3.0,400.0,18.0,8.0,12.0
5b457a0222eba04e6066025115952773,esporte_lazer,45.0,1541.0,1.0,450.0,33.0,20.0,20.0
33fca9d59532dd4c191217a979346ab9,perfumaria,51.0,750.0,1.0,431.0,20.0,11.0,13.0
cf8c83ef74f69705d1bec196473b1b45,cama_mesa_banho,36.0,183.0,1.0,600.0,20.0,40.0,30.0
9b37a918bcf2c8e1064e867cf1df4637,eletronicos,57.0,1710.0,6.0,1207.0,20.0,10.0,20.0
65266b2da20d04dbe00c5c2d3bb7859e,papelaria,38.0,316.0,4.0,250.0,51.0,15.0,15.0
23bb156d1ade824158d1b0c799f9a641,cool_stuff,46.0,978.0,5.0,1000.0,50.0,20.0,20.0
f4f67ccaece962d013a4e1d7dc3a61f7,automotivo,52.0,603.0,1.0,7625.0,61.0,14.0,61.0
de26d4014234181730a1143f75dad0e7,beleza_saude,58.0,288.0,1.0,100.0,39.0,14.0,11.0
bf645249c207bf3357cff89ac355a15e,fashion_bolsas_e_acessorios,32.0,408.0,3.0,75.0,18.0,20.0,12.0
d9fcf1be6830bf510f03d9e6c979e4df,malas_acessorios,41.0,370.0,4.0,18050.0,60.0,40.0,40.0
1168ebbaa08c1f416c8c880dd470171c,cool_stuff,52.0,874.0,1.0,1100.0,42.0,25.0,15.0
176faef125e3675b4eeaa6083ada61e1,bebes,47.0,1024.0,2.0,150.0,19.0,9.0,12.0
534f3427412169450d7a63330dc968e7,esporte_lazer,48.0,223.0,3.0,400.0,25.0,25.0,25.0
16c4e87b98a9370a9cbc3a4658a3f45b,instrumentos_musicais,53.0,1935.0,1.0,18000.0,105.0,30.0,40.0
3b4a72dd3f5ecc82d97d6a54725952ec,utilidades_domesticas,55.0,395.0,2.0,10150.0,41.0,56.0,26.0
ee08e2b1f2f38ce754c804780c6a048c,ferramentas_jardim,51.0,1076.0,2.0,150.0,20.0,11.0,14.0
a4c7e73a8ce075149b5f6592fdd29367,informatica_acessorios,56.0,195.0,1.0,200.0,20.0,20.0,20.0
382132cf96c88a277a65226833af5f61,informatica_acessorios,49.0,664.0,3.0,680.0,47.0,7.0,18.0
1a69b9ec6d25d7656d024ad51f55c0ec,cama_mesa_banho,57.0,795.0,1.0,2950.0,19.0,35.0,31.0
104b9503ee57d0aa2cd3a6448f242636,construcao_ferramentas_jardim,35.0,717.0,1.0,3567.0,24.0,24.0,21.0
316f27506e0f2a39700f801e859576eb,esporte_lazer,41.0,229.0,2.0,700.0,60.0,15.0,15.0
5bd7e57735a44e529bf066fee83a9c60,cama_mesa_banho,56.0,684.0,1.0,1250.0,19.0,17.0,23.0
f6ba4f9e6851627ea2d5ec8b06d471d2,automotivo,49.0,572.0,3.0,100.0,24.0,2.0,17.0
a89e5c817a0c1fd1487d78cba0714a4d,utilidades_domesticas,38.0,1225.0,1.0,1400.0,16.0,16.0,16.0
00baba5b58e274d0332a0c8a0a66f877,perfumaria,27.0,406.0,4.0,200.0,18.0,7.0,12.0
b74d57e3377dd78aace6d070fc48cc88,cama_mesa_banho,55.0,556.0,1.0,675.0,40.0,18.0,35.0
c30302f36e15f43c1b85c9cb002028d5,,,,,300.0,18.0,15.0,14.0
8ca5d414f750bd92cedf636c6f5bd355,beleza_saude,60.0,528.0,6.0,350.0,25.0,15.0,15.0
7b31b39ebebeb8282009c48e5587b1d0,bebes,52.0,1608.0,4.0,1900.0,42.0,25.0,15.0
d8a3475446775b8e52583329eaebd38a,telefonia,60.0,2579.0,3.0,303.0,17.0,14.0,16.0
018ca97302e4293050cc41413194bb19,agro_industria_e_comercio,45.0,266.0,1.0,2467.0,28.0,26.0,24.0
4d3f50f2d92dba9a93f38260dceb9838,moveis_decoracao,53.0,214.0,4.0,650.0,19.0,20.0,15.0
672e757f331900b9deea127a2a7b79fd,agro_industria_e_comercio,39.0,383.0,1.0,2650.0,30.0,30.0,20.0
f5c3f6159135311269c45b2b88f67464,cama_mesa_banho,60.0,298.0,1.0,2350.0,33.0,7.0,37.0
5e7f8e7aeb1f57dd83aae171dec38a73,moveis_decoracao,48.0,1950.0,3.0,6900.0,95.0,4.0,55.0
a9008450835cd38eabdf07eb6dd04bdd,perfumaria,37.0,813.0,2.0,526.0,22.0,15.0,17.0
daa528ea6aa4a90c32c4a2ce98ee3a9e,casa_construcao,57.0,1024.0,7.0,800.0,16.0,27.0,16.0
06f0e85c7892d5df893f332706340af1,papelaria,57.0,301.0,3.0,9850.0,30.0,19.0,60.0
044f05bc9de36e8a693a83e4bc79dd0d,telefonia,59.0,734.0,4.0,300.0,17.0,4.0,12.0
e8316a4667e5870c85e906b1f062bde1,moveis_escritorio,58.0,1135.0,1.0,9200.0,53.0,52.0,17.0
9b169f20f1b0ad0cd0d53d6d5f12e20f,moveis_decoracao,63.0,338.0,2.0,250.0,16.0,5.0,11.0
1caf2267e1334b93a9220b1a26db262d,construcao_ferramentas_construcao,39.0,2445.0,1.0,650.0,26.0,17.0,17.0
04433a8021475a2002663f94203c88da,construcao_ferramentas_ferramentas,59.0,1476.0,2.0,1111.0,29.0,10.0,14.0
f9b178c9fdc90bbcfbd6c6b49ed47d4c,moveis_decoracao,47.0,894.0,1.0,1850.0,30.0,30.0,30.0
f4d450a6163f21cf9db8bcdf8c7e50f8,moveis_escritorio,37.0,92.0,2.0,12125.0,41.0,58.0,41.0
2fa5da96109ea94cc9fb50cc589ed65e,relogios_presentes,54.0,424.0,2.0,1850.0,23.0,2.0,26.0
02475368dfb38934fe55f574024fe1d7,relogios_presentes,55.0,569.0,5.0,250.0,16.0,2.0,11.0
e80a0c4b0bb3f2f171f0fe8360513d90,fashion_roupa_masculina,34.0,185.0,1.0,225.0,19.0,27.0,27.0
f75eb66dc82bccecabd706bd441cfd3a,malas_acessorios,49.0,767.0,1.0,800.0,20.0,51.0,34.0
4dcb49b9ca7e48d2f108d40caa77caa2,pet_shop,63.0,1541.0,2.0,850.0,24.0,20.0,24.0
0538b3ea14af3cc3ee6bdaf940367cee,,,,,150.0,20.0,4.0,20.0
50b671fa06a05828948cd518088eba27,bebes,39.0,542.0,2.0,200.0,33.0,10.0,32.0
81ea712c5f76a3b1c0e4c3dbc5126404,ferramentas_jardim,52.0,791.0,1.0,300.0,23.0,8.0,16.0
11de130b38213ed7f93d2af1e91bb771,cama_mesa_banho,54.0,382.0,1.0,300.0,16.0,10.0,16.0
38c56c5c5b16958d95bf8254498ad555,relogios_presentes,58.0,786.0,2.0,500.0,16.0,11.0,11.0
c9dbe2eec19a8093cb5ac57486531c18,cama_mesa_banho,55.0,124.0,1.0,1375.0,30.0,6.0,22.0
c7caa8b7b6e51a771b10a6565125b0f4,relogios_presentes,60.0,601.0,2.0,267.0,16.0,12.0,14.0
5605e265607c01c1242a18219d7e396e,,,,,2900.0,70.0,15.0,50.0
064f1ab0fbfe1fffb87fbf1acb5d4af7,cama_mesa_banho,56.0,188.0,1.0,1800.0,46.0,3.0,34.0
589f959f5ff55283c59dd9b27bb1ba78,cool_stuff,55.0,466.0,4.0,300.0,25.0,5.0,25.0
d3abd6fb1e0f4add4d6f466dc32accc8,esporte_lazer,56.0,549.0,5.0,900.0,16.0,7.0,11.0
1d3ecbda18167c766a3381fd16108e4a,esporte_lazer,42.0,636.0,1.0,1700.0,41.0,10.0,35.0
a298a105818dce6878b787e4af6cff7d,bebes,55.0,1158.0,2.0,400.0,30.0,10.0,30.0
93399fcfc1e2c0a01ea544754fddeed0,telefonia,63.0,249.0,6.0,200.0,19.0,3.0,11.0
722dc14e0848efdb771dca6de2929c41,beleza_saude,32.0,397.0,2.0,250.0,16.0,16.0,11.0
06edb72f1e0c64b14c5b79353f7abea3,cama_mesa_banho,39.0,161.0,2.0,350.0,25.0,8.0,19.0
1c4de4dd53a801716c8a3a2cf51f35fa,relogios_presentes,60.0,521.0,4.0,300.0,16.0,2.0,11.0
e70b02b0b99965f2ff4341de50a35c5d,moveis_decoracao,55.0,575.0,2.0,4850.0,30.0,30.0,20.0
c9fa6a0dbc5b979d8c99f38c3c9c912f,consoles_games,50.0,481.0,4.0,100.0,16.0,3.0,13.0
759c85bda80286f647f1f71b847c6457,utilidades_domesticas,59.0,790.0,2.0,450.0,24.0,7.0,12.0
2b6aba96aca0f3f5f28779c8a4395f42,esporte_lazer,32.0,503.0,1.0,2700.0,85.0,16.0,26.0
e6609e94d7b022fd6abf6142401618f9,fashion_bolsas_e_acessorios,56.0,119.0,1.0,150.0,16.0,2.0,11.0
418d8bb517562fb8e8a2f1c5de0afa70,informatica_acessorios,30.0,271.0,2.0,400.0,23.0,10.0,19.0
8ba12b254c2fbb3c2dda9bf44da89d18,cool_stuff,47.0,776.0,1.0,3000.0,82.0,82.0,13.0
3c8403a4f7135ffcb0e050a81764088f,cama_mesa_banho,35.0,457.0,2.0,700.0,40.0,14.0,30.0
d10a774b4598f38e0313d45db68008eb,eletronicos,44.0,599.0,1.0,350.0,19.0,12.0,15.0
ae4361f806c49f85066cc8be1370c91e,automotivo,59.0,499.0,1.0,4000.0,27.0,12.0,22.0
2dd91cf063cf57cb0eebef072746daab,beleza_saude,60.0,919.0,1.0,200.0,22.0,3.0,15.0
06ead9c0b05b368667d858c09148af03,consoles_games,41.0,235.0,1.0,467.0,23.0,11.0,18.0
6c50c87e36d8641d67fbcceed5cfec5e,relogios_presentes,57.0,266.0,3.0,200.0,16.0,2.0,20.0
eaaedcf6f1fee559b27b286e16afdf88,informatica_acessorios,43.0,1300.0,4.0,400.0,16.0,7.0,11.0
1e492320adb9484da91d2c8476fc0d5a,fashion_bolsas_e_acessorios,48.0,382.0,5.0,150.0,16.0,9.0,11.0
b0141fc41043ae23a16677f3a7e282b3,utilidades_domesticas,51.0,300.0,3.0,10900.0,68.0,30.0,32.0
39e3d246a3edd7b9ceba203155c1542c,cama_mesa_banho,56.0,517.0,1.0,1050.0,16.0,10.0,16.0
88a82488ded06b62a95df35c384cabfb,esporte_lazer,52.0,680.0,1.0,100.0,16.0,7.0,17.0
31fd02b02c33827cbde22902cf80338c,utilidades_domesticas,51.0,1224.0,2.0,200.0,26.0,3.0,21.0
995f41643437250fce96885e56dd05d3,telefonia,57.0,3923.0,4.0,150.0,20.0,10.0,15.0
9818832859d572545cee5a86ff7f4a3b,beleza_saude,50.0,2436.0,1.0,400.0,20.0,16.0,16.0
3591b4602bb8316dd178c98a97c29454,utilidades_domesticas,28.0,308.0,2.0,1650.0,35.0,30.0,15.0
14dffa241a078aeaebaef48a49e807ca,bebes,43.0,746.0,4.0,250.0,16.0,7.0,11.0
3498d7bf6679faec5a2e7d2b2e45443a,bebes,36.0,254.0,1.0,350.0,23.0,3.0,23.0
c7843df62cbb199241a00e90a988aac2,cama_mesa_banho,54.0,123.0,2.0,250.0,70.0,8.0,45.0
ff7c7524d5f9a8386ab27088ec03c1fb,cama_mesa_banho,44.0,510.0,2.0,1000.0,40.0,10.0,30.0
45bb3dc2bad11474b99f167b3e95fd02,relogios_presentes,41.0,517.0,1.0,300.0,19.0,10.0,15.0
b38b25d838ae0b8385e8cc68b9017644,beleza_saude,59.0,1153.0,4.0,200.0,18.0,3.0,20.0
fda95fe26bc353f8a0cc05c8d109d453,telefonia,56.0,509.0,3.0,125.0,19.0,4.0,11.0
3258acb04d37e2f91f76c9250f3b80a0,beleza_saude,60.0,919.0,1.0,200.0,22.0,3.0,15.0
af9e48cebe89ff658db6f0daee3d8057,telefonia,42.0,1440.0,2.0,150.0,18.0,6.0,11.0
9d0bb30eed80184666c8acad23921283,livros_interesse_geral,26.0,2857.0,1.0,500.0,20.0,22.0,15.0
ea3be87c5c6c69043c9eb7836199c200,cama_mesa_banho,59.0,367.0,2.0,600.0,60.0,9.0,50.0
87ceed33e1f7fe39fa06b69c9fdf9e53,informatica_acessorios,43.0,608.0,2.0,50.0,23.0,12.0,19.0
7a5d0e89d069c89b2112e9da539343c2,utilidades_domesticas,60.0,1018.0,2.0,2250.0,22.0,22.0,22.0
495f9290868e1bde785d3c372608ad54,utilidades_domesticas,45.0,1455.0,3.0,5250.0,62.0,5.0,32.0
ad0bce7600c071e450d162970917de7d,cama_mesa_banho,53.0,444.0,2.0,750.0,50.0,16.0,16.0
7bf085cb634a5038e227ea40490c3beb,cool_stuff,56.0,694.0,7.0,8200.0,58.0,17.0,48.0
5e24c1972fa0093e3ea96de1107ac733,relogios_presentes,59.0,705.0,1.0,400.0,20.0,13.0,13.0
50147c350ddbaff0646aeac455c7473e,cama_mesa_banho,58.0,2331.0,6.0,4200.0,56.0,37.0,49.0
44dcb08478450d530b70de0c5c7c5f4a,,,,,1450.0,40.0,20.0,20.0
5da61f03fa61bb3e2d965b98aa102ad7,relogios_presentes,59.0,437.0,3.0,250.0,16.0,2.0,20.0
03706dca83513062fe74967a71b5fc78,,,,,400.0,25.0,8.0,11.0
9d240cb98df035e3ef147117b92aa0e7,automotivo,57.0,150.0,1.0,100.0,16.0,15.0,16.0
674eb10c95caa2b4df48609bf38cab7d,brinquedos,31.0,791.0,3.0,950.0,36.0,11.0,25.0
fe0caf78250528cec991a2462326f574,utilidades_domesticas,58.0,797.0,1.0,1900.0,26.0,26.0,25.0
15b5d9fcf84c060e00b0883def7d10e6,automotivo,58.0,237.0,1.0,50.0,16.0,10.0,16.0
5dd65915a87e9031993b18e481a3cbe5,esporte_lazer,44.0,2080.0,2.0,100.0,25.0,6.0,25.0
19f2a215792dd5e7cfdffacd9f3d2361,fashion_bolsas_e_acessorios,34.0,358.0,1.0,50.0,17.0,3.0,12.0
dbdbf17a51049bf883b4d622a357b75b,automotivo,58.0,97.0,1.0,250.0,20.0,8.0,18.0
15d9c7e1411ece24a0053b1e876e4d4c,telefonia,56.0,856.0,1.0,289.0,17.0,9.0,18.0
d69e906470f99256b16bee14a0268fd1,instrumentos_musicais,55.0,996.0,3.0,150.0,17.0,17.0,14.0
a29c32ba19cb3a3a0a8184fd9f8cb6b7,papelaria,52.0,290.0,3.0,200.0,16.0,10.0,11.0
80d702d8e2231e25bee9d145c2c86b6f,perfumaria,51.0,544.0,1.0,450.0,20.0,20.0,20.0
c3d5a66bdd6bd3a9c7b3b53a46adc4d7,telefonia,54.0,2201.0,2.0,175.0,18.0,5.0,12.0
29b5add9129fe45fb3854c50cbd2765c,automotivo,60.0,589.0,3.0,230.0,17.0,13.0,15.0
16cc7a098d176187b6d8e9519fa81585,informatica_acessorios,56.0,599.0,2.0,350.0,16.0,22.0,17.0
b47865eeb745bcbfca95513b46bd977d,moveis_escritorio,56.0,1112.0,1.0,8633.0,42.0,64.0,43.0
0437850bd55b9b2b9cf104b59a611666,papelaria,59.0,244.0,7.0,350.0,18.0,2.0,20.0
8d991c2f0c5075b7a88c07d1453ac80f,utilidades_domesticas,54.0,577.0,6.0,250.0,16.0,12.0,12.0
ea588d45372c3d1b99f7761e35c2952f,beleza_saude,26.0,864.0,1.0,2550.0,31.0,16.0,21.0
083ffd30820b592e294de7ed668ff975,informatica_acessorios,49.0,944.0,3.0,300.0,23.0,8.0,19.0
332842d24e84234cd91299a225de76ab,relogios_presentes,58.0,1209.0,1.0,1750.0,50.0,6.0,19.0
a6883f92891e256b926bf8b9c40fbe9f,pet_shop,32.0,633.0,1.0,129.0,18.0,11.0,14.0
21dda9c8f188955446cf905038acd22a,ferramentas_jardim,56.0,452.0,1.0,5850.0,59.0,23.0,29.0
235458528f907463ec55ebb1e16b69f0,papelaria,38.0,224.0,1.0,1200.0,16.0,49.0,32.0
90e7f883fbd53dbb43ea8c32eb63ebe9,construcao_ferramentas_construcao,60.0,3119.0,3.0,4250.0,16.0,13.0,12.0
67031f1b5ba68a9997efb630e43ada88,esporte_lazer,35.0,907.0,1.0,288.0,19.0,15.0,16.0
f3b82a9bd4330abce1d6fc15a966e6d7,beleza_saude,52.0,1070.0,1.0,675.0,26.0,20.0,23.0
5cd07c84a1c25575ac2fc3fa73f1d952,brinquedos,63.0,2873.0,8.0,1200.0,39.0,22.0,14.0
a00cd7752fb98e0a8382def60ecc0b17,telefonia,51.0,597.0,2.0,200.0,18.0,4.0,16.0
a9410f6e58948e056b9eae0653aa0c75,esporte_lazer,35.0,964.0,1.0,253.0,16.0,11.0,13.0
3b94e26edc496743bbce82c42f0a9903,moveis_decoracao,53.0,1013.0,4.0,400.0,50.0,3.0,25.0
677d8ace413e0060fa8686cde56eaf10,relogios_presentes,54.0,619.0,1.0,303.0,19.0,11.0,16.0
15de022edf1005363381e66bed514528,moveis_decoracao,52.0,361.0,2.0,100.0,16.0,3.0,23.0
e66c00a9093ec6803dc123140914b5e5,cool_stuff,23.0,178.0,5.0,700.0,25.0,25.0,25.0
457cd0a99cfa977993e4eb6d98d95abb,telefonia,59.0,777.0,6.0,350.0,17.0,4.0,12.0
9712e67c33f564648b46afc6505db72a,cama_mesa_banho,56.0,131.0,2.0,900.0,50.0,5.0,50.0
b7d8ee5cdbf5e7844a13e8e93ba81195,eletroportateis,49.0,74.0,1.0,700.0,16.0,35.0,25.0
0bc4d2de176747bbc8b5e680bfdb66b6,esporte_lazer,55.0,1007.0,2.0,4750.0,20.0,20.0,20.0
5a6e53c3b4e8684b13388d6aa4afdf12,utilidades_domesticas,45.0,176.0,2.0,200.0,19.0,9.0,12.0
076e4ce53c8914382e7ff3732511b17e,beleza_saude,22.0,363.0,2.0,633.0,26.0,9.0,22.0
1533438056d9a9bcb1295afd304e36df,moveis_decoracao,52.0,485.0,2.0,500.0,35.0,8.0,35.0
363218ba55c610b750224f90bdd34be1,cama_mesa_banho,46.0,279.0,1.0,1813.0,67.0,12.0,47.0
7cfb84c1323fb861a17478de42b1839f,cama_mesa_banho,59.0,291.0,3.0,1450.0,37.0,23.0,35.0
ce50ce6bd3918bddcce75a3014b560f6,malas_acessorios,29.0,1011.0,5.0,1383.0,40.0,23.0,37.0
cdf0c921e5025a7ad81c1708b27393e0,beleza_saude,56.0,489.0,1.0,6400.0,24.0,15.0,17.0
015e04445dedbd5da301ef29cbb03f83,cama_mesa_banho,52.0,183.0,2.0,550.0,70.0,10.0,40.0
c629f814c92825a1e5ec157ce8a25bd9,informatica_acessorios,43.0,280.0,3.0,200.0,20.0,20.0,20.0
71191d3e8768745afc1c290c63f6241e,telefonia,58.0,467.0,2.0,150.0,17.0,8.0,14.0
ed01ede241c5149867b22ad7f03cba44,casa_construcao,60.0,899.0,4.0,400.0,29.0,35.0,23.0
a8b0dd2c57b49b649373ff5a495a697e,informatica_acessorios,54.0,3675.0,4.0,350.0,17.0,7.0,13.0
282d6e7d6d123206300fc97fb779d569,construcao_ferramentas_seguranca,53.0,2156.0,2.0,200.0,17.0,4.0,13.0
7344630ca6c1a4917e55f35c729baa7d,telefonia,57.0,592.0,1.0,200.0,19.0,4.0,11.0
51d646c5c93e0f1de543528d0e24eadc,beleza_saude,46.0,1305.0,1.0,1400.0,27.0,10.0,17.0
584c6fe37bfcd52c63fac43e26c71b83,esporte_lazer,57.0,2214.0,1.0,2150.0,16.0,5.0,16.0
410fdf98ab61894c35ffe4e1f76e204b,cama_mesa_banho,60.0,216.0,1.0,850.0,36.0,14.0,26.0
4a1a97d058036c89da35d3e66bcaa5d7,cama_mesa_banho,54.0,1036.0,1.0,2450.0,43.0,12.0,34.0
011967a30ceeaa86acb72e79664544ad,esporte_lazer,55.0,468.0,1.0,4100.0,17.0,105.0,12.0
539cf9fd268552759c133043a1dcc5f8,cama_mesa_banho,53.0,401.0,1.0,700.0,16.0,10.0,16.0
958cf0f5527f413e08d0cde6bfdbdde2,automotivo,54.0,1189.0,4.0,5600.0,20.0,12.0,20.0
b8355aca8662d7e0c913ed67412d8ecc,cama_mesa_banho,60.0,207.0,1.0,750.0,50.0,11.0,40.0
e947043dd2e144a9039d6b8841200c9b,utilidades_domesticas,57.0,1081.0,1.0,5000.0,40.0,40.0,40.0
c68307fcc510fdd70015276ba94cf5b7,beleza_saude,49.0,225.0,1.0,500.0,18.0,6.0,11.0
dcd7a14115098925c83dd54daab99cbd,papelaria,43.0,131.0,2.0,200.0,22.0,9.0,15.0
b01d34f6d2545269d348181768eca049,relogios_presentes,59.0,112.0,2.0,150.0,16.0,2.0,11.0
8268f227748ea57889478c74ca12d151,cama_mesa_banho,59.0,323.0,2.0,14550.0,50.0,14.0,70.0
9257d3f01cd400076c63470f92434c7e,cool_stuff,41.0,349.0,3.0,500.0,16.0,11.0,11.0
22ad84a8542945d56593a32b34abe336,brinquedos,48.0,332.0,3.0,1950.0,35.0,10.0,22.0
193d170dd2f6849cf0cb92791a6a623b,telefonia_fixa,45.0,437.0,1.0,476.0,21.0,15.0,17.0
e2a874b1b8340b4038172b1925afd914,utilidades_domesticas,54.0,208.0,2.0,4700.0,35.0,16.0,25.0
8aa87bc5f3053b4df2b05a2d3059790b,cama_mesa_banho,42.0,599.0,9.0,1400.0,16.0,15.0,15.0
ae28fd7a149b08a60309551e235d56f4,beleza_saude,57.0,2204.0,1.0,783.0,16.0,21.0,13.0
d3c395bcfed8dcf4539f11fbc4094527,cool_stuff,48.0,1482.0,3.0,2650.0,30.0,40.0,28.0
86df1e9a07c3d463f6a6c3f776051e9d,utilidades_domesticas,55.0,322.0,1.0,1550.0,30.0,6.0,30.0
65c5f70a0cc1d74c36cb5e8de51582e7,brinquedos,44.0,227.0,1.0,650.0,45.0,15.0,35.0
88d524b8b5576da63abf7b16bef48a39,informatica_acessorios,29.0,692.0,1.0,300.0,16.0,2.0,11.0
b0acce29b45d9b1236d4787813058afd,beleza_saude,48.0,1248.0,3.0,1150.0,20.0,10.0,20.0
702a14f9c5a93130c3346c4de901d864,esporte_lazer,54.0,270.0,1.0,250.0,28.0,28.0,28.0
b9900407a55cb2b306ae612415c3340e,livros_interesse_geral,45.0,646.0,1.0,400.0,26.0,6.0,36.0
563bbe0d8473acb99ec159079a8352f1,casa_conforto,59.0,323.0,1.0,2200.0,45.0,15.0,35.0
50fcba527cde578e212f114ba5cfdfef,cool_stuff,54.0,874.0,1.0,1000.0,42.0,25.0,15.0
c9c95f9e62d83a9d190792abc83f6811,brinquedos,15.0,467.0,1.0,460.0,21.0,13.0,16.0
71d22271ee986bf5a46a2c199da0265b,cama_mesa_banho,51.0,875.0,4.0,850.0,35.0,10.0,25.0
ef66e63137bdd1b2e44aa968646fc1e3,moveis_decoracao,41.0,789.0,1.0,750.0,20.0,35.0,20.0
fe0be6df56c891975ff729be49fd2e17,perfumaria,48.0,435.0,3.0,318.0,19.0,10.0,12.0
a96d7b91547c9d381eef6793af2c639e,ferramentas_jardim,52.0,768.0,2.0,2900.0,30.0,20.0,16.0
d5ad2be418dec48e9d0c4745e431c384,informatica_acessorios,43.0,893.0,1.0,150.0,21.0,11.0,12.0
ea650c84a7d5aaf2a2c5f1b108de8f7c,telefonia,45.0,56.0,1.0,50.0,16.0,14.0,15.0
0ff5724c5f19f85ca8e95529a6340c3e,automotivo,35.0,350.0,1.0,21100.0,27.0,27.0,27.0
a5e537da8376b8623758e0186bfa400f,eletroportateis,44.0,860.0,3.0,895.0,24.0,14.0,15.0
b746f0f77468910428130facb2ee2d1f,informatica_acessorios,42.0,207.0,3.0,100.0,40.0,2.0,24.0
895fc53d66ecb6c1afc40138dbc2a73c,cama_mesa_banho,48.0,330.0,3.0,600.0,41.0,14.0,14.0
1b11571a0535a643bb18db34b84b7334,cool_stuff,53.0,686.0,3.0,550.0,21.0,15.0,25.0
dc881ef926ca402063ea142afc83874c,cool_stuff,51.0,863.0,4.0,2100.0,23.0,40.0,16.0
a9d28bf666feccc924dd16f0a19cb70b,beleza_saude,45.0,3091.0,1.0,150.0,24.0,5.0,11.0
928e52a9ad53a294fdcc91bcf59d1751,utilidades_domesticas,34.0,1031.0,6.0,1600.0,20.0,60.0,20.0
f63623e4b513b69f115a2b34b9667938,eletronicos,41.0,292.0,1.0,100.0,22.0,8.0,12.0
56a46955ecaf11d037f22e3f11b903d7,cama_mesa_banho,59.0,590.0,1.0,5350.0,16.0,50.0,40.0
c32b1155b886162db8e1ec114699a799,cama_mesa_banho,53.0,381.0,1.0,825.0,25.0,18.0,40.0
7686fe49c98ae1c537b5cc51992f5d20,bebes,38.0,798.0,1.0,600.0,22.0,18.0,19.0
888bc229e8f4a4bb412bdea51c650a49,informatica_acessorios,60.0,187.0,1.0,200.0,25.0,2.0,16.0
249da6972f14b13495be6a75239e9a91,cama_mesa_banho,56.0,186.0,1.0,750.0,30.0,5.0,26.0
94f584e1a1158e97314c59b190dfb899,casa_conforto,58.0,216.0,3.0,9650.0,50.0,20.0,40.0
b3bd55bb626fd2657bbb08dd016a0cde,bebes,50.0,329.0,1.0,6700.0,57.0,40.0,25.0
f995f36cecde1f56edd98fc83b2b0b41,relogios_presentes,59.0,700.0,2.0,550.0,25.0,12.0,19.0
19629b1460e380638d4b9263bd31547a,eletronicos,52.0,1681.0,1.0,10900.0,75.0,18.0,70.0
549eff3b8a1a37069310736110a92939,fashion_bolsas_e_acessorios,47.0,240.0,1.0,100.0,16.0,5.0,11.0
5570e58fb62fc2a83e5bda3974e35be5,cama_mesa_banho,55.0,273.0,1.0,1050.0,38.0,10.0,38.0
03e1c946c0ddfc58724ff262aef08dff,utilidades_domesticas,46.0,465.0,1.0,550.0,16.0,22.0,12.0
24c9dc6efe88a1c3e794968ab1dd2a38,utilidades_domesticas,55.0,530.0,1.0,800.0,30.0,15.0,25.0
9cb67ae6cec5627ef21cbadcdb357054,perfumaria,57.0,483.0,1.0,350.0,17.0,13.0,12.0
4cd6ba4ea3112de8fc238307c4dc6307,cama_mesa_banho,43.0,506.0,3.0,1000.0,35.0,8.0,25.0
315c6373ff469f7b7f60bbb36c319f7b,cama_mesa_banho,56.0,105.0,1.0,550.0,20.0,10.0,15.0
e7a7e6b2b4959a39ac5ca07aa21e09ea,eletronicos,57.0,1583.0,5.0,400.0,20.0,4.0,13.0
f4e71b15e74938b15ecb9d15874ba227,utilidades_domesticas,44.0,168.0,1.0,150.0,18.0,18.0,18.0
348b10ae8463b0ee175ad03103e59f83,brinquedos,63.0,327.0,5.0,1000.0,18.0,23.0,20.0
3ed1acff2a294f6e314f95ffdd76002c,automotivo,49.0,677.0,1.0,2600.0,35.0,20.0,20.0
b70722d88b1dddd6ecbb159db90faf61,utilidades_domesticas,43.0,578.0,3.0,250.0,25.0,15.0,25.0
d3a735e40a3d006beb83b9b0594d3765,relogios_presentes,52.0,1352.0,3.0,500.0,16.0,11.0,12.0
fad5712458efaf9fff0c29431c558b07,relogios_presentes,59.0,559.0,2.0,325.0,19.0,13.0,19.0
4f88323d03ffaf090b8fb0116b33c95e,cama_mesa_banho,56.0,255.0,1.0,1700.0,30.0,5.0,30.0
3c40f1198e8e92e3c84c84bf8a8e1f0e,cama_mesa_banho,44.0,112.0,1.0,450.0,40.0,4.0,30.0
22d4437444eadc9f1c695f24d3f1aac5,cama_mesa_banho,52.0,852.0,2.0,5200.0,31.0,43.0,21.0
ffd259a48b9b073c942884d0f3659566,fashion_roupa_masculina,30.0,273.0,1.0,400.0,40.0,5.0,20.0
bcf64c2356ded745b81b4348a8a763e1,pet_shop,48.0,1561.0,1.0,1000.0,19.0,15.0,18.0
7bd42138fcc3aec6e8a0494f5a34bd25,consoles_games,34.0,869.0,1.0,300.0,20.0,10.0,13.0
8c7442b088dc69fece3db05b53234860,automotivo,54.0,810.0,1.0,2700.0,38.0,4.0,38.0
542d8fcc4a81cd455526d35b556437b7,automotivo,51.0,925.0,2.0,3900.0,65.0,25.0,25.0
3b43f7794dc5da533ffd74ebfeccf539,esporte_lazer,42.0,696.0,1.0,467.0,22.0,26.0,22.0
d472d40a9bd1540640ccc224d6d84319,telefonia,50.0,1311.0,2.0,50.0,18.0,6.0,11.0
5895e5cc058d6773e63c7084c7f6e636,esporte_lazer,58.0,734.0,1.0,375.0,17.0,12.0,17.0
408a59367613a62d59b6e3ca5ed58631,moveis_escritorio,56.0,1119.0,1.0,6400.0,18.0,53.0,51.0
49366a8fab2e191239a143647474e7fc,esporte_lazer,52.0,2238.0,2.0,374.0,22.0,14.0,14.0
76265fc5cc76fc5f09534fb307605c10,ferramentas_jardim,58.0,1698.0,4.0,1000.0,36.0,24.0,24.0
0cb9f521598f339ad6e6b41e34a1b169,telefonia,59.0,348.0,2.0,220.0,20.0,12.0,17.0
c1d14f1a3879495b9df24a6c48880642,beleza_saude,46.0,1873.0,1.0,1538.0,18.0,19.0,18.0
6a2961a3f5c85026ed1b3406a9ac27cd,papelaria,50.0,226.0,2.0,10950.0,60.0,20.0,17.0
f59ff3f667dc8dc2b42117736585c1ba,automotivo,44.0,424.0,5.0,100.0,16.0,9.0,11.0
da98cf62c7fe9452761e782902ad71a2,eletrodomesticos,58.0,173.0,1.0,100.0,27.0,13.0,17.0
7eb96ea641252f20b26fd6878d009a1d,utilidades_domesticas,46.0,1742.0,6.0,350.0,21.0,9.0,13.0
c6bc6e6265a9e3e202b0e843c983e77f,cama_mesa_banho,53.0,205.0,1.0,950.0,16.0,10.0,16.0
eb2d962076aa9c2485ef20775d7ca6b0,brinquedos,57.0,197.0,2.0,200.0,16.0,16.0,16.0
b1acb7e8152c90c9619897753a75c973,beleza_saude,56.0,575.0,1.0,200.0,20.0,15.0,15.0
c77dfb9c5aa26053afa89e2f78e09719,fashion_bolsas_e_acessorios,27.0,184.0,4.0,150.0,18.0,9.0,11.0
1addcc38627084ba4a99fe3efca1c65b,telefonia,59.0,421.0,2.0,161.0,17.0,14.0,19.0
d29e5a0b39b09b0f48f685968cf4f833,cama_mesa_banho,59.0,123.0,2.0,300.0,40.0,8.0,30.0
88f723b1cc87199862c31b071276b0f5,informatica_acessorios,52.0,1340.0,1.0,800.0,26.0,17.0,17.0
f5d8f4fbc70ca2a0038b9a0010ed5cb0,fashion_bolsas_e_acessorios,64.0,1710.0,1.0,200.0,16.0,2.0,11.0
3ced865c94d3396f990864fa7aef9104,telefonia,58.0,584.0,6.0,225.0,18.0,4.0,12.0
113691e29d92130f086ef9c9a463db10,beleza_saude,58.0,2167.0,6.0,900.0,27.0,4.0,11.0
7c8e2b381bb0fcba5b368961d7823cd2,pcs,55.0,1131.0,1.0,12050.0,27.0,50.0,53.0
8340594577e768fdc5ceb3c3973a064b,moveis_decoracao,48.0,219.0,3.0,450.0,16.0,5.0,20.0
0cc13a424dc207f8c4d3b26ea1cd384c,moveis_decoracao,43.0,862.0,1.0,5300.0,27.0,47.0,27.0
c5038055690911ed8e218cceb07acdf8,esporte_lazer,59.0,995.0,4.0,3500.0,86.0,26.0,18.0
61d4de5bc97fe391e6a42d7520a3551f,pet_shop,60.0,913.0,1.0,300.0,19.0,19.0,19.0
49f19939bc5c8639e06c36d3bf01ee98,brinquedos,45.0,842.0,2.0,213.0,16.0,13.0,14.0
95b5038cce133b8c926678c768012103,moveis_decoracao,56.0,2116.0,2.0,2550.0,69.0,11.0,11.0
5bfc7506459ae2a7b4b573fe557a58e1,cama_mesa_banho,57.0,535.0,1.0,800.0,45.0,15.0,35.0
c075b8e131353552218860f1c421e4ef,moveis_cozinha_area_de_servico_jantar_e_jardim,30.0,1565.0,4.0,1750.0,20.0,16.0,30.0
1c47e837f2780378d8485d04ab83a45d,beleza_saude,55.0,1683.0,1.0,375.0,23.0,18.0,23.0
66122b7ff167774803377cb2b1af7799,moveis_escritorio,57.0,1282.0,1.0,7575.0,52.0,52.0,17.0
0aabfb375647d9738ad0f7b4ea3653b1,consoles_games,49.0,100.0,4.0,150.0,16.0,12.0,12.0
8f3a1c2358138bedfb98645db449110c,relogios_presentes,50.0,584.0,2.0,297.0,18.0,11.0,18.0
3cf8d7db7dbaeb28f077151adfc59340,automotivo,54.0,905.0,1.0,717.0,24.0,14.0,21.0
5aed6af9bb6c3f903bef12b8c56e235b,perfumaria,34.0,370.0,2.0,475.0,20.0,12.0,14.0
4027c03e4b0afe1963877d2d164f880b,perfumaria,51.0,538.0,1.0,500.0,23.0,8.0,15.0
b09790edda54333116f9cf1decc580a1,cama_mesa_banho,50.0,148.0,1.0,400.0,40.0,4.0,30.0
5c3aca5c078a343b3b873362e7ac2fcc,relogios_presentes,33.0,307.0,1.0,600.0,16.0,2.0,11.0
2b86ffeae831b59e4fb849565cdc28ca,brinquedos,28.0,842.0,4.0,400.0,25.0,20.0,20.0
aeecb1d0e5d4d5ccc3fcfe6fe91103b6,telefonia_fixa,50.0,1425.0,5.0,2100.0,30.0,30.0,20.0
05649d71cdf7d7ec2bbd7a717179de0f,beleza_saude,58.0,482.0,4.0,350.0,25.0,15.0,15.0
813a30050677eb6996e12eea9ad400bf,beleza_saude,59.0,1726.0,5.0,12000.0,65.0,30.0,40.0
291c4f64b5862ed36fdec5f3df710613,informatica_acessorios,37.0,312.0,1.0,833.0,23.0,14.0,14.0
e4fe462cce9f36e312b869418a86bc3a,automotivo,41.0,126.0,1.0,9650.0,60.0,60.0,16.0
f906dbac60e535e0e5c313eaf7c5bfce,telefonia,56.0,316.0,1.0,150.0,19.0,4.0,11.0
80fb011fd54fa5e1911a2f80c0fc878d,brinquedos,45.0,1347.0,1.0,400.0,20.0,20.0,20.0
64315bd8c0c47303179dd2e25b579d00,brinquedos,55.0,889.0,1.0,4267.0,46.0,39.0,22.0
d485889158fd6345611d5a386a0b77d2,cool_stuff,47.0,410.0,5.0,3500.0,52.0,7.0,55.0
be5353e2c543ba4f67831f95d3775420,beleza_saude,58.0,1121.0,3.0,150.0,43.0,11.0,18.0
d4dccae17c83ffbaafc50d763503e9eb,utilidades_domesticas,59.0,474.0,1.0,3070.0,32.0,11.0,29.0
1029c7348ca63cafc3b859dec2d705d3,moveis_decoracao,31.0,217.0,2.0,925.0,35.0,7.0,33.0
89d49f6d10ff422902b2c2cb05da7f1c,informatica_acessorios,50.0,528.0,1.0,850.0,18.0,16.0,18.0
b60704f84087891432bf27f3dd5fd003,bebes,47.0,704.0,4.0,7500.0,60.0,20.0,50.0
94c6d48c2462a85429fcc3b6bde00c4a,cool_stuff,53.0,549.0,2.0,14700.0,42.0,55.0,38.0
3713c1ed7f99a240189778a1ef65d6d8,utilidades_domesticas,45.0,221.0,1.0,205.0,21.0,15.0,16.0
a322cb898d31adbe4a4de692f4bc0276,esporte_lazer,50.0,623.0,1.0,1200.0,19.0,18.0,16.0
31959c80177d03b7e67c88baffa71d6e,moveis_decoracao,53.0,284.0,2.0,7350.0,35.0,35.0,35.0
e37522e3e9aaee5f8831b244b3efd218,construcao_ferramentas_seguranca,56.0,1966.0,3.0,350.0,16.0,11.0,11.0
6fc983af1a5229efebcc40ab26d6226c,moveis_decoracao,48.0,219.0,3.0,750.0,16.0,5.0,20.0
746191562977a60292922c316e21720b,automotivo,46.0,851.0,2.0,700.0,21.0,13.0,20.0
1befaea8015cdb5fc2890a23ddf60cc0,telefonia,60.0,1440.0,2.0,200.0,18.0,6.0,20.0
eb9b44e05684527fbfdfd0ff5cb86250,beleza_saude,20.0,873.0,3.0,400.0,18.0,9.0,28.0
26a2bba56daa3e3b02eca0780176efd2,fashion_bolsas_e_acessorios,46.0,257.0,2.0,400.0,16.0,8.0,11.0
4328139cbe9adde0aac493ca9871eab3,cama_mesa_banho,60.0,289.0,2.0,1150.0,30.0,10.0,30.0
cb0c2c97fb2fca149a11c2f14027895d,telefonia,56.0,734.0,3.0,350.0,17.0,4.0,12.0
49c5279cc2c4e8ee09dd2871bed03114,cool_stuff,54.0,349.0,1.0,10750.0,60.0,34.0,31.0
abf7c583f35ff13ce82c05debdef8ef0,cama_mesa_banho,33.0,548.0,2.0,650.0,35.0,5.0,25.0
f9182a0ca4e95b38186deff41198a333,cool_stuff,51.0,1634.0,5.0,2900.0,50.0,20.0,20.0
d466e01b668c15dcefe2e800e1557ab5,cama_mesa_banho,42.0,873.0,5.0,800.0,40.0,10.0,30.0
7b7827f65a44cb0a2a5a1021757fd119,pet_shop,39.0,744.0,1.0,50.0,18.0,14.0,14.0
b2f15c23f560da3b247e1090d9d12be7,utilidades_domesticas,60.0,608.0,4.0,200.0,16.0,6.0,12.0
6639a238ead6779d6ef0b3eea56f9f86,fashion_bolsas_e_acessorios,48.0,357.0,5.0,150.0,16.0,9.0,11.0
e6e2f011de12dc9071763c2baed69a2c,bebes,54.0,737.0,1.0,500.0,32.0,18.0,21.0
ea5e798481ff9bb1edc6823d98d83634,cama_mesa_banho,58.0,700.0,1.0,650.0,20.0,16.0,20.0
21fd3b391a97c2fedab9d0efdd183a93,utilidades_domesticas,57.0,983.0,2.0,2650.0,53.0,15.0,13.0
551ae6a7d21ef0eea7b844dac0cc9de8,cool_stuff,31.0,437.0,4.0,3700.0,27.0,43.0,22.0
85337022853da10b8f5fd7d1ef180421,consoles_games,37.0,238.0,1.0,200.0,25.0,5.0,15.0
46805be02f14add01c364b5ca18959ec,utilidades_domesticas,47.0,633.0,3.0,1500.0,25.0,35.0,25.0
56c221c4c1a4a98293895c4563cdc6bf,construcao_ferramentas_seguranca,43.0,188.0,2.0,673.0,18.0,13.0,15.0
fd40f3ef9c7fb9c550619a88af47a5de,sinalizacao_e_seguranca,52.0,513.0,2.0,22550.0,85.0,85.0,26.0
3d92028223ae14160bf1938a522de2b8,brinquedos,40.0,673.0,2.0,3225.0,31.0,31.0,28.0
7ea49f9a853882a4a3b2f6a4bf47c11f,alimentos,58.0,3938.0,5.0,450.0,24.0,17.0,17.0
28b5fef7b6d63771e9784bc68c783793,eletrodomesticos,60.0,564.0,1.0,1500.0,65.0,8.0,38.0
afab5f7ab5c82f92ddcdc46c4cd85fbc,fashion_bolsas_e_acessorios,36.0,95.0,6.0,150.0,16.0,9.0,11.0
a9ccb9dca11ae8ca804b47417d0411f2,utilidades_domesticas,46.0,1021.0,1.0,8600.0,45.0,35.0,35.0
6f9771652ad5ec58e58f50475d6bfe0e,moveis_decoracao,58.0,288.0,3.0,1200.0,39.0,30.0,39.0
c9ea06f7fd4bd778e96031f46f60dfb9,brinquedos,56.0,670.0,1.0,840.0,33.0,13.0,26.0
083d6108def7421be9778dd0ecd11fa6,instrumentos_musicais,58.0,952.0,1.0,2000.0,35.0,10.0,82.0
4ac50dbde931c0a5ed8c33d3dc047351,beleza_saude,33.0,1087.0,1.0,600.0,28.0,11.0,26.0
c556dfe03a2efef617497a3de58cb44d,relogios_presentes,38.0,558.0,1.0,500.0,20.0,11.0,15.0
d41e71b34a15f8bc2c7ed84561ebb600,informatica_acessorios,44.0,870.0,2.0,900.0,30.0,6.0,23.0
fd979b0722a18a4fb9dfe333eefeead2,moveis_decoracao,28.0,431.0,5.0,1150.0,29.0,15.0,49.0
38da2dd3fddf4b5eda6d46d781fde41b,cama_mesa_banho,40.0,698.0,1.0,1150.0,29.0,15.0,15.0
aca2eb7d00ea1a7b8ebd4e68314663af,moveis_decoracao,44.0,903.0,6.0,2600.0,50.0,10.0,30.0
6987398dff454a3138231540e2a6ec61,informatica_acessorios,38.0,209.0,1.0,1033.0,31.0,17.0,22.0
d272d0921188b0bd91542d704b21404e,eletronicos,36.0,420.0,1.0,150.0,25.0,7.0,16.0
a82a1fcaf427ceabe9df656409d7acdb,fashion_bolsas_e_acessorios,52.0,819.0,1.0,100.0,16.0,5.0,16.0
ef7352a2d8b4adc975b83c8e8c23da5c,esporte_lazer,49.0,1485.0,2.0,210.0,17.0,13.0,16.0
c1617123e66d2491ca93ceadfd36203e,cama_mesa_banho,54.0,687.0,2.0,1050.0,32.0,5.0,30.0
b520b78a494cbd6e36d7a1c64cdffe0b,utilidades_domesticas,31.0,1383.0,1.0,2467.0,38.0,15.0,24.0
0be487faac01dd57fd7ed17cfbdf2dee,cama_mesa_banho,48.0,117.0,1.0,300.0,40.0,4.0,30.0
3186cedd4e2b68aabc3aed94ab1ea91b,telefonia,52.0,1440.0,3.0,100.0,18.0,6.0,11.0
ee97db3ef647a016f3bb7376f8a3ffcd,utilidades_domesticas,58.0,832.0,4.0,200.0,18.0,8.0,14.0
e6e3140cdd035e915d6d4a9eae2ccead,automotivo,60.0,163.0,1.0,50.0,16.0,15.0,16.0
068a754dc2d079d7bcd6f254b9a978e2,livros_interesse_geral,38.0,1348.0,1.0,600.0,24.0,3.0,17.0
09014e6cd3dd8882e42dcf4dd4f5e305,bebes,40.0,854.0,1.0,50.0,17.0,6.0,13.0
7bb755757b4b21a1abc9cc6e9991a8ad,bebes,60.0,275.0,1.0,320.0,36.0,7.0,23.0
a668879a637b097eb47536fdb31d3ce1,industria_comercio_e_negocios,56.0,2083.0,7.0,800.0,40.0,30.0,30.0
79d5da4087dedefe5ef7086bf68e6408,utilidades_domesticas,43.0,1709.0,1.0,1150.0,41.0,20.0,27.0
cbc1321327e4846330530a9abcc13841,esporte_lazer,53.0,185.0,2.0,850.0,60.0,15.0,15.0
e282624d8c82e04983f125e167eb4521,telefonia,45.0,343.0,2.0,117.0,18.0,4.0,11.0
3742ea63675dd01004c7dd8a3cd46d48,informatica_acessorios,38.0,1346.0,1.0,900.0,31.0,13.0,11.0
468f9e86ce85d599b7f48ddab25f1b42,utilidades_domesticas,53.0,817.0,1.0,1750.0,30.0,30.0,30.0
199f076c011ea5e8b546bff05d4f2477,moveis_decoracao,47.0,616.0,3.0,1300.0,105.0,15.0,15.0
0335b2f76fdeed85180abe8c6c444aa4,moveis_escritorio,57.0,1203.0,1.0,7300.0,53.0,51.0,18.0
fd6d9e3d204e6e693f4edd48ac33487e,moveis_decoracao,56.0,2059.0,3.0,3000.0,69.0,11.0,11.0
fcdb929c70287379ce31deed3f733d72,cama_mesa_banho,53.0,231.0,1.0,1625.0,41.0,30.0,33.0
5d0b3bded37ffeb1e67b324f3301ccb6,perfumaria,41.0,120.0,1.0,450.0,30.0,30.0,30.0
33ca6f53f303d370a64975dc0e2c86e9,brinquedos,48.0,762.0,2.0,2925.0,46.0,23.0,24.0
31c50827b6b5d0f51d61c8b2aa98f6e6,cool_stuff,33.0,805.0,2.0,1500.0,40.0,40.0,30.0
cc5004d18b1b9d795cb5043c2d75f66c,esporte_lazer,39.0,362.0,1.0,1400.0,105.0,10.0,20.0
c43ab4269cbf91b373263db4c2973cad,cool_stuff,59.0,734.0,4.0,650.0,33.0,18.0,27.0
1c5bd6a742367ec4d654a0859523e880,bebes,45.0,821.0,4.0,4550.0,40.0,10.0,40.0
62c7230e65fd9da6326284606ee1b197,perfumaria,35.0,424.0,2.0,472.0,19.0,13.0,15.0
310d46301bad5f6b27b3638b81d9cc99,automotivo,42.0,1307.0,6.0,2200.0,40.0,35.0,20.0
39aa98469aa7460a9764311b3f8efb12,cama_mesa_banho,47.0,161.0,2.0,350.0,25.0,8.0,19.0
2a2d22ae30e026f1893083c8405ca522,cama_mesa_banho,60.0,744.0,2.0,8350.0,50.0,27.0,38.0
b623b7cb05ee3248fbe4a6ecbeed79a4,brinquedos,41.0,673.0,1.0,3008.0,32.0,45.0,32.0
ea0342e49437a3633a3a35c326aa1e46,cama_mesa_banho,32.0,212.0,3.0,940.0,35.0,20.0,48.0
1d2498694abb5754d2a497801dc4900e,telefonia,58.0,776.0,6.0,150.0,17.0,4.0,12.0
9c8d68903b5106018c797e0e862ae55d,eletronicos,34.0,453.0,1.0,200.0,25.0,7.0,25.0
613db2ca288a12dd07e6fb99974800e8,automotivo,60.0,705.0,2.0,400.0,17.0,21.0,11.0
f6b95bf0206dac805cbbf5807acce648,esporte_lazer,38.0,448.0,3.0,313.0,21.0,20.0,12.0
0b4d2eb734bd8bb5001a145bf52fa5e2,eletrodomesticos,52.0,652.0,1.0,700.0,18.0,8.0,13.0
19b7d3eaa7343bd751c222bd14f44fa2,moveis_decoracao,55.0,534.0,1.0,650.0,65.0,2.0,13.0
aef09d3b8be874a0a8b1706573a6c9b0,climatizacao,54.0,581.0,2.0,167.0,20.0,9.0,15.0
12b2d0d0afbc40130f01e2f2f591444c,sinalizacao_e_seguranca,57.0,922.0,7.0,750.0,16.0,20.0,16.0
48640118918b5bd6454e3fee20ad637b,esporte_lazer,48.0,483.0,2.0,2800.0,104.0,5.0,80.0
18796df281656da4036dd926561a6030,cama_mesa_banho,57.0,555.0,2.0,500.0,52.0,6.0,40.0
8a4c5d65d3fa7a37204ea7f8538f91bd,eletroportateis,26.0,785.0,3.0,200.0,30.0,16.0,20.0
9da44726bd1515c649cee56a272795e4,beleza_saude,46.0,803.0,1.0,250.0,22.0,3.0,15.0
e611a297d7a9df83f906aab5c746fd06,perfumaria,40.0,634.0,1.0,436.0,20.0,13.0,15.0
c7466f1348d9a1e494343550ac3a2e23,,,,,1050.0,40.0,11.0,15.0
c61066ec039ab5de17a7d3151f8806c0,fashion_bolsas_e_acessorios,54.0,1438.0,1.0,150.0,16.0,2.0,11.0
566a4f2c4385f36d15c00dfcaae132d1,eletronicos,43.0,391.0,1.0,150.0,25.0,7.0,16.0
825993135690981b6014a46dbe75707e,moveis_decoracao,45.0,427.0,1.0,1000.0,20.0,15.0,20.0
20992273fc264d0a559e37c346090fe6,informatica_acessorios,51.0,1246.0,1.0,600.0,16.0,16.0,16.0
250d000589d1bb22d6ec81449f05cf20,telefonia,60.0,770.0,2.0,55.0,25.0,10.0,15.0
b4e319cb48642fd748a387fb88c31c35,brinquedos,45.0,346.0,4.0,900.0,31.0,8.0,31.0
6ae3f85f46a37844372252496c77b4d8,telefonia,49.0,1304.0,4.0,650.0,23.0,6.0,16.0
78120320a8a3d2656f159d513fcb83b6,moveis_decoracao,42.0,232.0,4.0,650.0,25.0,14.0,19.0
5a7373ba4c9b3e13513ded06cd1986c4,esporte_lazer,46.0,2029.0,3.0,105.0,20.0,20.0,20.0
ff907ae86deaa05b65cfb3b14166e7c7,beleza_saude,37.0,540.0,3.0,1400.0,27.0,22.0,39.0
e7a6e03b3e02c37299f6ea8398a08629,automotivo,59.0,448.0,5.0,150.0,21.0,15.0,14.0
840c7da1a74c54e903c0c6b86d44deed,,,,,500.0,20.0,12.0,15.0
566a14211efb01bf3e8ac11007379e93,fashion_bolsas_e_acessorios,31.0,393.0,3.0,200.0,16.0,9.0,11.0
d4548e7ab697993ec51d864766a8ea4f,relogios_presentes,43.0,632.0,2.0,532.0,19.0,13.0,15.0
f0af7ec9760e53f21277444f32ee3308,moveis_decoracao,59.0,205.0,1.0,1300.0,40.0,10.0,34.0
c706d50b57c9e83293c2586d01f32445,papelaria,60.0,310.0,3.0,600.0,25.0,7.0,24.0
138dac44dc568cd36c6f1d1e5e181d5d,automotivo,56.0,896.0,4.0,1400.0,25.0,9.0,26.0
64b99eed898c1b99a94d93cbf5873690,moveis_decoracao,63.0,393.0,1.0,1750.0,45.0,15.0,35.0
db96ef2aef93a5a96d1e3296a32648e5,agro_industria_e_comercio,59.0,751.0,1.0,12400.0,55.0,32.0,32.0
cc3fa983a53e9876a42790033f06a9ad,cool_stuff,60.0,416.0,1.0,6730.0,34.0,28.0,29.0
6bb54c0a1ddf991dc06cc7cb5a13bab7,construcao_ferramentas_construcao,41.0,1270.0,2.0,200.0,20.0,4.0,20.0
073af5ae737ac55290eb733f67317242,automotivo,55.0,89.0,1.0,700.0,26.0,8.0,14.0
1aaf80d4afeb6d8636711e75d02f1a7e,informatica_acessorios,50.0,220.0,1.0,50.0,40.0,2.0,24.0
06f2166336faca73c644b11eaca22d06,informatica_acessorios,60.0,635.0,1.0,600.0,16.0,13.0,13.0
50dfe62a8a76632271d4810efba06a5e,fashion_bolsas_e_acessorios,30.0,216.0,3.0,250.0,20.0,9.0,11.0
fce15962a64fe4b658917a18983fb266,beleza_saude,24.0,311.0,1.0,550.0,48.0,11.0,11.0
2f2eee65fc4cc4a5ee8362730719d290,papelaria,60.0,920.0,9.0,3100.0,30.0,52.0,20.0
cc1cb33bcc814aeaa4631761a34bd23e,moveis_decoracao,32.0,1262.0,4.0,150.0,16.0,8.0,16.0
dd61e943598eec72351633dd6a72d5dc,perfumaria,47.0,1816.0,2.0,350.0,36.0,6.0,22.0
ec65faa314338306f45b04be616eed53,livros_interesse_geral,41.0,618.0,1.0,1525.0,19.0,14.0,19.0
ba453af64b21e4179a5635683be46d15,telefonia,58.0,517.0,3.0,350.0,17.0,4.0,12.0
11467aa972053382530a1b91591eae38,beleza_saude,60.0,506.0,1.0,575.0,16.0,14.0,15.0
9e45be91c990797c9bb60ce6fa369bff,moveis_decoracao,52.0,1750.0,4.0,2500.0,105.0,3.0,70.0
ff62ab4c255754dd5cfbd1822cd97b40,moveis_decoracao,63.0,1051.0,2.0,11850.0,23.0,70.0,42.0
51945302d0858fe2efed398e1fa2df04,bebes,57.0,121.0,1.0,1650.0,39.0,16.0,40.0
f5eafd694f3a7959e352920537496c7c,industria_comercio_e_negocios,45.0,706.0,1.0,8400.0,36.0,25.0,44.0
00250175f79f584c14ab5cecd80553cd,utilidades_domesticas,53.0,631.0,2.0,750.0,30.0,5.0,35.0
8b87bdca52ab6d4c79661a4dbcf903c8,automotivo,60.0,670.0,4.0,350.0,16.0,6.0,16.0
8814a3da37fb9673a5ac06f82a2a00a9,moveis_decoracao,59.0,205.0,8.0,900.0,31.0,11.0,26.0
92f699740f5a71846565fa8a6f0bbcf4,casa_construcao,55.0,922.0,7.0,1050.0,16.0,20.0,16.0
165f86fe8b799a708a20ee4ba125c289,cool_stuff,40.0,1456.0,1.0,2425.0,29.0,30.0,19.0
caf4c19a55134cab8ebe2debd0f16e6d,papelaria,50.0,337.0,7.0,3500.0,60.0,20.0,29.0
9ee8816f1d901f62f4c8b2bd32e46b4a,esporte_lazer,14.0,129.0,1.0,150.0,30.0,5.0,40.0
cf1817039c1c86d9f7a5991817794083,eletrodomesticos,40.0,45.0,1.0,200.0,16.0,35.0,25.0
b87be755b7af193bb1ddf878a7d2966f,cool_stuff,58.0,571.0,2.0,15800.0,70.0,36.0,48.0
c7b3cf9de7be95b3e09e7a63315685eb,malas_acessorios,49.0,489.0,2.0,16250.0,18.0,53.0,39.0
595b8278e4e5c52c86a4da3812b70081,cama_mesa_banho,49.0,642.0,1.0,2450.0,16.0,2.0,11.0
edc5fb7cd23cfd91367038801fd55ec9,utilidades_domesticas,54.0,439.0,1.0,450.0,86.0,3.0,16.0
531caee8b7069e4b692eddf59ff98eac,automotivo,63.0,1541.0,4.0,2700.0,40.0,16.0,40.0
22036f187132350920aea5aa0bb01935,utilidades_domesticas,59.0,1047.0,4.0,500.0,25.0,12.0,25.0
be127a8a979cd5d591ea345f10bba28c,esporte_lazer,55.0,551.0,2.0,350.0,26.0,5.0,13.0
c7287c42473206267a78a2189981a42e,moveis_decoracao,59.0,2101.0,2.0,950.0,55.0,11.0,11.0
a2a1d57880bb40e60b59530ba0177ccf,cama_mesa_banho,56.0,352.0,2.0,900.0,50.0,11.0,11.0
4ae634441e444ca4bc85903cafe98d73,telefonia,54.0,285.0,2.0,275.0,18.0,4.0,12.0
a3174f2bfbbeca5734474d6046d76434,relogios_presentes,38.0,607.0,3.0,600.0,17.0,11.0,13.0
d465fef4e52e46bc9e04996b37789bbd,ferramentas_jardim,57.0,723.0,5.0,880.0,22.0,21.0,19.0
cf6db73155e09a3583117d7dbeeab445,moveis_decoracao,56.0,262.0,1.0,950.0,40.0,2.0,30.0
cd2ea14a901da3b47b33516f3ca6929e,beleza_saude,37.0,729.0,1.0,800.0,21.0,20.0,16.0
db753afa921ad9943950ac46194a0031,telefonia,30.0,573.0,1.0,50.0,16.0,12.0,16.0
15859e3a8aaa3c192c10a91d8722abd5,beleza_saude,51.0,2795.0,5.0,5650.0,36.0,26.0,36.0
fe84c88069760acf0d69497293c74f25,papelaria,51.0,755.0,2.0,250.0,16.0,5.0,25.0
3fbc0ef745950c7932d5f2a446189725,beleza_saude,50.0,1257.0,1.0,350.0,19.0,12.0,13.0
e25331bf25687974d6fc419b3bd576dd,utilidades_domesticas,48.0,1270.0,2.0,350.0,20.0,15.0,15.0
08528915e9c75fe961048c13928b527f,moveis_decoracao,39.0,211.0,3.0,500.0,40.0,11.0,35.0
a9a7a63a3f3c6ddc6aba7b37fa85caf4,utilidades_domesticas,30.0,725.0,3.0,800.0,17.0,21.0,11.0
9ebb48bdfe9f9c51c6c9f8a32a18d67f,esporte_lazer,46.0,3522.0,1.0,3000.0,29.0,40.0,29.0
386703f26f328414fe118e10a5d92675,telefonia,60.0,776.0,6.0,300.0,17.0,4.0,12.0
e4b0320c22018a6aeacee9b991ccb1fd,,,,,200.0,16.0,2.0,11.0
ce7186656e3ec080cba4fb895b9b90cf,bebes,53.0,201.0,1.0,100.0,25.0,22.0,22.0
1ad3f793ff482f29c15596c3bc596812,moveis_decoracao,40.0,94.0,5.0,300.0,16.0,5.0,20.0
2c9de16d31145f7aa376c2dab35a2b81,informatica_acessorios,56.0,545.0,1.0,800.0,29.0,16.0,18.0
a84e26c4cc7ea7884d3a81955a06cefc,papelaria,54.0,726.0,6.0,800.0,30.0,3.0,22.0
1a8ffdee10d64528eb046117521d3953,moveis_decoracao,47.0,494.0,1.0,550.0,35.0,23.0,35.0
37e4c14527273be66b84b8836bba463b,,,,,1155.0,24.0,16.0,16.0
422879e10f46682990de24d770e7f83d,ferramentas_jardim,56.0,348.0,2.0,1550.0,30.0,22.0,30.0
5b2b72f58d212a6e4733884ef0ece564,cama_mesa_banho,54.0,273.0,1.0,3000.0,45.0,19.0,35.0
2b939dc9b176d7fa21594d588815d4a4,malas_acessorios,45.0,702.0,1.0,1300.0,33.0,10.0,49.0
de99a4603fe6d195354676f800253ae1,bebes,30.0,972.0,1.0,1400.0,44.0,6.0,36.0
5c04d019c44f9f7da2d2b9508871a243,construcao_ferramentas_construcao,58.0,239.0,6.0,16400.0,50.0,38.0,50.0
55aefe286a63b5e07f42a63c10371020,relogios_presentes,58.0,752.0,2.0,600.0,16.0,11.0,11.0
b12c4b01322e1befea8465bdf7fe2360,brinquedos,19.0,512.0,1.0,1500.0,30.0,10.0,30.0
87a97ee722d5e544b3c929b36443b8b9,relogios_presentes,55.0,1108.0,2.0,436.0,17.0,12.0,13.0
72f2ba8b34e02757c445970388158e46,relogios_presentes,59.0,362.0,4.0,800.0,26.0,6.0,26.0
f594ea4dab18d092309463bf799398f9,brinquedos,34.0,411.0,1.0,600.0,34.0,11.0,29.0
5ee76866fa61481c966c02a129dfac08,utilidades_domesticas,59.0,156.0,1.0,717.0,18.0,19.0,15.0
9b125b82780e1bbb7716c906ff46f89b,pet_shop,63.0,785.0,1.0,800.0,38.0,4.0,19.0
6b874ff4c71d18e91079b40396bf176a,automotivo,41.0,1117.0,8.0,300.0,31.0,17.0,27.0
fe6f03cedd96bcbc5c8726c5963fd35c,cama_mesa_banho,48.0,639.0,1.0,1250.0,20.0,16.0,20.0
ee8b16196604ed47b34b094351ce68e2,bebes,47.0,235.0,2.0,9400.0,75.0,15.0,50.0
8a5835aeef83efa6aa947f84f92deb0e,relogios_presentes,60.0,430.0,5.0,250.0,16.0,2.0,11.0
72172e982e8b92155069e4201c92c0bb,esporte_lazer,60.0,3847.0,5.0,200.0,28.0,10.0,13.0
10d13c18c631962fdc16cf4bbe67c730,esporte_lazer,32.0,1132.0,8.0,10200.0,105.0,18.0,28.0
c4a6de6225217d4539c861c0b6316d86,esporte_lazer,36.0,261.0,1.0,700.0,27.0,12.0,49.0
4aaa2ddc43f64a2db232b71fc4639064,eletronicos,28.0,131.0,3.0,6050.0,16.0,61.0,41.0
db5efde3ad0cc579b130d71c4b2db522,audio,40.0,232.0,1.0,6663.0,17.0,11.0,13.0
33e77eecc23c25a65d10f627e5053617,moveis_escritorio,48.0,1092.0,1.0,7400.0,54.0,53.0,20.0
6ba4d9e6b21481dcc4646250fa189ac1,eletronicos,41.0,790.0,5.0,477.0,18.0,16.0,14.0
8fa5bb1e4de7a63ee554487c2f2ee076,brinquedos,58.0,696.0,4.0,325.0,21.0,7.0,16.0
bd7cab8de4d7943286634023cc06f8ff,bebes,59.0,1226.0,4.0,23250.0,23.0,50.0,84.0
583916a5dae918f5e89baec139141c54,,,,,3100.0,28.0,28.0,50.0
ec8ae427905e10052ee4f1e9993b6763,bebes,52.0,224.0,2.0,6200.0,75.0,15.0,50.0
05fa3b5ecdf7f54e97fe25127db0ee7c,esporte_lazer,45.0,758.0,1.0,2000.0,23.0,16.0,18.0
96d6c71675adc35bcf32f970cdffe2d6,telefonia,32.0,366.0,3.0,167.0,18.0,4.0,11.0
dd4bb630f241ce3910d9595b395efeb5,pet_shop,23.0,1151.0,1.0,160.0,16.0,11.0,11.0
c88f6f752875535d69510094205bab77,construcao_ferramentas_construcao,54.0,1781.0,3.0,1600.0,26.0,9.0,20.0
1146013b4da16ab073768dc76089aaa8,relogios_presentes,53.0,591.0,1.0,266.0,17.0,9.0,12.0
1a909e04ddbc64bda3fc905834678201,informatica_acessorios,48.0,475.0,1.0,213.0,15.0,7.0,11.0
37b99aa22bbac19b2a4afc4b2a958a53,ferramentas_jardim,46.0,762.0,3.0,17300.0,26.0,26.0,26.0
12a146749cb72ebfde01a89105df1897,esporte_lazer,49.0,2009.0,4.0,233.0,22.0,16.0,14.0
af680b3406a3179e4a4c2051c5384cfd,cama_mesa_banho,53.0,681.0,1.0,950.0,28.0,14.0,16.0
b00a32a0b42fd65efb58a5822009f629,bebes,58.0,398.0,3.0,238.0,20.0,10.0,15.0
07f381c65e8e66460c07781b9b1b8834,moveis_escritorio,45.0,1156.0,2.0,17050.0,63.0,62.0,24.0
c65f71634a9d0de5b4a1d7dbb6d3ae01,utilidades_domesticas,42.0,588.0,3.0,500.0,35.0,15.0,20.0
371fa349d92646bbeea5873df0bcdc5a,utilidades_domesticas,49.0,342.0,1.0,490.0,20.0,18.0,16.0
6aa8f339965debf52a549f8aade6d068,eletrodomesticos,57.0,563.0,1.0,500.0,23.0,16.0,18.0
db51982bc43b26164c29605b8ed140d6,telefonia_fixa,20.0,286.0,3.0,100.0,19.0,3.0,11.0
c708ba7c6269161f89ce0683cdd7c432,relogios_presentes,60.0,379.0,3.0,300.0,16.0,2.0,20.0
5d4259625c11acce3dcc39c169037a9a,construcao_ferramentas_construcao,34.0,797.0,1.0,958.0,29.0,18.0,25.0
883e57b1f0fab96202d9e39efbe3b671,automotivo,54.0,709.0,1.0,5600.0,80.0,10.0,25.0
151133751552ad5bdd6645dfdcb0e728,cama_mesa_banho,48.0,590.0,1.0,1475.0,38.0,11.0,30.0
59c1840441f4df065f52760bf51a8442,fashion_bolsas_e_acessorios,46.0,418.0,4.0,150.0,16.0,5.0,11.0
327018136fd4a966408df8243383a233,relogios_presentes,60.0,478.0,4.0,200.0,16.0,2.0,11.0
5cb27eb7202ae6c53809618eb8549007,brinquedos,57.0,245.0,4.0,1675.0,44.0,24.0,23.0
7614c62b86a81021243e438cfde78ccc,beleza_saude,53.0,1135.0,5.0,9900.0,30.0,39.0,38.0
85b39215c2d7de985b5a34b759255d03,cama_mesa_banho,52.0,769.0,1.0,1700.0,30.0,16.0,40.0
b6e352d888ba31d8999af279cd63aa24,utilidades_domesticas,42.0,337.0,2.0,1225.0,27.0,26.0,26.0
a05f4c1d544848f9ee86f767c9cc0d4f,informatica_acessorios,35.0,875.0,5.0,366.0,20.0,6.0,15.0
cb378611bbb39f1716b4f0c335201448,malas_acessorios,39.0,632.0,6.0,16850.0,38.0,58.0,25.0
0e621085968d9a9585ed3c2c204825e2,beleza_saude,52.0,3939.0,2.0,200.0,20.0,15.0,20.0
9ee8f71db966916c4bc13c3ede22c146,telefonia,55.0,679.0,3.0,150.0,17.0,8.0,11.0
1b55611367793363c3aa1c9d888be7ed,automotivo,31.0,993.0,3.0,1350.0,33.0,28.0,28.0
d4fe034cde911805af12724d73fde7e0,cama_mesa_banho,53.0,867.0,1.0,1100.0,20.0,16.0,20.0
f7e0fa615b386bc9a8b9eb52bc1fff76,informatica_acessorios,59.0,2574.0,1.0,325.0,21.0,21.0,21.0
31ec3a565e06de4bdf9d2a511b822b4d,construcao_ferramentas_iluminacao,40.0,516.0,2.0,750.0,30.0,28.0,28.0
835d8502d265ddeb4bdd39591d55fa2b,beleza_saude,50.0,3902.0,7.0,500.0,26.0,19.0,33.0
48bc0b16a79dc0d94adfb679e1f6e965,beleza_saude,51.0,1283.0,1.0,1217.0,26.0,19.0,22.0
9867ef342d95bb4f9b6ebf39bad864f7,fashion_bolsas_e_acessorios,44.0,262.0,4.0,317.0,24.0,25.0,21.0
8895ac34adda705a5d93c05aa5141205,informatica_acessorios,57.0,464.0,1.0,250.0,30.0,6.0,22.0
4c8c1d73644dce680ac36856d70c1f9d,pet_shop,58.0,459.0,1.0,8600.0,37.0,30.0,39.0
d202f59ac5acd0b1dc1049b8b368cbfd,livros_tecnicos,20.0,1621.0,1.0,950.0,23.0,3.0,16.0
8b32eb3053c5c248a5e547f8a1bfb859,informatica_acessorios,61.0,680.0,1.0,300.0,16.0,6.0,17.0
4a0297fe087bf3ab8e126936cef30a28,automotivo,54.0,3152.0,3.0,2850.0,26.0,19.0,22.0
273e331241d86e8c9dd35408c755751c,esporte_lazer,60.0,1553.0,3.0,1350.0,105.0,15.0,15.0
3fadfe202fc3ad333cdd51870f1ddb03,utilidades_domesticas,60.0,671.0,3.0,3250.0,24.0,30.0,24.0
617186c3d97ea56c9c683a8a3974e8c1,perfumaria,59.0,1071.0,1.0,550.0,21.0,12.0,20.0
0ac4f23a50ad9369ab5d78b1f068f6d3,eletroportateis,56.0,444.0,4.0,11250.0,40.0,40.0,40.0
a5f6ba3fe91a2e73f10b612131cb2404,eletronicos,45.0,1057.0,3.0,138.0,19.0,17.0,16.0
5cbd407f3315b628a89206fbc140f6c8,market_place,30.0,615.0,3.0,150.0,22.0,5.0,14.0
4ae6bbbe40edd8689f356e7d822c6dd3,cool_stuff,58.0,874.0,1.0,1900.0,30.0,13.0,30.0
5be202203d884803b74c45c7ff991706,relogios_presentes,59.0,530.0,4.0,300.0,16.0,2.0,11.0
e070a61270050c4b1b704300f331cca6,pet_shop,57.0,558.0,1.0,850.0,30.0,20.0,30.0
d63c1011f49d98b976c352955b1c4bea,beleza_saude,57.0,614.0,1.0,950.0,35.0,25.0,20.0
64361cf847b7ebbd89d37266c947356c,utilidades_domesticas,58.0,1719.0,1.0,1900.0,26.0,26.0,25.0
3f212fef0e1f11b343226b633f0426df,beleza_saude,54.0,875.0,1.0,1050.0,36.0,12.0,22.0
1095122297a4faeebb3dd2cb4c9b497d,automotivo,57.0,703.0,6.0,5950.0,47.0,19.0,23.0
2d677673c369b1d62187bc49ab3e9331,informatica_acessorios,55.0,3125.0,3.0,1400.0,20.0,30.0,20.0
38327e062df5eb11f9ff87b586df0fd4,esporte_lazer,30.0,500.0,6.0,600.0,30.0,12.0,15.0
f58f86b3091f0a1080607870539f2e56,cama_mesa_banho,47.0,415.0,1.0,303.0,26.0,23.0,23.0
d04e48982547095af81c231c3d581cb6,relogios_presentes,56.0,528.0,2.0,292.0,18.0,10.0,15.0
63dfa8b12200610ed7b5e41d3c888a25,cama_mesa_banho,59.0,146.0,2.0,1250.0,34.0,6.0,41.0
d2c7a1e57b8f3e74095798f867334b36,relogios_presentes,52.0,222.0,5.0,300.0,16.0,2.0,11.0
d1cd40f9c1b59554cfa67b08073607fd,esporte_lazer,50.0,549.0,1.0,300.0,18.0,8.0,14.0
7a10781637204d8d10485c71a6108a2e,relogios_presentes,42.0,236.0,1.0,342.0,18.0,13.0,15.0
9451e630d725c4bb7a5a206b48b99486,bebes,52.0,300.0,1.0,350.0,31.0,10.0,12.0
c39f112a4f0d855bd197c065cb42eba9,construcao_ferramentas_construcao,60.0,175.0,6.0,20200.0,54.0,20.0,40.0
b363ba4802d9eca552da85a1125747eb,moveis_decoracao,41.0,397.0,3.0,6200.0,62.0,6.0,62.0
580f59d167b4ded91943ef2b1f3d0077,cama_mesa_banho,53.0,508.0,1.0,400.0,45.0,15.0,35.0
fd76f22bf3648e0dd4295e593def7664,automotivo,56.0,1383.0,2.0,1000.0,33.0,15.0,30.0
87cc2aef12eddf0b170234138b0946e0,informatica_acessorios,58.0,2455.0,2.0,350.0,28.0,6.0,20.0
96b7d9d0248d6f0f688e1a1987642733,bebes,44.0,1280.0,4.0,7050.0,51.0,25.0,48.0
46cc07237660346018f8838ae0b7ed2b,bebes,39.0,609.0,1.0,550.0,40.0,19.0,16.0
2dbed858ef1a666ec3afae6566400a06,esporte_lazer,48.0,1156.0,2.0,400.0,22.0,15.0,22.0
095cb863f2b04911455ad33f5177062e,livros_interesse_geral,48.0,1140.0,1.0,1000.0,16.0,24.0,16.0
550dc4417c636abc04c71404342de695,informatica_acessorios,43.0,518.0,1.0,1238.0,34.0,19.0,24.0
81040eb9c21d4f60b7771836b3255489,beleza_saude,51.0,1085.0,1.0,1075.0,17.0,21.0,17.0
d370e908175e2f3b39bb7fd33fd4c530,esporte_lazer,60.0,972.0,1.0,400.0,20.0,20.0,20.0
fe6a9515d655fa7936b8a7c841039f34,cool_stuff,29.0,266.0,3.0,5650.0,73.0,73.0,20.0
be92bd4ffb2aeb2776beaf42860ce0ce,informatica_acessorios,46.0,168.0,1.0,100.0,18.0,9.0,16.0
7659404ade89460a4be1c11ac47d5f2c,esporte_lazer,55.0,405.0,1.0,200.0,36.0,5.0,26.0
8c955afdb3e69c856507b4a7c0085ee3,beleza_saude,44.0,544.0,1.0,200.0,24.0,24.0,16.0
98a8c2fa16d7239c606640f5555768e4,ferramentas_jardim,39.0,500.0,1.0,8325.0,43.0,14.0,33.0
6ca11e79ed1acb748ccbb8e6b821967d,perfumaria,49.0,896.0,2.0,400.0,16.0,16.0,22.0
cd3b8a153ef3be4fdbad9e011b7b35e2,eletrodomesticos,59.0,790.0,5.0,7650.0,30.0,50.0,40.0
22234a1dd91ce8e88c7b108d198c40ad,beleza_saude,57.0,3110.0,1.0,125.0,19.0,15.0,17.0
08401f48b67a852d06105725c3013eff,brinquedos,58.0,739.0,5.0,350.0,28.0,10.0,12.0
655110abedc57d73d3b2150d8ba2092a,cama_mesa_banho,60.0,314.0,2.0,1250.0,30.0,10.0,30.0
73bcea88583002fe12b7399af4ae60da,relogios_presentes,42.0,631.0,2.0,459.0,18.0,13.0,14.0
77c2aff3c37f549284828851709cedee,beleza_saude,30.0,1418.0,1.0,208.0,31.0,7.0,20.0
740281a23898e6af55b5aad34a41f0ad,pet_shop,34.0,537.0,1.0,10100.0,72.0,12.0,52.0
b0075cdedc8e455d734e6b1875336ca1,pet_shop,28.0,641.0,4.0,150.0,16.0,9.0,11.0
631cc372948b89f0211271f2546d9f44,,,,,700.0,20.0,10.0,20.0
fd424396761d9e1609c5516b7d8ce17b,automotivo,53.0,578.0,1.0,4825.0,61.0,34.0,36.0
f449d5919390268a18a8c424e3a62dea,esporte_lazer,46.0,832.0,1.0,650.0,18.0,18.0,18.0
737d985cd93b0a4844c3c5847d945ca4,relogios_presentes,40.0,692.0,1.0,250.0,20.0,14.0,14.0
76951acb34204078c0dc377dfc4233aa,beleza_saude,51.0,3890.0,2.0,650.0,40.0,20.0,30.0
5bfcd193eb29c1c8332e2d4ca804d54f,consoles_games,52.0,1236.0,1.0,340.0,17.0,7.0,16.0
2eadf6089620e82047e4d24101dc6759,perfumaria,44.0,749.0,1.0,500.0,16.0,14.0,14.0
b061d19bedb7cb3af1ae9d6fb52b5712,automotivo,37.0,2031.0,1.0,5100.0,55.0,15.0,34.0
964093075b6885bfcc6520dd216e4d8f,utilidades_domesticas,46.0,157.0,4.0,250.0,24.0,5.0,11.0
6d8df074fad8f0315c8226b43f71a084,utilidades_domesticas,40.0,786.0,4.0,9600.0,60.0,30.0,50.0
6e2a68aa94eb2a3b5b3499bf2314d544,cama_mesa_banho,46.0,513.0,2.0,1900.0,40.0,10.0,30.0
00c744ca2f3b0e76ce227b146095d3f9,brinquedos,41.0,569.0,1.0,350.0,17.0,15.0,17.0
fe4dece0c663ba4f1f9f2d04d3b93a97,cool_stuff,58.0,442.0,1.0,200.0,16.0,12.0,11.0
44a34214a57dc373dcd80f54c919d006,esporte_lazer,21.0,207.0,2.0,350.0,67.0,15.0,15.0
37244e10d8b612acfba950f0ef0be093,construcao_ferramentas_construcao,63.0,1288.0,5.0,30000.0,43.0,72.0,43.0
2ba4f78910f6fe61e7ae7bfa4efe2726,cama_mesa_banho,55.0,225.0,1.0,380.0,34.0,21.0,40.0
3a4113a7009a9fda9cc0021c98b74332,livros_tecnicos,39.0,465.0,1.0,550.0,24.0,4.0,18.0
78b7b1ff2d3f06a589354ddf2f4f9db3,perfumaria,31.0,355.0,1.0,448.0,22.0,17.0,17.0
fc2351bcf24c714e5d21b44ad41198b7,bebes,58.0,1380.0,2.0,6850.0,48.0,25.0,34.0
2fb0efd1f61f186ffdda9e8ec70f27f2,bebes,37.0,224.0,2.0,4075.0,73.0,14.0,48.0
aa59c9e7a89f70e05e190130174cd4aa,esporte_lazer,60.0,867.0,3.0,1600.0,16.0,50.0,16.0
d2ff5f62363de6bace21676323900d0d,cama_mesa_banho,57.0,295.0,1.0,12050.0,60.0,30.0,40.0
bc9f168ac01066f4f007d17ee4e2ea6a,cama_mesa_banho,41.0,869.0,1.0,600.0,20.0,10.0,20.0
d517de1f2a8247cc1ea2951c4039ae20,brinquedos,37.0,450.0,3.0,992.0,34.0,13.0,31.0
0a8b35c2fbc824f7e1015cf330e6cc3c,esporte_lazer,55.0,2656.0,1.0,250.0,16.0,2.0,11.0
e01d7d6a1fbdf0aae35d34fa66766399,utilidades_domesticas,51.0,184.0,1.0,250.0,30.0,20.0,20.0
f292ca832e0400809217dc0478a31650,perfumaria,40.0,707.0,2.0,100.0,18.0,9.0,12.0
c5e31bcea566d7f28ebc011e9fee182f,cama_mesa_banho,50.0,704.0,2.0,800.0,16.0,10.0,16.0
fef0296e6442db59700c92c692c90e90,construcao_ferramentas_jardim,40.0,275.0,1.0,150.0,16.0,4.0,11.0
8b50a72d52d7a91fb19d19fbe069e2f2,utilidades_domesticas,54.0,1754.0,1.0,250.0,20.0,8.0,13.0
fe077ec80df6b4ee60bb4498d5ab1962,informatica_acessorios,56.0,195.0,1.0,200.0,16.0,15.0,15.0
189898d15ec809a4ca45e1ac2221dea2,informatica_acessorios,26.0,327.0,1.0,478.0,20.0,14.0,18.0
afb20d6bc6e0556ba8e9e724e6ea03bb,beleza_saude,44.0,1081.0,4.0,2000.0,52.0,17.0,35.0
d6be8874a210252bd164fadd394d9e95,bebes,40.0,394.0,2.0,700.0,42.0,25.0,15.0
96bdf83ce8bcf48510e8a8ab8b5fb660,fashion_bolsas_e_acessorios,42.0,139.0,4.0,50.0,18.0,18.0,12.0
60377afd6f6da838f980b2522636cc22,bebes,42.0,1287.0,2.0,10250.0,55.0,38.0,43.0
f1fe595ee7ef768b41bd9b246d13432d,ferramentas_jardim,52.0,1292.0,7.0,1900.0,17.0,13.0,31.0
c40b4d64d9a3328382ec1fc2948c4af0,telefonia,30.0,797.0,1.0,100.0,17.0,5.0,12.0
5cf32074c765ce825b53e1241b79e544,cama_mesa_banho,38.0,486.0,1.0,1000.0,36.0,16.0,36.0
094af0a75d07c0dbdccaa23e88149673,esporte_lazer,27.0,106.0,1.0,6450.0,35.0,25.0,27.0
f8b29b398eeec313dd704d04a432af3a,informatica_acessorios,42.0,410.0,1.0,200.0,16.0,16.0,11.0
cae8c962ad47ff05a508e6fec4146e1a,automotivo,59.0,162.0,1.0,50.0,16.0,15.0,16.0
223f6bc365de199df4fbd5db2ca6ec1d,moveis_sala,51.0,328.0,2.0,12800.0,63.0,13.0,63.0
ae6b739ab6e9d7991fb2ddd70f9c0b6b,utilidades_domesticas,56.0,595.0,1.0,1200.0,30.0,30.0,30.0
a9b3c1c9a790da6695b60d0b0070578f,informatica_acessorios,48.0,1966.0,2.0,1000.0,26.0,23.0,23.0
eab67bf937aaadc19f83383a331d2dd9,moveis_escritorio,53.0,1199.0,1.0,10975.0,53.0,51.0,18.0
af3660080355b203936d26f31bbfcfca,brinquedos,47.0,1080.0,1.0,250.0,23.0,18.0,23.0
0f6aa686ebf2fa68554cc24d4d29db5a,utilidades_domesticas,55.0,402.0,2.0,10450.0,80.0,15.0,33.0
17c4bd4269902c84acc14c497f282ddb,telefonia,51.0,422.0,5.0,300.0,23.0,7.0,15.0
9b2a0b97c2471793b067f77f2252defa,esporte_lazer,60.0,236.0,2.0,1250.0,60.0,15.0,15.0
2b2d98d1e9b6f68a472c5ace64d704fa,informatica_acessorios,35.0,671.0,1.0,2700.0,36.0,9.0,20.0
91442659f31ec0f0fc73215e77854fac,relogios_presentes,60.0,661.0,5.0,300.0,16.0,2.0,11.0
e475b26e5db4c91fa1cd25927908eac2,fashion_esporte,22.0,886.0,4.0,200.0,22.0,6.0,15.0
474bb6b54fc608ca71059a6c4f7ecda3,eletronicos,43.0,538.0,1.0,150.0,30.0,10.0,20.0
6a0713a63e990052795623e76cc2995e,cama_mesa_banho,31.0,151.0,1.0,900.0,40.0,4.0,30.0
aa53f25a0966489889cbfa05ad848d4a,brinquedos,45.0,278.0,1.0,1223.0,20.0,15.0,19.0
003a31970fea14fffe92ac856b8a9b97,casa_construcao,55.0,900.0,4.0,1850.0,45.0,12.0,45.0
b6475dae3a2796ed87cabc7b8e8debcf,utilidades_domesticas,46.0,558.0,1.0,250.0,35.0,13.0,19.0
2e0725613e75303bb162ff2f58f112e0,brinquedos,27.0,254.0,1.0,200.0,16.0,10.0,11.0
53f345740817185c3b226e722a2f729a,informatica_acessorios,49.0,152.0,6.0,200.0,18.0,7.0,12.0
c518e285e7aaff0537a2ad50dc3eceaa,livros_interesse_geral,43.0,1218.0,1.0,425.0,27.0,3.0,19.0
c8f7df520102efbaf9927f5acf21b928,brinquedos,54.0,452.0,6.0,450.0,21.0,9.0,16.0
fa335dcd3999105b8bfb1ce9300de4d1,informatica_acessorios,32.0,1074.0,2.0,200.0,39.0,2.0,30.0
f691cdacdf6ea42e5cde08d10928f90b,esporte_lazer,30.0,536.0,1.0,998.0,24.0,26.0,20.0
e3dd336775af78a83fc27ed85f0f15da,beleza_saude,47.0,1267.0,1.0,300.0,20.0,9.0,15.0
e0155093e5732c2307de4c66394a72a3,informatica_acessorios,51.0,349.0,1.0,70.0,19.0,12.0,13.0
a767d41b71a909a1dd1e969f4b50732c,eletronicos,40.0,2592.0,2.0,1200.0,28.0,8.0,18.0
321fd48981c751663bc43487274e7609,bebes,34.0,280.0,2.0,100.0,31.0,6.0,31.0
890b077b34b5d22c8c56d60536ab9e75,esporte_lazer,51.0,2648.0,1.0,175.0,18.0,16.0,16.0
42ef2bdec0493fd90852352fcfbf2c24,informatica_acessorios,58.0,202.0,1.0,850.0,32.0,19.0,19.0
3a7c9b0413d7b9cc7f4a18318fc5afb3,cool_stuff,52.0,797.0,2.0,1500.0,50.0,40.0,30.0
afbe1e973aefbf72a330e3bc72d4b476,cama_mesa_banho,56.0,501.0,3.0,1450.0,45.0,15.0,35.0
e5ae72c62ebfa708624f5029d609b160,informatica_acessorios,60.0,367.0,1.0,156.0,18.0,12.0,15.0
bc055ae94989497c0d66bfa4263ccf61,informatica_acessorios,49.0,544.0,1.0,150.0,24.0,12.0,13.0
98aaaedf37ab737ac27a285b011f42cb,construcao_ferramentas_construcao,60.0,339.0,1.0,7125.0,27.0,7.0,27.0
c0205b35b5e0f162b0dcc48572223b72,perfumaria,51.0,389.0,1.0,400.0,19.0,11.0,17.0
9cbe4a1fd4db99c14512e9b2ff033ec4,cama_mesa_banho,46.0,113.0,1.0,500.0,40.0,4.0,30.0
d04857e7b4b708ee8b8b9921163edba3,informatica_acessorios,33.0,1127.0,2.0,450.0,16.0,4.0,20.0
69b45497bec8e36af6fd1a31b2cd8f9f,eletrodomesticos,51.0,3134.0,8.0,950.0,45.0,14.0,35.0
2ec4063419591b373f7990da94fb2c6c,telefonia,44.0,375.0,2.0,50.0,20.0,20.0,20.0
9afaad66aca8b0c79e4f084a89c9c92b,telefonia,44.0,965.0,3.0,150.0,20.0,7.0,14.0
98f0299580af2f970c0297c4610292ed,moveis_decoracao,51.0,1570.0,4.0,592.0,21.0,18.0,20.0
fcf28afb1353f2f12ea041dd74954226,telefonia,59.0,818.0,5.0,300.0,17.0,4.0,12.0
efaeb3361423a3cb388b7bf8741ca075,cama_mesa_banho,53.0,153.0,1.0,1800.0,42.0,7.0,35.0
aa5d6a9bd4be367ae1a3a29c323c7c11,esporte_lazer,60.0,3767.0,1.0,120.0,30.0,15.0,15.0
c9d1849f97b6fe404378805a105d64ec,utilidades_domesticas,48.0,1204.0,7.0,600.0,27.0,13.0,27.0
43158180e30b3c0c252049265370d7b1,utilidades_domesticas,54.0,919.0,9.0,9660.0,31.0,37.0,25.0
98712b7f46e0fe4f4da2f7df1b9231a7,eletroportateis,41.0,450.0,1.0,350.0,16.0,16.0,28.0
62cf23497081c863dc4b2935c279d5a0,cama_mesa_banho,57.0,635.0,1.0,2700.0,20.0,15.0,20.0
f29675e9d91d8e0451ced31708497904,bebes,41.0,1271.0,1.0,6200.0,40.0,35.0,35.0
de01db017586d557505e72625f9f49d4,cama_mesa_banho,58.0,696.0,1.0,2600.0,42.0,11.0,36.0
20f9d67f27a7593da8c9e8981d4f81c8,cama_mesa_banho,59.0,95.0,1.0,500.0,20.0,10.0,15.0
35535e9b73528a87eb39b134a72a6544,informatica_acessorios,52.0,1128.0,3.0,1000.0,25.0,25.0,25.0
9d72e48d483b01cd07024793995aa30b,cool_stuff,52.0,330.0,1.0,1700.0,33.0,44.0,19.0
b532349fe46b38fbc7bb3914c1bdae07,moveis_decoracao,49.0,829.0,1.0,850.0,20.0,25.0,20.0
aeaada71da15f2adff3012724f9f662b,brinquedos,40.0,339.0,1.0,6500.0,60.0,41.0,41.0
056010e0e6196d99309275e1b2d12c80,papelaria,57.0,303.0,1.0,250.0,16.0,6.0,11.0
492bcf01a7a40c8fe5c720574dc786b3,cool_stuff,60.0,1484.0,4.0,700.0,22.0,6.0,18.0
0ec96e6d31a1493b0475805c9ae1a0a2,moveis_decoracao,48.0,409.0,4.0,1450.0,24.0,18.0,18.0
006baa9a5b8f95895f15273a35bc2664,esporte_lazer,33.0,223.0,2.0,950.0,60.0,15.0,15.0
3fc00af0f0a8d4ac2933d3900416c977,climatizacao,59.0,624.0,5.0,2000.0,20.0,10.0,20.0
a4bc24bcb44abb54f2f6214991dcdab0,utilidades_domesticas,59.0,1104.0,2.0,1450.0,37.0,11.0,32.0
1f58ebdc810e1d5c7cead7f763c27a94,cama_mesa_banho,51.0,421.0,1.0,550.0,30.0,5.0,25.0
db24f4b59ec4a5a89de0203cc7ce4287,automotivo,53.0,295.0,3.0,150.0,24.0,2.0,17.0
735b17533036ee19f4c943704271660a,beleza_saude,49.0,1188.0,2.0,1400.0,42.0,11.0,12.0
f95dcd7b0926e47d0f20a9050aea2e9e,eletronicos,58.0,2053.0,3.0,1535.0,49.0,8.0,21.0
9dfb2984ab775b6175202b9e9e678641,utilidades_domesticas,41.0,859.0,3.0,750.0,16.0,16.0,16.0
c5a00e7e34e45fe4c79a38d102248b48,bebes,38.0,820.0,3.0,275.0,16.0,11.0,11.0
6bda6606bb4db26fb219523d6fd40869,fashion_bolsas_e_acessorios,40.0,508.0,3.0,250.0,16.0,5.0,11.0
62f5caa3d09aa499e778927db65547eb,informatica_acessorios,47.0,1112.0,6.0,1150.0,45.0,11.0,11.0
33f789f4b4fa74053af0199658b78853,informatica_acessorios,30.0,385.0,1.0,480.0,27.0,16.0,15.0
5ae42f9d8352b9edd11800ebd575f4f7,automotivo,56.0,1371.0,4.0,2450.0,30.0,20.0,11.0
c31ab3cbecdabf9d526d56d47a26c21a,pet_shop,30.0,684.0,1.0,6950.0,50.0,19.0,42.0
6eb6618376baf873225738ce4fe760ac,cama_mesa_banho,44.0,331.0,1.0,300.0,36.0,6.0,26.0
a5e242d7d26774906928c7c4aa3916bd,utilidades_domesticas,36.0,694.0,1.0,75.0,11.0,23.0,11.0
96717b4e4fba4d6fa1c3d179482afbe7,eletronicos,40.0,399.0,1.0,300.0,25.0,7.0,16.0
8580e348f827bc4699d12de9afc2305f,market_place,44.0,1121.0,4.0,300.0,20.0,22.0,20.0
caf1ca4c82e6ab734903a3407795f556,informatica_acessorios,56.0,732.0,3.0,225.0,16.0,13.0,11.0
cf1709a941039d6e24f0dde0978570de,automotivo,48.0,861.0,3.0,550.0,20.0,6.0,13.0
103cc8c441a717d9a54fca312ae8ec3c,relogios_presentes,59.0,602.0,2.0,225.0,16.0,14.0,14.0
c3b271f47e73d0c9ccf1b43b7606c705,moveis_decoracao,59.0,473.0,1.0,600.0,30.0,3.0,20.0
16d096faa27582985f849f08370cf1ed,agro_industria_e_comercio,50.0,1153.0,1.0,4050.0,11.0,18.0,10.0
def59eb2e17b32b980b5341984f6b500,pet_shop,50.0,365.0,3.0,300.0,24.0,12.0,12.0
6b770b5934dbdb29064efdf34bfa6cf5,esporte_lazer,53.0,492.0,1.0,750.0,35.0,20.0,20.0
f8c2617f62d3371e14acbe60d9483482,beleza_saude,29.0,455.0,1.0,450.0,20.0,6.0,15.0
9805b37a2e4983fb5dbb5c8168590c44,industria_comercio_e_negocios,47.0,563.0,2.0,2138.0,77.0,26.0,18.0
fc1d8637c0268af3db482c14b7ef8e75,cama_mesa_banho,60.0,269.0,1.0,1700.0,34.0,7.0,32.0
8ef18e8943b9f07649b045b72df449cb,brinquedos,57.0,892.0,3.0,5200.0,48.0,27.0,18.0
701cfdaf6cb0e11a4200ec31fab1997e,moveis_decoracao,32.0,420.0,6.0,1067.0,34.0,12.0,29.0
a2a61ecd4e916c3ff787c137d23957bb,utilidades_domesticas,58.0,782.0,1.0,3100.0,30.0,40.0,40.0
adc73ebfe461a4ec51e1b5b3338eca22,pet_shop,25.0,132.0,1.0,900.0,40.0,30.0,20.0
7b44e5ea770ef06810f5df89006cc8b2,eletronicos,57.0,989.0,4.0,4100.0,20.0,15.0,13.0
bc0246e1fa0a21cfceaed952d3e9cd38,automotivo,56.0,247.0,6.0,850.0,30.0,5.0,20.0
a2da86fa759178e9e58e54aa1a144e59,telefonia,57.0,777.0,5.0,350.0,17.0,4.0,12.0
bbaa976a69c3a1594ebc1fc560f62978,perfumaria,46.0,489.0,1.0,728.0,23.0,15.0,16.0
145978af3e89b318be0b717a0953649a,informatica_acessorios,56.0,295.0,3.0,150.0,31.0,3.0,28.0
d59435f889321f310e2e71bdb3bd466a,utilidades_domesticas,44.0,595.0,1.0,900.0,30.0,30.0,30.0
6358f5d1f8bea46b44615a9eaad26f81,cama_mesa_banho,54.0,565.0,1.0,700.0,16.0,10.0,16.0
f457c5f0c72ba4cae17636c5174add2e,informatica_acessorios,54.0,573.0,2.0,150.0,16.0,4.0,16.0
59f17be62604541797d4df87ae80cf73,consoles_games,42.0,226.0,2.0,550.0,17.0,18.0,17.0
90b58782fdd04cb829667fcc41fb65f5,moveis_escritorio,34.0,794.0,1.0,7417.0,102.0,46.0,11.0
0b5c6dd6ca91fd2a318e99749b0ea57d,utilidades_domesticas,63.0,429.0,3.0,700.0,30.0,5.0,25.0
a02d0123079f4ae96001ba2010d1a2df,construcao_ferramentas_iluminacao,57.0,771.0,1.0,12000.0,45.0,35.0,45.0
f0788219c3d63c6183bbca7699ca9608,ferramentas_jardim,53.0,785.0,5.0,400.0,30.0,10.0,20.0
f0cdabacd05bdca526b43e72376521ee,market_place,27.0,320.0,2.0,527.0,16.0,14.0,14.0
b40f2e02089486d971fe39108eacc283,informatica_acessorios,58.0,1184.0,6.0,950.0,22.0,10.0,15.0
ff9fa77f938462abd16b53c0d934099f,esporte_lazer,57.0,3469.0,1.0,300.0,21.0,19.0,19.0
45cfee87da128a8f939226bedd92a72d,pet_shop,55.0,703.0,1.0,1500.0,50.0,30.0,33.0
dc3503150b2bd7dbbb59168d88cd7550,malas_acessorios,45.0,218.0,1.0,600.0,47.0,10.0,31.0
813a9ef2db7efff209973a335d043c0f,moveis_decoracao,59.0,2006.0,4.0,2950.0,69.0,11.0,11.0
08fb1fed44ecc852b3ab9363b00d1c03,telefonia,58.0,734.0,4.0,350.0,17.0,4.0,12.0
6fd82d8f842424334fedf31190e54d24,relogios_presentes,60.0,160.0,3.0,250.0,16.0,2.0,20.0
5a3f2f6e363dcc2277ba8df88f3a078c,utilidades_domesticas,39.0,530.0,1.0,10700.0,26.0,87.0,48.0
9d324850c39429150aa7f4524983e167,automotivo,58.0,650.0,1.0,27100.0,50.0,50.0,50.0
e1c0a39b7f806727ea5121c60035ed3c,informatica_acessorios,37.0,499.0,1.0,200.0,18.0,9.0,16.0
5dee2c14e1989141e15d341d4c62d72a,esporte_lazer,56.0,859.0,1.0,353.0,23.0,15.0,16.0
0609678aec06f28cd8e177550d26e73b,cama_mesa_banho,51.0,394.0,1.0,1400.0,20.0,30.0,26.0
4ca1bfda77dc7aef2433d6818bd53f08,moveis_decoracao,48.0,805.0,6.0,1300.0,38.0,12.0,22.0
03a20f79e4c056b48ce29b3e30beb0fb,moveis_decoracao,63.0,1700.0,1.0,700.0,60.0,11.0,20.0
805fb04b1eee16776d3ff45a40a30044,moveis_escritorio,58.0,1295.0,2.0,3875.0,35.0,52.0,34.0
05af73bb3143cbc5233c1cdff4a767b5,moveis_sala,28.0,102.0,2.0,2700.0,47.0,6.0,47.0
ccc4bd1600ccbb62e417409efc8301c2,cool_stuff,33.0,1295.0,1.0,250.0,28.0,20.0,16.0
04c48a5fe31aedc4ef3896c005fd483c,perfumaria,36.0,574.0,1.0,449.0,19.0,14.0,14.0
e71ce72b19b83080d97cf4f06c90d096,esporte_lazer,57.0,1537.0,5.0,400.0,30.0,16.0,16.0
c9dcb2deb4a49214eb9e72aafd096eef,brinquedos,58.0,1089.0,1.0,2650.0,39.0,17.0,39.0
77aadda8f3636c56d2e32ebf735426ba,malas_acessorios,60.0,680.0,2.0,1500.0,41.0,15.0,29.0
9d6bf1b7a541b5205e4fd5aa40282f33,relogios_presentes,58.0,662.0,2.0,250.0,16.0,11.0,11.0
c777b9591e90c49e0745efb1051789ca,esporte_lazer,50.0,256.0,1.0,200.0,20.0,20.0,20.0
9b1e33523029f6bde0a3fbe99d793cf4,cool_stuff,48.0,728.0,2.0,83.0,22.0,10.0,16.0
3c5559ffe829dd89665484c98f0c4e18,consoles_games,55.0,783.0,1.0,683.0,20.0,14.0,17.0
7f0c80d54ee3b7b11646f4eb9a087d69,utilidades_domesticas,53.0,193.0,1.0,9800.0,40.0,40.0,50.0
494822838e3883190a3b0834d5124c02,fashion_esporte,54.0,511.0,2.0,150.0,16.0,12.0,12.0
c56ecdd06c754c22fc5c5245d9502e30,beleza_saude,60.0,1064.0,2.0,200.0,16.0,8.0,11.0
b3bce4552b02817249347cc257c9e61a,relogios_presentes,59.0,374.0,7.0,200.0,16.0,2.0,11.0
a4c1d75f5db22319df894cf3f4609b81,pet_shop,53.0,1121.0,5.0,450.0,40.0,20.0,30.0
5fb00b8c5c7ec5ea3a19223f6e8d6b40,bebes,31.0,819.0,2.0,400.0,56.0,2.0,69.0
75f95431890ea981914bdb4772341221,moveis_decoracao,60.0,920.0,3.0,250.0,18.0,9.0,14.0
4299cf45bc9aa8ef5bd9337035c286e5,perfumaria,60.0,499.0,1.0,700.0,30.0,10.0,30.0
5176d8670222d50ebbe4d4c5dfba2b49,eletronicos,44.0,86.0,1.0,125.0,18.0,8.0,12.0
9df0e8a7eef2a38b74e6d5c0e224b11f,moveis_decoracao,31.0,635.0,1.0,28600.0,41.0,43.0,91.0
85fd14e978b92176dd210c046abc3540,esporte_lazer,60.0,1201.0,1.0,200.0,16.0,16.0,16.0
0db04bfc9ca0d0dc2c530e7f2d023160,moveis_sala,58.0,1116.0,2.0,3325.0,30.0,11.0,30.0
37f9b5f1e37fc317e03a93b80915992b,moveis_escritorio,63.0,1173.0,1.0,10500.0,52.0,50.0,16.0
c413fa08b405af6edb9d49e85e241c08,telefonia,37.0,326.0,2.0,100.0,18.0,4.0,12.0
7650dd3b2dc10798a8cbccc78d9e6e3b,bebes,56.0,799.0,2.0,2300.0,31.0,34.0,21.0
5c692818d313aa12864b48ac0c2472c2,relogios_presentes,56.0,167.0,3.0,200.0,16.0,2.0,11.0
8de310188938fc8abfe1aa7ee927ccd2,esporte_lazer,58.0,398.0,2.0,200.0,20.0,10.0,11.0
b365e38a72a4fa2b2cd83e14c0b51754,esporte_lazer,55.0,439.0,4.0,400.0,24.0,17.0,20.0
0cf573090c66bb30ac5e53c82bdb0403,telefonia,26.0,108.0,1.0,128.0,15.0,8.0,13.0
fd28b464cf1660a67606f7b48c8c38c6,cama_mesa_banho,54.0,497.0,4.0,700.0,32.0,11.0,23.0
bdfa2e2829c9ce3595af56cec003e9e2,esporte_lazer,32.0,426.0,2.0,1067.0,30.0,29.0,27.0
9ddc4249779322828f89d2a9c04f7ee1,automotivo,54.0,699.0,1.0,1277.0,30.0,25.0,27.0
6729125daaaa8f2a7e805335437fbc96,brinquedos,38.0,269.0,1.0,800.0,40.0,30.0,30.0
f646af315b0f3a597f69213537ca2199,moveis_decoracao,55.0,928.0,1.0,600.0,17.0,17.0,17.0
a4d44eb9f68b301db3a15c9a346f395c,malas_acessorios,56.0,730.0,3.0,3700.0,37.0,42.0,39.0
827c4a77226a3e7ef259d61eaa775df9,moveis_decoracao,54.0,439.0,2.0,1300.0,30.0,25.0,25.0
9a442e31dcb07042eca00d73c1933880,fashion_bolsas_e_acessorios,58.0,719.0,2.0,350.0,16.0,2.0,11.0
b42e79652dbc591a49bdd2f577b57dab,papelaria,53.0,521.0,4.0,300.0,21.0,10.0,15.0
0b0f32c8bd5426698d01d72f155b75f5,bebes,36.0,1099.0,1.0,2400.0,45.0,15.0,40.0
e2600770da5cfd446d3e971c1d41b44c,informatica_acessorios,42.0,149.0,1.0,300.0,50.0,5.0,20.0
84a5ff7347e4371b23168a1b69f2409d,papelaria,58.0,502.0,6.0,400.0,21.0,7.0,15.0
5411e9269501a870cabf632f05655131,papelaria,57.0,396.0,3.0,6550.0,38.0,30.0,28.0
779471f3320ebf3c8695d3774cd90d98,eletrodomesticos,60.0,124.0,1.0,350.0,27.0,13.0,17.0
4e0d01d5e5e4bd454e71e7cd1491c052,beleza_saude,37.0,1148.0,1.0,525.0,23.0,12.0,15.0
1d93a1a9ef04cca09f4737fc380e0d6e,utilidades_domesticas,35.0,1127.0,1.0,1400.0,16.0,16.0,16.0
4ac218f276a40201c282dd01401e9bd8,informatica_acessorios,38.0,1386.0,1.0,917.0,30.0,16.0,16.0
f4e74dfba86d9a38ceb930c9d34bbc0d,beleza_saude,54.0,1347.0,1.0,1600.0,30.0,30.0,16.0
f07ef9dd6e2d9a366ff30a25e210be70,telefonia_fixa,53.0,1021.0,2.0,900.0,20.0,20.0,20.0
b8faf829f47ba1f35f169da4acbdb88d,agro_industria_e_comercio,50.0,936.0,6.0,6950.0,36.0,30.0,33.0
a40675a9c6ef2410e3420483a1f8c81f,relogios_presentes,56.0,478.0,2.0,350.0,19.0,13.0,13.0
59127843f6ce173b6e22322e7f10ab82,fashion_bolsas_e_acessorios,31.0,816.0,1.0,100.0,16.0,5.0,16.0
b1f6881dc1fb3b2b665cb287418ba7be,brinquedos,20.0,1760.0,1.0,800.0,31.0,10.0,26.0
e8a593dee186b5c3e557e553c5325841,automotivo,60.0,713.0,1.0,1700.0,16.0,16.0,16.0
a2c75a23c2f838881dd4275c0cec519f,fashion_calcados,54.0,451.0,5.0,1650.0,36.0,37.0,16.0
21767347dfdabbe42b3ca5846a4cdb48,relogios_presentes,54.0,446.0,2.0,277.0,23.0,15.0,23.0
f8328e9125f089a968fc6b36116c4bb9,esporte_lazer,45.0,1418.0,1.0,575.0,20.0,16.0,16.0
5809b7fd257b16bbd9bdf9507931673a,fashion_bolsas_e_acessorios,57.0,360.0,3.0,600.0,43.0,16.0,27.0
6db02fce12f88341876dbb10e2c16d8a,brinquedos,46.0,234.0,1.0,400.0,17.0,10.0,12.0
15562257608ee6ca7974526ef79eacda,livros_tecnicos,24.0,896.0,1.0,400.0,16.0,2.0,23.0
bcac6651b527e7de1413038c0df100d7,relogios_presentes,55.0,1050.0,1.0,600.0,16.0,11.0,11.0
f6bcb15602b0ca66d77ef1cf4edff1a6,esporte_lazer,56.0,2079.0,1.0,2825.0,30.0,25.0,25.0
777d2e438a1b645f3aec9bd57e92672c,cama_mesa_banho,58.0,689.0,1.0,950.0,45.0,15.0,35.0
8abe436e6720087517880868bee69fab,esporte_lazer,59.0,1455.0,1.0,2200.0,36.0,20.0,30.0
e7cc48a9daff5436f63d3aad9426f28b,telefonia,58.0,1500.0,4.0,700.0,32.0,15.0,21.0
9b7f6da9aa9f1e413a63bec7924fdd38,utilidades_domesticas,48.0,174.0,1.0,350.0,35.0,20.0,35.0
93ebf843a46dd3ba8085784ff4c604fc,fashion_roupa_masculina,32.0,713.0,2.0,800.0,20.0,7.0,20.0
72ef87b1953a2844ed089bd6dcf73913,moveis_escritorio,38.0,1337.0,5.0,650.0,23.0,15.0,15.0
1b125123580a802629427ebd924ff335,fashion_bolsas_e_acessorios,58.0,571.0,5.0,150.0,17.0,9.0,17.0
1837cb3869c5eca2fd665cffd1ec1854,consoles_games,38.0,1276.0,2.0,400.0,20.0,30.0,20.0
66f4a4e7df716d7d67d81496ccc1ccf6,esporte_lazer,58.0,1221.0,2.0,1000.0,27.0,15.0,22.0
810e2944bca9850b934e1570ba372e7d,moveis_decoracao,49.0,612.0,1.0,2200.0,30.0,35.0,30.0
4c1fdadeda244374699fdc31917e5b34,papelaria,55.0,202.0,8.0,9700.0,35.0,60.0,40.0
9ee8c8a931dd4d34148aa31f54ee93c1,perfumaria,56.0,571.0,4.0,1700.0,20.0,24.0,30.0
3efd399c5d016b9e6a5ad3196eade44f,bebes,28.0,855.0,2.0,1000.0,30.0,10.0,25.0
7bc637a5504e0cfdf08490124d681fd3,pet_shop,32.0,1920.0,2.0,300.0,18.0,9.0,13.0
3a9c4070ee3d8325be46ec77b483c6e7,bebes,44.0,1441.0,1.0,3900.0,41.0,17.0,49.0
1e8c9a649b9c92a2acf771c3168e15b8,cama_mesa_banho,45.0,759.0,1.0,9550.0,33.0,44.0,33.0
0bc5e6c957486577f11519bf36577b38,beleza_saude,31.0,1356.0,2.0,525.0,21.0,18.0,16.0
27b99299bd10dc45971843eba0ef3124,beleza_saude,55.0,1216.0,1.0,1183.0,20.0,24.0,19.0
af0a917aec9cea3b353ece61a8825326,cama_mesa_banho,58.0,188.0,1.0,1200.0,44.0,2.0,35.0
53c2dce98e95822ca42cb5cac7352d8c,moveis_sala,32.0,498.0,3.0,1925.0,40.0,35.0,19.0
f32af0a8b0bcb05b60f05e8907ad8866,moveis_decoracao,59.0,325.0,3.0,400.0,16.0,2.0,11.0
cfd414b4463647f58c7775eaae06893d,beleza_saude,44.0,1529.0,4.0,300.0,17.0,7.0,12.0
2ac0cca735ca6684053d28a17883b765,bebes,50.0,844.0,4.0,1400.0,20.0,15.0,15.0
f91ca402b63936397a526d0c81976270,beleza_saude,56.0,990.0,2.0,200.0,16.0,16.0,16.0
a5e28e21acf7c99188ad33f688f18837,informatica_acessorios,58.0,174.0,3.0,1550.0,20.0,4.0,20.0
5d91ebba17efcefccb56680d45aae16b,automotivo,54.0,157.0,1.0,2200.0,16.0,16.0,16.0
01ff1ff8aa5dec93e9938b989393a4ca,perfumaria,51.0,315.0,1.0,350.0,18.0,13.0,18.0
7e503dc4ddcb4b145a8bb4c00a7c3249,construcao_ferramentas_construcao,57.0,1505.0,1.0,1000.0,60.0,15.0,30.0
2ed4ea5a5394cfcb0d052cdc587fc78f,cama_mesa_banho,58.0,783.0,1.0,713.0,34.0,6.0,29.0
37b56eb8cc2988e0d7b5cfd7858d67b3,pet_shop,59.0,612.0,1.0,2700.0,40.0,12.0,40.0
a32c3352c3c5fbaa5fc5f8a8f593e2af,cama_mesa_banho,59.0,289.0,1.0,2150.0,35.0,9.0,33.0
e4d6002d3e034177ea1f31aa222cc722,pcs,58.0,1305.0,1.0,8750.0,41.0,41.0,21.0
57aae7271c7c24614b0d663c6df83f35,esporte_lazer,32.0,1042.0,1.0,200.0,18.0,11.0,13.0
952e73f7e8bee61569a32b35c19bc981,cama_mesa_banho,53.0,128.0,2.0,950.0,50.0,5.0,50.0
62c89abe1afe3a23c17765d462718a4c,perfumaria,51.0,805.0,1.0,540.0,23.0,13.0,19.0
5926c58c462b5d1f932ef3f0a9e37d41,casa_construcao,29.0,869.0,7.0,8300.0,40.0,30.0,25.0
9da950e8c8c482441f1b93955b21c827,cool_stuff,51.0,516.0,1.0,5200.0,37.0,20.0,34.0
47b8c79d616369fd222f0bb68ea0293b,beleza_saude,31.0,867.0,2.0,600.0,20.0,5.0,15.0
dc4adbe80b638fa8ed7ce4d2822e05af,brinquedos,63.0,1047.0,6.0,2850.0,65.0,24.0,16.0
5984d199ed3cbe4f2736a4c24559af8c,moveis_decoracao,52.0,721.0,3.0,1350.0,34.0,6.0,28.0
8301e489165ea0f91dd987fafebbe58c,fashion_bolsas_e_acessorios,51.0,220.0,2.0,150.0,24.0,4.0,34.0
da08cfe6c77b65a07d8396113d827f18,papelaria,39.0,262.0,1.0,1700.0,20.0,55.0,35.0
d66a99b585f1db4d54930362c24882da,papelaria,44.0,231.0,1.0,700.0,46.0,10.0,33.0
60525d5b6a1658c5eea3c64713922000,cama_mesa_banho,50.0,620.0,1.0,1700.0,30.0,10.0,38.0
c1848f7c08dcca8335a8e18f2d3f0ff7,automotivo,57.0,527.0,2.0,450.0,23.0,25.0,24.0
183c95ad186f48c320bbac4643829d3f,fashion_bolsas_e_acessorios,36.0,412.0,5.0,150.0,16.0,5.0,20.0
028b3574d7619f191a7345161ae590e4,telefonia,60.0,2051.0,1.0,150.0,16.0,10.0,11.0
f6c8384f424cad1a22fd89bbc62ff7ae,pet_shop,60.0,479.0,3.0,300.0,27.0,9.0,27.0
e489b41419c7d7d00445dc5d3c9966a4,relogios_presentes,60.0,146.0,4.0,300.0,16.0,2.0,20.0
e0f33a3329af6716a0bb47fd7a664439,,,,,200.0,16.0,13.0,14.0
00c3e35b00dd00ab864d4a94c1b97e66,perfumaria,58.0,596.0,4.0,512.0,30.0,12.0,18.0
79da264732f717f10ebf5d102aa6c32a,telefonia,59.0,675.0,5.0,150.0,17.0,8.0,14.0
d67dba1c3b73cd096ec52d02ba7f359a,moveis_decoracao,63.0,682.0,7.0,1650.0,43.0,36.0,25.0
67d2d3861a68afa1c91b8b909df0ac7d,esporte_lazer,60.0,846.0,1.0,10825.0,60.0,25.0,34.0
9bb8ca338e5588c361e34eae02e8fad6,beleza_saude,37.0,314.0,1.0,431.0,19.0,17.0,15.0
26a6aaf337b078349b5ec749be2e7a5e,utilidades_domesticas,58.0,1556.0,3.0,1100.0,23.0,12.0,17.0
55552e80f046fafe13e130e6a07745e2,esporte_lazer,29.0,1149.0,8.0,9950.0,105.0,15.0,25.0
bee2e070c39f3dd2f6883a17a5f0da45,informatica_acessorios,53.0,871.0,4.0,175.0,20.0,20.0,20.0
dd47440cb56de3ab674f9208ff0edc3e,informatica_acessorios,58.0,956.0,3.0,2550.0,30.0,10.0,22.0
1c6c35cdf70ee1c3515cd1527f4aa6d8,papelaria,56.0,909.0,3.0,450.0,28.0,32.0,23.0
c8a4ec6d4201d92e157eafb89eab932b,automotivo,50.0,586.0,1.0,1850.0,41.0,18.0,40.0
177c3ebabe9adfcda1308c5dea939f6a,construcao_ferramentas_construcao,56.0,168.0,6.0,10150.0,48.0,23.0,48.0
aef8207c2e91f4fcdbc0824737abf358,beleza_saude,41.0,915.0,2.0,1075.0,26.0,14.0,17.0
aa9077a4c7139067003eeffe84759def,ferramentas_jardim,39.0,920.0,2.0,170.0,16.0,10.0,12.0
b73091f98b819cf7a339f74ece86aa4b,fashion_underwear_e_moda_praia,39.0,423.0,1.0,200.0,36.0,4.0,20.0
5c5378e8476e24c149e5b2e678ff4212,cama_mesa_banho,51.0,850.0,1.0,6225.0,47.0,32.0,50.0
824479121ed07485e5195dd6bfe467a1,moveis_decoracao,50.0,307.0,1.0,500.0,40.0,15.0,40.0
a611d42645c444a6c8a20c3d4f058482,telefonia,50.0,1440.0,2.0,100.0,18.0,6.0,11.0
058f0416fd2fad8fb4cd0443ade6a42b,construcao_ferramentas_ferramentas,50.0,199.0,1.0,950.0,23.0,14.0,11.0
5d2d01b64b76916f0cbe74e407041187,utilidades_domesticas,43.0,297.0,1.0,350.0,25.0,25.0,25.0
1e9718b1172540cd45abc1cfa8750da6,fashion_bolsas_e_acessorios,33.0,505.0,3.0,300.0,16.0,16.0,12.0
17c9711cb08dc4757841afc6d4a239d4,consoles_games,43.0,606.0,2.0,530.0,18.0,8.0,14.0
12b5c284044adc0687a6ffbe84d317e2,esporte_lazer,58.0,1545.0,4.0,1600.0,102.0,6.0,11.0
6c25ce13992ffcb21d6f65764e5624f3,malas_acessorios,47.0,221.0,1.0,1000.0,46.0,10.0,34.0
061885af8dbda5739d592a153655e574,automotivo,55.0,282.0,1.0,850.0,28.0,15.0,22.0
808190a48d18d09af357796e2b30d932,brinquedos,58.0,409.0,5.0,1400.0,25.0,40.0,45.0
46fc5520f38dedac20cbf5e1b78ead91,esporte_lazer,50.0,1006.0,1.0,525.0,18.0,18.0,18.0
f73e87b204f0a4bcfa8edda38d11b334,automotivo,58.0,425.0,2.0,150.0,16.0,6.0,11.0
7a2428849e8c9e1cfac00494791ca876,cama_mesa_banho,50.0,234.0,1.0,900.0,38.0,6.0,29.0
f9a7825fa51f487b8a48f67e9efced8c,esporte_lazer,60.0,465.0,2.0,2600.0,30.0,10.0,30.0
da1ff964ecbb4df51db9322cdf7a4a74,informatica_acessorios,41.0,3464.0,4.0,800.0,21.0,6.0,28.0
88c20c5a22f2ca169af8cfc2df00a7a2,esporte_lazer,41.0,781.0,4.0,500.0,20.0,20.0,15.0
cd2c0529e45020c77a7c05b4ef2408fd,cama_mesa_banho,55.0,377.0,1.0,1000.0,32.0,17.0,52.0
1b947042ada4bafeaeb8714e1584d5b1,moveis_decoracao,63.0,149.0,3.0,5950.0,64.0,8.0,64.0
341687b53eae81d74a13127e8e23bd0a,esporte_lazer,51.0,914.0,2.0,4400.0,20.0,20.0,20.0
d274714b715480aa8ca7fca7d2524233,utilidades_domesticas,53.0,484.0,2.0,1590.0,38.0,20.0,23.0
72ca7a219f9f5b1be88c79e3aedd0152,papelaria,58.0,487.0,4.0,650.0,21.0,7.0,15.0
514171f9d45a3d93574fc587ef775579,portateis_casa_forno_e_cafe,57.0,342.0,1.0,150.0,27.0,13.0,17.0
7254c9cf327a9283f9532eeeb1058eb3,livros_interesse_geral,30.0,388.0,1.0,150.0,28.0,2.0,19.0
d1847c3f994dc0bb4d1248520ecb81f3,informatica_acessorios,60.0,638.0,4.0,400.0,17.0,4.0,17.0
fd1b303c073ff6cdf78c7ad4d25b5409,informatica_acessorios,59.0,720.0,2.0,250.0,32.0,2.0,15.0
907c84d5b8961d53ba1b803638fffcad,pet_shop,61.0,1257.0,4.0,620.0,14.0,8.0,12.0
68a058d125ba1544e726898f0b8c0523,moveis_escritorio,54.0,1283.0,1.0,10475.0,52.0,51.0,17.0
b79f1c3ee8b26b90db738fb3c4abc1ce,beleza_saude,57.0,598.0,1.0,350.0,35.0,3.0,12.0
c3099dfa5bca8734d228152d9c7d894c,brinquedos,41.0,1223.0,1.0,275.0,20.0,13.0,14.0
c40b12e92be6aee40cc2adab6693820c,beleza_saude,36.0,1514.0,1.0,1100.0,30.0,12.0,16.0
fb7707ed64cb62f7c280d9e384f03c07,brinquedos,37.0,1445.0,3.0,900.0,30.0,15.0,30.0
603a1aa9fa912225142d0857890735bf,telefonia,42.0,446.0,1.0,100.0,16.0,2.0,11.0
7a27d105703555063bfa42ea2bfb32c8,moveis_decoracao,60.0,2043.0,5.0,2850.0,69.0,11.0,11.0
79366d6a24de9351b7ca6e3cf75a68ec,eletroportateis,44.0,2558.0,1.0,1100.0,34.0,11.0,25.0
bb50f2e236e5eea0100680137654686c,beleza_saude,60.0,2644.0,6.0,400.0,34.0,4.0,22.0
4eb99b5f0d7e411f246a5c9c0ae27a5e,moveis_decoracao,63.0,330.0,1.0,15100.0,50.0,40.0,40.0
8983a3b149303c013fceabef902e835a,informatica_acessorios,39.0,1193.0,3.0,450.0,16.0,3.0,15.0
423b46d7ff817b1cd19ab195c7b76546,relogios_presentes,59.0,160.0,5.0,200.0,16.0,2.0,20.0
83caf799100f6f9418e0eb2950b757af,utilidades_domesticas,55.0,2334.0,8.0,200.0,40.0,2.0,30.0
5389dbdf62ed8bee6b52fab9c9891f2e,informatica_acessorios,54.0,1416.0,3.0,200.0,16.0,14.0,13.0
e82ca7be7d1b57da564dd48fbde08f2d,instrumentos_musicais,41.0,351.0,5.0,1300.0,53.0,19.0,20.0
cf5ab1e4be449bd825ea57d64bed5f21,esporte_lazer,57.0,1727.0,1.0,2950.0,28.0,18.0,18.0
0a1ca683d91a7cb9b806f3710873bf47,perfumaria,50.0,1584.0,3.0,700.0,18.0,6.0,17.0
fa39c60599eb6573020f07a1b4dd38cf,utilidades_domesticas,52.0,806.0,1.0,1183.0,38.0,18.0,26.0
ea06ed5e6920832c45747b44049051a7,brinquedos,28.0,678.0,1.0,1256.0,28.0,26.0,30.0
28f61ad35fb219e9debd750a73b63985,informatica_acessorios,55.0,191.0,2.0,100.0,40.0,2.0,24.0
6a94cf283fcc6b16942f0d13f35fa7b3,beleza_saude,36.0,489.0,1.0,450.0,16.0,19.0,15.0
e4411c56bcacca2700d5bdb004eecd63,pet_shop,35.0,395.0,1.0,125.0,23.0,13.0,21.0
d55487f6b9833914549348cc2839f9e9,cine_foto,53.0,300.0,1.0,150.0,19.0,2.0,20.0
fd06ee724785658f80f21107c42352a8,relogios_presentes,54.0,410.0,1.0,1150.0,17.0,4.0,22.0
41b4baff1ceec845ba126eaeb07efa4a,relogios_presentes,48.0,363.0,1.0,400.0,16.0,2.0,11.0
1d691d8ace0e9d0e00de0569faf0ae04,utilidades_domesticas,48.0,257.0,1.0,192.0,18.0,15.0,15.0
05b515fdc76e888aada3c6d66c201dff,beleza_saude,45.0,231.0,3.0,800.0,21.0,4.0,15.0
25e4d8fec8c2188a87e8c0acfd179310,automotivo,60.0,844.0,5.0,350.0,21.0,21.0,12.0
73fdc89a7474d12e91ebb4a38341fd84,automotivo,54.0,2069.0,1.0,4850.0,40.0,25.0,30.0
4e674f56be3a9b8c94fafaa44cbba42e,ferramentas_jardim,29.0,192.0,1.0,3800.0,86.0,16.0,40.0
c23b47bacd44b878e3345d06ab5664dc,beleza_saude,30.0,342.0,2.0,153.0,14.0,14.0,12.0
210a8305d79b2f5719cbafb2c026797f,esporte_lazer,60.0,521.0,1.0,650.0,24.0,10.0,20.0
2e8e86c56790104d65709ca485a26281,bebes,57.0,475.0,1.0,500.0,55.0,14.0,43.0
dffb26377d60bf9bd5bd4cd856e9dbb4,telefonia_fixa,49.0,700.0,2.0,1100.0,16.0,21.0,18.0
d39315154e72bfcbb3b85863ecdc41d6,esporte_lazer,53.0,354.0,1.0,1130.0,32.0,25.0,23.0
77d3c6966d712652953a0ddc6e6f24ea,cama_mesa_banho,60.0,116.0,2.0,500.0,70.0,8.0,40.0
77fdeb8d4f7502f75b6779205f30a875,cama_mesa_banho,56.0,333.0,1.0,12250.0,62.0,27.0,47.0
462ca84097e3116f8dc7642fb057b4b2,informatica_acessorios,32.0,1078.0,2.0,200.0,39.0,2.0,30.0
f76b8eae9da79861cd75f86a1020879e,casa_conforto,46.0,313.0,1.0,1800.0,55.0,7.0,23.0
926d11f0e2a1171fed968faf5caa8f92,ferramentas_jardim,29.0,799.0,1.0,1150.0,28.0,55.0,12.0
36eabbbffe429d2997d5bf9b40695335,telefonia,60.0,562.0,6.0,250.0,17.0,5.0,15.0
2ff06b0fd363bf0462e1116bb6060379,relogios_presentes,47.0,671.0,2.0,200.0,16.0,11.0,11.0
b9adb834b99082140e354bdd3bda7eb5,cama_mesa_banho,55.0,130.0,1.0,1100.0,40.0,8.0,33.0
078faa63eb55a5055713e141f098624c,automotivo,57.0,597.0,2.0,1100.0,60.0,8.0,33.0
bbcf20cba92fac3eeeb994392f89569b,moveis_decoracao,41.0,846.0,1.0,6800.0,53.0,58.0,18.0
3c5b70965b3d63c66a18dd46881a58c9,utilidades_domesticas,47.0,456.0,6.0,700.0,19.0,16.0,16.0
2d1ff2e44c1df1b288d32c02737d6f34,moveis_decoracao,64.0,236.0,11.0,2600.0,36.0,11.0,26.0
b07085c1dd895cb3ba680dd4cdf0dc93,esporte_lazer,60.0,1445.0,1.0,27200.0,87.0,28.0,46.0
521a361808bedd9fffb32181e501e09b,utilidades_domesticas,40.0,220.0,3.0,1200.0,20.0,25.0,20.0
c22eb1f87996d0da0b60271a9806cd59,utilidades_domesticas,60.0,1247.0,2.0,1575.0,57.0,9.0,23.0
67ee002d7de2ab248bef398033830866,eletronicos,40.0,427.0,1.0,150.0,25.0,7.0,16.0
d41d8cd98f00b204e9800998ecf8427e,automotivo,16.0,115.0,1.0,1181.0,30.0,17.0,24.0
3799649bfcc7821635d757a711ae7357,beleza_saude,56.0,1801.0,1.0,2000.0,30.0,13.0,20.0
f09b7fd613031e630e7b5cf9911c0318,papelaria,54.0,354.0,4.0,6350.0,38.0,30.0,28.0
02dc711c164ca9c218d316491801ced9,moveis_decoracao,54.0,1959.0,2.0,3000.0,69.0,11.0,11.0
7413f40201dadc558699e8de1cbfa922,esporte_lazer,20.0,524.0,1.0,25200.0,38.0,4.0,38.0
dcf0f4c00270e4e71c868cbfedff1e9d,esporte_lazer,53.0,3189.0,6.0,6050.0,40.0,30.0,30.0
69114932c5311e312eaf356081313a4d,brinquedos,55.0,1314.0,4.0,9450.0,89.0,53.0,12.0
de7034010d180a33f04a16b235281265,informatica_acessorios,53.0,90.0,3.0,400.0,25.0,15.0,25.0
ec246911ea63f94a11fc8d78c270153f,instrumentos_musicais,51.0,335.0,1.0,600.0,16.0,24.0,22.0
eed58af018f022f0dbd193a8e81b9321,esporte_lazer,60.0,830.0,7.0,250.0,16.0,10.0,11.0
fe9dfbe7f974621789683b7b78be2a16,beleza_saude,54.0,1131.0,3.0,5300.0,30.0,24.0,38.0
9324d11d98d73e980e13fbd30569e9e4,pet_shop,55.0,1501.0,2.0,875.0,26.0,19.0,23.0
a8a7754ff3a1724da8e68648ac505d6e,esporte_lazer,58.0,902.0,2.0,6400.0,20.0,20.0,20.0
145028037adecb27b1a58cf9597676cc,moveis_escritorio,37.0,1259.0,1.0,6650.0,23.0,19.0,29.0
6d83ca45d94919027131b87caf3b2a6c,cama_mesa_banho,54.0,492.0,1.0,250.0,16.0,10.0,16.0
3d7e90a312a036ed4ae2ecd2a459a629,alimentos,59.0,913.0,1.0,200.0,16.0,16.0,14.0
23365beed316535b4105bd800c46670e,telefonia,56.0,351.0,1.0,350.0,19.0,4.0,11.0
723e69796165c9cde80c4f791593df74,pet_shop,16.0,1177.0,1.0,200.0,16.0,16.0,12.0
9981d5a8b44135a14dffa76e857d2d83,moveis_escritorio,64.0,1291.0,1.0,12500.0,57.0,54.0,21.0
42c0e34ecbd01632df00dc96670c92a0,relogios_presentes,56.0,775.0,2.0,200.0,16.0,11.0,20.0
31639956e7fac87ecfd9d608040638bd,cool_stuff,38.0,500.0,1.0,5150.0,90.0,4.0,42.0
742a85d0c5a5b777484c139c7c07bd0d,moveis_decoracao,45.0,258.0,2.0,7000.0,30.0,30.0,30.0
e6d3e381889aa6e9d222ad50cb30ac43,relogios_presentes,36.0,617.0,2.0,480.0,18.0,11.0,14.0
cfc4861ae14c9e9e7679355f863c18d4,automotivo,58.0,874.0,5.0,150.0,23.0,3.0,16.0
cf2653cf76be07fe57a84a492eaedf8f,artigos_de_natal,36.0,220.0,1.0,350.0,16.0,10.0,11.0
8384a437925520e96cb6acc65235e499,cama_mesa_banho,54.0,239.0,1.0,550.0,25.0,10.0,25.0
134529314360d3cb9e5e052b0b7b4b39,construcao_ferramentas_construcao,51.0,339.0,1.0,100.0,20.0,4.0,20.0
304104a478e3a605db6072a22e4ee228,eletroportateis,54.0,2667.0,5.0,2600.0,36.0,13.0,36.0
f4a53b6154c996879ab3efb88b2af77e,telefonia_fixa,63.0,332.0,3.0,150.0,16.0,4.0,11.0
fee0732d760a52d0047533f53a110037,automotivo,57.0,2553.0,1.0,3500.0,57.0,17.0,17.0
ac0bb4405e9661957160dd5ee9d5585c,brinquedos,54.0,407.0,5.0,1250.0,45.0,8.0,26.0
a892ca050a783e4f416986981b37422e,perfumaria,54.0,866.0,4.0,215.0,18.0,11.0,12.0
e987172c2818cc16b2555bc130ac5fac,,,,,4700.0,19.0,52.0,19.0
bddc1407637849d18d139b4012e4406a,casa_construcao,38.0,883.0,1.0,2483.0,18.0,14.0,16.0
67523567791b73064e78d6a5731f379c,automotivo,39.0,2642.0,2.0,83.0,19.0,4.0,14.0
a069fc741ff92fd8af8270a66f35fcbd,moveis_sala,31.0,325.0,3.0,4025.0,51.0,14.0,52.0
78a2a96601d7940594f95dbaa4c368d0,perfumaria,43.0,409.0,1.0,463.0,18.0,10.0,14.0
569ffd16f8032478cbeb9800f2e94ba0,moveis_decoracao,49.0,544.0,1.0,410.0,39.0,3.0,28.0
4d38a4daf13a87012b73156f834afec0,cama_mesa_banho,44.0,331.0,1.0,300.0,36.0,6.0,26.0
88d07a97123a341509effc395bf418c8,fashion_bolsas_e_acessorios,30.0,275.0,5.0,500.0,30.0,20.0,20.0
50fd2b788dc166edd20512370dac54df,eletronicos,46.0,2285.0,1.0,150.0,30.0,10.0,20.0
87fe3060b63fb773ce7cc144ec313824,utilidades_domesticas,57.0,227.0,1.0,350.0,22.0,10.0,18.0
9c6d5d4aaea6884ee19112567691a1da,cama_mesa_banho,55.0,322.0,1.0,1575.0,33.0,10.0,21.0
2c52e710fd7c065119722cad50607252,relogios_presentes,53.0,539.0,2.0,197.0,16.0,11.0,12.0
ba74c6b75d2ad7503175809688d5a03c,relogios_presentes,59.0,1088.0,2.0,292.0,17.0,8.0,12.0
4d2481b021cc6916e6c45615ee2d7638,,,,,500.0,20.0,16.0,16.0
10d2b7a176cd8a35bcae7c15e0e7626e,esporte_lazer,58.0,1033.0,5.0,750.0,16.0,10.0,11.0
e411491f59e292ac3d3cf9d9d79b3313,cama_mesa_banho,57.0,232.0,1.0,2100.0,38.0,7.0,29.0
3c726b5f595b976b4348899225d955a5,brinquedos,58.0,822.0,8.0,805.0,28.0,37.0,25.0
c3f6113d5b61bc95468432072b27e23d,informatica_acessorios,64.0,676.0,1.0,300.0,36.0,9.0,11.0
cdbbae093813d93184f3192263cb9bfc,esporte_lazer,48.0,371.0,1.0,683.0,20.0,19.0,19.0
bcaccccaa0255d8132172dfe9c10ab2e,eletronicos,33.0,198.0,1.0,150.0,22.0,6.0,16.0
95fcb44ada4cefca4f03cc0b4b69ee33,beleza_saude,55.0,1530.0,1.0,1600.0,22.0,14.0,22.0
0b2c18d8e73e17348a011241525cb089,relogios_presentes,60.0,1008.0,8.0,400.0,16.0,2.0,20.0
d9235fea02ba3f9fafcd78d898ac4355,construcao_ferramentas_iluminacao,54.0,929.0,5.0,1300.0,22.0,15.0,18.0
089526cae28a7fd487bfb3bab161d701,informatica_acessorios,44.0,433.0,1.0,200.0,17.0,8.0,11.0
3b10cf7d1e08c598428ad6eb7c59d09c,cama_mesa_banho,59.0,775.0,1.0,1550.0,32.0,10.0,28.0
fb14dbd8b5d4195d70df81f35b593889,eletronicos,53.0,279.0,2.0,365.0,20.0,10.0,20.0
8b52d90d2e8716dad633486c6cc94ecf,telefonia,48.0,504.0,3.0,408.0,14.0,16.0,15.0
69d1a2681324d48bb7f38a7bb7b2646f,perfumaria,54.0,954.0,1.0,50.0,16.0,5.0,11.0
a3ade87bbaa7f21569a935c8e3ab5b71,moveis_decoracao,58.0,185.0,1.0,900.0,35.0,3.0,26.0
63880b203cc3bae1fd0520242cdbedd1,utilidades_domesticas,51.0,467.0,1.0,550.0,26.0,9.0,11.0
6e59a5107a6102148b438cb33d5a2529,malas_acessorios,49.0,826.0,1.0,800.0,21.0,50.0,33.0
5e34d2963378695699827b6e629392b4,esporte_lazer,48.0,989.0,6.0,700.0,24.0,15.0,23.0
bfd7070500b5ef628b0216d884d2bc02,informatica_acessorios,52.0,334.0,2.0,151.0,17.0,11.0,21.0
2b5fddc2b543ee8d6699fb8687fac6bb,consoles_games,22.0,479.0,2.0,300.0,20.0,10.0,13.0
70869aae4d447a8815db20569604a9e7,beleza_saude,55.0,1493.0,1.0,2225.0,37.0,12.0,20.0
216085c4602f1d5e004e8e204a1c9752,automotivo,58.0,644.0,3.0,3800.0,60.0,15.0,25.0
342936541051cf54fbe4879bd6e84985,brinquedos,59.0,698.0,1.0,434.0,27.0,14.0,21.0
5215505db2113a032810c3644c346a38,relogios_presentes,59.0,566.0,2.0,250.0,16.0,2.0,20.0
3b5c8da5a1bb814b0a0d43918fb1223e,moveis_escritorio,53.0,953.0,1.0,7817.0,52.0,52.0,17.0
7703b8cb5b77fbb36518ea91e2ca734f,relogios_presentes,54.0,192.0,5.0,250.0,16.0,2.0,11.0
258ee266f0b142b30248b7c57b56d579,beleza_saude,17.0,48.0,1.0,150.0,19.0,14.0,16.0
4b2c89ca021d0de0c060387a34588316,,,,,200.0,35.0,4.0,25.0
e558ed9db130cd52586bb4fcb1090132,malas_acessorios,43.0,784.0,1.0,900.0,19.0,51.0,36.0
b3d1d218a4ff07119f546a42c6ee7d7b,casa_conforto,55.0,292.0,1.0,5550.0,45.0,15.0,35.0
cd442924cc287cda38d9de01d285b263,beleza_saude,53.0,1014.0,1.0,200.0,30.0,12.0,16.0
4cc07f390b20092747e033df35805a15,moveis_decoracao,56.0,175.0,2.0,6300.0,50.0,25.0,30.0
4e3ebb4f257a1b5a8180093f6609aa72,ferramentas_jardim,53.0,1855.0,5.0,1600.0,28.0,9.0,27.0
64874a0d6c1ec460c2f59886c51b9711,perfumaria,46.0,647.0,2.0,532.0,21.0,12.0,17.0
fb5192388e7614dee676e3fcafbd12ee,fashion_bolsas_e_acessorios,55.0,219.0,1.0,100.0,21.0,9.0,14.0
fa4e8255202fd921350a6fc716710dae,informatica_acessorios,51.0,2025.0,2.0,350.0,20.0,5.0,20.0
652b078a8a6450ae6bf0823f150c7ede,esporte_lazer,24.0,178.0,1.0,3000.0,90.0,11.0,16.0
2215034e518b8ae4090da2aebf8f7df8,papelaria,60.0,1076.0,4.0,400.0,21.0,2.0,18.0
f3ce47ccf98da2906f6b8b1387618e07,utilidades_domesticas,59.0,987.0,1.0,10250.0,35.0,50.0,35.0
67682f5c5170c72b398941e2193735a4,brinquedos,52.0,644.0,1.0,1238.0,34.0,32.0,24.0
29f63bab786f598d17b6ebeec83e78d1,beleza_saude,60.0,918.0,1.0,150.0,22.0,3.0,15.0
054515fd15bc1a2029f10de97ffa9120,esporte_lazer,50.0,799.0,1.0,150.0,18.0,18.0,18.0
5a790acce109b9b76e3446f96430a1d0,papelaria,49.0,658.0,5.0,300.0,51.0,15.0,15.0
cc31a2f3eb3df109e2e7dba6b15da5d5,eletrodomesticos_2,40.0,257.0,1.0,10500.0,63.0,18.0,43.0
776ef0ee36e20757c513e64903f1fa8a,beleza_saude,45.0,494.0,3.0,925.0,25.0,6.0,16.0
d2686065b870834cc92605a5b9ec84ba,telefonia,33.0,300.0,2.0,100.0,19.0,3.0,11.0
ef5c31aee1d5074121a478b14d3eb50e,papelaria,58.0,202.0,5.0,8600.0,60.0,20.0,29.0
450dacaafbbed8ba05e3ea722ec893d9,instrumentos_musicais,49.0,188.0,1.0,100.0,17.0,8.0,13.0
7f064525eaaa1ce9d22c085f7ff5413a,relogios_presentes,50.0,578.0,3.0,250.0,16.0,2.0,20.0
62298e8302e154172f8904c0c2fc620d,moveis_decoracao,54.0,564.0,1.0,5000.0,75.0,25.0,25.0
e09b8cac0ce917d36559ef40c1d17a37,cama_mesa_banho,59.0,289.0,1.0,2900.0,35.0,9.0,34.0
bed61c60f212a334dd0224469673c047,relogios_presentes,54.0,564.0,1.0,116.0,16.0,12.0,12.0
3fae92f8d0ebb3317991934a6d717c47,cama_mesa_banho,60.0,306.0,1.0,1250.0,16.0,10.0,16.0
387f1559343d513c4383bdb99672e431,cama_mesa_banho,50.0,291.0,1.0,1050.0,40.0,15.0,35.0
eac894f4cb6bb0f613f80bdbfb18fa57,brinquedos,52.0,766.0,1.0,1091.0,20.0,29.0,24.0
635c8b84adb4d0849874331d19fa25de,pet_shop,31.0,611.0,5.0,900.0,20.0,20.0,20.0
269e87010f6d5e57015a90b00983e334,informatica_acessorios,63.0,167.0,2.0,250.0,22.0,2.0,14.0
940d38f0ef286bd93612fcdc91dd38ed,utilidades_domesticas,58.0,837.0,1.0,4300.0,30.0,30.0,30.0
e4176515d2055eb7771645c597f8b40c,utilidades_domesticas,38.0,250.0,1.0,500.0,16.0,2.0,11.0
c02a979508b4fbd64ce1db1ccd8dd6fa,informatica_acessorios,36.0,638.0,1.0,190.0,17.0,13.0,14.0
03d10117bf5dbd1e4f194566be73de5a,cama_mesa_banho,53.0,255.0,1.0,2350.0,45.0,15.0,35.0
6ed0ed10d62b45f3de46933b0b2989a6,bebes,32.0,1531.0,1.0,700.0,30.0,40.0,50.0
b76e88f2da688761c6f9ad9bb4f9513f,moveis_sala,56.0,676.0,2.0,5700.0,62.0,5.0,45.0
6513f1270c9ff1de6da7c745ae2910ae,brinquedos,58.0,576.0,3.0,650.0,40.0,10.0,40.0
58a56598bd27e4169dd5ab99d2eee335,esporte_lazer,59.0,829.0,5.0,250.0,16.0,10.0,11.0
a0f27f57faa493eaa9d1609c45f7d16d,livros_interesse_geral,34.0,623.0,5.0,850.0,40.0,5.0,30.0
1e946cab712f702ca325f609894b7962,esporte_lazer,49.0,1973.0,1.0,500.0,24.0,20.0,20.0
4a7056788ce9287c76ade358f2e2572a,artigos_de_festas,56.0,186.0,6.0,100.0,16.0,6.0,11.0
ca813b8942f85ee66b7b16d0e3855c37,cama_mesa_banho,54.0,427.0,1.0,15700.0,16.0,10.0,16.0
21b1c2f67a9aafb5af0eb06c13b9dbda,esporte_lazer,35.0,1132.0,8.0,9800.0,105.0,15.0,28.0
87c9f9f88ecd5b9de26a0a61e06e1d67,esporte_lazer,35.0,783.0,1.0,214.0,18.0,15.0,15.0
2ff995aead9c63a1f37a07b3664ead37,moveis_sala,45.0,353.0,1.0,7500.0,61.0,11.0,46.0
f15d45335c602ddabad8579eb1d8e84f,telefonia,58.0,539.0,2.0,350.0,17.0,4.0,12.0
9d0aa87e8df1bdbe0f79353520a2d538,papelaria,54.0,111.0,3.0,550.0,28.0,12.0,12.0
0c3cd8d63839bed6f80aca6388766417,relogios_presentes,53.0,399.0,1.0,500.0,16.0,2.0,11.0
17764de01dd9ad50ae317792ad2e2868,pet_shop,53.0,497.0,1.0,750.0,40.0,20.0,20.0
57f2de7e1c6028c7d38a50cff155c794,esporte_lazer,44.0,221.0,1.0,400.0,40.0,6.0,25.0
84d0e98e468edffdfe4f1f5b178d4ecc,esporte_lazer,47.0,740.0,1.0,1150.0,26.0,31.0,26.0
56e4165a2811a685d231891404533e01,cama_mesa_banho,35.0,760.0,1.0,4000.0,80.0,33.0,60.0
e2186eb5ecfd751611f739a4699d53ee,telefonia,52.0,630.0,2.0,175.0,16.0,11.0,16.0
e76a885142c73e17342e450b79b46d40,utilidades_domesticas,54.0,738.0,4.0,17100.0,49.0,39.0,17.0
d0efdc4a1cc12f88f6a290fda8861fa7,cama_mesa_banho,50.0,234.0,1.0,900.0,38.0,6.0,29.0
c31795158ba761acc612817d1c5760a6,pet_shop,59.0,346.0,4.0,150.0,18.0,9.0,14.0
c43b6a788906608b6116ed8198dae762,beleza_saude,22.0,1451.0,1.0,400.0,16.0,25.0,15.0
0f3f3612d3a594da318f0f7b175a9c14,relogios_presentes,55.0,1057.0,1.0,350.0,28.0,10.0,18.0
9cb211b1d12a3222bdf0d49b1c3cbc24,eletroportateis,52.0,552.0,1.0,3350.0,30.0,61.0,59.0
65769f6fabbfd7d399bb5851d9af3fba,esporte_lazer,63.0,3191.0,10.0,300.0,20.0,10.0,15.0
aae5bd5080ab78211526b58244f1be68,fashion_calcados,41.0,192.0,6.0,200.0,29.0,7.0,16.0
01fc56750f0d3444c4a1746ecf19dee0,esporte_lazer,49.0,1818.0,1.0,800.0,16.0,16.0,16.0
d8b6376a7527727f3f1d4a92dc155a6e,esporte_lazer,55.0,995.0,3.0,1000.0,20.0,15.0,15.0
2f9c2888168b8c2d8e625905f3737057,telefonia,54.0,169.0,2.0,150.0,20.0,5.0,12.0
b0e9f0cc1a936b07b4fc11b3a35ad519,beleza_saude,56.0,1616.0,3.0,650.0,27.0,13.0,17.0
cfdea8fdeffa0be98a7e7d3e1dd71dcd,utilidades_domesticas,38.0,525.0,1.0,15600.0,104.0,10.0,43.0
d1a943978e5d919d1ab662b07c810dae,instrumentos_musicais,40.0,964.0,4.0,2900.0,21.0,10.0,26.0
612c7f49d1026f7beded75464b574f81,beleza_saude,55.0,3072.0,10.0,200.0,28.0,11.0,14.0
59fc88d07b8100b80600e42f3e5ac79d,utilidades_domesticas,37.0,462.0,1.0,1350.0,30.0,8.0,22.0
6e2c62713ec17c681eacdf653dddb4e5,ferramentas_jardim,50.0,1430.0,5.0,300.0,17.0,4.0,11.0
0af4dce351fbee7db329f93260f68142,utilidades_domesticas,29.0,201.0,2.0,20000.0,52.0,52.0,35.0
ba9943916136c9959e24f71bdae28faa,informatica_acessorios,46.0,669.0,3.0,200.0,35.0,2.0,25.0
a3fc0390c2d3101f940c0d6e78006e4e,moveis_decoracao,40.0,240.0,4.0,7050.0,72.0,6.0,72.0
9be8d8c1b3cb9e629230d4c176b14ae9,,,,,2200.0,20.0,16.0,14.0
6617dc0e4b4e8c383c5b34faaa2da4ca,livros_interesse_geral,36.0,1121.0,1.0,650.0,17.0,5.0,22.0
dbd55362ec13c706503b1c71a5068a1a,beleza_saude,53.0,526.0,3.0,473.0,21.0,16.0,13.0
fdf9ec5852bb18d630e683e3c796972d,utilidades_domesticas,55.0,2564.0,1.0,1434.0,37.0,12.0,32.0
f49e985b4cb2d0543890d6dd00077663,portateis_casa_forno_e_cafe,55.0,1345.0,8.0,9050.0,45.0,33.0,35.0
62d2c177dc54994c9103c09e92a05c04,brinquedos,56.0,1166.0,4.0,850.0,22.0,42.0,22.0
07e1dae59ffce9e47d0f529361d492f6,utilidades_domesticas,58.0,706.0,2.0,14900.0,45.0,75.0,29.0
81e686e36e79f0d2612346cefe1379cd,esporte_lazer,37.0,2007.0,4.0,550.0,16.0,5.0,12.0
a16a8eed860c19b57d6326c7f6936d3e,eletronicos,51.0,507.0,2.0,167.0,20.0,5.0,13.0
308a7360ee2e0ecfb6aa7708428692af,eletronicos,56.0,568.0,1.0,150.0,16.0,7.0,11.0
a5bbc554f75cf4afa2cd56791015ec27,instrumentos_musicais,60.0,1216.0,6.0,800.0,30.0,20.0,25.0
61937887eb6ee0b405a5759756426486,beleza_saude,45.0,1083.0,4.0,825.0,31.0,15.0,25.0
d22f287512fb5bda6efc5c8e6216c6db,beleza_saude,27.0,408.0,1.0,1450.0,41.0,40.0,13.0
ca9c04665b3deab07935392e7432cdbe,moveis_decoracao,45.0,1923.0,2.0,600.0,68.0,8.0,13.0
415800ba8edc079e255fcc4ee5790376,beleza_saude,53.0,1451.0,1.0,1150.0,30.0,12.0,16.0
e906fa76a27488f805ba8584a4c10cba,cama_mesa_banho,55.0,556.0,1.0,650.0,16.0,10.0,16.0
0efc91aa52d1f0669126d3000a94279b,cama_mesa_banho,52.0,111.0,1.0,2100.0,15.0,18.0,25.0
096e14458100c2b6d10f72d69f80cf34,brinquedos,49.0,1172.0,3.0,2750.0,26.0,42.0,38.0
d5c263f4d651ba657c900ce70a4be7de,telefonia,59.0,458.0,4.0,350.0,20.0,30.0,20.0
ac715f2fe6957acf9bff43ab3cedde0b,esporte_lazer,58.0,508.0,1.0,900.0,24.0,20.0,23.0
c92a8559445ec8f63ecf90c7dd910b7d,,,,,1050.0,30.0,15.0,21.0
db6796aa712a2626572bb3d0b9a039cf,cama_mesa_banho,53.0,561.0,3.0,1350.0,45.0,15.0,35.0
06976617d8c5e71de4f3c2d93e788fd5,malas_acessorios,57.0,444.0,1.0,1200.0,32.0,10.0,45.0
7c6ff274f0411bde88f5df8db5f64693,informatica_acessorios,59.0,808.0,5.0,340.0,17.0,13.0,13.0
7358faf3ccce6ed3a2913667ffc1a395,cama_mesa_banho,32.0,1060.0,1.0,1900.0,26.0,26.0,23.0
4ebb87ba41ca446326804d0e7f8dcc93,cool_stuff,46.0,642.0,1.0,1500.0,42.0,25.0,15.0
aa31ee71d625076e591e23416abc8508,automotivo,56.0,703.0,6.0,8850.0,56.0,11.0,32.0
b9023d686fca0dca3ac844814e92e92b,eletronicos,46.0,2305.0,1.0,200.0,26.0,7.0,16.0
3773a3773f5978591cff7b3e614989b3,casa_construcao,52.0,916.0,8.0,1050.0,16.0,20.0,16.0
82c51c3938503a4ddc096fbed86428d6,construcao_ferramentas_seguranca,58.0,3530.0,4.0,300.0,16.0,11.0,11.0
8d9d31dc8d8c05062987d883cefa98be,cama_mesa_banho,40.0,327.0,3.0,1200.0,37.0,23.0,35.0
62d8daeee0db3a60c234c2d1bfd10651,cama_mesa_banho,46.0,113.0,1.0,350.0,40.0,4.0,30.0
b62a475bcfd309c66d84a1a93aa75fd8,moveis_decoracao,39.0,94.0,5.0,250.0,16.0,5.0,20.0
abe236a52dbc43e90bad00fe6d794582,cama_mesa_banho,22.0,332.0,1.0,800.0,34.0,17.0,22.0
5730d73af7faffe9b95d69fd03ea51df,moveis_decoracao,25.0,271.0,2.0,13200.0,50.0,55.0,50.0
4b456247c6fd6370f0c01903b0c6d67d,informatica_acessorios,59.0,476.0,2.0,200.0,20.0,15.0,20.0
a67612e1012978cc97efe7834bd28b64,ferramentas_jardim,60.0,425.0,6.0,950.0,22.0,21.0,16.0
b7a5b8352bda2cdda6964296e859f637,construcao_ferramentas_construcao,60.0,189.0,5.0,13700.0,60.0,20.0,40.0
dc0b50beb0d276fb3eb4c7a5cb177f46,pet_shop,52.0,1811.0,3.0,1150.0,40.0,32.0,20.0
b60f6bba923daf524e87691951512e1a,papelaria,47.0,530.0,8.0,600.0,30.0,40.0,11.0
6ab41d7f15e7af9d6c7cd912055acc1a,esporte_lazer,39.0,410.0,1.0,1037.0,25.0,24.0,20.0
d5f1e6bf4f37a9e1eb16ee83df2137fa,cool_stuff,60.0,610.0,1.0,3600.0,25.0,24.0,24.0
2056c9497992c9032fdd92346baab6c3,ferramentas_jardim,39.0,360.0,1.0,1800.0,35.0,13.0,31.0
d52d7fb0d4ea10cd52baa3255c5c0a34,esporte_lazer,58.0,474.0,5.0,1200.0,20.0,8.0,20.0
3db10af4436918fa150bb41ae578d812,cama_mesa_banho,58.0,637.0,1.0,5850.0,30.0,30.0,30.0
d8f254be723da6488610b42935533b05,relogios_presentes,57.0,239.0,4.0,300.0,16.0,2.0,20.0
fb09ab0eb676b60b254250a28fd46e10,eletronicos,59.0,2526.0,3.0,308.0,20.0,16.0,17.0
a31e3a35fb5ac942c137446709379100,bebes,55.0,518.0,6.0,1500.0,46.0,25.0,52.0
4b13aefdb8d42b55a96d9985fa5da023,pet_shop,50.0,341.0,5.0,400.0,16.0,16.0,16.0
d401d9445df5a515a304b386278b4844,perfumaria,52.0,567.0,8.0,1800.0,26.0,26.0,35.0
de72026142ffc78ea7a8d6ce739056b1,telefonia,44.0,575.0,3.0,300.0,18.0,9.0,14.0
aeb37360d7dbf2f5136bb2ae449ac16b,brinquedos,59.0,214.0,2.0,7850.0,23.0,39.0,30.0
2423252b2432f1803e4f29e0974c6cf7,brinquedos,60.0,919.0,5.0,1167.0,36.0,20.0,28.0
6e79f7513adfd9ac67faa19f0d4ace53,informatica_acessorios,40.0,449.0,1.0,350.0,27.0,5.0,20.0
d5ef840497eb48a751179b06d1efd063,beleza_saude,44.0,1295.0,1.0,2600.0,23.0,23.0,23.0
38841dec90eddf2f43cdfabc48b3831a,artes,54.0,915.0,1.0,100.0,16.0,5.0,11.0
382db2ed3015c04d4b844d2a0712494c,cama_mesa_banho,53.0,155.0,2.0,1500.0,39.0,12.0,25.0
5994a2fdff4b0f9ca4376c4226adb442,utilidades_domesticas,42.0,464.0,4.0,8300.0,102.0,14.0,34.0
8b7a9eed0d30c43346eb8de2d821b2fb,moveis_cozinha_area_de_servico_jantar_e_jardim,48.0,314.0,1.0,30000.0,32.0,95.0,67.0
d35825dd1741eee134506022d73f4e71,perfumaria,54.0,431.0,1.0,313.0,17.0,7.0,13.0
12bc892d6fff0dc42c8177f3665ef00e,beleza_saude,56.0,3847.0,10.0,100.0,28.0,13.0,12.0
774c67cd53f1586caac72b52fa5a097e,moveis_decoracao,53.0,864.0,5.0,1700.0,30.0,15.0,30.0
097d5a4bed2be012b4e46e6f5ae0694b,beleza_saude,60.0,1162.0,1.0,833.0,16.0,12.0,18.0
bee0c416b1b3ef44a263c18c47f76cda,automotivo,43.0,165.0,1.0,200.0,21.0,14.0,12.0
fe854c3521ccdb837e2daf3b653fb929,esporte_lazer,39.0,1201.0,1.0,1168.0,32.0,23.0,19.0
9069c427ca36847bc3907c09712f6cf8,brinquedos,56.0,1138.0,2.0,6250.0,60.0,20.0,40.0
8307d6d6781b40a6b3b4c222da56f274,,,,,500.0,23.0,15.0,29.0
ee0324bc19887939d7d0fcfca68ee955,moveis_decoracao,35.0,306.0,1.0,2700.0,37.0,30.0,20.0
9314e4d46aeb2c297e05d4ed36365efe,esporte_lazer,46.0,3749.0,1.0,443.0,26.0,18.0,17.0
fbd4031ddbc3d02b95834b62769d3ad0,utilidades_domesticas,55.0,375.0,2.0,10050.0,37.0,61.0,26.0
3f4269f81421aadbfc643a23d5dbf3ff,automotivo,55.0,228.0,1.0,200.0,25.0,10.0,16.0
ba52dec9207d2066d783571524614078,brinquedos,23.0,112.0,2.0,836.0,30.0,38.0,21.0
2136c70bbe723d338fab53da3c03e6dc,relogios_presentes,55.0,167.0,3.0,200.0,16.0,2.0,11.0
bb6f30a0d7b5ea35ae9e052d52324002,moveis_decoracao,59.0,935.0,3.0,850.0,37.0,8.0,37.0
504f07e36481e5e72043def3d874b92a,esporte_lazer,53.0,847.0,2.0,600.0,33.0,5.0,16.0
c82a4bcc05f054e3084e20df4ee969cf,utilidades_domesticas,59.0,642.0,4.0,550.0,27.0,8.0,27.0
61e0273e790dee51cd095c1ea887bf23,telefonia,60.0,486.0,1.0,150.0,16.0,6.0,12.0
16a993ef9171a0380273f4fbcb0e8b71,esporte_lazer,49.0,295.0,4.0,150.0,20.0,4.0,15.0
01c96f284d6c40f92f25142a59328511,ferramentas_jardim,47.0,2179.0,3.0,3750.0,27.0,19.0,22.0
ffc9caf33e2d1e9f44e3e06da19085f7,beleza_saude,22.0,279.0,1.0,2134.0,25.0,22.0,16.0
3ddc79cbdf7e79ea75449765656c3b3e,cama_mesa_banho,49.0,359.0,1.0,1250.0,45.0,10.0,15.0
bc45f8d4954ef77dcaad81627640cb2e,moveis_decoracao,56.0,296.0,3.0,1700.0,100.0,7.0,15.0
0521fe3eb04940304b489d0fb49a37dd,ferramentas_jardim,58.0,686.0,1.0,1450.0,90.0,6.0,18.0
848064637fb2f160e5456e94f1f58d5c,cama_mesa_banho,52.0,236.0,1.0,1200.0,38.0,7.0,29.0
deff29051b7f3eb939ef8bf8ca0e85a2,beleza_saude,50.0,493.0,1.0,300.0,16.0,3.0,11.0
88bcd4cc43e257bf69ac62b2540f1c14,relogios_presentes,55.0,384.0,1.0,450.0,25.0,10.0,25.0
e9ece5b909d4feee55f77a610b262367,utilidades_domesticas,55.0,1726.0,2.0,27800.0,80.0,40.0,40.0
d9545b3e8df3155bca5b302d0f7c3c1c,informatica_acessorios,58.0,1672.0,2.0,4350.0,30.0,20.0,20.0
8aaeae26573fd33a2512d3fb0d8bea6f,pet_shop,59.0,779.0,1.0,3900.0,40.0,35.0,40.0
39a1a3b9314738724fce4b2907ae6686,cama_mesa_banho,60.0,198.0,1.0,1550.0,34.0,7.0,32.0
2947c2678aab0b7bfc86dd062d9c3318,perfumaria,36.0,412.0,1.0,532.0,19.0,17.0,17.0
6856ab01ef22301e08a45d5842ccb247,cama_mesa_banho,59.0,271.0,1.0,1600.0,45.0,15.0,35.0
5dcceb4689c06ac693117bc4296986ef,cama_mesa_banho,59.0,679.0,1.0,1000.0,28.0,14.0,16.0
7b951373f6045db69ff7a2e4d8c40071,relogios_presentes,46.0,232.0,1.0,184.0,18.0,10.0,13.0
85f0972baa5c063019825fbf04f0d6a9,malas_acessorios,48.0,114.0,1.0,800.0,30.0,15.0,27.0
2b7aa376a6e728560bddb5558cc48e89,moveis_escritorio,59.0,1296.0,1.0,13388.0,54.0,47.0,28.0
86513cbf63bb505ec42c62b661324672,cool_stuff,54.0,811.0,2.0,1500.0,40.0,30.0,20.0
59fe488ea6ac9439bc86663f4a564c23,telefonia,43.0,299.0,1.0,275.0,18.0,4.0,12.0
7698e984bafd195f739522d13645012e,moveis_cozinha_area_de_servico_jantar_e_jardim,46.0,653.0,2.0,200.0,31.0,31.0,31.0
61a15da36ca0448be0565f8ee41dd37e,,,,,1000.0,18.0,20.0,18.0
72e13fd16060f40fa8bb8e40533a7f6e,cama_mesa_banho,53.0,659.0,1.0,950.0,35.0,3.0,30.0
84c4e13ecfbf13c8e4039927f887154b,moveis_sala,60.0,1221.0,4.0,1100.0,54.0,11.0,11.0
94c8e41ff4b54668bf9a765e5a7fc9ac,fashion_bolsas_e_acessorios,38.0,387.0,3.0,200.0,16.0,5.0,11.0
6c9e39d79ed78d8a01bd1e8ffc551a40,esporte_lazer,54.0,338.0,1.0,1750.0,35.0,31.0,19.0
d9bdf643d95cb89844c0da1a0df1d16e,perfumaria,39.0,572.0,1.0,475.0,20.0,9.0,14.0
99fb0293e181af6a2b692fef4ddac420,esporte_lazer,59.0,2148.0,1.0,100.0,16.0,15.0,15.0
510c5b37537320271cbcbbec65740c16,moveis_decoracao,34.0,471.0,1.0,1900.0,20.0,20.0,20.0
3ff53c0418c367eb333906f83eff8fbd,papelaria,60.0,343.0,5.0,350.0,30.0,20.0,20.0
0268130c8c3e3cac87b5ec4931348c73,papelaria,60.0,543.0,1.0,1400.0,25.0,20.0,20.0
9fbfc0d1a475bb65f9c0e39bb927a99a,utilidades_domesticas,38.0,772.0,1.0,4450.0,16.0,29.0,23.0
8ef3e9415bd7cc041d96fe685ad6dfc2,esporte_lazer,31.0,238.0,2.0,2100.0,60.0,15.0,15.0
bb3542bf40cc975720ee44d03fcf0cd8,eletrodomesticos_2,40.0,3038.0,1.0,2300.0,22.0,17.0,24.0
92291ca5b617b6ee1259736eb5ad114f,construcao_ferramentas_iluminacao,58.0,903.0,2.0,200.0,16.0,11.0,16.0
52e8598530d1015c00613dbb14c307f8,bebidas,37.0,934.0,1.0,580.0,26.0,14.0,16.0
8ab2bfb191a18b11427454a8419d01bc,cool_stuff,36.0,1315.0,2.0,975.0,22.0,24.0,36.0
12ec40668ef038e5778938c846060db9,esporte_lazer,59.0,670.0,1.0,1100.0,23.0,8.0,15.0
7cbe94f9b52c88ed1adf7a1300a7b3da,moveis_decoracao,57.0,108.0,11.0,1300.0,40.0,8.0,35.0
e7f85596b92f92cb501855897696f66b,fashion_underwear_e_moda_praia,54.0,1152.0,6.0,2300.0,16.0,5.0,11.0
ce710fd2f106cf7570a07aa47ee7395b,fashion_bolsas_e_acessorios,49.0,72.0,4.0,100.0,17.0,7.0,12.0
05b4834511e1cdb34899d52589ac9271,livros_tecnicos,37.0,1212.0,4.0,850.0,17.0,2.0,24.0
21a60ea134ec6f7e1544c4c71b998235,cama_mesa_banho,52.0,431.0,1.0,200.0,16.0,10.0,16.0
2eb8c6f513599fd67149f8f9cd8e2ea5,cool_stuff,46.0,983.0,1.0,1400.0,40.0,40.0,30.0
0c53752695db72c0c10c14f6b89322b9,cama_mesa_banho,58.0,274.0,1.0,2350.0,45.0,15.0,35.0
c8e3a7fd4e2565e83122a3c9b17f7a80,informatica_acessorios,57.0,376.0,3.0,700.0,20.0,20.0,20.0
606a5b6dec14661643801e2cbf308b04,eletroportateis,50.0,84.0,1.0,600.0,16.0,35.0,25.0
28ef7ba5765422d40274d5ebeac97c9b,cama_mesa_banho,48.0,365.0,1.0,10900.0,45.0,15.0,35.0
e8e3b26a966bdd1260fe48e92972f670,informatica_acessorios,42.0,285.0,1.0,250.0,16.0,11.0,11.0
76d75f398634bf194ba99d7297e7d1fa,informatica_acessorios,59.0,1775.0,4.0,350.0,25.0,11.0,15.0
952670bc019a73f0933157ec82ff6e4f,cama_mesa_banho,46.0,162.0,5.0,3300.0,60.0,18.0,50.0
46eb4d4e006d97abd3bd84c23fcee7d9,perfumaria,38.0,1597.0,1.0,150.0,20.0,20.0,20.0
912d1fc21117a94dc8a67186df6010a7,relogios_presentes,38.0,1069.0,1.0,458.0,18.0,12.0,15.0
b4a006be2cfa0a5ee4c36fe0b2e3d359,brinquedos,54.0,52.0,2.0,1495.0,29.0,21.0,17.0
82d81ab45858ba32dffde40acc8b3062,utilidades_domesticas,38.0,292.0,1.0,700.0,60.0,11.0,11.0
888de7e3435c871d1020b85023328c5b,esporte_lazer,46.0,578.0,1.0,1200.0,21.0,27.0,21.0
ed77034b92386a1a8cfd3c648d715dde,telefonia,54.0,503.0,1.0,317.0,19.0,8.0,16.0
9538a4d0d20e31d209def88993f8dca3,moveis_decoracao,35.0,781.0,2.0,300.0,17.0,4.0,12.0
522e80f11e2431474e70300f12a6e45f,esporte_lazer,49.0,1841.0,7.0,3050.0,50.0,39.0,12.0
4b96786612ebe7463132fce2c4dca136,utilidades_domesticas,42.0,540.0,3.0,10750.0,31.0,61.0,31.0
87283a98b24f9f1ac3a31b631073cf47,fashion_bolsas_e_acessorios,50.0,411.0,5.0,150.0,16.0,5.0,20.0
40169f8d8c6b5ecde688c395f306812e,esporte_lazer,60.0,519.0,1.0,700.0,26.0,16.0,16.0
99797fec32d275aa8d943b11bd6dd11a,consoles_games,57.0,1225.0,1.0,600.0,20.0,20.0,20.0
5b3b5f9ae84ca9ead3138b199420cc94,brinquedos,48.0,1146.0,7.0,5400.0,20.0,60.0,50.0
317a06884480d645d7f0bc82455ec277,informatica_acessorios,59.0,1926.0,5.0,650.0,25.0,11.0,15.0
a17923e795430dfd9d8e9d5bf444cee2,informatica_acessorios,38.0,3697.0,2.0,11500.0,30.0,14.0,48.0
70aa499facb0946dc40ff974166fd522,automotivo,58.0,1683.0,8.0,2700.0,46.0,16.0,25.0
c7a3f1a7f9eef146cc499368b578b884,portateis_cozinha_e_preparadores_de_alimentos,52.0,1372.0,5.0,7350.0,40.0,30.0,23.0
ea99388f66ccc3a78b6c2d7725184b12,esporte_lazer,57.0,373.0,3.0,1400.0,65.0,10.0,16.0
b25286ea1d4431a1f33b67a706e0f97d,instrumentos_musicais,56.0,94.0,1.0,1100.0,30.0,20.0,20.0
725cbfcaff95a4d43742fdf13cf43c75,cool_stuff,58.0,537.0,2.0,1850.0,34.0,5.0,34.0
242e43e16717ea0a751d98a83b773d4e,construcao_ferramentas_construcao,52.0,547.0,2.0,283.0,17.0,10.0,15.0
e47d150b1ca529641e12015c3109bb24,papelaria,55.0,189.0,1.0,5850.0,39.0,19.0,40.0
bff2390f68a7b76b01ef61b684888261,cama_mesa_banho,55.0,555.0,1.0,600.0,16.0,10.0,16.0
ef8856db4e302ad33dc4d91e40f7593c,esporte_lazer,29.0,531.0,2.0,1350.0,41.0,10.0,35.0
e2b9488ff4e25e7fb5a2973a65eb79e2,cama_mesa_banho,57.0,665.0,1.0,2300.0,42.0,12.0,36.0
17ec1cf6dc8dc7557ca34f1d64a93dc7,portateis_casa_forno_e_cafe,45.0,537.0,1.0,1600.0,18.0,30.0,24.0
99b7af24fd7be364e3621b9e751b048e,cama_mesa_banho,56.0,290.0,3.0,2500.0,46.0,17.0,35.0
6789e81c62b672bf413759d22ecacaf7,utilidades_domesticas,46.0,836.0,1.0,383.0,17.0,13.0,14.0
86265224a1b25cd13f8b20ffeb6c8e5d,beleza_saude,41.0,596.0,1.0,1250.0,16.0,16.0,15.0
e9880042522806f124fdd4f8c8514d0d,pet_shop,54.0,830.0,18.0,2600.0,33.0,30.0,44.0
5e2ba75ad255ff60b1c76c5bf526ae9b,beleza_saude,47.0,1346.0,2.0,500.0,20.0,8.0,20.0
6bca83dbf6e081bccb2b23188577ad36,relogios_presentes,45.0,344.0,3.0,250.0,16.0,9.0,12.0
c695342500b74ff952db47b541726de1,beleza_saude,25.0,429.0,1.0,200.0,26.0,18.0,11.0
62744bf012b60074e5fa0fcd657cbd34,moveis_decoracao,59.0,595.0,4.0,400.0,50.0,3.0,25.0
f9392dda35e35d69c08288c2c670897f,cama_mesa_banho,27.0,423.0,1.0,200.0,16.0,12.0,11.0
7cdf063c858373234611848620a5c950,moveis_decoracao,53.0,904.0,1.0,12900.0,40.0,45.0,40.0
a3a7f611af275e93e51407214929f119,cama_mesa_banho,55.0,844.0,1.0,1000.0,25.0,5.0,25.0
f40e67d9fbad11e25f958cc8b534af73,beleza_saude,49.0,453.0,1.0,583.0,20.0,6.0,11.0
65fd9b358b7ee029fba34839e9c35fdf,informatica_acessorios,50.0,556.0,1.0,350.0,28.0,10.0,37.0
0b8d94b0bcf4e22c9bf886c98bb994d3,bebes,25.0,484.0,2.0,13800.0,60.0,32.0,43.0
e1da6ab77f4859eb17950e5df1c0f815,pet_shop,56.0,724.0,2.0,7050.0,50.0,21.0,21.0
fc64f94fa41c3384cce3defbe89db72f,utilidades_domesticas,55.0,580.0,5.0,450.0,20.0,11.0,11.0
9bd01dd31e915573f3ab0bb9a6d7e113,informatica_acessorios,57.0,1177.0,1.0,1250.0,17.0,25.0,17.0
30dd245a5cc5a0def5b5d42b024a17b0,livros_interesse_geral,38.0,269.0,1.0,8170.0,17.0,17.0,20.0
f42229541a6335f3ed5268439ea9f414,industria_comercio_e_negocios,51.0,1139.0,2.0,4350.0,16.0,103.0,25.0
e7d05769123784629c9484f57ad35176,perfumaria,44.0,216.0,2.0,550.0,16.0,11.0,11.0
bc14412610aee0e67600fc300c46226e,esporte_lazer,59.0,2853.0,1.0,2050.0,33.0,30.0,30.0
de480e3ae31eea2d2d97d694c43172fc,informatica_acessorios,48.0,535.0,4.0,150.0,16.0,5.0,11.0
c866cfc3cef7412031f09f918ed2cd90,esporte_lazer,52.0,233.0,1.0,1200.0,50.0,20.0,50.0
ed2067a9c1f79553088a3c67b99a9f97,alimentos,52.0,919.0,1.0,750.0,16.0,12.0,15.0
bcc4b932676146a860f295538caaff09,,,,,3000.0,40.0,16.0,20.0
b4436da747c3a53ab07ac0e71de17dcd,esporte_lazer,42.0,696.0,1.0,24450.0,105.0,50.0,20.0
6db72cc3d861dbea370e6959aa850b8c,utilidades_domesticas,58.0,682.0,2.0,340.0,30.0,6.0,11.0
9e4a852f41aff52bafff133d9deb5eee,papelaria,55.0,382.0,5.0,5700.0,38.0,30.0,28.0
5568499d3c902609fbaa24d6639ef909,telefonia,58.0,540.0,3.0,350.0,17.0,4.0,12.0
b87bbfdf00132276418f99d965fdf676,casa_construcao,31.0,462.0,2.0,6550.0,38.0,28.0,28.0
f2399cabe080029634d12cec4f60dbf0,moveis_escritorio,50.0,1117.0,6.0,2100.0,16.0,26.0,26.0
3ceb44c75e6981ff0987bb90c95694c0,moveis_decoracao,63.0,1214.0,5.0,450.0,50.0,3.0,25.0
0c52f6a43e88c007723e58cce9ef330e,beleza_saude,55.0,477.0,1.0,500.0,18.0,6.0,11.0
69bad3501e439434005e16bfcb98968e,cool_stuff,57.0,330.0,1.0,2000.0,33.0,44.0,19.0
38f21c6fb55695dbc9bed247687a20ad,livros_interesse_geral,35.0,226.0,1.0,100.0,22.0,2.0,22.0
01ebdb7ca76a3c581c0d5229ed80be7c,ferramentas_jardim,34.0,288.0,1.0,600.0,16.0,31.0,18.0
06bb6e704f99920f51dbbb0559187d98,cool_stuff,56.0,865.0,1.0,700.0,21.0,18.0,23.0
060109450b2f49e4d5c4fdfd3d8ebc34,utilidades_domesticas,56.0,497.0,3.0,450.0,18.0,8.0,13.0
a9e1892ce37ec3b694e45a58e3377556,moveis_decoracao,57.0,954.0,7.0,1850.0,90.0,12.0,12.0
0ac57b2df86eb6997b94d6ccf555e29d,esporte_lazer,57.0,487.0,1.0,137.0,18.0,5.0,13.0
0e9083f06ff39f2cfe1ba2c8f589f591,utilidades_domesticas,57.0,246.0,5.0,7900.0,45.0,20.0,45.0
94475071013412139f862c0bd7e3bb37,papelaria,46.0,708.0,3.0,317.0,22.0,14.0,22.0
9616caad30917a469d87d2f95cd603cb,informatica_acessorios,52.0,427.0,1.0,717.0,30.0,12.0,18.0
7efd7d1a1a985eae9fecdb134fd657d3,cama_mesa_banho,55.0,2373.0,6.0,2750.0,30.0,20.0,26.0
0ca16017057f20d572b8c01fcd7c5c28,moveis_decoracao,58.0,1497.0,3.0,2200.0,105.0,3.0,70.0
fc7138a8f96aee8302e42916bbbbb818,eletronicos,54.0,1460.0,2.0,161.0,19.0,8.0,17.0
eb66cf8eb505819c951a23b4714fcd39,relogios_presentes,54.0,554.0,1.0,100.0,20.0,7.0,15.0
120fa011365fc39efe382cba4e50999e,cama_mesa_banho,60.0,234.0,1.0,2050.0,34.0,8.0,32.0
9434f2004187b3e71abdb691ce47e552,eletroportateis,19.0,285.0,1.0,1800.0,30.0,15.0,15.0
c367cd626353eda46b3db64e735c2f6f,bebes,59.0,127.0,1.0,600.0,25.0,5.0,26.0
1dceebcc5f23c02ea23e16d5bedca000,cds_dvds_musicais,47.0,117.0,2.0,550.0,35.0,15.0,25.0
8e312c483d79e02dbc1d68cce77e26c8,cama_mesa_banho,50.0,451.0,1.0,500.0,25.0,5.0,15.0
6e0b3bc6a8bcfcca9005f9d220fe4af8,moveis_decoracao,42.0,898.0,1.0,1900.0,35.0,45.0,35.0
1d6b1ff2a0ef2336832512132b3af6aa,moveis_decoracao,56.0,1892.0,6.0,1550.0,69.0,11.0,11.0
f71050e65776861c8c3ec7a2d2b0194c,utilidades_domesticas,49.0,506.0,1.0,3050.0,30.0,30.0,30.0
163302a9e5ed53e2b3062577e254ce16,informatica_acessorios,50.0,3052.0,5.0,150.0,16.0,16.0,16.0
351eb84de99fb5e43d8706bc3f41fbff,moveis_decoracao,53.0,575.0,1.0,300.0,35.0,10.0,25.0
08a58dc963320d6073623382b9ceb920,informatica_acessorios,56.0,2590.0,5.0,400.0,17.0,7.0,13.0
bcb73e60afae97b054a92e2a80759091,eletronicos,46.0,240.0,1.0,150.0,25.0,7.0,16.0
b29c9ac1d3d4e8866f6c4ad814ae9591,beleza_saude,18.0,1177.0,1.0,500.0,31.0,11.0,23.0
0c2b45d82e82097170c709f30037dcb7,bebes,55.0,1632.0,1.0,600.0,20.0,13.0,13.0
2eb6e8f39feaf75fc5163f774d38f0f1,pet_shop,53.0,1517.0,2.0,467.0,19.0,15.0,18.0
41f9d5d764dc0fa4928c9177275e5763,construcao_ferramentas_construcao,42.0,251.0,1.0,400.0,16.0,16.0,16.0
cae2e38942c8489d9d7a87a3f525c06b,moveis_decoracao,54.0,586.0,1.0,1700.0,33.0,8.0,23.0
a0bcb790b8f1249bec0369de04a72d33,cama_mesa_banho,59.0,1271.0,1.0,450.0,42.0,10.0,29.0
8bba564030745976b3975e212e113b6a,fashion_bolsas_e_acessorios,35.0,308.0,3.0,5000.0,22.0,53.0,35.0
07821918ef487fd64eb20b3c8aeb897f,informatica_acessorios,52.0,1873.0,1.0,267.0,16.0,16.0,16.0
5f00c50de3d989194f0439e343480372,cama_mesa_banho,55.0,486.0,1.0,1350.0,40.0,5.0,30.0
159e7e73295b609960c0797eb64b3d39,pet_shop,52.0,418.0,1.0,467.0,22.0,34.0,21.0
156fef830e2c8871e3f1bf4dadf8e312,esporte_lazer,54.0,436.0,1.0,1000.0,40.0,20.0,20.0
56b81eaffe3c2e7e54f3bdf2a935164f,moveis_decoracao,56.0,296.0,3.0,1400.0,100.0,7.0,15.0
d3dc47db6d5ab70560dcba1eee4d01ae,cama_mesa_banho,57.0,396.0,6.0,6975.0,54.0,39.0,54.0
5f622da714951c5ae86acf68c0a03d30,informatica_acessorios,49.0,1238.0,6.0,150.0,18.0,16.0,13.0
edd633de6667d87ad7e3f83d2e0e382c,cool_stuff,27.0,190.0,2.0,3585.0,26.0,44.0,25.0
52bd2502183574fc11a434d5d215a4cd,brinquedos,46.0,655.0,6.0,900.0,40.0,10.0,28.0
163e6400e6dadd0fe04775c5e9331fda,bebes,29.0,462.0,1.0,500.0,47.0,10.0,36.0
8eed2a3a47f27f69cec34ff9562fc7b9,ferramentas_jardim,59.0,623.0,1.0,500.0,25.0,16.0,16.0
62193e3c21994f1b746c4bd4f0c2e287,informatica_acessorios,41.0,247.0,1.0,400.0,18.0,9.0,16.0
1529199a7d88ac40cef5b4a508f18f2c,esporte_lazer,38.0,1043.0,2.0,500.0,17.0,5.0,13.0
91846781ef75057e134949400768e272,esporte_lazer,59.0,1732.0,5.0,1550.0,40.0,20.0,20.0
b1e67d8a817ad0c6d4681dc28be1cb18,moveis_decoracao,48.0,599.0,2.0,1200.0,65.0,12.0,12.0
f2e9bb932d99a4a695ebde162fcefc35,moveis_decoracao,34.0,143.0,4.0,1750.0,20.0,60.0,20.0
fa66c43e63966d8b1770f6df326e05fb,esporte_lazer,28.0,1290.0,2.0,260.0,18.0,11.0,14.0
f0fd2799d9eb02ccb6efa890519a6c4d,moveis_decoracao,59.0,456.0,1.0,5200.0,60.0,40.0,45.0
8794dfe7cd526fa69414f8364e09470c,fashion_bolsas_e_acessorios,51.0,220.0,2.0,150.0,24.0,4.0,34.0
1891f20b2a27a8b700d7a7ff5a7a0039,cama_mesa_banho,42.0,110.0,1.0,400.0,40.0,4.0,30.0
389c2351d11b4f543c93ceb7e966315d,informatica_acessorios,38.0,665.0,1.0,850.0,16.0,11.0,37.0
a8b5e02c7f69ca5ccdfa99417079d135,livros_tecnicos,41.0,1002.0,1.0,2050.0,28.0,5.0,21.0
7a6aebc4c1205818e64f9275475a73e9,moveis_decoracao,37.0,998.0,3.0,12850.0,36.0,56.0,56.0
5b71073dc2a8c72a945d7c5000c3c199,bebes,35.0,265.0,1.0,218.0,18.0,19.0,17.0
5321c283dcbf309eac57110f5e306cf0,esporte_lazer,50.0,1959.0,2.0,152.0,19.0,11.0,11.0
6a222302a2e1749b050b0897a01765f2,automotivo,41.0,276.0,1.0,950.0,25.0,10.0,15.0
07778ad3984dfbcc6b9dfd8b8595ba7b,utilidades_domesticas,37.0,679.0,3.0,400.0,20.0,28.0,18.0
6ab9d49c399f239bc88ea28c7568213f,,,,,250.0,22.0,2.0,32.0
0a9a9c25c5a06532d1766e00db833a7f,beleza_saude,36.0,365.0,1.0,100.0,16.0,3.0,15.0
f1b067568bb39768f754b0d1ab1abcf6,papelaria,54.0,241.0,4.0,3750.0,60.0,2.0,15.0
cadb69af336c16aba5c5223599821245,eletronicos,41.0,386.0,1.0,200.0,25.0,7.0,16.0
18fe664c1fb46f0c237ac8f434697d07,bebes,31.0,438.0,1.0,550.0,26.0,18.0,21.0
e30d5b80f5e85b8f9e7c627b5d594b38,perfumaria,55.0,347.0,3.0,1000.0,33.0,16.0,20.0
37470d84427730445b3b251bb796d528,eletrodomesticos,53.0,472.0,2.0,125.0,23.0,8.0,13.0
2b6d377fa9397de28c3d3e1684bb2c4d,automotivo,36.0,534.0,3.0,20450.0,61.0,61.0,37.0
5abf8ac7fdb8291904445c4bd64ac917,malas_acessorios,55.0,596.0,2.0,4200.0,55.0,25.0,37.0
acc444eb5ad26f79d5a11baa6a03c439,moveis_decoracao,53.0,626.0,1.0,9400.0,35.0,45.0,45.0
380b4664ba5bb18cc9db78ee6bac3558,relogios_presentes,44.0,322.0,4.0,250.0,16.0,2.0,11.0
ba4a91633739ceceb2b73b627e2cfbc3,moveis_escritorio,57.0,1296.0,1.0,8750.0,52.0,51.0,17.0
46bbd7e6d1f636953ddaf38d4abdf115,esporte_lazer,55.0,2013.0,6.0,675.0,25.0,30.0,28.0
144b8110f0a755915d67660ab747d9d6,brinquedos,29.0,252.0,5.0,3825.0,86.0,14.0,22.0
df1d7f15348e965b342ce28a7feba374,automotivo,59.0,398.0,3.0,300.0,16.0,16.0,12.0
186fe07c8b8005ec6a498587ffbc1352,relogios_presentes,60.0,193.0,3.0,200.0,16.0,2.0,11.0
8ccd37c870e395f818066927a748565c,beleza_saude,54.0,1179.0,1.0,600.0,24.0,18.0,14.0
24c5c7be57099780f07ded545f898d8b,cama_mesa_banho,53.0,539.0,1.0,26550.0,58.0,50.0,49.0
6947c3397dae24c49aa4b34b68bf3b09,cama_mesa_banho,38.0,68.0,1.0,300.0,20.0,10.0,15.0
629397d35e30e4a0b7d3da8bf69be7ca,ferramentas_jardim,57.0,612.0,7.0,1900.0,18.0,22.0,20.0
259a24ea2a742082c43dd2f5ce116b52,bebes,28.0,381.0,1.0,1454.0,24.0,22.0,20.0
84a87daa85c8b432d90bc1baa0cb4388,bebes,37.0,1266.0,3.0,700.0,21.0,10.0,15.0
5d66715cc928aadd0074f61332698593,eletronicos,52.0,390.0,1.0,150.0,20.0,13.0,18.0
3ef787b4af18c9a34154a46928b09b24,automotivo,55.0,527.0,1.0,100.0,16.0,6.0,16.0
068ee5d8c45732d9731fde32b47594df,moveis_decoracao,59.0,624.0,2.0,417.0,47.0,4.0,35.0
a11998d0de02ca907c060119dabe8ead,utilidades_domesticas,40.0,979.0,2.0,12050.0,22.0,65.0,40.0
2a4d7470cdcf5e02f7ad83e56971bb80,pet_shop,60.0,770.0,3.0,12800.0,45.0,50.0,34.0
b18e0067418085fab0785606c86d875c,esporte_lazer,45.0,772.0,1.0,1300.0,30.0,30.0,35.0
2b0c892ab2b8e600a0b186db31f5947d,esporte_lazer,49.0,903.0,5.0,4325.0,40.0,25.0,33.0
0ab3b52bba153ddfc7857b11c900fdea,,,,,2250.0,40.0,8.0,30.0
59614aca5e5ddb29fd461f83c8f32b1d,moveis_decoracao,54.0,942.0,4.0,550.0,34.0,6.0,23.0
115e606ac8059e4cfa1c6c3310fb365c,informatica_acessorios,57.0,1525.0,4.0,285.0,17.0,10.0,13.0
1c5cd477820c6046039178150f6f8916,moveis_decoracao,47.0,271.0,2.0,2900.0,44.0,15.0,44.0
e83aa5bdff2b1da49a8a8ebcabf3d66e,fashion_bolsas_e_acessorios,60.0,657.0,3.0,600.0,43.0,16.0,27.0
bbf76ccd9b620fb13136c95bc5adb5da,cama_mesa_banho,60.0,490.0,4.0,18600.0,58.0,40.0,49.0
eb2e510c7e0f62651d0156e769928970,automotivo,51.0,817.0,2.0,150.0,20.0,6.0,17.0
404c6e8590cbb06f8c5e911d8a90b1e5,esporte_lazer,43.0,231.0,2.0,2700.0,60.0,15.0,15.0
7afdd65f79f63819ff5bee328843fa37,portateis_cozinha_e_preparadores_de_alimentos,48.0,305.0,1.0,750.0,20.0,20.0,20.0
5494497e1078148d7b0e41d4551412a7,cama_mesa_banho,59.0,678.0,1.0,1250.0,19.0,17.0,23.0
ba80c9f47a84d1e08465f72e22930c83,pet_shop,41.0,901.0,1.0,150.0,19.0,10.0,15.0
f7f59e6186e10983a061ac7bdb3494d6,utilidades_domesticas,59.0,459.0,1.0,3700.0,32.0,22.0,46.0
20cfa43a881c16cdedaaab83e139d302,informatica_acessorios,46.0,339.0,3.0,247.0,29.0,7.0,21.0
c20a3f598c16d77249da67e81caa8317,utilidades_domesticas,57.0,529.0,4.0,575.0,16.0,18.0,12.0
c36140521283624c2368a1f6c2fec1ab,bebes,53.0,1608.0,4.0,1300.0,42.0,25.0,15.0
f4a38926843e01497a3f63a5d5740c72,eletronicos,38.0,375.0,1.0,150.0,22.0,13.0,17.0
d97a2cd1d784e47c2ff7e14b54ebb6e2,automotivo,55.0,729.0,2.0,500.0,17.0,21.0,11.0
d3d5a1d52abe9a7d234908d873fc377b,malas_acessorios,24.0,520.0,3.0,4900.0,38.0,55.0,22.0
19bdd86ca06c5bcaf94fe9e856bd6a3f,brinquedos,51.0,780.0,2.0,2450.0,55.0,21.0,30.0
60e77eeb5275ed33a04d1fd482feaac8,informatica_acessorios,51.0,155.0,1.0,50.0,40.0,2.0,24.0
ff09b38ea3889c433325e313807936ea,,,,,1600.0,16.0,36.0,13.0
591d4f16311726b70ab348c9e3c49a33,cama_mesa_banho,46.0,171.0,3.0,12000.0,60.0,30.0,70.0
9ecadb84c81da840dbf3564378b586e9,moveis_decoracao,41.0,789.0,1.0,950.0,20.0,35.0,20.0
060cb19345d90064d1015407193c233d,automotivo,49.0,608.0,1.0,7150.0,65.0,10.0,65.0
b395922ca8e9ba82b2a81822968d0cf5,moveis_decoracao,56.0,297.0,2.0,800.0,100.0,5.0,20.0
7ffd81a5a062250921d431ad78ecb9e7,beleza_saude,47.0,1119.0,2.0,340.0,28.0,21.0,17.0
4cc8bfa581f41841ce5e24aba773a44a,cama_mesa_banho,50.0,381.0,1.0,875.0,25.0,18.0,40.0
628677036f276f6c0792cded8e9211ee,cama_mesa_banho,37.0,1156.0,1.0,1300.0,40.0,40.0,40.0
f0f3c686ec837b27ec9da08762d85317,automotivo,41.0,353.0,2.0,200.0,25.0,42.0,25.0
8434c9cfbd72cba6e81064e65d2f05d7,moveis_decoracao,29.0,334.0,2.0,900.0,30.0,8.0,23.0
6d97e5cb4df5111845c6aaafba7111ca,eletrodomesticos,55.0,657.0,1.0,417.0,22.0,25.0,27.0
5cb44566230140a581c49436b00584f1,automotivo,49.0,152.0,2.0,100.0,16.0,7.0,16.0
c7dc39bcc7f9bf8a9b253b8727a0cde5,consoles_games,40.0,658.0,4.0,150.0,26.0,5.0,24.0
70b04b1d699a19d1b0aed994d64d13f9,perfumaria,58.0,698.0,1.0,500.0,23.0,8.0,15.0
5f19455f0c3902e89f16a6042bd4221d,beleza_saude,53.0,1136.0,4.0,7600.0,30.0,31.0,38.0
c853cdc7ab9eab59b04f753cd9a2f27b,utilidades_domesticas,51.0,2780.0,1.0,400.0,18.0,19.0,14.0
0e0b3c0d93556bb5357924c59cad48c9,cama_mesa_banho,54.0,289.0,1.0,3900.0,36.0,10.0,35.0
3d98ab25b3b0c893c78f2ce1dc31e1c4,consoles_games,33.0,379.0,1.0,389.0,20.0,16.0,16.0
2f5895fbda5cbf713513c5b641383a97,ferramentas_jardim,57.0,931.0,3.0,575.0,16.0,13.0,14.0
1afdb4e17af189582b06591ae8a031a4,fashion_bolsas_e_acessorios,59.0,131.0,5.0,250.0,16.0,2.0,20.0
b53de21d6ac42f6bc21b82af0e89a002,beleza_saude,58.0,311.0,1.0,500.0,20.0,16.0,19.0
1d94d1e0c7fb2dcf2811e093d2ca303b,,,,,17150.0,62.0,36.0,46.0
43e6aab5f2602eb0af739f270de920d5,esporte_lazer,21.0,310.0,1.0,150.0,25.0,30.0,20.0
226be9996759442f90f73b7d24c6baff,utilidades_domesticas,50.0,246.0,3.0,1950.0,16.0,105.0,14.0
1ba039173f93b4ad2c34545eb1f64f24,beleza_saude,50.0,784.0,1.0,1000.0,30.0,15.0,30.0
0dd71bad88beb4fe0f85284f5b06e028,automotivo,55.0,832.0,6.0,2000.0,30.0,25.0,30.0
b5e6d813290cd06e3015f41d246512e7,papelaria,32.0,137.0,1.0,250.0,23.0,11.0,13.0
7a42af4cfc71b5e250b2effd6f37cb35,papelaria,55.0,332.0,5.0,400.0,26.0,16.0,21.0
3516632e8f52b679ff83d1665ecc990e,informatica_acessorios,45.0,267.0,1.0,167.0,16.0,12.0,13.0
a6621d4ee609f3f917d04c11ca8f0161,brinquedos,55.0,889.0,3.0,2800.0,48.0,27.0,18.0
525947dbe3304ac32bf51602f9557c12,cama_mesa_banho,60.0,236.0,1.0,2600.0,34.0,7.0,32.0
7f457254a89d62960399e075711b3deb,automotivo,60.0,558.0,6.0,300.0,17.0,4.0,12.0
b42f9966116a4518f832f1a13ec8456a,eletronicos,56.0,280.0,1.0,200.0,25.0,7.0,16.0
3bad4452b9bf0554748e82f3a4a5673c,construcao_ferramentas_construcao,57.0,819.0,1.0,750.0,18.0,30.0,11.0
dddeb2ee7ac86f0b08c51249f8f329ec,moveis_decoracao,54.0,198.0,5.0,1350.0,30.0,25.0,25.0
577f102553175d51e571885be1347546,casa_construcao,59.0,925.0,2.0,775.0,28.0,33.0,20.0
7e6850f360e60da72b7d3b1b37f42312,informatica_acessorios,59.0,859.0,3.0,800.0,33.0,11.0,14.0
497bf3fd2bfb679b5fb1bdbde4950ff1,moveis_decoracao,27.0,117.0,3.0,300.0,17.0,9.0,11.0
315274d6751133f612a67ccfa00c0522,instrumentos_musicais,30.0,599.0,2.0,350.0,17.0,7.0,11.0
30d2a003c4b64468d0a341faaf1a7fef,moveis_decoracao,58.0,1840.0,2.0,1150.0,69.0,11.0,11.0
84003eefe52bb4112252409a24ae3a73,perfumaria,48.0,450.0,1.0,400.0,19.0,19.0,16.0
430d215740da7fdda91cc938f8fd92f6,telefonia,50.0,2641.0,8.0,260.0,19.0,7.0,13.0
de7087431dce1f95bf39105df32825cd,esporte_lazer,35.0,1660.0,1.0,200.0,16.0,16.0,16.0
f5d8fde6bbeab928266d4cc80eecd701,market_place,63.0,420.0,3.0,250.0,16.0,4.0,12.0
15c30c08ae39469fbf52befff9569adb,eletronicos,29.0,247.0,1.0,490.0,18.0,11.0,13.0
f0c28cf1f8a109a1dc6708397a353ec2,fashion_bolsas_e_acessorios,43.0,89.0,2.0,100.0,20.0,20.0,20.0
d97cfa719a6198d4a66453e0c6ed596c,fashion_bolsas_e_acessorios,57.0,66.0,1.0,250.0,16.0,2.0,20.0
ab959a147167f22f3e0c05eb06845771,eletronicos,59.0,242.0,1.0,150.0,24.0,9.0,18.0
e97c75fa6d2e8a1b94aeb56327b25493,cama_mesa_banho,47.0,729.0,1.0,3050.0,20.0,30.0,30.0
d5cfc4570ec66c853873c3a7be07e377,telefonia,59.0,466.0,3.0,400.0,17.0,5.0,12.0
65785506a1566ea8655e9e1665754947,automotivo,56.0,215.0,1.0,200.0,16.0,8.0,11.0
0e4fe8b32f8101e9c6e915281498cf1b,moveis_decoracao,49.0,829.0,1.0,600.0,20.0,35.0,20.0
af14fe70f0c9ddfe9914b0ced0998d40,cama_mesa_banho,59.0,405.0,1.0,1650.0,36.0,14.0,42.0
fec76cdd2170ca10b02e2f0d81ff4123,esporte_lazer,48.0,888.0,1.0,200.0,16.0,6.0,12.0
11fd9d7ba552e1d28872e008acf1e050,cool_stuff,31.0,1194.0,3.0,10225.0,19.0,11.0,11.0
b32ca9d6896d74d345424426815c06a7,fashion_bolsas_e_acessorios,41.0,815.0,1.0,100.0,16.0,5.0,16.0
3bbacbe586e957acbf26c63b3ed532a3,pet_shop,53.0,1687.0,2.0,8750.0,50.0,8.0,45.0
9592ea6bf88d20db726179927bbefeb2,utilidades_domesticas,56.0,1127.0,2.0,800.0,40.0,15.0,25.0
216bb0e0cd43ffd832e0973d35e0377e,construcao_ferramentas_iluminacao,56.0,1082.0,6.0,200.0,16.0,16.0,16.0
3175584031f7db97743c7b8aedeb3d03,automotivo,59.0,1446.0,4.0,300.0,20.0,20.0,20.0
b88182b83c726595532324fd84ac7db4,automotivo,60.0,324.0,1.0,100.0,16.0,3.0,11.0
6d0a373c460a041c86167a92a5d3383e,moveis_decoracao,60.0,2043.0,5.0,3000.0,69.0,11.0,11.0
82fd0e5d33b58ad696f75449679c1470,beleza_saude,51.0,745.0,4.0,1087.0,29.0,29.0,22.0
43b069f855679eb3d3589e55dcfe968e,moveis_decoracao,40.0,1438.0,3.0,150.0,35.0,2.0,25.0
3a73521bf3da5249f02a6f3843d707e8,beleza_saude,44.0,1161.0,1.0,900.0,16.0,25.0,13.0
8fe6b4466c75060534fb161548531a7c,papelaria,51.0,1506.0,2.0,1100.0,24.0,4.0,24.0
6ef1b4541a8b88076d3833f127617025,relogios_presentes,39.0,361.0,2.0,400.0,21.0,14.0,14.0
8f2a61109d01cbda2cc6cdea233b1102,esporte_lazer,56.0,1464.0,1.0,100.0,16.0,16.0,16.0
100260bf9206d859dc8db128c8c5afc9,utilidades_domesticas,46.0,79.0,3.0,300.0,21.0,10.0,18.0
6a3370dbb5bd5817ac81a5db12cb2baa,perfumaria,39.0,340.0,1.0,267.0,17.0,14.0,14.0
059edbecfc72eba55fbd079a25c4ab6b,beleza_saude,36.0,1129.0,1.0,473.0,22.0,18.0,21.0
8db97c571a61d830930cf029a34c33ef,papelaria,51.0,222.0,1.0,5550.0,30.0,45.0,30.0
f5889057b0c061390ce20f4b7b842ac0,cama_mesa_banho,59.0,392.0,1.0,1100.0,25.0,20.0,20.0
7041ae473941c8270e3a0f3cf73a379f,cama_mesa_banho,62.0,665.0,1.0,2400.0,42.0,11.0,36.0
71bdf1a4d18c3cd68f108547f0b4cd1c,moveis_decoracao,62.0,1699.0,1.0,700.0,60.0,11.0,11.0
ab2d32e4d6a79780270601c807f391d9,eletroportateis,31.0,465.0,2.0,7650.0,40.0,25.0,40.0
d600d7ad2039ff6169fef341624fd281,eletrodomesticos,60.0,262.0,1.0,1400.0,65.0,8.0,38.0
d5c6f370cae2b55a234255c110feb95b,informatica_acessorios,57.0,1225.0,1.0,775.0,30.0,13.0,15.0
bb7181410b4e02f93f3697f765db53c7,bebes,36.0,1058.0,1.0,14950.0,77.0,20.0,53.0
6cdd53843498f92890544667809f1595,beleza_saude,51.0,625.0,1.0,900.0,25.0,12.0,38.0
64f905cf518f84bfe0fbcc33bf6f0e9a,esporte_lazer,26.0,303.0,1.0,983.0,28.0,15.0,29.0
ffa7e0cbe11656d11a117b534bb1db27,beleza_saude,35.0,752.0,1.0,100.0,18.0,18.0,18.0
e935787651bc6a165a8bfbba20333630,informatica_acessorios,36.0,469.0,1.0,280.0,17.0,15.0,16.0
33c818b0b45badf24c437fdf7982f58c,informatica_acessorios,47.0,294.0,1.0,278.0,16.0,9.0,11.0
3edc3d3ffe806f5115118f86cbf5a021,esporte_lazer,26.0,621.0,2.0,300.0,26.0,8.0,16.0
ff9a23dcd6b233811bd2a7be174a8e4c,beleza_saude,53.0,841.0,1.0,150.0,20.0,10.0,20.0
87e583842cc9122ded9f8eafbf42894c,eletronicos,55.0,359.0,3.0,850.0,17.0,5.0,14.0
44c7b85d371365e52230e2e0efb8e0d8,beleza_saude,43.0,1268.0,2.0,750.0,40.0,11.0,20.0
f1da618218e0af87b633532b561f5e6d,esporte_lazer,43.0,1406.0,1.0,767.0,16.0,16.0,17.0
e71bbaefe62c59ffa58c1c4864b7e283,ferramentas_jardim,34.0,776.0,1.0,2100.0,26.0,7.0,26.0
a1ebb47a48200e6566603de49b83f621,esporte_lazer,52.0,474.0,1.0,2900.0,22.0,28.0,42.0
b84520a57891e7a8ae2c68741dcc7146,relogios_presentes,56.0,660.0,3.0,250.0,16.0,2.0,20.0
ff4c1a248a5110d784de5c67a9106d67,pet_shop,60.0,590.0,3.0,1150.0,20.0,35.0,30.0
e108e472a045d8c76c43ba7f2cf4958a,relogios_presentes,54.0,653.0,3.0,500.0,16.0,11.0,11.0
48f933e4480c7187cd28b1637ddca29f,ferramentas_jardim,30.0,286.0,1.0,200.0,16.0,12.0,20.0
4a41bfa11528f2c8133c8fceb4494e84,perfumaria,43.0,3947.0,1.0,150.0,16.0,8.0,20.0
3938defa878985e56e22db94bbdea2ff,esporte_lazer,43.0,186.0,2.0,6250.0,30.0,25.0,25.0
4256cf575577f02e6c98d452ad40fa63,moveis_decoracao,52.0,747.0,4.0,13200.0,40.0,60.0,40.0
576787fafc333d1cc0ed0be68a39d001,esporte_lazer,37.0,3760.0,1.0,2150.0,31.0,36.0,31.0
77ccda894b672fe1214b0101d108d7f7,beleza_saude,51.0,882.0,4.0,875.0,28.0,21.0,25.0
0f3de29f8370072525a20385ebbe889a,relogios_presentes,54.0,574.0,1.0,425.0,18.0,11.0,11.0
36940188c2ad1a212b94931a08cc3c29,telefonia,51.0,380.0,1.0,115.0,19.0,5.0,11.0
948bd3e9180acc7aa263ae14a2075717,bebes,60.0,302.0,1.0,300.0,20.0,5.0,11.0
642a40d4d73b4b2604968937de13634a,cama_mesa_banho,43.0,93.0,1.0,250.0,40.0,4.0,30.0
fb98e86cfbfbff699907f0a84784d474,cama_mesa_banho,47.0,297.0,1.0,1400.0,37.0,23.0,35.0
8497f1169a2edddf1a2a226f653be594,esporte_lazer,54.0,1888.0,4.0,400.0,24.0,11.0,18.0
28dfc4b48aa78bae6d69b43b2742774d,utilidades_domesticas,52.0,182.0,1.0,5438.0,30.0,39.0,25.0
28a652ff04e43c1bc57937a9f8770f9b,papelaria,55.0,264.0,4.0,7700.0,28.0,55.0,37.0
583f158587cdecda3e8bdea694021e39,esporte_lazer,57.0,1042.0,7.0,800.0,42.0,8.0,26.0
bc3d15dd90a6794ea7710f1642aae319,,,,,4050.0,31.0,24.0,26.0
f0354861ab19941a53209c2acbb1b604,brinquedos,22.0,546.0,1.0,1007.0,33.0,27.0,22.0
fb5bf004540ad1453e3903bdd2162293,malas_acessorios,48.0,395.0,2.0,8050.0,16.0,98.0,33.0
a04f52ded97b5530e8783e3c002b90f0,cama_mesa_banho,54.0,192.0,1.0,900.0,44.0,2.0,36.0
0816234aa8a9ed73333cc61afb578bd1,malas_acessorios,41.0,940.0,3.0,550.0,16.0,30.0,20.0
4c4a683ed26e07635c1be832f48df0ae,fashion_bolsas_e_acessorios,53.0,825.0,6.0,1000.0,40.0,8.0,40.0
aa968acdefd6d319d1f19bdc5c04670d,utilidades_domesticas,47.0,1275.0,1.0,17200.0,32.0,37.0,32.0
4e72c18c19fee00460f9504012cb244d,moveis_decoracao,59.0,205.0,8.0,950.0,31.0,11.0,26.0
0dc3bdb1240958ec9be2c91cba5bcc57,utilidades_domesticas,47.0,232.0,1.0,250.0,20.0,9.0,12.0
4a211fb7f2b6822d48f63629207a9f7e,eletroportateis,55.0,79.0,1.0,250.0,26.0,15.0,35.0
c45f017c36f9112a8bb4f170edfb1870,malas_acessorios,45.0,702.0,1.0,1400.0,33.0,10.0,49.0
9d123055622741ac77766a4dbfa4d1b9,beleza_saude,43.0,764.0,2.0,786.0,28.0,11.0,17.0
a2a91fe6d8762e0371abd964cef88ec6,utilidades_domesticas,27.0,49.0,3.0,300.0,25.0,10.0,23.0
344e500a6d4d2085337b9e81c0b9c9de,instrumentos_musicais,60.0,984.0,1.0,200.0,22.0,10.0,15.0
fa3a067994b6fd52b6ce674ee19a5bdf,utilidades_domesticas,52.0,1063.0,2.0,2200.0,89.0,5.0,20.0
d6b80738418fd3491b89c8d2cf5f8256,cama_mesa_banho,51.0,528.0,1.0,2837.0,36.0,8.0,37.0
1600dcf1cea8c0c83702e07b577ab231,relogios_presentes,57.0,181.0,4.0,250.0,16.0,2.0,20.0
db858d1d14f31fbf7f38036ac7a3fcf4,telefonia,51.0,1157.0,2.0,575.0,20.0,20.0,20.0
c73628b1c3144b2e0c9c88072f21a213,automotivo,60.0,1892.0,2.0,850.0,20.0,9.0,14.0
6f053a0a4d934dfde147e71bcedc99e8,relogios_presentes,55.0,457.0,2.0,450.0,16.0,19.0,14.0
2b0943c63387bbdc046d9a7692602388,esporte_lazer,54.0,586.0,2.0,1050.0,30.0,15.0,20.0
29427de7f8a9ee983d9dbc51cec569b4,cool_stuff,54.0,995.0,1.0,4475.0,44.0,24.0,31.0
2e0b9273624db778d82fd3b18becec24,brinquedos,57.0,707.0,4.0,345.0,19.0,16.0,18.0
3bebad3cf2c8d1a8d3ce97174643e054,agro_industria_e_comercio,49.0,903.0,8.0,500.0,17.0,11.0,11.0
7fb04722aba7a2b632bac8f9819796f3,beleza_saude,48.0,594.0,1.0,1850.0,24.0,36.0,23.0
3b60d513e90300a4e9833e5cda1f1d61,,,,,450.0,20.0,12.0,15.0
1191e61a83c807323c6c1cb5eac9ff3c,telefonia,59.0,777.0,6.0,350.0,17.0,4.0,12.0
d2c277a6bd8e9119fa1a84c70f3eab5d,moveis_decoracao,40.0,133.0,1.0,2750.0,60.0,15.0,30.0
570df4c7c2a1ba5d810f27b93c584232,esporte_lazer,48.0,621.0,1.0,1200.0,19.0,19.0,16.0
9ef3514cbcbf73d8b7d294036f99737f,utilidades_domesticas,53.0,1708.0,3.0,1650.0,69.0,10.0,40.0
09cbb58b67d2f010f3ce6ae6196f1ed9,moveis_decoracao,41.0,592.0,1.0,1900.0,65.0,12.0,12.0
aa8d88eb4b9cb38894e33fa624c4287f,relogios_presentes,54.0,335.0,4.0,250.0,16.0,2.0,11.0
b9a4af1c160ac5edcc68db0b88785ea1,eletronicos,44.0,510.0,2.0,400.0,23.0,2.0,13.0
d3d2f358e7e92dbbbc0a37d0b7435253,utilidades_domesticas,58.0,2108.0,1.0,2400.0,34.0,31.0,24.0
484619f908431240f47e8c9e96ca00d1,informatica_acessorios,48.0,1549.0,3.0,400.0,30.0,11.0,20.0
64fb265487de2238627ce43fe8a67efc,cama_mesa_banho,55.0,329.0,1.0,1825.0,44.0,14.0,34.0
42f03aab9564c9b88c5d269eee68a79d,papelaria,60.0,126.0,3.0,1000.0,25.0,55.0,45.0
afdb06ebeca917512783bcbaa8ed28c0,automotivo,56.0,568.0,4.0,1800.0,52.0,5.0,52.0
b1bd2eebcf90443f4f17e71bb89468a2,esporte_lazer,52.0,520.0,1.0,200.0,16.0,15.0,15.0
c3097e07a0a5de0d4b4c836d90c5a284,eletronicos,43.0,425.0,1.0,200.0,22.0,11.0,16.0
ad673c1cd02b966e931f9db4fdc34791,informatica_acessorios,39.0,1321.0,3.0,350.0,22.0,11.0,17.0
82029e5d2411cd3a74021d94ee87d457,telefonia_fixa,51.0,535.0,2.0,508.0,16.0,17.0,17.0
2d771944d4a7dc7d95d974cfe4be96ff,artigos_de_natal,46.0,411.0,1.0,55.0,30.0,2.0,21.0
03b58043df5d7424df7eac2be2511c51,cool_stuff,56.0,645.0,2.0,1650.0,30.0,4.0,30.0
b84c4c7f1845f068f40e350865b803fa,beleza_saude,55.0,865.0,4.0,1400.0,42.0,12.0,11.0
566837caf82af3f65421f9d9d8820a27,moveis_decoracao,56.0,385.0,1.0,700.0,25.0,2.0,17.0
3ba2b0de14984ce8f072c58be8d701dd,brinquedos,59.0,1164.0,4.0,6133.0,44.0,35.0,48.0
461f43be3bdf8844e65b62d9ac2c7a5a,relogios_presentes,35.0,591.0,3.0,444.0,20.0,14.0,16.0
c72edc98e7d77f0c4c04ec80730c05f5,esporte_lazer,18.0,370.0,1.0,700.0,26.0,14.0,24.0
e1e932dfb67414e80b87ad97688cf2a3,brinquedos,45.0,404.0,5.0,3850.0,52.0,7.0,55.0
9523f1a3e7db9e38d55379435bd450c9,bebes,45.0,659.0,10.0,10400.0,33.0,30.0,44.0
e19ddcc85537b41f22116c8d5425ef46,moveis_decoracao,48.0,519.0,3.0,700.0,26.0,8.0,22.0
615cdd12d2db03b570f68c5ac19ab026,eletrodomesticos,56.0,190.0,3.0,2667.0,28.0,37.0,33.0
b000447e24e31a4d7e628ca4d0622131,telefonia,33.0,119.0,1.0,250.0,19.0,4.0,11.0
aef5dacb8cffba210a6e307dd01e4923,cool_stuff,55.0,410.0,2.0,1150.0,36.0,16.0,24.0
2b82632fc977852ca422e8bf3255912f,ferramentas_jardim,46.0,512.0,2.0,1488.0,28.0,24.0,22.0
fc2053a22dde0b067898ea436a86ec6e,cama_mesa_banho,57.0,158.0,1.0,1900.0,38.0,10.0,33.0
0b2b7a2dbcdf63ca0044d9e9ef8aa4fa,construcao_ferramentas_seguranca,54.0,1684.0,3.0,200.0,17.0,7.0,17.0
ab142a566883e92ca907236477173c6c,,,,,250.0,16.0,2.0,11.0
8b5a201cdb79e1962baa08534f71d382,relogios_presentes,59.0,488.0,2.0,250.0,16.0,11.0,11.0
5b4b8595bd33017cf3c87c8ab09c2e42,papelaria,54.0,231.0,1.0,150.0,17.0,6.0,11.0
ca92f5c2276bfd491db575cd9de5a70d,fashion_calcados,54.0,404.0,2.0,800.0,22.0,12.0,33.0
6f62dd1f280a651e3334c84c4f1d96b6,perfumaria,57.0,663.0,2.0,1000.0,18.0,10.0,20.0
387e781bdd254dd8821e6194af0fa8d7,utilidades_domesticas,63.0,497.0,1.0,9950.0,47.0,20.0,60.0
85b6cd7f57f7a06d180c93e8c74f6381,cama_mesa_banho,55.0,555.0,1.0,650.0,16.0,10.0,16.0
468d0a8c1313382adf379d69bae15798,telefonia,38.0,393.0,2.0,100.0,19.0,3.0,11.0
c00f76b76f52037b0fc9f71fd8a7ac10,perfumaria,45.0,615.0,1.0,100.0,16.0,5.0,11.0
0320a1be5c5224f64bfbffa583cf03d6,eletronicos,48.0,1337.0,2.0,167.0,16.0,3.0,11.0
bd041552679986d30dd12e9cc32e3fa1,livros_interesse_geral,57.0,1043.0,1.0,1200.0,30.0,4.0,20.0
4a3b0111d9c112251e4732b44d1d118b,telefonia,52.0,865.0,3.0,300.0,20.0,15.0,15.0
bf128711128b70eaa9e07df69e9a75e2,telefonia,61.0,992.0,1.0,600.0,23.0,6.0,15.0
9fc0c73ce4d0eaaead44e81eeefebeb0,esporte_lazer,57.0,1949.0,1.0,350.0,21.0,26.0,21.0
979a52ea2c0c4e9e7e7e4a766d4eeda4,cama_mesa_banho,44.0,452.0,1.0,1550.0,35.0,10.0,45.0
24fffbd0188d2b7ceb351214c514b28c,perfumaria,29.0,616.0,1.0,426.0,18.0,14.0,14.0
63de2743d05ab59d85caa49e49459ac1,beleza_saude,51.0,951.0,1.0,178.0,18.0,11.0,17.0
dc6fe08afddfeb23ce334ce4cf5890eb,beleza_saude,58.0,1560.0,1.0,200.0,16.0,4.0,16.0
74f6667fd85d8261aef8e980f235a38b,pet_shop,54.0,485.0,2.0,150.0,27.0,9.0,27.0
c3da6347b3df112e52de0d6f9443158b,construcao_ferramentas_construcao,41.0,654.0,3.0,2900.0,43.0,14.0,17.0
af91083bde899b201798b52ae89babea,beleza_saude,44.0,937.0,1.0,350.0,19.0,12.0,13.0
c0c17f0a42c3ebda98f5805722969aee,telefonia,34.0,198.0,3.0,100.0,16.0,14.0,15.0
89a85fb039d401c099e30c569a6f2e07,automotivo,52.0,313.0,1.0,5200.0,41.0,19.0,41.0
e58a56ad705cc3e02d6db9ae1a16c406,construcao_ferramentas_iluminacao,49.0,522.0,4.0,150.0,20.0,10.0,20.0
18409550226f40a1a8990fcd7e517c53,beleza_saude,45.0,1884.0,1.0,1283.0,30.0,16.0,22.0
98e55bdc6487be7b8c32b0eb689dcb8a,moveis_decoracao,50.0,397.0,3.0,200.0,21.0,16.0,21.0
38a3986954ae656fba0263c496a8b447,cama_mesa_banho,55.0,161.0,1.0,1300.0,46.0,7.0,51.0
19b25267e01c8587981e55ec96673eba,informatica_acessorios,60.0,1236.0,1.0,350.0,20.0,20.0,20.0
d6dc2dcbb3ef25e47ef82f3c013ab820,casa_construcao,53.0,646.0,1.0,6500.0,30.0,35.0,30.0
d0168e734683113fd73658071715084a,fashion_roupa_masculina,28.0,572.0,2.0,800.0,45.0,10.0,35.0
24176f8ec4b087d7a48e356913fdd085,fashion_bolsas_e_acessorios,34.0,98.0,5.0,150.0,16.0,9.0,11.0
1becf32f9c527bad8d88e8e6aa99f021,papelaria,48.0,937.0,8.0,950.0,16.0,10.0,50.0
23f2ebdf4d6f7badc8bbd40af362f681,casa_construcao,50.0,894.0,1.0,866.0,21.0,18.0,21.0
b1ab8c16165f6d66427b01ac9b26e141,beleza_saude,40.0,735.0,1.0,150.0,16.0,2.0,11.0
0d60ec9cf77726af8257bc483d038a72,casa_conforto,49.0,566.0,2.0,1075.0,30.0,30.0,14.0
e878662b68e175a58b5951e44574d5c8,,,,,2000.0,33.0,8.0,23.0
b2a276c8b8261ba2c2c46bcfa1f522ee,perfumaria,44.0,828.0,4.0,1000.0,20.0,20.0,20.0
f582884ed8bb76a4b6317b8c9e966d98,utilidades_domesticas,41.0,325.0,1.0,1950.0,43.0,10.0,33.0
9d40080a29872ddbfe64f036de4ccdd1,utilidades_domesticas,38.0,1236.0,1.0,1350.0,40.0,19.0,24.0
2115a2dcb35d50b3726fbd24ab04aaa1,papelaria,43.0,483.0,2.0,600.0,45.0,2.0,35.0
8b8191f9283cd3c98fa9b37a0b0f99ef,perfumaria,45.0,854.0,1.0,400.0,23.0,10.0,20.0
140568dfbaaf1a45e378cb87a346c91e,utilidades_domesticas,47.0,469.0,1.0,1100.0,17.0,39.0,32.0
9c7ce59c96e74dfdfc51f13a4a6c3869,relogios_presentes,59.0,261.0,2.0,250.0,16.0,2.0,20.0
d73a7e3009d1b8f498a0ffd3e8ae6565,cama_mesa_banho,56.0,207.0,1.0,700.0,50.0,11.0,40.0
19421075ae0b585f2dc13ff149e2119d,esporte_lazer,32.0,1797.0,1.0,150.0,16.0,16.0,11.0
24aaea2bb541cc5d78141f2bc053cd37,relogios_presentes,56.0,712.0,1.0,500.0,21.0,14.0,14.0
16cb37c8d7713ae295b4c1a92a3f338c,perfumaria,50.0,855.0,1.0,213.0,16.0,12.0,11.0
ecf11081ba69df87eeaa46e5c3de564e,utilidades_domesticas,59.0,682.0,2.0,900.0,16.0,33.0,14.0
e2d13b6570070d36a9996b74e3eb190f,automotivo,60.0,498.0,1.0,250.0,16.0,9.0,16.0
bb48c8fda6bcf73c9a0178fd1a1a366d,cama_mesa_banho,59.0,58.0,1.0,400.0,20.0,2.0,15.0
e03f15d18d2bd7da2bf129890fadd8db,cama_mesa_banho,52.0,362.0,1.0,400.0,25.0,15.0,25.0
ee0c1cf2fbeae95205b4aa506f1469f0,perfumaria,44.0,334.0,1.0,200.0,16.0,16.0,13.0
cea1262b2dd1dd56c1b4f1f1c19b14d4,eletrodomesticos,59.0,138.0,1.0,200.0,27.0,13.0,17.0
5b8423dc7f23089c9c59c5d140eb5a1c,brinquedos,59.0,1629.0,3.0,5250.0,51.0,15.0,52.0
11bbef4e2a44601d9dd471aa1fb433e6,beleza_saude,52.0,1222.0,2.0,838.0,28.0,14.0,21.0
1e662f768907b55013557beb5ccfbeaa,telefonia,38.0,2276.0,5.0,400.0,18.0,13.0,18.0
484970ea2647dc058e9c81ca31e65ce9,bebes,24.0,371.0,1.0,500.0,28.0,10.0,25.0
ed6d2fe9a24cfdfd0f4c40094db5145b,livros_interesse_geral,23.0,727.0,1.0,1000.0,11.0,15.0,20.0
31aaae9f2af6869bff6b8cbbaf195e65,utilidades_domesticas,51.0,998.0,1.0,1300.0,22.0,36.0,22.0
f7ee078cfab4ad9144e1d75fd0258c5b,perfumaria,56.0,703.0,4.0,650.0,43.0,16.0,27.0
542b3d80712d51eefe3a3cd1c5f4e8fe,cool_stuff,49.0,223.0,1.0,400.0,30.0,30.0,40.0
1e1a186a03f0d98268516827690d4fd2,bebes,60.0,1078.0,4.0,575.0,16.0,18.0,17.0
03e4e6709b7d6415746769c0bc3e9131,brinquedos,42.0,762.0,2.0,3890.0,36.0,28.0,36.0
daafec509b3be08be40be8318dcd1b79,cama_mesa_banho,56.0,123.0,2.0,350.0,70.0,8.0,60.0
9e2ee57a77fedecd33b6914e9cf61199,beleza_saude,39.0,1083.0,1.0,100.0,16.0,16.0,16.0
310b993294194cea025dcc9c23637b62,utilidades_domesticas,54.0,417.0,2.0,8650.0,80.0,15.0,33.0
6c3effec7c8ddba466d4f03f982c7aa3,consoles_games,56.0,237.0,3.0,100.0,16.0,12.0,12.0
e357a8646a17191f03fd9f833a0fa29b,moveis_decoracao,52.0,1348.0,6.0,1175.0,34.0,20.0,22.0
758acc685222455688ff4b46d5f5dfd6,moveis_decoracao,39.0,867.0,2.0,11600.0,65.0,40.0,40.0
ca4b7ea1410f94107b9c97b09a6d4182,bebes,26.0,1594.0,6.0,450.0,26.0,7.0,22.0
51f876eb62be778c757503cf7f8a3b74,beleza_saude,33.0,198.0,1.0,67.0,17.0,15.0,14.0
b52af48deef5c1fb35c99248a5269973,cool_stuff,59.0,566.0,1.0,15300.0,98.0,32.0,28.0
25a2985f8f3f93ddf1c1d26847658dad,informatica_acessorios,57.0,334.0,1.0,300.0,16.0,10.0,11.0
900d210e9ea6ee40dd0290df76bde9fc,eletrodomesticos,47.0,2262.0,1.0,425.0,27.0,12.0,12.0
e94df75b2e9a8b056be0c144a731f55c,pet_shop,56.0,1538.0,2.0,625.0,23.0,17.0,19.0
98d61056e0568ba048e5d78038790e77,automotivo,49.0,546.0,1.0,6400.0,63.0,11.0,63.0
32267de030005084d4b6af64f22143b8,moveis_decoracao,51.0,567.0,1.0,1150.0,30.0,10.0,30.0
b5a3bb1341d217322573b76c03d7b81e,cool_stuff,45.0,2066.0,1.0,1650.0,33.0,44.0,19.0
fe5554d1ac1a1d70c97854dca21facb0,pet_shop,63.0,677.0,6.0,850.0,40.0,20.0,30.0
dc404a1496a08f9f5540c8b5d4b92925,brinquedos,46.0,753.0,2.0,1582.0,31.0,31.0,35.0
10717ff440b2320081989126e858b220,cama_mesa_banho,52.0,263.0,1.0,4867.0,70.0,16.0,50.0
9361d7d8750b24496371f42a056065b5,bebes,41.0,600.0,2.0,3000.0,37.0,20.0,43.0
2848023ffcfb063bb7aa0d0c447bd116,musica,47.0,2730.0,4.0,9750.0,27.0,31.0,16.0
e9def91e99c8ecb7c5cef5e31506a056,brinquedos,34.0,867.0,2.0,500.0,19.0,11.0,20.0
d678178aa4291cd25a755a90188375c8,moveis_decoracao,43.0,789.0,1.0,950.0,20.0,35.0,20.0
2cd4861a56a6f98288e0281e47f4b1d5,cama_mesa_banho,57.0,293.0,1.0,6250.0,60.0,10.0,40.0
49770e2e1a22b61e15a13c2cbfbfcbbd,brinquedos,60.0,1243.0,4.0,7950.0,52.0,34.0,18.0
156bb7508d25ad3108035c7ec3a3d2fb,papelaria,44.0,127.0,1.0,800.0,38.0,8.0,30.0
0e362037e5f02f62c8ce89f49cb9d520,perfumaria,53.0,666.0,2.0,133.0,20.0,10.0,16.0
29f4b939c9bce7b71f366ba0eef2c4d8,esporte_lazer,45.0,728.0,1.0,1050.0,21.0,27.0,21.0
0f025e441822f059a260a6ec3001ec0e,cama_mesa_banho,47.0,612.0,1.0,550.0,30.0,6.0,22.0
b667e64d366991432e4c9c45ec4d6d1a,esporte_lazer,49.0,336.0,1.0,187.0,18.0,16.0,16.0
32b8ee42e46363609baa9d10ce94d460,esporte_lazer,53.0,390.0,1.0,290.0,20.0,18.0,16.0
5496efb86aea6e3862b6cb394dc020f8,informatica_acessorios,55.0,545.0,1.0,800.0,30.0,16.0,16.0
56a37c8f41558bf4f515e0a835083543,cama_mesa_banho,46.0,148.0,2.0,300.0,66.0,6.0,49.0
24c002cf6aa7f3c184a964064e2a2e5c,utilidades_domesticas,50.0,903.0,4.0,3000.0,22.0,51.0,22.0
8afd2ec5bf821e4d1a061e7ca31cac24,relogios_presentes,60.0,522.0,4.0,300.0,16.0,2.0,11.0
6e4b48692263d4b62965273275cb2b66,papelaria,46.0,365.0,4.0,300.0,18.0,4.0,16.0
5096e827f6152df3974343e735a52dc9,construcao_ferramentas_construcao,45.0,890.0,1.0,2800.0,16.0,2.0,11.0
0454c95c31d75e5f86c354896a3d9814,moveis_cozinha_area_de_servico_jantar_e_jardim,44.0,246.0,1.0,25000.0,98.0,14.0,40.0
80d63636780c5975e5c93b63236d481d,beleza_saude,16.0,2709.0,4.0,2700.0,18.0,24.0,16.0
5f6906793eb1d554d76c39398ce08693,moveis_decoracao,56.0,297.0,2.0,700.0,100.0,5.0,11.0
0dce093fc7ec4dec214256df878e3c08,relogios_presentes,57.0,1049.0,3.0,200.0,16.0,6.0,11.0
38db388d2fc1b20662fcfd3f38b0be28,construcao_ferramentas_construcao,60.0,2060.0,3.0,1700.0,16.0,32.0,34.0
fc49395ccfb1f65ab0d1352684772112,,,,,500.0,17.0,8.0,13.0
b7a60a397d4efd05c1b5d398fb9f9097,agro_industria_e_comercio,50.0,1534.0,6.0,22050.0,40.0,42.0,36.0
9d7dfc4cb2caec57922343876f5d3ff3,brinquedos,48.0,609.0,2.0,1100.0,65.0,9.0,20.0
9a19dd63632e958f42a66a46afc0f05d,construcao_ferramentas_construcao,36.0,485.0,1.0,150.0,22.0,10.0,15.0
f207b010add19c1090a2c248d30a0c30,eletronicos,39.0,151.0,3.0,300.0,16.0,6.0,14.0
fd15dec337d57a332d25ec667eb5e859,relogios_presentes,49.0,471.0,2.0,725.0,26.0,6.0,27.0
a027d4d9a0ffc6b3c2cf45636b044078,utilidades_domesticas,59.0,297.0,1.0,200.0,25.0,10.0,12.0
9048cbd294fe0c1a3ec8c8248bc2cadd,instrumentos_musicais,63.0,927.0,9.0,7500.0,55.0,18.0,45.0
e707c577789af56087a82650995ed3c8,cama_mesa_banho,54.0,188.0,2.0,2450.0,45.0,14.0,34.0
edc044b1d3b518153d2b3b2c811ff0e2,cool_stuff,60.0,1707.0,2.0,2200.0,62.0,7.0,35.0
20090bcd0d43eb49feb63d53d387780b,cool_stuff,63.0,2597.0,10.0,300.0,17.0,17.0,20.0
31945c8811d04df20bf86224210b4084,cool_stuff,48.0,919.0,5.0,900.0,40.0,17.0,18.0
3a04684bdbb06427b4adc0acc1236def,esporte_lazer,43.0,214.0,3.0,214.0,18.0,9.0,15.0
912ab68074130a81d1d94f48b67150a2,ferramentas_jardim,53.0,647.0,4.0,2900.0,58.0,26.0,28.0
4cde3ff89f4a66c712c088e5542ee7a6,moveis_decoracao,55.0,241.0,1.0,2100.0,50.0,12.0,40.0
a6e0877ffaf0725d90e31e4350a3276e,esporte_lazer,42.0,578.0,1.0,100.0,20.0,10.0,15.0
51899631eb4e0fed8bd38bbff9894229,moveis_decoracao,61.0,370.0,1.0,600.0,32.0,2.0,20.0
0e089f539eaa543b2d6e4b4b4e128a3b,moveis_decoracao,36.0,1313.0,4.0,1367.0,39.0,15.0,29.0
0693bcecfea57f2ad547d1ff56c7d9ea,cama_mesa_banho,46.0,400.0,1.0,1000.0,35.0,5.0,20.0
884186aaa2ba70b64827a86966f583bd,cool_stuff,31.0,804.0,1.0,1185.0,26.0,26.0,33.0
25e2023ed83352bde98dc1490d14c3d8,brinquedos,30.0,1024.0,1.0,887.0,30.0,22.0,20.0
17d8b8e9c21ec0fc5b33724e32fe422e,cama_mesa_banho,26.0,212.0,2.0,1000.0,30.0,4.0,40.0
f177b434709ecb652dbee4f4b19aef2f,fashion_bolsas_e_acessorios,56.0,197.0,5.0,200.0,16.0,16.0,16.0
ae8b1d2c414a22d06ba197876eff92f2,beleza_saude,54.0,939.0,1.0,250.0,17.0,19.0,15.0
033e5e4f49acb5621c782ac8a37aa90b,malas_acessorios,43.0,533.0,2.0,175.0,16.0,10.0,16.0
3319ec949aa117693a4d6fd941858af9,malas_acessorios,36.0,468.0,1.0,1200.0,40.0,22.0,30.0
970694629024df557d9b71b3088a488d,utilidades_domesticas,49.0,597.0,3.0,2850.0,50.0,3.0,30.0
3f4a7c8646dfebf0d04ed19adab8e9cb,cama_mesa_banho,60.0,277.0,1.0,1950.0,37.0,8.0,35.0
9849ba603e33119ef0dcbdba63338aa2,moveis_sala,47.0,1322.0,1.0,24400.0,50.0,50.0,45.0
7f55769896fc6596e7251490b8b5e536,moveis_decoracao,45.0,520.0,3.0,450.0,30.0,10.0,25.0
53efd9ce31847b93ddaad249b879b88c,esporte_lazer,58.0,734.0,2.0,1200.0,82.0,16.0,14.0
704ef63ad0ac345842ea734060a83db2,cama_mesa_banho,55.0,249.0,1.0,850.0,38.0,10.0,38.0
7e0dc102074f8285580c9777f79c90cf,ferramentas_jardim,60.0,1251.0,2.0,800.0,30.0,10.0,30.0
97df097e327bdfd11f7a1061fda6b89d,papelaria,59.0,255.0,3.0,1600.0,18.0,2.0,20.0
66fb81c8c95a92236d7858a4303dc0a4,instrumentos_musicais,53.0,638.0,3.0,250.0,16.0,6.0,11.0
58e3e57e37601dce8a567e7c1f9e2090,brinquedos,56.0,526.0,2.0,450.0,16.0,11.0,16.0
7f1e346754bd4283e2261b71bc4bf4b0,consoles_games,17.0,1108.0,3.0,150.0,21.0,3.0,18.0
d967e722339b5694c236717a78497634,casa_construcao,46.0,841.0,4.0,700.0,22.0,18.0,22.0
0c35aab0ba0e5a36a652fc2b10f2c102,industria_comercio_e_negocios,53.0,174.0,2.0,4917.0,33.0,23.0,33.0
09661a3f29765eeafd2f05d7ad22310f,instrumentos_musicais,59.0,504.0,6.0,6250.0,99.0,28.0,36.0
48b412d7a87b3279a7dda5f00e23ca91,relogios_presentes,62.0,807.0,4.0,400.0,16.0,13.0,13.0
014a8a503291921f7b004a5215bb3c36,bebes,37.0,497.0,4.0,150.0,16.0,7.0,11.0
15b0e8706bf37a95f2bb3665c4cc4c6c,fashion_underwear_e_moda_praia,55.0,487.0,3.0,250.0,17.0,9.0,27.0
d4a8ab90e626911fa92af68c07228390,moveis_decoracao,59.0,438.0,1.0,1000.0,30.0,4.0,20.0
cef9d587c2c31442c9b95eef617db1f4,telefonia,54.0,838.0,2.0,600.0,16.0,2.0,11.0
1937b3e587fc766c8d1cef0c11c6aa53,esporte_lazer,44.0,1675.0,1.0,300.0,18.0,11.0,16.0
be0dbdc3d67d55727a65d4cd696ca73c,informatica_acessorios,47.0,493.0,1.0,245.0,19.0,14.0,14.0
2149e9d51d629c16ce77c0f14c887e01,esporte_lazer,45.0,2768.0,3.0,200.0,18.0,16.0,11.0
cba54528d3adcef3c12d8e8b9a48bc17,cama_mesa_banho,30.0,1036.0,1.0,700.0,45.0,10.0,35.0
a95db8c4b3cfdf4a5d518e0d738e4374,beleza_saude,59.0,560.0,1.0,258.0,18.0,16.0,14.0
916bcfd7e756e0b65372da1378d1c125,livros_interesse_geral,43.0,713.0,1.0,1600.0,25.0,7.0,18.0
d12a5178024ccefb3582170a9ab45a0d,cool_stuff,44.0,422.0,4.0,3288.0,25.0,45.0,25.0
aa36c2127048efdcd47f4ad5b6b68810,cama_mesa_banho,57.0,189.0,1.0,1600.0,46.0,3.0,34.0
791052a0d5071f87efbc002b579ccb9e,,,,,1800.0,40.0,10.0,40.0
a4b5771bb3bd270e2baacfc4430798cf,informatica_acessorios,41.0,533.0,1.0,150.0,16.0,6.0,14.0
27f7b5c6bcf21bb57da65887d11cbd51,cama_mesa_banho,33.0,247.0,2.0,1200.0,40.0,10.0,30.0
214182ef6dd2635420e172166e7ee047,utilidades_domesticas,43.0,965.0,1.0,650.0,16.0,17.0,11.0
7fe14f1d9c5f003f196c92337d12810e,moveis_decoracao,39.0,534.0,1.0,650.0,65.0,2.0,13.0
d9fbc33029641ba345b15a2c8dd86f10,cama_mesa_banho,58.0,512.0,1.0,2250.0,38.0,8.0,38.0
fb310009e56c0ab32657c9c674bd402c,perfumaria,41.0,482.0,1.0,325.0,21.0,14.0,15.0
c900eec3fdb80817c7bd189a548650b5,moveis_decoracao,56.0,548.0,6.0,750.0,36.0,21.0,36.0
9c05bfa05404168611d6340f43b4b022,,,,,1500.0,33.0,4.0,33.0
4534bceddbf90ce5876ec482cc5c74d2,eletrodomesticos,60.0,215.0,1.0,200.0,18.0,8.0,13.0
9e91c1a0603362cd90caa2e9f6580bb7,eletroportateis,54.0,1001.0,1.0,2150.0,20.0,25.0,32.0
5ae2f57d379f89f995f9444cdb6d5c60,cool_stuff,53.0,1621.0,2.0,133.0,16.0,9.0,13.0
2d0090282bd77e1ae0f6336ba500facf,beleza_saude,32.0,534.0,2.0,150.0,17.0,9.0,12.0
d57df0660328af2e535fa009f227d575,moveis_decoracao,63.0,233.0,8.0,2300.0,42.0,17.0,32.0
c319f453652bff80bc8f9f71d87e56c1,bebes,46.0,715.0,6.0,260.0,24.0,19.0,20.0
48401d4a555fd20aa93a202a4ed3b598,industria_comercio_e_negocios,47.0,896.0,1.0,250.0,16.0,11.0,16.0
fa80471d26662bb653b2286e4b735a5a,automotivo,40.0,2723.0,4.0,25150.0,63.0,63.0,38.0
134a6fc4a713a799266ebd6a4f4008d4,esporte_lazer,47.0,900.0,1.0,117.0,16.0,14.0,16.0
efd7af8312533d58ccb5ac26304dd3d5,automotivo,43.0,294.0,3.0,220.0,16.0,10.0,13.0
a5c9c1711f61d2b63cf996b4928092ed,brinquedos,24.0,669.0,1.0,1050.0,24.0,29.0,23.0
7a3bc1b5f3ad201ecd5d03d51d34bedd,beleza_saude,58.0,2881.0,1.0,250.0,17.0,11.0,15.0
a06a7deca7108e64a94482aae448c20a,brinquedos,54.0,704.0,10.0,5100.0,29.0,15.0,40.0
2cb21a33326f4accdb9dcbaef4a46180,fashion_underwear_e_moda_praia,49.0,724.0,2.0,400.0,20.0,5.0,20.0
af54833766006d685742bf140e6f0086,eletrodomesticos,60.0,171.0,1.0,1600.0,60.0,8.0,36.0
e67307ff0f15ade43fcb6e670be7a74c,beleza_saude,47.0,1474.0,3.0,150.0,43.0,13.0,14.0
b0ed7fe63babb3e705115f53fa74b20c,eletrodomesticos,38.0,928.0,2.0,1200.0,28.0,8.0,13.0
253d579d3a543d50016d25936dc1be2e,brinquedos,53.0,286.0,2.0,300.0,16.0,20.0,20.0
056193fc88b3f131fae751356896b168,utilidades_domesticas,59.0,1996.0,1.0,8950.0,40.0,30.0,40.0
5804729aafca1ebee7b26895d830586e,utilidades_domesticas,42.0,799.0,4.0,9850.0,31.0,61.0,31.0
fbce4c4cb307679d89a3bf3d3bb353b9,cama_mesa_banho,53.0,597.0,1.0,6550.0,30.0,30.0,30.0
4e5bbc386fa77265275c4bb8c0d65be0,utilidades_domesticas,59.0,2507.0,1.0,400.0,18.0,18.0,14.0
97c58626cc3e15d514d2095f69650220,perfumaria,38.0,242.0,1.0,429.0,20.0,12.0,14.0
c372010a1ffe3950b8fdfd365ea26d88,malas_acessorios,59.0,849.0,1.0,3100.0,62.0,20.0,40.0
07b6a220c2eaa7e458c5df73daec6e6e,ferramentas_jardim,29.0,318.0,1.0,4600.0,45.0,13.0,34.0
b582be000fb3a394254623d5dff60f56,beleza_saude,30.0,2949.0,1.0,100.0,16.0,9.0,11.0
3aa87ff048f23ae9ac589dd73c21d98c,,,,,950.0,30.0,30.0,20.0
d47ac622fbf41c4fc51f979a13862000,beleza_saude,35.0,675.0,1.0,185.0,16.0,14.0,12.0
1b37d55343061aa2b18b807945ff9831,moveis_escritorio,40.0,1351.0,3.0,2400.0,54.0,10.0,33.0
b5adf7b72a7eb667aafd446581c35f3f,relogios_presentes,44.0,234.0,1.0,483.0,17.0,11.0,13.0
4abef02c9dfc89006cb3d501d1f291c1,bebes,48.0,2296.0,1.0,250.0,16.0,6.0,13.0
dbb67791e405873b259e4656bf971246,informatica_acessorios,32.0,321.0,1.0,207.0,17.0,12.0,13.0
48ee9be392f28ae3a64518a070f4d06a,cama_mesa_banho,52.0,534.0,1.0,700.0,45.0,15.0,35.0
ee4a5109a6b0bf0dd3a3347b73955c95,cama_mesa_banho,52.0,237.0,1.0,5833.0,36.0,6.0,21.0
345ebf31824c3871cbb94c377190d6f9,informatica_acessorios,43.0,463.0,2.0,140.0,16.0,13.0,12.0
d3d10495159bcc41173e3d26a273529a,artes,60.0,218.0,6.0,1200.0,39.0,12.0,12.0
1440c3493146c70f05302fa3edf1038f,papelaria,59.0,1937.0,5.0,6250.0,32.0,36.0,32.0
021f04378f9692f8747f926f38bb8281,ferramentas_jardim,58.0,220.0,1.0,16150.0,62.0,12.0,50.0
dd0a1a6e42db956ce68fad9bbfd7f35c,esporte_lazer,58.0,759.0,4.0,550.0,50.0,5.0,30.0
c63857f1b80521fbf01eb987423d0ccd,esporte_lazer,54.0,181.0,1.0,150.0,30.0,18.0,18.0
edf219cab1d0e435e3e499287dca9a03,pet_shop,47.0,852.0,1.0,200.0,16.0,16.0,16.0
d60c7a798d6fb6242ca9ace328f624e0,brinquedos,59.0,391.0,3.0,700.0,30.0,10.0,20.0
c988a235aba9c5a522df4bff0ef2a182,perfumaria,43.0,446.0,1.0,450.0,18.0,8.0,18.0
accb153aa91b42b1411c3b764f83385d,pet_shop,60.0,770.0,3.0,600.0,35.0,22.0,28.0
e44f675b60b3a3a2453ec36421e06f0f,esporte_lazer,35.0,1058.0,1.0,350.0,17.0,17.0,17.0
89039f76a4c1ed8e4c13f4b531f158ca,malas_acessorios,49.0,114.0,1.0,1400.0,30.0,10.0,32.0
71f2ce4ae5dfdd3b55a51c7a2d3c4da8,construcao_ferramentas_construcao,52.0,1384.0,3.0,3750.0,40.0,16.0,25.0
595fac2a385ac33a80bd5114aec74eb8,perfumaria,29.0,178.0,1.0,400.0,19.0,13.0,19.0
0615dcf981da53a5ca8777cd6a80361b,casa_construcao,56.0,922.0,7.0,1050.0,16.0,20.0,16.0
7fd5ed44c2c119be619555591475b233,cama_mesa_banho,56.0,248.0,1.0,1100.0,46.0,14.0,40.0
76603a4bccfedb23ac477d3cf1f69ce1,construcao_ferramentas_construcao,19.0,450.0,4.0,900.0,20.0,20.0,20.0
a92930c327948861c015c919a0bcb4a8,relogios_presentes,59.0,319.0,4.0,250.0,16.0,2.0,20.0
86133a2151bd98a3ed2ad758709e6d1b,cool_stuff,59.0,1634.0,6.0,1750.0,20.0,8.0,14.0
4a3ffd5293869f4b85d163eb3b4d0faa,flores,53.0,305.0,1.0,200.0,16.0,11.0,11.0
f6fe388c9bfc145a2790437f1e4888d9,fashion_roupa_masculina,53.0,1434.0,2.0,300.0,16.0,2.0,11.0
54405df05005a5933a1a2851d1c69c86,sinalizacao_e_seguranca,44.0,705.0,2.0,750.0,27.0,8.0,22.0
76bf75da18ed680c5e5d7c720a49e7aa,moveis_decoracao,58.0,878.0,3.0,700.0,26.0,8.0,17.0
7b07e5afce1bb1e6fa3ffcdc718d7e69,informatica_acessorios,34.0,1006.0,2.0,175.0,17.0,9.0,15.0
6f28f90ba66cfbdbe2b962446a0bec69,telefonia,59.0,1176.0,6.0,400.0,20.0,8.0,12.0
574597aaf385996112490308e37399ce,utilidades_domesticas,55.0,499.0,1.0,4800.0,22.0,63.0,22.0
5ceafdc1d838f693f92b8c2d8c3bdc86,automotivo,56.0,423.0,3.0,200.0,30.0,20.0,20.0
688f7f7b6c5a6788b084c4cc80f988f8,telefonia,60.0,540.0,4.0,300.0,17.0,4.0,12.0
803668f063859a1f96b67b83b71e86ef,utilidades_domesticas,38.0,138.0,1.0,1800.0,55.0,10.0,38.0
28fb90993dc41cc9bd28407d44c581ca,esporte_lazer,21.0,604.0,1.0,8100.0,31.0,9.0,11.0
06ef9525b604908b6ef27fa630b4f22f,eletrodomesticos,60.0,192.0,1.0,1800.0,66.0,7.0,38.0
a54244559e62c8ef2939e52189d65d4c,alimentos_bebidas,60.0,1088.0,8.0,1300.0,19.0,12.0,12.0
da37b1e69fd193ddbdb8721c9079656b,cool_stuff,48.0,1021.0,3.0,2050.0,70.0,15.0,25.0
c4ff5e26b621356e9aa18a92f3743d55,bebes,50.0,269.0,1.0,350.0,23.0,4.0,23.0
686c91d509cb70a2148ac3ecbb8a4f75,cool_stuff,54.0,940.0,1.0,2100.0,42.0,25.0,15.0
41d7e4805e2a22cc8755e50fe37e5c6f,informatica_acessorios,59.0,1170.0,1.0,100.0,16.0,4.0,14.0
5218770ee0cbcad0666569202deebc4f,esporte_lazer,34.0,1118.0,1.0,3214.0,27.0,27.0,17.0
28452e5e58eb9105476492224d573c43,,,,,300.0,16.0,2.0,20.0
f1d3e7a4605f6cd5f2a3cf9bde5c7845,market_place,40.0,565.0,3.0,1000.0,31.0,6.0,33.0
c2ece64199af7a53793ed9612a89a8cd,moveis_decoracao,59.0,955.0,7.0,2500.0,60.0,12.0,20.0
3ae13337333ac7ba984074d5a6349074,esporte_lazer,55.0,1294.0,2.0,3325.0,32.0,31.0,28.0
c3adcd846a294794059da678fb939220,moveis_decoracao,63.0,394.0,1.0,1200.0,23.0,18.0,43.0
556f5f6c941fc24540f7602d7079d1e6,beleza_saude,24.0,594.0,1.0,2300.0,25.0,15.0,14.0
b0868ddc5f282e1e482593315aa0643d,ferramentas_jardim,41.0,306.0,1.0,475.0,18.0,4.0,14.0
0926524e4f3783f1b0e35c09d5fe13cd,beleza_saude,49.0,2127.0,2.0,100.0,16.0,5.0,15.0
68d89fc0b9f098167d94c8bc6e843994,beleza_saude,52.0,546.0,1.0,950.0,25.0,25.0,15.0
d51f9e208b88e49c98f6a55649d5df35,utilidades_domesticas,55.0,94.0,2.0,1200.0,21.0,21.0,21.0
df6e62772d439c7afc2d284339cf9425,construcao_ferramentas_jardim,67.0,348.0,1.0,250.0,16.0,16.0,12.0
abaefce0c17047c6829ff4078f2005d0,esporte_lazer,30.0,410.0,1.0,700.0,30.0,30.0,30.0
2c2b1db11f5ec66bbc6ca9d1ce3f81a4,brinquedos,40.0,618.0,4.0,300.0,16.0,7.0,11.0
98a5e061c4731a1d4eba3e6f4b6d9b93,climatizacao,55.0,1351.0,1.0,5700.0,55.0,16.0,26.0
0d04a8284bd80aba2723d62bdb330b4d,automotivo,63.0,555.0,3.0,150.0,20.0,6.0,14.0
31207fc086e99a46400056ea7f77857e,beleza_saude,47.0,1482.0,1.0,700.0,16.0,100.0,11.0
1b80b0a1f4aad5d1a1cff676b76e9eec,relogios_presentes,52.0,427.0,1.0,500.0,20.0,10.0,17.0
ebc714d9f070a89f4d411982ea9670fb,brinquedos,50.0,999.0,2.0,1950.0,24.0,35.0,26.0
aaac7cb8bbb8fe12c5758225cd464e5c,esporte_lazer,60.0,3927.0,1.0,7000.0,32.0,37.0,32.0
38ef617a023fc4398829dd8c2b9e8be6,cama_mesa_banho,54.0,559.0,1.0,650.0,16.0,10.0,16.0
60314cbf527af04ebc935be7c02dc1cd,esporte_lazer,59.0,303.0,2.0,750.0,16.0,6.0,16.0
cf37036bec6f6d8639d1cf0ac3f1d04e,automotivo,43.0,1385.0,4.0,750.0,20.0,10.0,16.0
28e734fac9ca5436945bb771fe50a35f,ferramentas_jardim,49.0,981.0,2.0,600.0,27.0,8.0,21.0
55c241d4a5f20682cdeaec642cb06fa8,cool_stuff,48.0,1100.0,1.0,1400.0,20.0,30.0,20.0
89b190a046022486c635022524a974a8,moveis_decoracao,59.0,1744.0,2.0,700.0,62.0,15.0,15.0
52e316d4cfc422b232b280bed1c53236,beleza_saude,54.0,2125.0,1.0,1600.0,21.0,21.0,21.0
de62b43aa8f2f2becaa227a4132b2aef,cool_stuff,30.0,629.0,3.0,2238.0,38.0,31.0,29.0
5e205629195bef6194e3ea62cc7778c5,livros_interesse_geral,50.0,1297.0,1.0,400.0,26.0,9.0,17.0
27a8b41684f77dd86572fa185bc143ba,informatica_acessorios,20.0,347.0,1.0,400.0,16.0,19.0,15.0
ef7de0bbb0e0b0110c270e9381719761,telefonia,49.0,346.0,3.0,100.0,19.0,3.0,11.0
a869ec6209c361ca46dad85a5530e119,esporte_lazer,49.0,1313.0,1.0,2438.0,28.0,31.0,24.0
1d54b96972338247c7341a2069e2bd96,relogios_presentes,59.0,184.0,1.0,150.0,16.0,2.0,20.0
2fea0f2cec6b6324a277d4a61c2ed2c6,beleza_saude,57.0,2026.0,3.0,100.0,11.0,11.0,11.0
b71c0cacf053d9d8f92eb5965d8bd00c,bebes,44.0,468.0,2.0,300.0,31.0,10.0,11.0
9d838a7fbaba7fca5f1fad259984063a,informatica_acessorios,47.0,1076.0,1.0,117.0,16.0,16.0,11.0
3a621027279799b05b8b6492a92308ca,telefonia_fixa,18.0,280.0,3.0,65.0,19.0,3.0,11.0
d8a5b759acaff49096bf67c33d9a9372,utilidades_domesticas,58.0,861.0,1.0,550.0,19.0,18.0,17.0
db05baa32930ca5fbdb515b0ff8fba0d,instrumentos_musicais,36.0,530.0,1.0,8225.0,40.0,19.0,36.0
21d2fdced5c69bfc6539b67908a4ad28,moveis_sala,31.0,363.0,1.0,6450.0,55.0,15.0,46.0
28fd1639ff52d870a3d2c38090d2d902,climatizacao,48.0,787.0,1.0,3573.0,50.0,58.0,32.0
4d68f0bb076a44142f1d1725ba3b3bc8,fashion_bolsas_e_acessorios,32.0,623.0,6.0,1000.0,42.0,42.0,14.0
7fda46e6f8996ebe3acf684cca0124c2,cama_mesa_banho,49.0,513.0,1.0,4825.0,51.0,16.0,36.0
191bdbe90160787e2232af92b5b53088,ferramentas_jardim,54.0,690.0,1.0,283.0,25.0,15.0,16.0
472e6464088101bf2ec351d222c415ab,informatica_acessorios,55.0,742.0,1.0,350.0,20.0,15.0,20.0
f63e5eb82736ac58d9d286f64fe5c44f,pet_shop,22.0,452.0,1.0,100.0,30.0,30.0,20.0
b73f6899a58fe7a37e55149e9a11c717,moveis_escritorio,19.0,917.0,1.0,10500.0,53.0,73.0,18.0
e280caebcad1b90e624d461e53c2e800,informatica_acessorios,59.0,3000.0,1.0,400.0,30.0,6.0,20.0
8fad1e543221d7d6867e756d4bc5e286,beleza_saude,30.0,1149.0,1.0,100.0,16.0,5.0,11.0
6eca85eeeb222dea025ec02b288a09a8,utilidades_domesticas,53.0,438.0,2.0,850.0,30.0,15.0,20.0
e7f85e7f0203b7b95cc1b4c21b4b070c,cool_stuff,42.0,582.0,1.0,5575.0,60.0,22.0,47.0
562502b79845deae9bcd86384921a2c5,moveis_decoracao,51.0,1010.0,5.0,200.0,25.0,40.0,25.0
06ad93d66e91d09df5ce746906d9658b,cama_mesa_banho,52.0,289.0,1.0,3250.0,36.0,10.0,35.0
7ce1d4b1922136117b48d0c2b64ad165,brinquedos,57.0,1123.0,1.0,50.0,16.0,7.0,12.0
1629b469d01aadb4f92644039ad17d5c,telefonia,59.0,776.0,6.0,300.0,17.0,4.0,12.0
c166691d2e429a2e3ed641e29aaeb7f1,esporte_lazer,30.0,543.0,3.0,350.0,25.0,25.0,20.0
ea922d4a264635e1c479157377deb623,moveis_decoracao,60.0,1066.0,2.0,1800.0,43.0,14.0,12.0
ebd57a2515930960ba32c9a88fa45423,beleza_saude,57.0,635.0,4.0,600.0,34.0,23.0,12.0
4cac1a12a6fe9ffba4a9556dbe582e28,automotivo,46.0,365.0,1.0,200.0,16.0,5.0,20.0
47ea90e9a2976bc290c3cdf3b5e0573d,cama_mesa_banho,56.0,1792.0,1.0,1600.0,45.0,3.0,37.0
da1dff19d0c764f3526003e9af3f35a2,esporte_lazer,58.0,580.0,1.0,300.0,16.0,5.0,16.0
ee339563912cfcc8a006239baba4d8f3,construcao_ferramentas_construcao,59.0,822.0,3.0,1000.0,27.0,7.0,12.0
f8bf29282300f0f7c655e3caf53f17ce,pet_shop,39.0,636.0,1.0,12150.0,52.0,32.0,36.0
cd9895374edea6a67749d331b0b32070,esporte_lazer,44.0,1449.0,2.0,250.0,20.0,14.0,16.0
5b668636d65ddf4e4109c6d8fb13ea56,livros_importados,53.0,568.0,1.0,300.0,25.0,2.0,30.0
59e9e55854bde29f3942510af639b7d1,automotivo,52.0,816.0,5.0,325.0,18.0,13.0,13.0
49a2fa4ccedbad4f2e7ed4287fce1a6d,moveis_decoracao,59.0,471.0,1.0,1150.0,30.0,5.0,20.0
13db47eae724e2848e12b71a617a3a41,audio,34.0,468.0,1.0,425.0,17.0,11.0,14.0
a4d8f727f92014da5dd64116af14634c,,,,,1200.0,30.0,12.0,12.0
07b90e3c7e287977b2e8cd54a98ddb89,ferramentas_jardim,45.0,821.0,2.0,500.0,20.0,20.0,20.0
13944d17b257432717fd260e69853140,cama_mesa_banho,48.0,203.0,1.0,400.0,35.0,5.0,24.0
f71973c922ccaab05514a36a8bc741b8,malas_acessorios,47.0,482.0,2.0,16100.0,35.0,65.0,44.0
a906f3b15e6e6333b408e9f8c34a6588,esporte_lazer,50.0,711.0,1.0,150.0,16.0,16.0,16.0
6cbbcefd974f08f72023c05064d96f27,esporte_lazer,53.0,517.0,2.0,50.0,16.0,3.0,11.0
af0a99476d96dcc1a1baa7c0d9ff6b9d,beleza_saude,52.0,913.0,3.0,593.0,30.0,13.0,16.0
defb79b2269c0fa7bad01b2635aff113,moveis_decoracao,40.0,94.0,5.0,450.0,16.0,5.0,20.0
259119fc5bca4237dc823bd8a92dc25b,esporte_lazer,59.0,1617.0,1.0,700.0,16.0,16.0,16.0
7b83c11ac78f11bde67542beb12e8163,beleza_saude,56.0,670.0,1.0,350.0,29.0,20.0,24.0
dd6701abf8ccf81f932abdb773d15b15,papelaria,57.0,1772.0,1.0,500.0,30.0,16.0,20.0
ee4007b2b6a389f76918b093ff7b6523,esporte_lazer,38.0,427.0,1.0,481.0,19.0,18.0,19.0
090621b8ea8b2c856067283a91b493e9,beleza_saude,60.0,1805.0,1.0,3600.0,25.0,25.0,25.0
a0ab96e461d74537772b84950f26a257,climatizacao,41.0,717.0,1.0,1050.0,18.0,7.0,8.0
a7ac695869dbbe03164408a2f081e0e2,beleza_saude,57.0,1462.0,1.0,1017.0,18.0,16.0,16.0
ecfe9a892071ef1c94ee53f77e2e063b,cama_mesa_banho,44.0,487.0,1.0,2800.0,35.0,6.0,40.0
bf53d80c6cb1cbf63ba17e2175d521a5,bebes,32.0,1531.0,2.0,600.0,30.0,40.0,50.0
990ddab43ee46a1a76436796f92470d4,informatica_acessorios,42.0,226.0,1.0,573.0,35.0,13.0,11.0
c35498fbb4358837ae16850f50c3fd22,telefonia,59.0,973.0,1.0,325.0,19.0,8.0,22.0
cfe6e9c01d0bbb5df9a75f0e3286baa9,bebes,47.0,224.0,2.0,1200.0,75.0,15.0,50.0
5a5d7d4e7f23de210890506c818d2b8a,,,,,800.0,48.0,40.0,11.0
31624e01ac12f2bfcc363d6abcea278b,esporte_lazer,56.0,3934.0,4.0,1700.0,25.0,25.0,25.0
536c813a40c7f1e71aad4f9e1a7da2b7,brinquedos,30.0,736.0,1.0,6550.0,53.0,28.0,38.0
6b5b5ab1d2e0bc35b3c2538d7bbf460f,esporte_lazer,48.0,385.0,1.0,1300.0,27.0,12.0,49.0
ab0a97f604550b5b5b99180a6dc04461,tablets_impressao_imagem,34.0,150.0,1.0,150.0,60.0,11.0,11.0
83039266ceedb3640c6dce70f01bf2d0,fashion_bolsas_e_acessorios,58.0,84.0,2.0,200.0,20.0,20.0,20.0
2adbf3f442344a158c04cb59b8db107a,fashion_bolsas_e_acessorios,29.0,623.0,4.0,1300.0,42.0,42.0,14.0
5a0783457f0264ade6beeac64ba145f4,eletroportateis,37.0,194.0,1.0,400.0,20.0,11.0,12.0
8e4a6078c62896ce6e1bde5d53762578,utilidades_domesticas,36.0,175.0,1.0,3200.0,42.0,12.0,17.0
35557c68a22ecebcf066e25ca2ddc144,ferramentas_jardim,50.0,741.0,3.0,300.0,17.0,7.0,12.0
d443be168a577afdf50d59932d3b78c7,informatica_acessorios,48.0,254.0,1.0,1025.0,30.0,15.0,15.0
10396249c30f74b20403120c8c3a49c9,relogios_presentes,48.0,549.0,2.0,279.0,16.0,12.0,13.0
2481a472d98c582b46bc2dfeae6f539f,moveis_decoracao,59.0,205.0,1.0,950.0,31.0,11.0,26.0
8ae2a62356fe10b4261e16268508ddb5,malas_acessorios,47.0,397.0,1.0,4100.0,30.0,35.0,40.0
3a156bd35ef75525c9b43dbed71a9734,pet_shop,58.0,502.0,4.0,200.0,27.0,9.0,26.0
29b85c2f1ec5f4d02b03737a8fd3698b,moveis_decoracao,23.0,922.0,1.0,850.0,16.0,19.0,15.0
730937a8c78836ad923291765cbd8b38,cama_mesa_banho,44.0,446.0,1.0,600.0,30.0,3.0,19.0
d23d89e8971b610d32ca194a212ae44b,utilidades_domesticas,56.0,606.0,1.0,1050.0,24.0,28.0,39.0
9eae06d51aaa383b2bed5547a19d581c,cama_mesa_banho,52.0,337.0,1.0,800.0,16.0,10.0,16.0
95561023115b71f8bbb280afc56b7bed,utilidades_domesticas,54.0,594.0,1.0,2650.0,39.0,17.0,39.0
71540d636652fc682032d3b3c0a180c1,casa_construcao,54.0,923.0,8.0,1050.0,16.0,27.0,16.0
4e5e41fb7d296a6f776c63fee5cb9fac,relogios_presentes,34.0,644.0,1.0,485.0,18.0,12.0,15.0
0d12d1b700e15453260b6cbc961c04e8,automotivo,55.0,385.0,2.0,50.0,20.0,4.0,14.0
519f3a4ea67cdce4923fbc76badd6bd2,ferramentas_jardim,27.0,235.0,1.0,625.0,23.0,10.0,14.0
82a61259a621866c4ba63743da29a342,esporte_lazer,57.0,1307.0,1.0,4350.0,20.0,20.0,20.0
54f8f27ac6543c074ae5c4e7759b054a,pet_shop,60.0,872.0,1.0,200.0,16.0,7.0,11.0
b0edba4fd6456eab5a6b6201caf7b323,utilidades_domesticas,56.0,3025.0,5.0,4400.0,25.0,7.0,25.0
d881c75404b591b0912840f5401ae57a,relogios_presentes,55.0,1604.0,2.0,220.0,16.0,11.0,12.0
22c7191da97262f0f39de80e1951dce2,automotivo,56.0,149.0,1.0,100.0,16.0,15.0,16.0
cb43c6e1c451902b51f4f4ff512302df,eletronicos,21.0,286.0,3.0,293.0,16.0,7.0,11.0
e95ee6822b66ac6058e2e4aff656071a,esporte_lazer,52.0,1153.0,1.0,180.0,17.0,11.0,14.0
4a90b44b456e79e7a33435fdd36e551f,ferramentas_jardim,64.0,2432.0,4.0,10700.0,32.0,63.0,32.0
c9c6fde711572c1ad99ca12728c6af00,telefonia,51.0,678.0,2.0,150.0,17.0,8.0,14.0
72b88dcc0910a3d1db986870c1515029,instrumentos_musicais,53.0,1038.0,2.0,250.0,25.0,9.0,20.0
242ec3ff603c92ddc1e59d83b9e40a2d,bebes,49.0,2830.0,1.0,200.0,16.0,5.0,15.0
20b4a894367b7b66ea1c5ae7efb5a7eb,informatica_acessorios,60.0,236.0,3.0,200.0,16.0,4.0,13.0
544c14365db76307e0820a1468ed8114,moveis_decoracao,58.0,1716.0,2.0,550.0,52.0,11.0,11.0
eba9bf6c14ca3ce171d097e358b12973,bebes,38.0,1516.0,1.0,700.0,50.0,30.0,40.0
d26580768894ea0cdc9f19dc672956c2,utilidades_domesticas,44.0,586.0,3.0,3950.0,42.0,14.0,22.0
e336c656869480e20d04ca9389b12167,fashion_roupa_masculina,56.0,336.0,1.0,750.0,25.0,5.0,17.0
405b665fb38de919ddef2046a207fddf,moveis_decoracao,52.0,283.0,3.0,200.0,24.0,2.0,12.0
f6af9afab66b4968cf9c27dcdfc42047,automotivo,45.0,197.0,2.0,200.0,16.0,18.0,11.0
bdb71a735c94e9c7779d5d2084d91698,cama_mesa_banho,44.0,232.0,1.0,1450.0,38.0,7.0,31.0
7bc37d0450ed1fb9e76f9c0305838c7c,esporte_lazer,56.0,1176.0,7.0,1300.0,51.0,9.0,20.0
e53e557d5a159f5aa2c5e995dfdf244b,informatica_acessorios,33.0,256.0,1.0,180.0,17.0,10.0,13.0
72030f5a9528ee708f8d865fee65b29b,cama_mesa_banho,33.0,827.0,1.0,1150.0,29.0,8.0,28.0
581de99ffa609d5f7b841f0d81df3f2f,bebes,49.0,509.0,1.0,13800.0,60.0,32.0,42.0
f15001dbfd82abd749d8a0b104c367ed,bebes,41.0,1469.0,1.0,200.0,30.0,5.0,20.0
1a0e58ba2d1b44924d3d7184ae40e575,utilidades_domesticas,36.0,179.0,6.0,600.0,18.0,4.0,12.0
be7f0912ba01126704c81b3f705aaaf2,perfumaria,36.0,419.0,1.0,475.0,19.0,15.0,16.0
8a9efe06f7135fd2dfc7b84b30144bda,cool_stuff,52.0,573.0,2.0,225.0,20.0,10.0,16.0
0eeeb45e2f5911fd44282e5bb0c624ff,musica,58.0,143.0,1.0,82.0,12.0,15.0,15.0
480be8d20c4b6a7df1eae0f2c17f2db2,livros_interesse_geral,58.0,1556.0,1.0,300.0,30.0,2.0,22.0
4c3867e5fe6e42a0c2a5d37efa2a0608,esporte_lazer,28.0,325.0,1.0,790.0,31.0,28.0,26.0
99f5b2240b82bf9387e5cf2fc0335b08,informatica_acessorios,53.0,422.0,1.0,160.0,19.0,11.0,14.0
4f823b57fbf2a359f9df38dc72ef0da6,livros_tecnicos,36.0,702.0,2.0,500.0,100.0,20.0,11.0
698b3ddae2f0b80c2a48fb40624ca4e4,moveis_decoracao,55.0,408.0,1.0,8150.0,52.0,18.0,35.0
3fc18e3aefe7b9346bd15de863fa0365,utilidades_domesticas,43.0,808.0,1.0,2850.0,30.0,30.0,30.0
acdd9eaa79720ca045ce3768250b8e47,beleza_saude,59.0,669.0,1.0,400.0,30.0,10.0,17.0
ad0a798e7941f3a5a2fb8139cb62ad78,cama_mesa_banho,55.0,617.0,1.0,600.0,16.0,10.0,16.0
4615c086d05b264e9ff7004fcb515e37,esporte_lazer,53.0,524.0,4.0,450.0,23.0,15.0,15.0
3552627a68384dc559f0fd4cce173269,fashion_bolsas_e_acessorios,31.0,203.0,4.0,150.0,18.0,9.0,11.0
8b52ce7d34b48cfa97fc4219b3fa4e39,relogios_presentes,37.0,548.0,1.0,300.0,19.0,9.0,15.0
87ea2f45559e10519513a20b24147316,informatica_acessorios,48.0,2776.0,5.0,100.0,17.0,9.0,14.0
2d31f67b1edd83be73d1448bc1f1a7c7,dvds_blu_ray,48.0,529.0,1.0,150.0,20.0,2.0,14.0
cd48f265a63e13b762601f5f794c5fca,bebidas,48.0,859.0,3.0,175.0,23.0,21.0,21.0
e8ca1ff2d0a28edb5be8bfbf2964dc3a,esporte_lazer,52.0,320.0,1.0,450.0,42.0,10.0,25.0
79f0638714bca6309431b53ecfdb4b54,informatica_acessorios,49.0,539.0,1.0,12700.0,50.0,39.0,40.0
31af99e01af722adb2067b365a311998,beleza_saude,58.0,698.0,6.0,425.0,24.0,16.0,14.0
b04c2b78a0d75eebc2fdcdf4cda4acdb,brinquedos,39.0,515.0,4.0,600.0,33.0,11.0,21.0
d9829478d893607ea2b8d26c7f546a3f,perfumaria,36.0,59.0,2.0,125.0,16.0,4.0,11.0
15080188e14924ee2c15f19fd258c0eb,automotivo,60.0,3389.0,2.0,250.0,24.0,18.0,18.0
eb6b6f708fb1a57720d0734f30c3b31e,esporte_lazer,63.0,1436.0,3.0,1900.0,70.0,14.0,17.0
89f59eee27a6a49b9f0d887136c71cd4,beleza_saude,41.0,1931.0,1.0,700.0,21.0,11.0,15.0
ae5cad88462eb7b7b61401e31c45618e,informatica_acessorios,44.0,1428.0,2.0,250.0,30.0,20.0,32.0
449686d8083aaada627cbd307f0feed3,brinquedos,38.0,438.0,3.0,1150.0,38.0,23.0,27.0
e3b997f50d2aa487a92ed84d4125b590,utilidades_domesticas,44.0,341.0,6.0,400.0,30.0,20.0,30.0
80df62ce491a20d390c9f69402310f0a,informatica_acessorios,35.0,1101.0,1.0,300.0,42.0,2.0,30.0
cdd37c09b1f47401bdce0f38d3a7f485,cama_mesa_banho,58.0,636.0,1.0,1000.0,20.0,16.0,20.0
0085dddda27567189f1dfd1eda7c286e,cama_mesa_banho,58.0,593.0,1.0,1800.0,40.0,8.0,30.0
c0c4cfd8255da22de900ac9e613e2a73,ferramentas_jardim,57.0,361.0,1.0,800.0,24.0,13.0,18.0
9fc063fd34fed29ccc57b7f8e8d03388,beleza_saude,48.0,657.0,1.0,750.0,38.0,12.0,25.0
e3e6af2b9a779d64b3589a5b56102d16,moveis_decoracao,44.0,565.0,1.0,1050.0,25.0,25.0,25.0
31b8c37adb9572ed34757d9368d987ac,relogios_presentes,49.0,577.0,5.0,250.0,16.0,2.0,20.0
2852bc2e54973155081dc04bff585ac4,utilidades_domesticas,26.0,393.0,1.0,350.0,16.0,10.0,15.0
15557c53492889a2b63e65df34a738ab,relogios_presentes,28.0,188.0,1.0,200.0,16.0,2.0,11.0
5b2bc7f0927cf91077fcb99abcde248a,cama_mesa_banho,56.0,280.0,1.0,1100.0,18.0,25.0,33.0
c8a4cbaafa1f0579063ec64cf40ae153,automotivo,54.0,197.0,1.0,150.0,25.0,10.0,16.0
f5a9be6a5b9fbbd35e67c6883914c1ab,perfumaria,46.0,1045.0,1.0,450.0,22.0,16.0,16.0
de1dab31e5f3737cd024f5fe44743fa9,esporte_lazer,46.0,720.0,1.0,442.0,20.0,19.0,17.0
352710ec4fab1854c11d4044880afff3,telefonia,52.0,1350.0,3.0,300.0,16.0,22.0,11.0
779559842fc122d55edbd03153f35e81,esporte_lazer,55.0,1028.0,3.0,200.0,21.0,13.0,26.0
764292b2b0f73f77a0272be03fdd45f3,moveis_decoracao,56.0,701.0,5.0,750.0,30.0,30.0,11.0
ce37d2059b251687831f016e8698725b,brinquedos,58.0,1221.0,1.0,275.0,17.0,14.0,12.0
83cf2637b3c035693ee58369b791d966,construcao_ferramentas_construcao,48.0,108.0,1.0,7850.0,50.0,3.0,50.0
07d145a7ffd47e821d4e7cbd3697a102,cool_stuff,46.0,622.0,3.0,400.0,32.0,19.0,39.0
ab40c45cb88545d5efa2679b30cec4c3,bebidas,40.0,472.0,1.0,4300.0,50.0,20.0,20.0
fb10a064e6f5151ebfffc589e166c917,audio,44.0,236.0,1.0,1742.0,17.0,11.0,17.0
c92f0e7b9d49a9543558d6532772441b,malas_acessorios,48.0,485.0,5.0,17550.0,73.0,20.0,47.0
982565327a800a467fffeac070672ea6,eletronicos,58.0,945.0,1.0,1167.0,18.0,17.0,23.0
ac69f0bde551e0558dead5f71f7c70e3,automotivo,49.0,84.0,1.0,800.0,45.0,5.0,15.0
bbe8590c1225fbb6a477018283da0677,relogios_presentes,36.0,370.0,6.0,450.0,20.0,20.0,20.0
70f1b82f8f17830b01c2ff30ef958548,cool_stuff,47.0,387.0,1.0,15200.0,60.0,50.0,39.0
47a67549d9b00310453dec1c3902e391,utilidades_domesticas,44.0,1188.0,2.0,600.0,30.0,15.0,20.0
84f456958365164420cfc80fbe4c7fab,cama_mesa_banho,55.0,312.0,1.0,1550.0,44.0,14.0,34.0
51ce723ffd19d9d8d7893b8e835bf3cf,,,,,5700.0,40.0,45.0,40.0
734cb1ee54f5d7e96c0c9d9732a21721,moveis_decoracao,59.0,402.0,3.0,1325.0,35.0,11.0,20.0
4b7758a4177f67648ad233ef07da2b44,moveis_decoracao,63.0,209.0,2.0,5600.0,100.0,7.0,80.0
a7c87b1bbdd51e0d68b0307cffd03d47,relogios_presentes,48.0,249.0,3.0,700.0,19.0,9.0,15.0
b343cce43d6f08fe602d2892b106ad59,moveis_escritorio,55.0,569.0,1.0,9200.0,52.0,51.0,17.0
7e646f7e1e428a1ddde5a18dd9d42e95,moveis_escritorio,47.0,476.0,1.0,12000.0,52.0,51.0,17.0
d8cabd83757ecf48a7d2628dee9135c1,perfumaria,38.0,775.0,1.0,553.0,20.0,12.0,16.0
84b88b5f25e4651dbc4c1c9c7e4b7d27,cama_mesa_banho,58.0,280.0,1.0,1850.0,44.0,18.0,34.0
d9ba932a269adb3893a1d7e53161c7d2,beleza_saude,37.0,647.0,5.0,2400.0,35.0,42.0,14.0
4563d900cd3080ee4854e36ea7d0f156,fashion_calcados,34.0,240.0,6.0,300.0,29.0,7.0,16.0
b98992ea80b467987a7fbb88e7f2076a,moveis_cozinha_area_de_servico_jantar_e_jardim,58.0,576.0,1.0,10400.0,16.0,68.0,32.0
1c9e034fdb330509dbe0f09e6a42f157,informatica_acessorios,16.0,1598.0,1.0,100.0,16.0,5.0,14.0
c403e106353e1aa40efe783ecb39ed7a,cama_mesa_banho,30.0,169.0,1.0,550.0,40.0,5.0,30.0
56d45b2c27871322801134f57d1b9dfb,cama_mesa_banho,56.0,198.0,1.0,1800.0,35.0,20.0,30.0
b0961721fd839e9982420e807758a2a6,ferramentas_jardim,59.0,341.0,2.0,1850.0,37.0,22.0,40.0
c863f578eb77e9238bfc0db8d0ffa3c8,automotivo,57.0,61.0,3.0,200.0,16.0,7.0,16.0
cf857bce01d442bb8631a548a4432def,bebes,56.0,1123.0,4.0,1533.0,39.0,13.0,32.0
e29639a91419ddf0c1d6c80fb3bae01f,perfumaria,55.0,273.0,1.0,650.0,17.0,17.0,12.0
e03102efbc2229024c89be731f0aedcb,papelaria,57.0,366.0,4.0,750.0,101.0,15.0,15.0
737c8b027476dde99e8075d3a0bbe28a,telefonia,46.0,394.0,3.0,100.0,19.0,3.0,11.0
b9ac7314894a193a11fd3150f8c69307,beleza_saude,41.0,875.0,1.0,583.0,30.0,15.0,16.0
a35c14eaa384acf7aabbbec3bd76fae6,utilidades_domesticas,50.0,690.0,2.0,850.0,28.0,12.0,22.0
83e5adb51c0d54eff80057f064f808d2,consoles_games,58.0,1107.0,2.0,817.0,22.0,22.0,25.0
f08c59bc335a381d2b015c4efdc6dae3,moveis_decoracao,60.0,473.0,1.0,600.0,30.0,3.0,19.0
48698ba0cfe847b41430fa00081b5619,papelaria,45.0,456.0,1.0,200.0,27.0,7.0,22.0
9865c67a74684715521d1e70226cce0b,relogios_presentes,52.0,629.0,1.0,290.0,19.0,13.0,13.0
a70d74f54feefedd8108c45553766340,fashion_underwear_e_moda_praia,52.0,579.0,1.0,150.0,42.0,4.0,14.0
b932cbe9be7a3e71d8fa7f1865797ff6,beleza_saude,56.0,870.0,2.0,248.0,19.0,12.0,16.0
001b72dfd63e9833e8c02742adf472e3,moveis_decoracao,45.0,520.0,3.0,600.0,26.0,8.0,22.0
c041a3fe1e9cf85721c1d1d054210279,relogios_presentes,58.0,574.0,2.0,300.0,16.0,11.0,12.0
c91906227d5fd5c07a47510e1651e46c,bebes,44.0,487.0,1.0,13250.0,62.0,47.0,32.0
adc87238dd82fda48a77402f365a9cd6,fashion_bolsas_e_acessorios,38.0,457.0,1.0,200.0,17.0,3.0,12.0
88fb259945a739dec6cdd001e2cbad55,relogios_presentes,58.0,2025.0,3.0,850.0,35.0,17.0,17.0
44d097d59e8430f88a67517cd0c4f865,fashion_bolsas_e_acessorios,55.0,151.0,6.0,350.0,16.0,2.0,20.0
aa864f45a26bbc494d37ae12b0065222,automotivo,58.0,955.0,4.0,50.0,16.0,7.0,11.0
99f8a7e47970133c14b3d79c27d921c8,pet_shop,56.0,703.0,1.0,1600.0,50.0,30.0,33.0
37a6534264082d880dbd603dae588aaf,moveis_decoracao,49.0,170.0,3.0,550.0,16.0,5.0,20.0
64123627d4116a2bc8284f1bc0a257f3,brinquedos,41.0,253.0,1.0,800.0,39.0,7.0,26.0
d93d7e81a8d724c4ef661e75647cf325,bebes,50.0,158.0,1.0,1600.0,25.0,9.0,18.0
6ab6d9589ae19abcee458918d4779fae,eletronicos,58.0,317.0,3.0,5450.0,16.0,65.0,25.0
855bbef550f31af6cf9387e9362b11f6,eletrodomesticos,60.0,123.0,1.0,500.0,27.0,13.0,17.0
f4fb1fcc46bdd61b314fe0292175e5db,cool_stuff,53.0,270.0,1.0,850.0,33.0,44.0,19.0
e3b4b906fc11fd64318e4923a3d4594f,,,,,12750.0,70.0,32.0,50.0
fcf64c72035fc6f17660bae96c933ffb,perfumaria,31.0,395.0,1.0,200.0,16.0,16.0,16.0
9de7867a5bc245bcbb1e2ce6471ba208,eletrodomesticos_2,37.0,223.0,1.0,400.0,18.0,12.0,12.0
089447f48055194b36dd135e1a353cff,automotivo,58.0,430.0,1.0,1050.0,34.0,10.0,34.0
cf45cea95e6b4d46e80fe098eda10c8f,perfumaria,49.0,1814.0,1.0,350.0,36.0,6.0,22.0
5ca5d42f98d39aa421923c2fde2c1558,eletroportateis,54.0,1736.0,4.0,6950.0,40.0,30.0,40.0
d76dcd59eaef6fc632b11f0d48e107e2,brinquedos,46.0,1099.0,2.0,263.0,18.0,16.0,16.0
bef13288a0f8b26d763411ced1dfa268,cool_stuff,50.0,450.0,2.0,350.0,20.0,30.0,40.0
446f791c0261ad0a93d4dced49d5d0bc,moveis_decoracao,49.0,349.0,4.0,6050.0,30.0,40.0,30.0
aaf29331649db17cf18a6bafc047f75a,eletrodomesticos_2,60.0,1241.0,7.0,10000.0,55.0,44.0,61.0
f51b0c76595738ba1b655691590a9062,moveis_decoracao,55.0,1108.0,1.0,3300.0,28.0,38.0,11.0
1a7e98c48e146130016fab89a43c00da,cama_mesa_banho,56.0,230.0,1.0,2000.0,36.0,8.0,27.0
5f2641478d7b5ffbfcf1f2b5cdff4709,utilidades_domesticas,60.0,1713.0,3.0,1950.0,102.0,8.0,11.0
02b750ee6f6f12a23c311b775ee4427a,bebes,60.0,858.0,3.0,700.0,50.0,5.0,40.0
cda8b52b3a3d0574a74b18bc73da024f,moveis_decoracao,50.0,235.0,3.0,1450.0,30.0,35.0,30.0
7ce94ab189134e2d3c05f496d635419c,eletronicos,39.0,400.0,1.0,200.0,25.0,7.0,16.0
8ae1198dd85742fe30b74a96968f250e,cama_mesa_banho,59.0,418.0,1.0,1700.0,40.0,6.0,30.0
d6fad98893f5848590aee04c63832cd0,cama_mesa_banho,52.0,461.0,1.0,350.0,16.0,40.0,30.0
27287c7af954c885df547dcf11fa77a6,beleza_saude,38.0,1218.0,1.0,275.0,32.0,4.0,22.0
12667a519a4a3094eab02f5841b07409,relogios_presentes,56.0,345.0,6.0,200.0,16.0,2.0,11.0
f8cc518b0812bb0ee889350296f284e4,cool_stuff,59.0,1428.0,1.0,700.0,16.0,2.0,11.0
c1cf8f51eac90b1ff478250b3d35c37b,esporte_lazer,57.0,326.0,2.0,280.0,34.0,13.0,13.0
b206760d97dbc76527bb07029a6179cb,informatica_acessorios,35.0,1101.0,2.0,300.0,42.0,2.0,30.0
6bd755fb81238df1567677fb15b2daaf,beleza_saude,46.0,494.0,1.0,1150.0,30.0,30.0,30.0
a272b490eba6b022384f14ecb9afc7a9,eletroportateis,54.0,987.0,1.0,525.0,32.0,18.0,17.0
23ca4b39422a8ce105ac4848d5d9cad0,construcao_ferramentas_construcao,46.0,604.0,1.0,750.0,16.0,27.0,35.0
be9bda3f5667ecd07de6d194b60ddc01,esporte_lazer,35.0,713.0,1.0,4000.0,85.0,13.0,23.0
044814613492fc3e12bda239e12d6b68,beleza_saude,51.0,360.0,1.0,1000.0,36.0,18.0,27.0
e1e0040c906cc890d032092141a9b6de,esporte_lazer,60.0,1416.0,1.0,200.0,18.0,18.0,18.0
277bf2ba07ff0451aa37701b45aad827,esporte_lazer,58.0,407.0,2.0,850.0,30.0,7.0,30.0
a6bfd5412c292e6ab465ba7d7f794727,agro_industria_e_comercio,59.0,498.0,2.0,200.0,16.0,2.0,20.0
a91c1a94d83d36316c44e00e738607b1,automotivo,57.0,2063.0,1.0,1500.0,30.0,25.0,30.0
5e0a88877b8f7889949d0a7b3fc12d14,esporte_lazer,58.0,1112.0,3.0,770.0,15.0,10.0,11.0
b6bdebb92f595f00c73bd42e0e3a8517,telefonia,53.0,716.0,2.0,150.0,19.0,4.0,20.0
0534940d69bf94dc61c0e722b4168235,moveis_decoracao,32.0,337.0,1.0,2300.0,45.0,25.0,20.0
3f1361100ad34281edf04ce745f62b89,moveis_decoracao,60.0,425.0,1.0,8400.0,52.0,18.0,35.0
1de85e3b5a43099a57d10a7d3dedf97e,construcao_ferramentas_construcao,48.0,520.0,1.0,680.0,20.0,12.0,15.0
84da49736447aaa6ca16652f7e5a77d8,esporte_lazer,54.0,2755.0,4.0,900.0,32.0,17.0,25.0
29e690f79f608a27a9a02dbf5c3c0c93,bebes,58.0,801.0,1.0,3200.0,31.0,43.0,21.0
f4f13035436c9678ca32d0130c0cdbc2,cama_mesa_banho,47.0,317.0,1.0,500.0,35.0,8.0,30.0
aa995bbfcf2da055bed670f7282f90d8,cool_stuff,46.0,880.0,1.0,1000.0,42.0,25.0,15.0
87a71ae93900ab55fcf685c8040769b3,eletronicos,36.0,401.0,1.0,175.0,22.0,13.0,17.0
010c38887e6a41a5acfea2687515b254,moveis_decoracao,59.0,438.0,1.0,1400.0,30.0,5.0,20.0
125d26eac85cf57783e2b545149ad38c,telefonia,32.0,340.0,2.0,100.0,20.0,10.0,15.0
251876e7ba013b87b7262fb2524e2d60,bebes,37.0,506.0,2.0,1720.0,33.0,36.0,27.0
36174802c8879b643cefc0511e7f06ed,eletrodomesticos_2,32.0,500.0,1.0,30000.0,59.0,68.0,52.0
28701167ae1ea90aa657c81171d61c30,esporte_lazer,59.0,317.0,1.0,150.0,20.0,3.0,12.0
3b473a6b1c280e0345e876648a61a032,construcao_ferramentas_seguranca,58.0,579.0,1.0,1200.0,20.0,20.0,20.0
e0de786bb293ef80a03a56de6d0929f9,moveis_decoracao,56.0,1979.0,4.0,2800.0,69.0,11.0,11.0
103aed057190376889bc9e796affa24e,bebes,34.0,1355.0,4.0,332.0,16.0,16.0,15.0
6eb6c5cb7df0f863538b61a47fcce962,perfumaria,55.0,226.0,1.0,500.0,23.0,8.0,15.0
fadde2aec26938dd22add77b290d279d,utilidades_domesticas,57.0,614.0,1.0,4400.0,24.0,28.0,39.0
27b8857ca0d1477e1ad34ffaba0b642c,eletronicos,54.0,560.0,3.0,150.0,16.0,4.0,11.0
0ef8c1b31d81d6b4453f70a61321f73e,pet_shop,63.0,1451.0,3.0,8350.0,50.0,20.0,40.0
b31bf123505c6df8ab973f7c40caf4e8,esporte_lazer,46.0,2018.0,1.0,1400.0,16.0,2.0,11.0
e7db7c40ea6647c808d48581f1308d88,bebes,59.0,235.0,2.0,9400.0,75.0,15.0,50.0
6e514bdf6cbd5137a3795ff90e3ec1a1,brinquedos,48.0,1055.0,1.0,300.0,17.0,8.0,15.0
b944aabf1fc45c01599ee96c7f4d533e,eletronicos,60.0,246.0,1.0,150.0,22.0,12.0,14.0
ce0a7865b299f784a6ca12dac0ec8649,automotivo,57.0,533.0,2.0,550.0,50.0,10.0,15.0
d92cb9e1e8b1ea99285f24efdfdba088,brinquedos,57.0,216.0,1.0,499.0,34.0,21.0,33.0
3a07f82957867a5eb477dc7f2f60c2aa,relogios_presentes,53.0,179.0,4.0,250.0,16.0,2.0,11.0
5999995b8f64d769dbc6f592b86d6f8a,pet_shop,57.0,1283.0,5.0,1200.0,55.0,3.0,42.0
bc137217dc0cb0559a1f46e0500f50b6,bebes,38.0,596.0,2.0,300.0,30.0,8.0,12.0
6f7a8ba0af4207c1312825a95b63478e,brinquedos,46.0,1462.0,2.0,2800.0,41.0,12.0,57.0
717c660fd7ed52fdaa650d509dda7912,eletroportateis,41.0,959.0,1.0,463.0,23.0,18.0,16.0
fc8595227785863846b7daa2ae3f2c9b,beleza_saude,60.0,886.0,1.0,400.0,20.0,12.0,12.0
a95b8621d9c2434bd66a426fa6dc959b,beleza_saude,57.0,374.0,4.0,400.0,30.0,11.0,20.0
c10d7c70907ad6d09ada0581ef6bf839,relogios_presentes,58.0,502.0,3.0,2050.0,50.0,5.0,20.0
e54c8ba67da5205de229678ecea7ff66,brinquedos,47.0,84.0,2.0,600.0,16.0,28.0,14.0
16dd49ee10e688f75c41e83b4863f85b,cama_mesa_banho,55.0,249.0,1.0,1500.0,40.0,9.0,30.0
56537b99d06c3516aeaaadad438c9f64,malas_acessorios,53.0,1793.0,4.0,950.0,16.0,50.0,35.0
e074a31cddeee80c21fc613445def7bc,beleza_saude,58.0,1087.0,4.0,933.0,28.0,15.0,25.0
761673fd35e2e24ad39b5f6a96c1692c,esporte_lazer,32.0,233.0,2.0,2600.0,60.0,15.0,15.0
3bf95cf337a8c87435a2949c48350fc7,beleza_saude,59.0,1538.0,1.0,2017.0,28.0,30.0,27.0
66a5ffd1047bfd6230ac214e03257bae,,,,,2700.0,55.0,10.0,50.0
3f3695c50cf443bfc1058ce0c8ab6a46,eletronicos,39.0,376.0,1.0,175.0,22.0,13.0,17.0
0b6a32b32a7dc68b12e8a0e0805c44d5,relogios_presentes,50.0,542.0,1.0,190.0,16.0,11.0,12.0
3e824028352cd013af85473283f832ce,beleza_saude,54.0,971.0,1.0,550.0,20.0,12.0,12.0
d40414fc3936fb5397809610f19ccbad,automotivo,48.0,373.0,1.0,1200.0,20.0,15.0,20.0
f71e07cf6e6d621aef3ff698bc4f2819,telefonia,55.0,880.0,2.0,50.0,18.0,6.0,11.0
e0b5cfe78d53b28a2f5e9c2145bfd30e,construcao_ferramentas_construcao,39.0,358.0,2.0,530.0,16.0,7.0,18.0
def3587f2a221b89fc8f342e858b2176,moveis_decoracao,33.0,1189.0,1.0,16617.0,101.0,8.0,57.0
a0cb23ea9b98f51407ac7bd1fcd29c2e,telefonia,31.0,1440.0,1.0,100.0,18.0,6.0,11.0
c6e513054b982283c1cbbb2a45d02d83,cool_stuff,56.0,777.0,5.0,300.0,18.0,7.0,12.0
5a5acb6ac56c50c8e988f2c93cc8b7ef,eletrodomesticos,60.0,156.0,1.0,100.0,27.0,13.0,17.0
dcb7642f668e09b75d526454940124b9,telefonia,44.0,464.0,1.0,200.0,19.0,4.0,11.0
1c63d0a4d75df524d4605a43285925d7,bebes,51.0,353.0,3.0,668.0,21.0,25.0,21.0
8d4f2bb7e93e6710a28f34fa83ee7d28,telefonia,52.0,815.0,1.0,200.0,27.0,5.0,20.0
1fb344134cd7164d32dea4d87ba3ec5a,ferramentas_jardim,57.0,1160.0,1.0,625.0,23.0,18.0,20.0
951b64df30a368d839ae1e534ff79bd9,eletrodomesticos,54.0,267.0,3.0,550.0,41.0,4.0,31.0
10575a1b638283f7cc928d01f29416b2,esporte_lazer,58.0,139.0,2.0,4600.0,32.0,37.0,21.0
4562a1390da3bb292198395483cdc7a7,beleza_saude,53.0,2013.0,4.0,200.0,18.0,8.0,12.0
a9d9db064d4afd4458eb3e139fe29167,utilidades_domesticas,59.0,856.0,1.0,600.0,16.0,25.0,12.0
df7dd741f55a686edccf22700954e1d5,market_place,63.0,1108.0,8.0,1950.0,60.0,15.0,45.0
c329abd2a10fad4a2f83377956328c67,ferramentas_jardim,52.0,695.0,2.0,817.0,21.0,23.0,19.0
fdd84aefb08c8f8225e0b8c97429d53b,beleza_saude,59.0,1726.0,5.0,123.0,18.0,9.0,15.0
157ee978f4fcdf8984b0bb33a6687fde,bebidas,54.0,3077.0,1.0,650.0,19.0,19.0,19.0
9c422a519119dcad7575db5af1ba540e,informatica_acessorios,56.0,1306.0,1.0,100.0,20.0,20.0,20.0
3354a4e684f5e7199f9407db70ccd92b,cool_stuff,52.0,847.0,3.0,1200.0,42.0,25.0,15.0
0ddb2f7b7b817ea4239bfab24f67f742,eletronicos,46.0,1745.0,1.0,700.0,20.0,6.0,16.0
17e7d9a179f3f2d61223252038276d35,papelaria,57.0,309.0,1.0,600.0,16.0,44.0,29.0
543b4f1745e0cd1505219f3af6d56d7b,perfumaria,53.0,597.0,1.0,3250.0,24.0,15.0,17.0
821a07e1e2a0382df1f3761ae3cd435c,cama_mesa_banho,56.0,184.0,1.0,1550.0,46.0,3.0,34.0
940bcece77e20a1f6a21c1b7d4be75c6,informatica_acessorios,51.0,998.0,1.0,400.0,20.0,15.0,15.0
d918b3f4aa5272c2c3cd088d087ca069,esporte_lazer,58.0,3703.0,1.0,2083.0,28.0,23.0,21.0
08370229eb4e5ce898bf2348a356b7b2,eletronicos,57.0,2143.0,3.0,675.0,23.0,8.0,19.0
72d6074ef5c81ec3102b3f2a052c5f49,beleza_saude,50.0,216.0,2.0,50.0,20.0,15.0,15.0
c3e275e10cfd7f3b56f7f657699cfafe,cama_mesa_banho,55.0,273.0,1.0,1250.0,38.0,10.0,38.0
f1f41c991881dc3d4cbcedade3ec1622,beleza_saude,39.0,1949.0,2.0,750.0,22.0,23.0,22.0
381c84a4eb64a931d793f69112d5a34c,informatica_acessorios,53.0,814.0,4.0,2050.0,20.0,10.0,20.0
370c500401de58da2a25c8cab27527cc,brinquedos,59.0,1220.0,2.0,2200.0,41.0,26.0,41.0
3c078c878d44c18bb8c02acc54ae25e5,utilidades_domesticas,19.0,740.0,6.0,300.0,17.0,28.0,11.0
666696771a5dd7a28816eab47b70d966,construcao_ferramentas_jardim,51.0,1834.0,1.0,1517.0,23.0,18.0,13.0
d654b576d9c9844bd7f6468421a38f48,automotivo,52.0,840.0,8.0,2600.0,20.0,40.0,40.0
107177bf61755f05c604fe57e02467d6,moveis_decoracao,55.0,130.0,1.0,2050.0,40.0,11.0,34.0
164520f853fb53ecd0b55302c564f7ad,beleza_saude,44.0,597.0,1.0,350.0,26.0,17.0,20.0
b044bda7bc05cc5cf14d4969fda159cb,brinquedos,52.0,575.0,1.0,400.0,19.0,9.0,18.0
4efd402dce639aa129a7f15b17cc898b,fashion_bolsas_e_acessorios,55.0,568.0,6.0,150.0,17.0,9.0,17.0
921d31a1daa51460b7a95ea5f3ab64d5,beleza_saude,40.0,702.0,1.0,210.0,17.0,9.0,12.0
60f98d8f55a602509885faf42c0095a2,perfumaria,57.0,770.0,1.0,343.0,18.0,14.0,15.0
617f3626c1224c1c2afc6c9a4cecfcb1,bebes,44.0,757.0,2.0,20850.0,65.0,37.0,52.0
7d187801885842645486f00fb166f378,eletrodomesticos,60.0,341.0,1.0,150.0,20.0,13.0,12.0
721b56b7d205d6750e97716593bcb370,beleza_saude,55.0,3458.0,1.0,2550.0,35.0,30.0,13.0
6eab02945f640e007c4b9a26fbbecc94,brinquedos,28.0,182.0,3.0,800.0,20.0,50.0,40.0
9af7b4a3262141c12ba9bd489a8573c7,market_place,37.0,1246.0,3.0,700.0,20.0,8.0,14.0
c5d8b84a90f73bd09c30e71e76caaa11,market_place,49.0,415.0,6.0,1150.0,35.0,25.0,25.0
16bf176650a888512655cc94f61860e3,relogios_presentes,50.0,401.0,4.0,200.0,16.0,2.0,11.0
1de74e63d630007567726953a4eb2b36,fashion_underwear_e_moda_praia,25.0,396.0,2.0,150.0,35.0,10.0,25.0
e966f10c28b89ceb60d3c2dfb7144b12,moveis_decoracao,32.0,310.0,1.0,4100.0,49.0,13.0,38.0
68e1b58c49059e266502773ceb45c249,informatica_acessorios,59.0,391.0,1.0,1100.0,32.0,16.0,16.0
48972c4d034d78bb520475d037515238,cama_mesa_banho,58.0,355.0,1.0,550.0,60.0,7.0,40.0
fe4cd3c795135b4f84e2da5a82ac84a8,eletronicos,30.0,398.0,2.0,200.0,18.0,18.0,18.0
79c0ace2ccf0da036e787875a49151a4,moveis_cozinha_area_de_servico_jantar_e_jardim,55.0,1211.0,5.0,14150.0,100.0,15.0,15.0
236634fd768c822b130b6ccf325e4c13,beleza_saude,53.0,676.0,1.0,1200.0,19.0,14.0,15.0
6cda4e34e42ceee3bc219010c1333577,utilidades_domesticas,51.0,1519.0,1.0,500.0,17.0,13.0,13.0
6d0663c395a253a37880561557f660e1,brinquedos,48.0,2075.0,3.0,3750.0,35.0,23.0,35.0
188c2b55dbae7df073f4f4a24e232ce9,utilidades_domesticas,49.0,186.0,1.0,800.0,30.0,30.0,20.0
c06f7984550cc89a7d76e51e936e714f,moveis_decoracao,34.0,909.0,1.0,600.0,17.0,17.0,17.0
9f0599e0b0d3f41749a3288e0043f21e,cama_mesa_banho,59.0,289.0,1.0,3500.0,36.0,10.0,35.0
37687af102d29a6259f660049b66872b,informatica_acessorios,63.0,959.0,4.0,250.0,16.0,23.0,19.0
960a5bc8efefeecedab46b41324591df,cama_mesa_banho,44.0,1423.0,1.0,1000.0,35.0,20.0,20.0
0c94697916cc03dfc45581f1e3d96c10,automotivo,55.0,450.0,4.0,63.0,21.0,2.0,15.0
2b4472df15512a2825ae86fd9ae79335,moveis_cozinha_area_de_servico_jantar_e_jardim,44.0,112.0,1.0,13550.0,48.0,49.0,49.0
b4bcc9155de9c60e343ecbff22b86dc8,cool_stuff,51.0,1141.0,4.0,393.0,17.0,7.0,14.0
aefae62335aa97901109f0c0f08ff0bd,esporte_lazer,46.0,1355.0,1.0,2500.0,36.0,38.0,36.0
8562e2c780a345b609e1b802d7e3e4ae,cama_mesa_banho,51.0,1208.0,1.0,1100.0,45.0,8.0,35.0
c23687a012b702cc7d231d3b07deb6e2,beleza_saude,41.0,1632.0,1.0,1600.0,25.0,16.0,18.0
76f4ae2b91f4c543cb215e778747a63c,construcao_ferramentas_construcao,47.0,361.0,2.0,6375.0,38.0,27.0,41.0
7340a3839a1de1e99d149b8cf052a2ec,cama_mesa_banho,56.0,536.0,1.0,800.0,45.0,15.0,35.0
353356a910b2a42aa75a888a5d348997,relogios_presentes,58.0,576.0,1.0,550.0,19.0,13.0,19.0
5fc3e6a4b52b0c414458104ed4037f1c,informatica_acessorios,38.0,228.0,1.0,200.0,16.0,5.0,11.0
86f2416d4670e4ea3ca5494d043d9f24,moveis_escritorio,33.0,1205.0,1.0,11700.0,36.0,54.0,35.0
52d163dd9192d5a70afc33cd8c60131e,relogios_presentes,54.0,221.0,7.0,150.0,16.0,2.0,11.0
5e57a146ccdca976190821a00a059ebf,perfumaria,43.0,837.0,2.0,411.0,21.0,19.0,19.0
187e7d92b8168c3661824809d0c5dffb,beleza_saude,30.0,1501.0,1.0,1900.0,27.0,9.0,18.0
191c65cf8988d6fab9bde989aef39d61,eletronicos,42.0,324.0,3.0,6200.0,22.0,21.0,18.0
10cdbbacd25110d10f8cbe925ea7853f,moveis_decoracao,41.0,1191.0,1.0,8975.0,57.0,57.0,22.0
130482add9fd75ccb6c57ba007694a2d,informatica_acessorios,55.0,60.0,1.0,2800.0,40.0,15.0,40.0
c777355d18b72b67abbeef9df44fd0fd,moveis_decoracao,59.0,695.0,2.0,3050.0,33.0,13.0,33.0
48428054567e07738a70f9d2a9fa0475,perfumaria,52.0,1920.0,1.0,250.0,20.0,16.0,16.0
413226ab18680c5c2e79a753f2fccd24,informatica_acessorios,59.0,1851.0,8.0,8900.0,105.0,12.0,52.0
04caadc7ea07eadcaa8513b4f6ecd8ec,relogios_presentes,55.0,443.0,1.0,300.0,20.0,13.0,13.0
ecab3fa721d1b06c225f23c30f02eb5e,esporte_lazer,58.0,2738.0,5.0,175.0,22.0,9.0,12.0
0b91c29b24b0a2d575a42fd951fb0408,eletrodomesticos,45.0,257.0,1.0,350.0,37.0,9.0,12.0
34d25803f90d0109da75922858aa8aec,cama_mesa_banho,39.0,472.0,1.0,650.0,30.0,3.0,19.0
b55dc1f03665edbb665ad508d87d3ae0,cama_mesa_banho,47.0,444.0,1.0,150.0,16.0,10.0,16.0
b807683e40e7ea6ec8d74d34f2e02247,bebes,37.0,758.0,6.0,6300.0,50.0,25.0,30.0
e478d0bd1efbc9329837d30c174bb850,moveis_decoracao,58.0,314.0,1.0,500.0,40.0,15.0,40.0
b573e2860f2732edf610345956e81bb9,informatica_acessorios,43.0,520.0,1.0,850.0,38.0,11.0,13.0
aa7ace6965a30c1407687d1dea0c4aae,beleza_saude,42.0,711.0,1.0,1250.0,18.0,19.0,16.0
34cccfd20accc19f71b0eecf4106331b,esporte_lazer,34.0,839.0,1.0,117.0,16.0,11.0,12.0
3cdff94d5455b793b415be775cace03c,beleza_saude,54.0,340.0,1.0,250.0,16.0,16.0,15.0
c3ba4e8d3cb30049213b682e751e9d00,relogios_presentes,58.0,737.0,3.0,350.0,16.0,2.0,20.0
196a8ebab62f48072dc189014d46a8d3,ferramentas_jardim,40.0,430.0,1.0,150.0,20.0,15.0,15.0
0e2d365a247d105fefc31b17ab8706d9,perfumaria,35.0,503.0,1.0,430.0,21.0,11.0,17.0
4eff4dd8918d15c9a308a9645d353807,bebes,55.0,1627.0,1.0,600.0,20.0,13.0,13.0
897238958781769d5c277043c154a3df,bebes,25.0,616.0,2.0,450.0,20.0,12.0,20.0
bef6177f54efb9a6218e124b629fc152,perfumaria,42.0,850.0,1.0,510.0,20.0,13.0,15.0
7f0362988b16ac7b5f65dc5fd0fbc77f,telefonia,47.0,317.0,2.0,100.0,16.0,7.0,11.0
21191f1db2fabc46b8ae34857a3b130a,esporte_lazer,40.0,806.0,1.0,450.0,19.0,22.0,19.0
1c42a107473d6b20db8ac7772b870e33,cama_mesa_banho,50.0,164.0,2.0,1900.0,25.0,10.0,25.0
e988092a8afe5d9393a5c3a7ca17691c,cine_foto,36.0,337.0,1.0,400.0,23.0,3.0,23.0
95a10f05868096cb2180c6a0bfbbbc39,cama_mesa_banho,49.0,148.0,1.0,550.0,40.0,4.0,30.0
32d058f0f2989cd05c927c0f481a1e43,automotivo,57.0,1660.0,3.0,550.0,16.0,21.0,18.0
6d68112743e7ed2de3932554b033f544,livros_tecnicos,51.0,449.0,2.0,500.0,90.0,11.0,11.0
0a783d7ce18a37749c3a059cf829564b,beleza_saude,58.0,2879.0,1.0,200.0,18.0,9.0,14.0
56d708cb5ce58c2040a3b18a0cb33497,telefonia,47.0,729.0,1.0,250.0,18.0,4.0,12.0
6fbb0abf0f08af0f649fc1d6372e02fc,esporte_lazer,25.0,675.0,1.0,300.0,28.0,25.0,25.0
e122fc0e32b49bd6dec4d37d5d90691d,telefonia,58.0,1235.0,2.0,350.0,21.0,11.0,13.0
500870614ddcf5bd84f7d26861026c8a,telefonia,58.0,434.0,3.0,217.0,18.0,4.0,13.0
f43650d60d36b1668f6e5dd41e27f2f6,relogios_presentes,57.0,808.0,2.0,350.0,16.0,2.0,11.0
0705b33fb285827a578fce4899f1b921,esporte_lazer,35.0,650.0,1.0,400.0,95.0,6.0,47.0
6cd51331a07b84149502aa6c9c5b536e,perfumaria,49.0,537.0,1.0,183.0,16.0,10.0,14.0
8dcfa66b623ac8be55e9b005121f3ef4,bebes,39.0,449.0,1.0,1000.0,28.0,21.0,33.0
be59d6c35e43e4bae41772d4b87136a4,cama_mesa_banho,59.0,276.0,1.0,2250.0,45.0,15.0,35.0
b7e524f8ef0d4d4fe3a7a57fcc5c9073,informatica_acessorios,38.0,247.0,1.0,1000.0,18.0,9.0,16.0
cbe2aa650a14213dce463ed56755e979,perfumaria,56.0,764.0,1.0,350.0,22.0,13.0,15.0
2cb7610ce5b2b73be631121560aeecaf,casa_conforto,57.0,217.0,3.0,6850.0,50.0,20.0,40.0
0736b2e56f06e14d3aa1bef54de26052,telefonia,33.0,367.0,3.0,75.0,19.0,3.0,11.0
caaae4f9fe7a77459a25c4f4ef0945e1,moveis_decoracao,55.0,1963.0,5.0,1200.0,69.0,11.0,11.0
05a4cea3c80d33b04145946e6c5e0fa9,ferramentas_jardim,50.0,536.0,1.0,850.0,22.0,7.0,17.0
955ef07f4e61b2033c9d6af6a6b61783,cama_mesa_banho,54.0,290.0,1.0,1700.0,34.0,9.0,33.0
61eee7a9f1884caed59c316047c5832f,papelaria,58.0,778.0,4.0,1200.0,22.0,13.0,16.0
79f9bb25cea215b868332aac0125c4f0,utilidades_domesticas,58.0,533.0,1.0,1100.0,27.0,24.0,27.0
73824b1ce8126cd05ce6e1a0aedb4797,relogios_presentes,36.0,563.0,1.0,650.0,18.0,10.0,16.0
f07602cce8d54d74a2f2c4a1115c7aad,construcao_ferramentas_construcao,57.0,686.0,1.0,400.0,19.0,6.0,30.0
06f756df8d80309915285f3ee6ea1059,malas_acessorios,45.0,1333.0,4.0,700.0,16.0,40.0,40.0
4464ecc5c8cd38eff5beae1484f80166,informatica_acessorios,21.0,181.0,1.0,917.0,21.0,15.0,11.0
261dc97192b478e60fd1318cd0650618,utilidades_domesticas,47.0,811.0,2.0,1200.0,36.0,15.0,22.0
ab674fcb1f06bd16dfbca8d91f016391,moveis_decoracao,42.0,1478.0,1.0,300.0,16.0,2.0,11.0
99a5870492a7bc363e2098a4bca9d49d,moveis_decoracao,51.0,2261.0,2.0,1600.0,53.0,8.0,11.0
163da86e86f0089de089399c28c3fcbb,informatica_acessorios,60.0,407.0,3.0,400.0,16.0,3.0,21.0
67d9cf5b0dc7a0b9fb091efc68b14140,eletrodomesticos_2,51.0,502.0,2.0,17000.0,42.0,90.0,22.0
fecf6223a3494f35362f670e571d2a04,esporte_lazer,49.0,403.0,2.0,800.0,42.0,36.0,25.0
d8722b339cfc97d60ea267aaab121c39,automotivo,59.0,661.0,3.0,875.0,60.0,8.0,33.0
62a5a3de0af802fb3718a83c74c3ff8d,beleza_saude,59.0,2456.0,1.0,2750.0,25.0,16.0,18.0
84d866290cb98a0253e770a862679579,beleza_saude,30.0,2506.0,4.0,400.0,28.0,5.0,18.0
4211583ce8f0b2bfb7471b49d9bacbdf,cama_mesa_banho,59.0,1814.0,3.0,250.0,16.0,22.0,11.0
3006b8f5b476750a03137c1b2755cea1,informatica_acessorios,44.0,2911.0,5.0,100.0,16.0,16.0,16.0
c917cd48f8178bc6e1e4bf902c7e0b83,telefonia,58.0,777.0,6.0,300.0,17.0,4.0,12.0
1a0971a6f39f04118207a7308d451e9d,papelaria,57.0,353.0,7.0,5850.0,60.0,20.0,29.0
85156b6f3e9ba85d83b17b0c3c8cc627,cama_mesa_banho,59.0,704.0,1.0,1650.0,40.0,15.0,32.0
8e30f17e8689a168dfee27521e218e75,malas_acessorios,52.0,186.0,2.0,225.0,42.0,11.0,14.0
5b394e3d290882de22e0207c7027fdb5,alimentos_bebidas,17.0,563.0,1.0,400.0,20.0,8.0,16.0
fc931a514a3e080c336911cccd59145b,automotivo,22.0,721.0,1.0,679.0,20.0,17.0,16.0
44e6ec37a142be331fe0241006d0b389,esporte_lazer,48.0,950.0,1.0,450.0,20.0,9.0,14.0
8f9371c0e8042d93813647b53c195ddb,alimentos,37.0,796.0,2.0,1068.0,26.0,16.0,27.0
704e67b8c7ce855d8760c074b4530fb5,relogios_presentes,40.0,651.0,3.0,500.0,23.0,15.0,19.0
b2b748240f8b4fd833d2f61ec84d8ce5,telefonia,59.0,343.0,1.0,150.0,21.0,7.0,14.0
4baf15e171b06455c5cd23453db0cab3,bebes,40.0,428.0,2.0,155.0,18.0,14.0,21.0
5e015730deea7dfbee442adfb1e29b27,perfumaria,55.0,292.0,1.0,450.0,23.0,8.0,15.0
14081f2d6a3ce46cfa9d852c9b1b92ba,cama_mesa_banho,60.0,234.0,1.0,1800.0,34.0,7.0,32.0
a889574d5db0d088abd953112ca2318b,esporte_lazer,60.0,374.0,1.0,3900.0,30.0,20.0,25.0
51e8feeedd83467b86a79aa2769367c5,brinquedos,52.0,429.0,5.0,150.0,20.0,20.0,20.0
3c46d3f68a377931cdadfd72c6158643,tablets_impressao_imagem,61.0,922.0,7.0,450.0,25.0,5.0,20.0
b0fd7a18daa40299b5393b4280b55dad,informatica_acessorios,33.0,2157.0,2.0,415.0,29.0,18.0,22.0
5e6cea9c30c88f6ddeab0dfd17b5c7a7,telefonia,51.0,1125.0,2.0,175.0,20.0,20.0,20.0
6d2c812450dd02b2f87495af63f9b709,telefonia,45.0,400.0,3.0,100.0,19.0,3.0,11.0
192fdd97f716a6c79db0fdb15fadd854,papelaria,55.0,455.0,5.0,500.0,21.0,7.0,15.0
533282178a0de6f31a7d6fa9f2eea7c8,beleza_saude,53.0,2133.0,1.0,1050.0,17.0,17.0,15.0
2b3a5c2260dc61103f0b61bfa35a5d2f,esporte_lazer,34.0,712.0,1.0,1150.0,27.0,6.0,18.0
8100d323ffa1909cfcf9fdf05f20b678,brinquedos,58.0,818.0,3.0,4017.0,38.0,35.0,42.0
6d377b5a340a90e525d388010b3062cc,fashion_calcados,55.0,344.0,3.0,2000.0,36.0,37.0,16.0
095ccd4cb27e35ee43f12dd18fa26c04,moveis_decoracao,27.0,204.0,1.0,950.0,41.0,16.0,37.0
bf5cd6b613d9b11ecd53a9410e7c1f11,moveis_decoracao,56.0,297.0,2.0,800.0,100.0,5.0,20.0
32459442f3b850918e20febc47c9edfb,esporte_lazer,56.0,344.0,3.0,300.0,25.0,12.0,20.0
40c7fdb4c192c7df52431d1b079f9026,relogios_presentes,52.0,192.0,5.0,150.0,16.0,2.0,20.0
8ba8c90e50add29be3159373ea7cb990,perfumaria,56.0,729.0,1.0,550.0,22.0,16.0,16.0
1b0f0dd824989bb4f30d03ac3d1e90af,eletrodomesticos_2,60.0,430.0,1.0,11867.0,26.0,29.0,34.0
1584ce1843990c0f62e353fd0478c2df,cama_mesa_banho,55.0,226.0,1.0,1500.0,45.0,15.0,35.0
c6ab3d8f4227913c4fa99e94ef84aa70,consoles_games,42.0,256.0,2.0,456.0,23.0,15.0,18.0
54d9ac713e253fa1fae9c8003b011c2a,cool_stuff,57.0,787.0,8.0,1867.0,36.0,6.0,36.0
f9025647e0a95c843a2d85c23df34c6c,papelaria,60.0,298.0,2.0,700.0,66.0,12.0,12.0
5b7266a9c1cfa2df264b8d703258fc38,moveis_sala,31.0,57.0,1.0,8425.0,70.0,20.0,68.0
d47821b10559fffaefcf3e57d2b5ff76,beleza_saude,56.0,1956.0,5.0,400.0,21.0,6.0,14.0
39b86f4e3aedf22731990099a660a6f5,fashion_bolsas_e_acessorios,59.0,150.0,7.0,200.0,16.0,2.0,20.0
da97969972a524bca894f97ea6bcff90,automotivo,43.0,186.0,2.0,400.0,35.0,4.0,25.0
c04ebe208ae260f39b376cd6ffbd0b14,telefonia,57.0,578.0,2.0,200.0,19.0,4.0,11.0
84ecc25f4c77dacc5c0ceb89e09492e9,informatica_acessorios,50.0,220.0,1.0,5350.0,21.0,18.0,18.0
3c0c5eee30aef7a844410f1d1397b620,moveis_sala,30.0,606.0,2.0,9700.0,27.0,15.0,92.0
053dc19b1456837ad35f75a6fdce5988,esporte_lazer,44.0,1178.0,5.0,350.0,20.0,15.0,15.0
bea978771d1c453faf756fa71f3bdd70,brinquedos,32.0,823.0,2.0,2301.0,32.0,35.0,34.0
c88cad677da134defff6855386125e28,automotivo,59.0,616.0,1.0,4275.0,38.0,10.0,25.0
d4d1de9db08cae166ea1a506ea87769b,informatica_acessorios,56.0,631.0,1.0,200.0,22.0,22.0,16.0
eeb2d1e155818957df60a76fc47e75a8,cama_mesa_banho,49.0,591.0,1.0,1477.0,28.0,20.0,29.0
c1dfd7dc17df380ed269d0fc905f6e22,utilidades_domesticas,53.0,413.0,2.0,600.0,16.0,16.0,16.0
9a046f988c3d7d4bf592c4f7cb40bf01,brinquedos,37.0,737.0,2.0,500.0,26.0,5.0,18.0
236f65f769241706362f78a15083e369,construcao_ferramentas_seguranca,49.0,323.0,4.0,200.0,20.0,20.0,20.0
ae16b1d896c15ed60614a0d88c4abf03,pet_shop,33.0,1698.0,2.0,180.0,19.0,12.0,14.0
281bbfe70848e0b304bef88fc2caf2c3,bebes,55.0,1631.0,1.0,600.0,20.0,13.0,20.0
faec279ddbbce3de75d2adf10f612a5e,utilidades_domesticas,55.0,589.0,2.0,2600.0,50.0,30.0,32.0
73bc42701d50d3c0673b38ea8fbe2e32,moveis_escritorio,47.0,1194.0,1.0,16650.0,63.0,61.0,24.0
04c4a4b9c924494fcf82e0fba966f955,relogios_presentes,39.0,364.0,1.0,567.0,26.0,12.0,26.0
05f0fe07929d35be0748fac56eecbeb2,beleza_saude,60.0,919.0,1.0,200.0,22.0,3.0,15.0
c9e5a053551073d27ded320bd05971b4,pet_shop,53.0,287.0,1.0,450.0,16.0,16.0,16.0
dc0fe1906bacc99199eb46fce442e1de,esporte_lazer,16.0,347.0,1.0,2200.0,100.0,7.0,11.0
d7b6379f142a6f28f8fc5af7b33d4b70,informatica_acessorios,46.0,339.0,1.0,850.0,33.0,15.0,15.0
9036be77e0a74cca6eeef0740649b97b,brinquedos,57.0,697.0,3.0,405.0,21.0,7.0,15.0
4cb1a2850af275025f76f015e0cc79cf,utilidades_domesticas,44.0,890.0,1.0,1300.0,25.0,40.0,25.0
5f439ff2783a474946e17badd77aea1c,beleza_saude,47.0,1163.0,1.0,1650.0,30.0,18.0,25.0
42697582a754e573f9e3e9e78752252c,informatica_acessorios,45.0,264.0,1.0,1644.0,16.0,19.0,16.0
e5cac955339b48ea3b9773f034623e29,relogios_presentes,53.0,1271.0,1.0,282.0,17.0,11.0,14.0
e226c4f6c92586f1a8845b35edafd8c0,beleza_saude,57.0,667.0,1.0,1700.0,80.0,12.0,12.0
a96162639da9bf8cc57b7931a5fcbd2a,telefonia,39.0,952.0,1.0,310.0,13.0,17.0,20.0
2a00350b02e85228f3a3749f39ede66c,brinquedos,55.0,1316.0,4.0,4200.0,89.0,53.0,12.0
3d0552899dbe2f89cff6197aab33fe99,alimentos,34.0,826.0,1.0,1084.0,26.0,18.0,27.0
8c1a826d71a778dd432e35d77a6faf03,pet_shop,58.0,806.0,1.0,11125.0,52.0,54.0,55.0
8c70c4455a59267e8e2ddf800792d77b,informatica_acessorios,53.0,273.0,1.0,850.0,34.0,15.0,15.0
023d0e2e8457861c3badfb5fa7bcd58a,telefonia,40.0,361.0,4.0,150.0,18.0,3.0,12.0
f1ca789b4694dd683c4cb0c2ed74768e,consoles_games,47.0,1259.0,3.0,500.0,17.0,25.0,17.0
073a5dfc26cb33ef440b2e0aa29343a8,utilidades_domesticas,50.0,1263.0,4.0,300.0,19.0,12.0,12.0
05f9d035b92494874148f32f940b0f4f,moveis_decoracao,45.0,632.0,1.0,1350.0,55.0,9.0,11.0
25179680ecacb54a036e9cdd27459da3,instrumentos_musicais,42.0,442.0,4.0,8450.0,78.0,19.0,49.0
3356d43bd57f974c4ae7fc5f9c4e589a,esporte_lazer,57.0,247.0,2.0,1300.0,60.0,15.0,15.0
cca3a8714ce46539155f98fe944189f9,moveis_decoracao,48.0,158.0,1.0,1550.0,40.0,20.0,30.0
b95d07d7e22e1e9badc878fd8ced3dd2,moveis_decoracao,62.0,222.0,9.0,2350.0,31.0,11.0,26.0
5cf337446524f9125e42b40abd6ccb73,cama_mesa_banho,50.0,748.0,1.0,950.0,16.0,10.0,16.0
a25903f26691ccdbd6d2c5fd73ca005b,moveis_decoracao,44.0,1158.0,1.0,300.0,35.0,10.0,25.0
d1b1a0e78589ee89279d0be1e4a8b905,cama_mesa_banho,40.0,896.0,1.0,1500.0,45.0,3.0,37.0
6bf1cd252d73626ab181be470f56e07b,moveis_decoracao,63.0,143.0,3.0,1250.0,16.0,32.0,16.0
2d063994ae4667cff3d6841e9d441d1d,eletrodomesticos_2,60.0,715.0,2.0,2750.0,25.0,15.0,25.0
08d76e49b8206d0cfb7456fe3aa7d3b4,moveis_decoracao,59.0,963.0,1.0,800.0,24.0,6.0,24.0
87d780fa7d2cf3710aa02dc4ca8db985,cama_mesa_banho,57.0,189.0,1.0,1350.0,46.0,2.0,36.0
6e8d2a5a16437217f5ad2706ce6550b3,bebes,18.0,1162.0,6.0,700.0,21.0,9.0,15.0
d76c049f36a5b4975aa3cf095a6fa499,informatica_acessorios,56.0,246.0,1.0,194.0,21.0,15.0,15.0
f4041d76285c2a34ad5013e8d287a400,cama_mesa_banho,46.0,632.0,1.0,800.0,16.0,10.0,16.0
af041e55b9882e8263bde0a886b360be,ferramentas_jardim,59.0,562.0,4.0,950.0,22.0,21.0,16.0
f75b94ae22e65bec6b67d9652ef8387c,informatica_acessorios,50.0,872.0,1.0,650.0,16.0,29.0,22.0
4678fb24818cab9ec956d9b610435d9f,perfumaria,60.0,225.0,2.0,100.0,18.0,4.0,11.0
f175de424f961785861228372285f0be,utilidades_domesticas,55.0,536.0,1.0,700.0,20.0,20.0,20.0
32224b437cefd35300f4adeff01db8f4,moveis_decoracao,54.0,1722.0,2.0,550.0,52.0,11.0,11.0
6d6fb3617bb1e64626e29d95ff678d1e,brinquedos,51.0,834.0,3.0,4700.0,16.0,40.0,40.0
a519511d5c5c1153c9f636288e50f819,moveis_decoracao,51.0,637.0,1.0,3200.0,40.0,35.0,40.0
9ede6b0570a75a4b9de4f383329f99ee,esporte_lazer,51.0,1193.0,1.0,1211.0,25.0,24.0,22.0
f750e77aeeecafcb47516be7f8f278b8,fashion_esporte,29.0,404.0,2.0,400.0,16.0,10.0,11.0
1015bdc42b2ec0548e728cdc0ad72380,cool_stuff,59.0,1339.0,4.0,7150.0,17.0,8.0,32.0
d986e4bd747ca20b348abcd013cd1303,esporte_lazer,59.0,938.0,4.0,1200.0,80.0,14.0,14.0
247fa5b4e2f524a22b21ef256ffc23e4,informatica_acessorios,56.0,954.0,3.0,950.0,31.0,4.0,23.0
10714d6a49c0af9ccdab2d806887c5f5,esporte_lazer,59.0,254.0,1.0,700.0,40.0,45.0,25.0
47920da896bbd89e851429c78a7a7a8b,moveis_escritorio,55.0,1086.0,2.0,19400.0,48.0,45.0,56.0
6af89b97a841482f79c52765bfe0d699,esporte_lazer,38.0,2378.0,1.0,1743.0,29.0,26.0,24.0
22c5ddc22ea8cae84fc9917def682dc6,perfumaria,24.0,435.0,3.0,350.0,25.0,15.0,15.0
b6d96e7683a87fc151ea589ce97a330d,beleza_saude,18.0,180.0,4.0,150.0,21.0,4.0,16.0
e05f6c9ef4c09b0023547314e07c5d64,cool_stuff,33.0,650.0,1.0,1450.0,42.0,25.0,15.0
7e857e35018e4a05b7d124d1628dc1f0,esporte_lazer,14.0,1346.0,1.0,329.0,20.0,16.0,18.0
3cebb9158a3aa0b3f78ee0f934c9f032,esporte_lazer,41.0,423.0,4.0,1700.0,28.0,14.0,22.0
4178e16324fd0c9a8e18463caf390cc6,cool_stuff,51.0,582.0,1.0,11600.0,65.0,19.0,47.0
1d6d7be70107889e3193819aca4dc1dc,cama_mesa_banho,54.0,396.0,1.0,900.0,24.0,5.0,20.0
f06059b7624d79f0c063e5d45bffcafa,esporte_lazer,36.0,1219.0,1.0,1700.0,18.0,16.0,16.0
f3c62fde9d2e2acf6c7c46648571c070,consoles_games,19.0,642.0,1.0,150.0,18.0,20.0,11.0
252641aa4855aef622089db60c4ad90a,cool_stuff,58.0,3217.0,2.0,100.0,16.0,16.0,16.0
70d57e1031cc2064017c1dadbb672a1b,cama_mesa_banho,48.0,122.0,1.0,1100.0,45.0,10.0,15.0
05eee88d9d208fa34d4246aae4025381,bebes,41.0,271.0,5.0,600.0,16.0,2.0,11.0
597d26435e8ef77bb0fcd26f6c07d486,moveis_sala,33.0,316.0,1.0,13725.0,54.0,22.0,53.0
415229bc91af2ce6c766bc42ad4f395a,beleza_saude,36.0,1610.0,1.0,250.0,16.0,5.0,11.0
74790a8acfbd4d1a9d5a81b7780fb24c,moveis_decoracao,63.0,179.0,2.0,17400.0,100.0,7.0,90.0
26a4f62a409a78816adb31e0d729a163,,,,,11100.0,62.0,33.0,25.0
6e110609c2314bbd56666eb2cdb464b3,construcao_ferramentas_construcao,60.0,1104.0,1.0,3750.0,20.0,20.0,20.0
aa53b7499856e6df13008f34100cc336,moveis_decoracao,53.0,629.0,1.0,1800.0,30.0,35.0,30.0
183770fe75350bbf19c623927e1c0f72,esporte_lazer,48.0,147.0,3.0,250.0,25.0,25.0,25.0
8c38d21062ec6ee492c3500d01150b7a,eletronicos,22.0,816.0,1.0,250.0,18.0,15.0,16.0
1d11e9991beabfd8071f2bfb73444500,utilidades_domesticas,60.0,439.0,3.0,750.0,16.0,2.0,11.0
57398ec023989dbb7618acae002f3370,,,,,1000.0,27.0,10.0,20.0
6761b88d4716b34a0d41bb8d13e20db0,casa_conforto,57.0,281.0,2.0,1900.0,45.0,15.0,35.0
c18ac1d6cc053c0ec7296b994ae6ffeb,relogios_presentes,54.0,237.0,1.0,550.0,16.0,2.0,11.0
5a4f16bfafb54a744311f01c11c05737,informatica_acessorios,59.0,1132.0,5.0,3462.0,23.0,20.0,25.0
bf16de726d9f702aee68610fe171d70e,consoles_games,28.0,96.0,4.0,175.0,25.0,3.0,19.0
0c5b17c1b54fc1dc48752ddb8caab6fc,utilidades_domesticas,55.0,727.0,5.0,1000.0,16.0,8.0,14.0
4945f34d8df378693f6b84c437b414dc,moveis_decoracao,56.0,183.0,1.0,4150.0,50.0,15.0,40.0
e8980f13841769bf1770127583697d59,fashion_bolsas_e_acessorios,50.0,521.0,7.0,100.0,16.0,3.0,17.0
330144665b875c2b4555f88d9f4ed7c1,beleza_saude,59.0,410.0,1.0,558.0,21.0,13.0,16.0
259df46ee92a13043ed24ebabb9534fe,moveis_decoracao,34.0,733.0,1.0,550.0,16.0,13.0,11.0
32f48d8080ba3d1d0cf00475f68cdb07,moveis_decoracao,36.0,728.0,1.0,17783.0,57.0,17.0,42.0
ee8c064d6aa1ff4a130e616fab03e284,moveis_decoracao,61.0,928.0,6.0,10150.0,30.0,47.0,30.0
39849897ee574a067adeb72b6c8e84fa,ferramentas_jardim,38.0,693.0,1.0,320.0,16.0,13.0,18.0
63f7a4366da7b3a3cb5bd2336ca15f7e,telefonia,58.0,1220.0,1.0,600.0,23.0,7.0,15.0
3360da0bdc5e96e78beaade20beeefa4,automotivo,55.0,1113.0,6.0,100.0,16.0,6.0,11.0
c0aed8767e46cce56e77db0ceef83035,automotivo,57.0,784.0,5.0,500.0,16.0,16.0,11.0
5b226d7c52f86ac72457617f78cff95d,cama_mesa_banho,50.0,381.0,1.0,875.0,25.0,18.0,40.0
2d62078f4b87416a280931049a9d7cca,brinquedos,56.0,828.0,2.0,300.0,30.0,20.0,15.0
b3d141fdbe3680294a78f0b712c87159,eletronicos,59.0,324.0,1.0,100.0,22.0,8.0,12.0
98475d9717984fc80373a380bbfb0d81,cama_mesa_banho,52.0,832.0,1.0,2050.0,16.0,10.0,16.0
4c4fd057b307bd432dd7588d56ee9636,cama_mesa_banho,55.0,291.0,1.0,3150.0,45.0,17.0,35.0
55742882e846f5896e72892678652057,fashion_bolsas_e_acessorios,48.0,128.0,1.0,350.0,20.0,10.0,20.0
8b8702416a4fecb685fc70b056cac372,beleza_saude,55.0,1038.0,5.0,200.0,18.0,13.0,13.0
97f1396a5a1f7c07ba51784efdec44b8,utilidades_domesticas,60.0,1632.0,8.0,1400.0,43.0,18.0,18.0
06dce482ace017e78349b6f1fa83a022,cama_mesa_banho,44.0,452.0,1.0,550.0,30.0,3.0,19.0
773fc6de13d1f04a533ab4186b52420a,bebes,60.0,2135.0,3.0,1550.0,42.0,30.0,37.0
c5f5b4b17e4cd989c39986cd0dddc018,moveis_decoracao,55.0,329.0,2.0,350.0,16.0,16.0,16.0
e311d1899b83ab4b7706f6f81d155a19,papelaria,54.0,223.0,4.0,1500.0,60.0,20.0,29.0
a4800b5d0f4850922208a6cefcffed51,esporte_lazer,28.0,1042.0,1.0,1250.0,19.0,12.0,12.0
2480cf865df7d91234cf0ea77e8bd68c,brinquedos,57.0,715.0,2.0,613.0,19.0,25.0,29.0
bdb4be6ce2f7f2b5be0a16088028c7fc,utilidades_domesticas,54.0,851.0,1.0,3100.0,45.0,28.0,26.0
cef6b1cb351ebdaec947e31ad360f5db,pet_shop,54.0,1027.0,2.0,850.0,24.0,20.0,24.0
9c66292a0367d1a85842e4b302acca69,utilidades_domesticas,54.0,593.0,4.0,500.0,20.0,12.0,12.0
55a257b8a93fa8ce0b4774de48718126,esporte_lazer,41.0,1796.0,2.0,450.0,18.0,15.0,15.0
a41be7a2d5be5248080b227a53fe3937,casa_construcao,51.0,902.0,5.0,550.0,17.0,26.0,17.0
13a7ea24fee9ef57c3b7b5b69d3b4cda,papelaria,60.0,688.0,3.0,250.0,16.0,6.0,11.0
d62404ec5fe357da9b6369b3b472f162,esporte_lazer,46.0,361.0,3.0,700.0,22.0,52.0,25.0
568b50dd27d5d76c97dc2f871cb93e9a,cama_mesa_banho,52.0,506.0,3.0,3225.0,60.0,13.0,30.0
3d63afec955956d47d796237f6725cde,construcao_ferramentas_iluminacao,58.0,1187.0,2.0,200.0,17.0,10.0,13.0
f1c3f797ea4be7deb12eef156cd95b90,fashion_bolsas_e_acessorios,36.0,243.0,2.0,200.0,19.0,11.0,15.0
91e9e720834fd442374e12835393387c,beleza_saude,58.0,1797.0,3.0,200.0,21.0,7.0,14.0
eb005badd08b68a6361449b18b6e13bb,esporte_lazer,57.0,3677.0,5.0,300.0,20.0,10.0,15.0
85f709dd4e8f207aecdfaeba8581c1f0,pet_shop,55.0,617.0,3.0,5900.0,81.0,81.0,11.0
cee13c9267bd4ee40fed850b5a4ecfa6,pet_shop,51.0,422.0,3.0,100.0,27.0,9.0,26.0
d2f1978552a7604790fa5922f4345998,papelaria,58.0,1091.0,4.0,600.0,25.0,30.0,15.0
28e5475b2d4d01acccf9a5a0c0a9adbb,utilidades_domesticas,59.0,149.0,1.0,1193.0,33.0,20.0,20.0
70c9d38055bb316285aa937715c2e82d,utilidades_domesticas,58.0,2907.0,1.0,1285.0,46.0,10.0,30.0
53bd0c908c6ab820c9828763348728ef,moveis_decoracao,58.0,275.0,1.0,1300.0,45.0,8.0,35.0
acc78c9d340dbe682491c9d31ea7e187,bebes,57.0,2188.0,1.0,450.0,20.0,15.0,25.0
caca7a42829960b94895b50412925a0b,informatica_acessorios,59.0,648.0,1.0,200.0,16.0,8.0,12.0
83fc9abe24667777b997571da7b6052a,relogios_presentes,42.0,548.0,1.0,350.0,16.0,13.0,11.0
30b6868bde148b4c71716da3f1cdd9e3,bebes,18.0,1383.0,4.0,600.0,20.0,8.0,14.0
8370300e444c4394d3c3f878606a9601,relogios_presentes,45.0,344.0,2.0,250.0,16.0,9.0,12.0
8af78635010ca0b1366e5a2b17f52b59,relogios_presentes,59.0,747.0,4.0,333.0,18.0,11.0,13.0
ad4b943ef0b5cd9e4211c9cf6c27ff13,telefonia,53.0,403.0,2.0,150.0,19.0,4.0,11.0
724ea95fdce3d1238faa891234996887,brinquedos,60.0,468.0,5.0,163.0,12.0,8.0,11.0
e57eb018e37376580079825eb29a3419,relogios_presentes,43.0,878.0,1.0,300.0,16.0,14.0,11.0
f324dfdc1e7097c078c8b2e3fb1dce0e,cama_mesa_banho,49.0,310.0,1.0,5600.0,45.0,20.0,37.0
cf6514025ef5d3a93d69d2a7bfa4036b,cama_mesa_banho,43.0,126.0,1.0,250.0,40.0,4.0,30.0
4a7531e96f92f841439a63a41ccb24af,cama_mesa_banho,54.0,502.0,1.0,750.0,45.0,15.0,30.0
2ea8ec61f4c1078cdf7b1df620135059,fashion_calcados,60.0,2015.0,4.0,1850.0,34.0,38.0,13.0
cd89ce90d4c33b04851f90bcf1ec521a,automotivo,58.0,847.0,4.0,1550.0,68.0,9.0,43.0
8a15d0ee52b120e0b2bd5549434f05cc,beleza_saude,39.0,820.0,1.0,2450.0,35.0,16.0,16.0
66e94c5c07d64d44c16cd6903a79a453,agro_industria_e_comercio,55.0,688.0,1.0,12700.0,56.0,32.0,32.0
19ac68e14d04f4207dda95e2fd44a960,brinquedos,58.0,393.0,4.0,625.0,35.0,21.0,21.0
3ae28b124972bb81eddcb644cd284be9,brinquedos,47.0,404.0,1.0,1550.0,18.0,31.0,25.0
ffd4bf4306745865e5692f69bd237893,fashion_bolsas_e_acessorios,54.0,193.0,5.0,150.0,16.0,16.0,16.0
c1cb3679d3aa242bb9094aa69ea47c42,instrumentos_musicais,60.0,270.0,1.0,4000.0,25.0,15.0,60.0
0e942ba3342dde6fd0f8d2e735ac4264,cama_mesa_banho,58.0,647.0,1.0,1300.0,29.0,8.0,34.0
4d153cd0e49c232e55168aff53489c07,automotivo,19.0,734.0,1.0,2500.0,54.0,12.0,40.0
eb0e8515502d5d125d0d9c6ad4b49a60,relogios_presentes,56.0,1151.0,1.0,950.0,44.0,12.0,36.0
f0c1c1d5ec61ce4c4846abd4283631df,alimentos,16.0,3139.0,1.0,125.0,16.0,8.0,11.0
e307200b995cf8d99d85db7d09e4ba00,automotivo,59.0,295.0,1.0,61.0,21.0,2.0,15.0
a47674ec5bdc46617bc532a9839390db,climatizacao,45.0,401.0,5.0,1300.0,32.0,16.0,22.0
e8c6039a25765995ac7c1ec2cbef5765,relogios_presentes,58.0,364.0,2.0,250.0,40.0,10.0,25.0
cda960fc8a8987dd224a17dddfffdaa5,cama_mesa_banho,52.0,1059.0,1.0,700.0,16.0,20.0,16.0
9df634af5c467f3b07f3d92f7765aa64,brinquedos,45.0,965.0,2.0,850.0,16.0,32.0,16.0
143bd097a677b205de2380a93b1f1a99,construcao_ferramentas_construcao,54.0,127.0,5.0,8600.0,60.0,20.0,40.0
9437358367868e28d75ce47e393eef99,esporte_lazer,57.0,2890.0,1.0,4222.0,38.0,33.0,33.0
e04ca4dba6bfe0dceeedca468acf5014,perfumaria,56.0,545.0,1.0,235.0,19.0,13.0,16.0
45e9db074ca64dc81ee6f06185544d6e,beleza_saude,58.0,3207.0,1.0,975.0,26.0,12.0,16.0
f4851ffef385d506603396041da7c1d3,informatica_acessorios,56.0,2104.0,5.0,650.0,25.0,11.0,15.0
c76c5091f2e4b72771beb812a07ef131,consoles_games,52.0,233.0,2.0,300.0,18.0,7.0,20.0
0e87ff05afa3ddd73b7920ff4587e0a4,cool_stuff,48.0,2067.0,1.0,1650.0,33.0,44.0,19.0
e0d3e5cf1969f20bd69e052ec6cf8f8f,moveis_decoracao,55.0,485.0,1.0,300.0,35.0,5.0,25.0
457ca2b0e3bf044a65c8bee434d5c5f8,ferramentas_jardim,56.0,940.0,7.0,750.0,19.0,7.0,14.0
73026ce2daa69ea29901945b1f915846,beleza_saude,55.0,1346.0,1.0,1400.0,20.0,20.0,20.0
17362fcfc13b829500dcd59fc4c02a89,fashion_bolsas_e_acessorios,27.0,542.0,4.0,1000.0,20.0,18.0,20.0
1a428b685ede76217c9efb550c4aaa59,cama_mesa_banho,49.0,117.0,1.0,400.0,40.0,4.0,30.0
72a30483855e2eafc67aee5dc2560482,esporte_lazer,43.0,869.0,1.0,967.0,21.0,24.0,19.0
3efe696e322f9139e3d2b894cb1f7a09,moveis_decoracao,40.0,537.0,3.0,1300.0,31.0,6.0,33.0
f8b49b0f49ab5467c1d3685cba5d9190,pet_shop,38.0,226.0,1.0,500.0,30.0,30.0,20.0
86da2c247cca57fe5928cc175e2a65e3,bebes,57.0,273.0,1.0,8500.0,30.0,64.0,20.0
1d16c0509e7011656e03c6a582ff6667,beleza_saude,57.0,430.0,1.0,30000.0,55.0,75.0,61.0
b042c934bd8f4316e7b38633aa14266b,bebes,47.0,235.0,2.0,9400.0,75.0,15.0,50.0
a45af86c4a7948f5fabbb5b0132475cd,utilidades_domesticas,36.0,597.0,3.0,300.0,40.0,5.0,40.0
9faa5e4f81da9a1b33f8d8f3ed90e89a,papelaria,47.0,890.0,10.0,1850.0,32.0,52.0,19.0
9749556e02a50c6e4d3535bf1b5be56b,telefonia,50.0,1360.0,2.0,50.0,18.0,6.0,11.0
f20a14d45e85b05ef554d10d7283f7da,telefonia,51.0,380.0,1.0,125.0,19.0,5.0,11.0
619d2ba7f3d5ad00cbd93ecd49789a44,consoles_games,29.0,648.0,4.0,400.0,28.0,4.0,18.0
13721c732d93346dca59eecba82bf07b,papelaria,59.0,262.0,3.0,250.0,24.0,7.0,14.0
fbc1488c1a1e72ba175f53ab29a248e8,perfumaria,27.0,311.0,1.0,560.0,19.0,13.0,17.0
ce6f74096c84567f22728c84f3d6e7fc,cama_mesa_banho,60.0,352.0,2.0,1300.0,30.0,10.0,30.0
803f77475e1b51b47f1bfec4f2ec353f,automotivo,58.0,672.0,3.0,350.0,17.0,6.0,20.0
6f58431a7150fa91bac9f28f5454a8e8,informatica_acessorios,49.0,204.0,2.0,125.0,16.0,18.0,16.0
23bf81fdd5f4015f1b924385a3eda89c,moveis_escritorio,53.0,2172.0,1.0,20500.0,58.0,28.0,58.0
ed042312ea8ad0a470e9891ac4e7201e,relogios_presentes,53.0,725.0,2.0,350.0,16.0,13.0,13.0
ec360a89366f33dc9b8de9fcf67a57d9,informatica_acessorios,58.0,680.0,2.0,125.0,16.0,16.0,16.0
44e64a128c258ce579cca498e05b614a,esporte_lazer,42.0,1345.0,1.0,2500.0,26.0,19.0,26.0
37537165733f365867e2f4aad71aef6a,informatica_acessorios,59.0,1632.0,3.0,336.0,21.0,12.0,15.0
f1261761d91b574288d60a6390a007b6,cama_mesa_banho,64.0,332.0,1.0,1600.0,45.0,15.0,35.0
3e03619d360cd44f29e094aae3c4a76b,esporte_lazer,57.0,609.0,1.0,6950.0,24.0,7.0,11.0
cae7248e9bdfda82584faea19dbf793f,relogios_presentes,56.0,280.0,3.0,300.0,16.0,2.0,11.0
6642e66f26b6e23817ada36eeae229bc,informatica_acessorios,42.0,419.0,1.0,160.0,17.0,12.0,15.0
d32c445df9d36f1cdfc915ed14ee44cd,moveis_decoracao,52.0,1111.0,5.0,1600.0,35.0,13.0,35.0
f9a4667b264a6823ecdf9d1ab8914faf,fashion_bolsas_e_acessorios,55.0,1434.0,1.0,200.0,16.0,2.0,11.0
f62cbf4416c9ef8e1b4e8d5279891f24,eletronicos,46.0,352.0,1.0,200.0,25.0,7.0,16.0
b9976e9c22fb1540bd71d1bcd2989475,artes_e_artesanato,60.0,1611.0,7.0,2550.0,46.0,16.0,25.0
860ad475cebc2e85e852042dad735be0,instrumentos_musicais,47.0,478.0,1.0,214.0,15.0,7.0,13.0
b5ac08b2bc73bc36eecc6107b78247d3,perfumaria,36.0,179.0,1.0,400.0,20.0,7.0,15.0
7fb7c9580222a2af9eb7a95a6ce85fc5,utilidades_domesticas,59.0,811.0,1.0,825.0,52.0,18.0,74.0
ba5707ce3b56a880b7eb7bc826132db2,construcao_ferramentas_construcao,42.0,779.0,5.0,1100.0,42.0,12.0,42.0
ad7beed1d6b41ea967b2724468a23c92,moveis_decoracao,31.0,370.0,1.0,325.0,33.0,7.0,18.0
b0fd8a13c803e88ed77e3bfdb763afca,esporte_lazer,49.0,1013.0,1.0,400.0,20.0,7.0,14.0
e21c6ed0576cd50384123f8b7ca81922,moveis_decoracao,63.0,418.0,1.0,450.0,40.0,15.0,35.0
9c48f48fd32ee1915d62d3670e2d1ba9,informatica_acessorios,29.0,1209.0,2.0,400.0,20.0,30.0,20.0
f03859e4cc21018569f5ae7a03897ff4,consoles_games,47.0,458.0,2.0,150.0,18.0,2.0,16.0
1c510e7a53ea02ee8cb8e8d42274ff83,esporte_lazer,59.0,1208.0,1.0,4317.0,50.0,28.0,30.0
fe7f10e5c9d36a294333b0c35ccc24ad,utilidades_domesticas,41.0,786.0,4.0,1150.0,30.0,25.0,20.0
67d87e3b4ef9e609ba5eeed6a4b3b5f8,esporte_lazer,33.0,1042.0,7.0,600.0,28.0,10.0,18.0
ecfb5255f55715e1faec3e6a316da6c3,cama_mesa_banho,53.0,297.0,1.0,1500.0,37.0,23.0,35.0
dd650fe0148b47c3adedb593cda2c6dd,bebidas,56.0,72.0,1.0,8300.0,28.0,37.0,19.0
1acb18fc869c5489d5f76abcd681165e,esporte_lazer,47.0,858.0,1.0,1600.0,30.0,30.0,35.0
833984d7021e50b11df8113b7794e920,esporte_lazer,28.0,1319.0,1.0,400.0,34.0,16.0,16.0
e303dfa61ada1f0823b4775f192606b3,malas_acessorios,59.0,370.0,3.0,24050.0,60.0,60.0,40.0
4363f22966358bced013833537034474,cama_mesa_banho,59.0,740.0,1.0,2689.0,54.0,13.0,46.0
f45818be1ed5c16a17c66e33efa75271,fashion_esporte,55.0,511.0,2.0,100.0,16.0,12.0,12.0
d9933dd922fa78131c80a6987a707f9a,automotivo,54.0,396.0,4.0,300.0,30.0,11.0,15.0
491c6b0ec61399a890b22a6ed2d9a4b0,moveis_decoracao,40.0,94.0,4.0,500.0,16.0,5.0,20.0
12a3dba07d03c2dedf0c40d6499b55d3,moveis_decoracao,59.0,87.0,2.0,6900.0,74.0,13.0,52.0
c9599b4c6945cfb6df065039bf5f1555,automotivo,54.0,87.0,2.0,200.0,16.0,7.0,16.0
abb9de7600a7ae9a81564692f77fc9f3,moveis_decoracao,41.0,239.0,5.0,200.0,27.0,9.0,18.0
8d139b1550c8cc91a3babc9cfe9fc147,telefonia,53.0,1017.0,5.0,500.0,16.0,6.0,11.0
c6ea63369936552872ae890c82175b4b,cama_mesa_banho,58.0,162.0,4.0,2900.0,35.0,12.0,30.0
0b039b61011417822882815943f13dac,eletronicos,41.0,711.0,1.0,150.0,30.0,10.0,20.0
57c580a8fbf3d8374b06bee7b6f4ce31,moveis_decoracao,57.0,780.0,3.0,400.0,50.0,3.0,25.0
b77dac30490dcfa827c2060a7a3a2a0d,relogios_presentes,35.0,564.0,2.0,500.0,23.0,15.0,19.0
10163fabc9375e9bb72a109272730c6b,cama_mesa_banho,56.0,258.0,1.0,400.0,45.0,15.0,35.0
90ebb732ad20456afe8516eb5fbf75f6,moveis_decoracao,53.0,892.0,4.0,2750.0,35.0,35.0,11.0
363a742635cc645c207ce8102de9b837,moveis_decoracao,60.0,955.0,7.0,3600.0,60.0,12.0,30.0
dab2413ead0edda9967edbc9bda2a64e,telefonia,57.0,680.0,2.0,250.0,17.0,7.0,13.0
da16d51397a128691eb2fec79f2daaf0,beleza_saude,48.0,534.0,1.0,2000.0,30.0,12.0,16.0
b3145c36d221143053908beb4564bad9,moveis_decoracao,60.0,1646.0,6.0,450.0,35.0,2.0,25.0
ad354f777df2a1eee8211950fca142a4,moveis_decoracao,59.0,196.0,7.0,2000.0,36.0,11.0,26.0
3b37da20f1b1b8d79065208761003a69,utilidades_domesticas,60.0,926.0,4.0,250.0,20.0,18.0,20.0
b59fb744c6f3cd1dc23b10f760848d98,esporte_lazer,45.0,118.0,1.0,200.0,25.0,2.0,17.0
c21afe62d4629a660593fd9b5e6223bb,telefonia,40.0,361.0,3.0,150.0,18.0,3.0,16.0
75d6b6963340c6063f7f4cfcccfe6a30,perfumaria,51.0,999.0,2.0,400.0,18.0,11.0,20.0
947d8cb9d15cf25fff1d6116e0c09730,moveis_decoracao,40.0,280.0,1.0,9700.0,40.0,40.0,40.0
0433830caca22b01a0f477d31307b043,portateis_casa_forno_e_cafe,47.0,2810.0,7.0,7450.0,40.0,10.0,40.0
3e591cbf1cec40074c24a2ce372a5b62,,,,,1800.0,25.0,25.0,25.0
9545d45c37449ccbc376de3a04c66e71,beleza_saude,39.0,1749.0,1.0,1350.0,27.0,9.0,18.0
cc03fe412a0cde1ba3de9ebbce01adde,beleza_saude,60.0,3393.0,3.0,350.0,19.0,7.0,12.0
448dc3486005777a15d7b3f445637ee2,market_place,23.0,1059.0,2.0,200.0,22.0,23.0,16.0
76c9ee3e7933e2d1f88c093448065e06,brinquedos,33.0,1223.0,1.0,250.0,16.0,15.0,14.0
55afdf91178e38185fa461b5ca028a57,beleza_saude,49.0,1443.0,1.0,500.0,16.0,19.0,15.0
137464dece73fa2dbb54658dbc7aae58,artigos_de_festas,53.0,320.0,1.0,1250.0,35.0,25.0,25.0
a01c3a8e3ccddf44069c082b1590f19a,perfumaria,47.0,368.0,1.0,351.0,21.0,17.0,19.0
2b6726ab177dc4ec000e5fcfc6926cf2,esporte_lazer,43.0,1032.0,3.0,1100.0,16.0,12.0,12.0
84c79830527ae823029ee6b904cf948c,construcao_ferramentas_jardim,29.0,462.0,1.0,3520.0,25.0,25.0,23.0
1261bcae25b0000829246aa58e284a2f,brinquedos,53.0,885.0,3.0,1500.0,48.0,27.0,18.0
11dcc970f7a5581e1bf777b6da3f7096,utilidades_domesticas,42.0,659.0,2.0,1038.0,41.0,22.0,28.0
431d674f9a4fbd0957ecf6ba3fcb6899,telefonia,56.0,1892.0,4.0,450.0,17.0,3.0,11.0
2990952a0c7c8dd6c64d1db4d183c1fb,telefonia,59.0,818.0,6.0,250.0,17.0,4.0,12.0
bcee0ddc3e34e3f03219ff29328f5636,brinquedos,41.0,795.0,1.0,300.0,17.0,12.0,12.0
429e7401fafb76436f15e86498bd7364,cama_mesa_banho,60.0,233.0,1.0,2500.0,41.0,8.0,36.0
bce474cc95b6e77657e10939b0b4248c,relogios_presentes,51.0,638.0,1.0,310.0,16.0,10.0,12.0
d285360f29ac7fd97640bf0baef03de0,relogios_presentes,46.0,501.0,4.0,363.0,18.0,13.0,13.0
ec19f9bc37a920964abe324dfb169c68,telefonia,57.0,209.0,2.0,50.0,18.0,6.0,11.0
db31f6c4f2b2a910fab39406640ef294,cama_mesa_banho,57.0,178.0,1.0,475.0,28.0,4.0,28.0
fa812218786a729a847c4e1869c4ca48,fashion_bolsas_e_acessorios,60.0,1118.0,4.0,1050.0,22.0,15.0,20.0
bef82b9c3489736794c29f6d4a686ca6,informatica_acessorios,51.0,147.0,2.0,300.0,18.0,12.0,14.0
ac305a1e7e7b958e961fd896ef1395c4,automotivo,44.0,799.0,1.0,350.0,20.0,15.0,15.0
1ec486885049bbb9b79351d150ed18c4,fashion_bolsas_e_acessorios,36.0,412.0,5.0,100.0,16.0,5.0,20.0
30cd699c7958f8352c9f479572eb66ad,informatica_acessorios,55.0,1183.0,1.0,100.0,16.0,16.0,11.0
dda373e611cb942842a1c248b163c3aa,relogios_presentes,38.0,268.0,1.0,180.0,16.0,7.0,12.0
1f30aacc69904c0d0bf8d05cb2abef72,cama_mesa_banho,58.0,293.0,1.0,1850.0,40.0,10.0,30.0
b65214d387c754bb0f858a4a5a0f41ad,brinquedos,57.0,696.0,4.0,325.0,21.0,7.0,16.0
cdc4af478fef19f03f1d0353c00271cd,relogios_presentes,52.0,364.0,1.0,250.0,40.0,10.0,25.0
3933e8a85308e9e9e9bc428355ba203e,cama_mesa_banho,53.0,267.0,2.0,1900.0,45.0,15.0,35.0
64693ed5472651f9ea64d52a689d9ea0,utilidades_domesticas,43.0,230.0,2.0,6700.0,40.0,25.0,40.0
519909332323abec396b19dddaebde3b,beleza_saude,28.0,59.0,1.0,125.0,16.0,7.0,12.0
32fcefdea166b8a08f869ab8e6e29086,utilidades_domesticas,60.0,894.0,1.0,6700.0,40.0,40.0,40.0
463eeb3db6fefe01fc8f4d3bb00bc018,pet_shop,55.0,1228.0,3.0,300.0,32.0,7.0,17.0
eb8c629f70275fd1c4f809116cce1efc,moveis_decoracao,51.0,831.0,1.0,1400.0,20.0,30.0,20.0
bd6e8cf9fe4122c385da2bcb9f979d5d,telefonia,44.0,497.0,1.0,88.0,16.0,7.0,12.0
7a9cf133da2a6494259ffeeab11b6276,telefonia,54.0,599.0,1.0,150.0,19.0,4.0,11.0
c8a3354f3676a68d1d990112ee5f2b5a,automotivo,37.0,182.0,1.0,100.0,21.0,3.0,18.0
4025cbfac798d74f87c30ee87e6e9f70,cama_mesa_banho,51.0,754.0,1.0,9450.0,38.0,7.0,26.0
49ab5384de586d3e4efd9072c43d50be,artes,24.0,372.0,1.0,2685.0,57.0,23.0,25.0
aadae4da0b9feede5777009c5e1497d1,livros_interesse_geral,60.0,2671.0,4.0,600.0,20.0,22.0,14.0
8e3eb37785e42b6b3721e459f1bfaaef,informatica_acessorios,32.0,517.0,1.0,900.0,30.0,16.0,16.0
87e0a0706a9ccbdd1784f76e01b40176,bebes,59.0,556.0,3.0,3967.0,45.0,39.0,32.0
39e09cc90decacc7e5ab1a15fea86f56,bebes,54.0,369.0,1.0,450.0,35.0,2.0,25.0
25437c6ccd9cdc28db375f821881224f,esporte_lazer,56.0,1381.0,4.0,1050.0,40.0,20.0,20.0
017692475c1c954ff597feda05131d73,perfumaria,54.0,933.0,1.0,50.0,16.0,5.0,11.0
8acfff88a4a05f0ce1b0336e47d16825,moveis_decoracao,60.0,563.0,1.0,250.0,35.0,10.0,17.0
3138a5168026c06238f332528ec8e0ee,moveis_decoracao,57.0,281.0,2.0,1600.0,30.0,5.0,45.0
d4a3b5aa064bf44e74f1e71862bea22a,utilidades_domesticas,59.0,236.0,1.0,100.0,21.0,9.0,13.0
36e89a9ec56f96288ea7fbb266132288,fashion_bolsas_e_acessorios,41.0,395.0,4.0,100.0,16.0,9.0,11.0
af79ac70de9a79b9c1c85ee0880c7206,esporte_lazer,58.0,383.0,4.0,950.0,22.0,5.0,14.0
d39421ec4cc2bf52e35f8bf00f1ec314,beleza_saude,56.0,1534.0,1.0,1600.0,35.0,25.0,20.0
af35be35db4ad0dc288b571453337376,moveis_decoracao,24.0,457.0,4.0,100.0,80.0,10.0,60.0
880be32f4db1d9f6e2bec38fb6ac23ab,brinquedos,45.0,589.0,4.0,200.0,16.0,7.0,11.0
64769a595cce4c13428fbbd069fb285e,cama_mesa_banho,58.0,255.0,1.0,1000.0,30.0,5.0,30.0
fb61126545fe19cfa0593140a5cc3b13,fashion_bolsas_e_acessorios,57.0,457.0,2.0,550.0,16.0,5.0,30.0
6f5a84d79bc9f79ecd9095e91fc47a2d,esporte_lazer,59.0,261.0,3.0,1100.0,40.0,2.0,40.0
5b3aa845bba5aa7ba1216e36ae882cfa,beleza_saude,42.0,618.0,2.0,75.0,16.0,10.0,11.0
056d012d264624accb7f73d31caee034,cama_mesa_banho,56.0,255.0,1.0,1750.0,30.0,5.0,30.0
25e45921120d6d8a1688f076632bdad8,telefonia,39.0,478.0,2.0,150.0,25.0,5.0,16.0
150c699262a053229e89213dc9c358d2,sinalizacao_e_seguranca,60.0,480.0,1.0,300.0,16.0,14.0,15.0
1234e5d27a954d308ea9c87d8106a8df,automotivo,57.0,1399.0,3.0,11450.0,61.0,25.0,45.0
4352aa5f49dc18ba0eb54e57e632281a,moveis_decoracao,60.0,253.0,1.0,1000.0,25.0,25.0,25.0
a2048b46525cb5cb30be4e5ff3f83c5a,perfumaria,50.0,694.0,1.0,397.0,21.0,15.0,17.0
e74935f7a47674c519b43da6244d30fe,moveis_decoracao,53.0,231.0,1.0,300.0,27.0,10.0,12.0
2f5e485bacfeb554bec55cd497c9bc51,utilidades_domesticas,42.0,367.0,3.0,236.0,23.0,14.0,16.0
d3450bc0d7d9c8a11a079aa78614e3f3,fashion_bolsas_e_acessorios,51.0,1398.0,1.0,200.0,16.0,2.0,20.0
fd206f3c185fd47c22d6de48f25133fe,telefonia,28.0,314.0,2.0,500.0,30.0,10.0,20.0
11b062c710beb867b4897ff2728e828d,moveis_cozinha_area_de_servico_jantar_e_jardim,50.0,445.0,1.0,1000.0,34.0,25.0,25.0
18dacb31f154c3607af782584f59b3c9,relogios_presentes,53.0,538.0,2.0,225.0,16.0,7.0,11.0
372645c7439f9661fbbacfd129aa92ec,cama_mesa_banho,60.0,236.0,1.0,1500.0,34.0,7.0,32.0
19b7148be60fb48eb30c7eb0431c1a8b,eletronicos,22.0,603.0,1.0,500.0,16.0,21.0,20.0
564f6ff7ae760d6eda6d32c551724036,cama_mesa_banho,60.0,298.0,1.0,2500.0,33.0,7.0,39.0
8f83335d6508c667813ff14dc437bc81,perfumaria,33.0,340.0,1.0,563.0,20.0,12.0,14.0
c2bd6687fd8abe764233efb9c4a3c27d,cool_stuff,36.0,1349.0,1.0,700.0,32.0,32.0,16.0
570509b6d981370031c1f839592a1be0,utilidades_domesticas,20.0,1115.0,2.0,4006.0,45.0,24.0,30.0
cd9dfd413f60d6cdb25aa4a3e1960e59,livros_tecnicos,55.0,2085.0,1.0,1900.0,27.0,7.0,20.0
32ab984210a9cc604931ba8408ec6994,esporte_lazer,45.0,450.0,1.0,1300.0,16.0,12.0,13.0
183b0c895605218dbd34cdcfcfa8af28,moveis_cozinha_area_de_servico_jantar_e_jardim,34.0,905.0,5.0,5400.0,53.0,10.0,67.0
202bd859659a841de892b00c341300ff,relogios_presentes,57.0,573.0,8.0,200.0,16.0,2.0,11.0
31b8e7c2a22f3dba5183cc110bdd72f7,eletronicos,52.0,602.0,1.0,281.0,17.0,9.0,13.0
568e52d4c670b4d5130bae2dbf211c40,automotivo,53.0,524.0,1.0,1675.0,63.0,9.0,63.0
f93213a23c50edc16c27b96333f734dc,esporte_lazer,52.0,482.0,1.0,7550.0,28.0,40.0,40.0
c8078bb7927143cdb008e3563230ca61,bebes,40.0,1978.0,4.0,250.0,65.0,11.0,11.0
97373049bc86f3b3245c07a56795b2d7,informatica_acessorios,51.0,785.0,3.0,183.0,20.0,15.0,17.0
e5f4167c170ccd8777cbf51841b6f7f3,moveis_decoracao,58.0,1400.0,5.0,550.0,47.0,17.0,30.0
db8d62bf1bf1d2dd880c99b88ebff3fb,automotivo,60.0,705.0,2.0,350.0,17.0,21.0,11.0
d670c0f6be30a062ebd8f8612ea82d71,telefonia_fixa,39.0,975.0,3.0,450.0,16.0,8.0,16.0
bd6e6fce9ada76ea2db0f1912e8e478f,cama_mesa_banho,49.0,381.0,1.0,850.0,25.0,18.0,40.0
121f7f44c9e25be4873ca9296542ebd3,beleza_saude,56.0,2264.0,2.0,1025.0,23.0,18.0,20.0
af51d485dc5255ba2e18b21b550156e6,malas_acessorios,57.0,674.0,1.0,22350.0,32.0,74.0,53.0
5fe7fd1b8ea02958b45106dcd79874e8,cama_mesa_banho,57.0,677.0,1.0,1050.0,28.0,14.0,16.0
2772d1e494d431a05b7bcc95b02163b6,pet_shop,57.0,2093.0,4.0,1550.0,40.0,32.0,20.0
f083f237cbf95dd0a5185e902f385dd5,eletrodomesticos,40.0,125.0,1.0,1800.0,25.0,14.0,23.0
fd16d6944e49931ace2c99037c4d8868,informatica_acessorios,60.0,893.0,2.0,750.0,50.0,6.0,28.0
dd1759836cc99a88be1a42bf6673abe0,perfumaria,38.0,419.0,1.0,415.0,26.0,12.0,18.0
52c80cedd4e90108bf4fa6a206ef6b03,ferramentas_jardim,33.0,2188.0,2.0,7650.0,20.0,20.0,20.0
88e40881adf08ea3b87cb1d65c8c1d83,pet_shop,60.0,542.0,3.0,300.0,20.0,7.0,17.0
7d681d24b9bad757fb34b0d464c350e4,beleza_saude,59.0,1271.0,1.0,240.0,18.0,14.0,16.0
a9e0e7b3976de987fdbd2773ec699f0c,cama_mesa_banho,58.0,205.0,3.0,1350.0,40.0,6.0,30.0
4bdcd91fcab0b7401865fa7d7f916253,ferramentas_jardim,59.0,317.0,2.0,7900.0,70.0,8.0,34.0
6ee7217ab647f3c2b4a5161c75cadab3,moveis_decoracao,49.0,374.0,1.0,600.0,25.0,2.0,17.0
5304ff3fa35856a156e1170a6022d34d,artes,27.0,59.0,2.0,100.0,20.0,20.0,11.0
815ab08327dd05cc75b2b67311f83239,brinquedos,45.0,698.0,3.0,450.0,20.0,12.0,17.0
3fca280b9c1738d8d7996c7373d3ecee,construcao_ferramentas_construcao,55.0,501.0,4.0,600.0,30.0,12.0,20.0
44a879f6d43c4750534a30dea1f6d804,relogios_presentes,48.0,680.0,2.0,5867.0,43.0,19.0,30.0
5c535d2479b9759c3bc8d6ac57085cf0,informatica_acessorios,58.0,684.0,3.0,1300.0,16.0,16.0,16.0
c784aabc6d8366b8fd85eaf9631cf96f,utilidades_domesticas,59.0,920.0,4.0,200.0,22.0,7.0,15.0
1ccef988a8dd457a93b0b4833b8f0724,telefonia,38.0,580.0,2.0,100.0,16.0,3.0,11.0
1f7aa19e7161eef1ffff0599cebcbdb7,informatica_acessorios,60.0,549.0,1.0,400.0,30.0,15.0,15.0
3e4176d545618ed02f382a3057de32b4,malas_acessorios,35.0,468.0,1.0,1200.0,40.0,22.0,30.0
5b3242867b3c1f86ebe790699c88b901,malas_acessorios,55.0,197.0,2.0,450.0,16.0,2.0,11.0
a4a04b698e98a60246c2ecdbe629c447,bebes,58.0,2379.0,1.0,1100.0,26.0,22.0,13.0
5c31001a08d64b7c60a58f6e5a9604b5,moveis_escritorio,42.0,2065.0,1.0,15100.0,58.0,28.0,56.0
73e0db4719016f90a37238ca8e5a1cab,casa_conforto,58.0,162.0,1.0,3050.0,20.0,30.0,46.0
c37e775cc9f2dd910db751444447fa3d,eletronicos,57.0,810.0,1.0,150.0,19.0,14.0,19.0
0030026a6ddb3b2d1d4bc225b4b4c4da,esporte_lazer,28.0,502.0,4.0,800.0,25.0,25.0,25.0
f55685df4cdbceeecfefb0c45aded1bc,brinquedos,53.0,923.0,3.0,1200.0,50.0,15.0,32.0
a2c499ca39527cc328317e93c302112e,relogios_presentes,59.0,573.0,2.0,275.0,19.0,13.0,19.0
250a5d56eaa9f1bb1a998ddb0a10a2f9,cool_stuff,26.0,887.0,2.0,1000.0,16.0,19.0,15.0
8def905dc2fc7ae5edb3637821a7652d,,,,,900.0,16.0,16.0,16.0
443686a203341f24c2cead2297359568,pet_shop,31.0,933.0,5.0,1100.0,20.0,20.0,25.0
f819f0c84a64f02d3a5606ca95edd272,relogios_presentes,59.0,452.0,1.0,710.0,19.0,13.0,14.0
d7423500e1911ba5972c229b2fb974ca,consoles_games,25.0,2247.0,1.0,175.0,20.0,2.0,15.0
77f217636750a5d2e21017effe0a634d,brinquedos,52.0,1125.0,5.0,300.0,18.0,8.0,12.0
1377fd796465e86c4306ad7afc6a6dfe,informatica_acessorios,36.0,498.0,1.0,300.0,18.0,9.0,16.0
804276969fd6adfcfb9c9dcbce2fe8ec,esporte_lazer,45.0,982.0,1.0,4900.0,36.0,31.0,31.0
a0fe01e446dce7a61936310e6c3f3e37,esporte_lazer,50.0,1295.0,1.0,250.0,17.0,14.0,15.0
7ddc9c0c8d8ff59c19050d36d2bdcb2a,casa_conforto,57.0,217.0,3.0,1700.0,30.0,20.0,30.0
1bab2e484686f57566de99a627223576,cama_mesa_banho,45.0,248.0,1.0,900.0,30.0,5.0,35.0
03c1fa561b6e1d70f9fa22ab1f08c762,moveis_decoracao,59.0,376.0,1.0,8000.0,55.0,17.0,45.0
575617410387f4e614f39628fe8e81bd,esporte_lazer,31.0,242.0,2.0,500.0,16.0,11.0,11.0
a0f12db60a5019ce1a4c21fce1697574,papelaria,59.0,263.0,3.0,6150.0,60.0,20.0,29.0
3303c5bebf8d9dd9394a38501c4033f6,moveis_decoracao,62.0,222.0,9.0,1100.0,31.0,11.0,26.0
cd494d8236315646d34e31b09c5f86a4,beleza_saude,56.0,658.0,3.0,200.0,23.0,7.0,15.0
df3a82b424a1bb351c314547f6644066,cool_stuff,35.0,534.0,2.0,200.0,20.0,10.0,20.0
84dbf59971e2dd6aede4b0e0b1847a54,esporte_lazer,41.0,971.0,1.0,300.0,33.0,21.0,27.0
85d4c1a46f08f730de651ea6f6645313,papelaria,50.0,113.0,3.0,500.0,20.0,30.0,20.0
c0eeedfd383f32ae9524a15a8898b129,relogios_presentes,40.0,632.0,1.0,425.0,16.0,12.0,13.0
07a6879526099e7f3483481e5bd60b77,esporte_lazer,45.0,235.0,2.0,3000.0,60.0,15.0,15.0
d1e76288230900ffd92f91ef0fe1b509,automotivo,39.0,988.0,4.0,800.0,16.0,10.0,16.0
52c87e7b33516eb97c3023a20848ea81,fashion_bolsas_e_acessorios,38.0,217.0,1.0,200.0,24.0,9.0,16.0
547041433f87f5c5a9ef21b598661cd3,fashion_bolsas_e_acessorios,63.0,464.0,4.0,150.0,16.0,5.0,11.0
73efecdfe04fa13599a99282cebf99ff,moveis_decoracao,57.0,108.0,11.0,850.0,40.0,8.0,35.0
6d5b63b6c4575265bb9236cf355baed0,eletrodomesticos_2,51.0,930.0,7.0,10550.0,73.0,15.0,52.0
87db1d6af39ede804084ef2f8e6b9b46,brinquedos,51.0,761.0,6.0,900.0,43.0,18.0,23.0
5ae7943d5ce738386050e944a06f9603,automotivo,56.0,1467.0,3.0,500.0,20.0,20.0,20.0
235e0d56841710b62daf088840a96ba8,bebes,39.0,224.0,2.0,7050.0,75.0,15.0,50.0
32b168004f17c743f16bcf5bab0de982,cool_stuff,23.0,789.0,1.0,5250.0,40.0,20.0,40.0
c98f9b6939bc77914b077d6aa93cd97c,dvds_blu_ray,59.0,1085.0,1.0,200.0,20.0,2.0,14.0
d692d19cee022f7acab76373f297ad6a,cama_mesa_banho,56.0,286.0,1.0,1850.0,70.0,17.0,50.0
a4aa7c1427c31344e5f7cc3d839fe562,pet_shop,52.0,625.0,8.0,2200.0,50.0,20.0,40.0
f88e0d55c56301ce5e0d6d518c7f0598,fashion_calcados,37.0,480.0,4.0,900.0,16.0,33.0,19.0
4fce0eab61e01d521044c8b071cdfead,esporte_lazer,56.0,595.0,1.0,260.0,21.0,16.0,20.0
fcf6ad274391aea29f5d6e5ef9da5050,pet_shop,51.0,1592.0,2.0,513.0,19.0,15.0,18.0
b96115c5e5fa5f083da5650e74411738,fashion_bolsas_e_acessorios,42.0,1003.0,6.0,50.0,18.0,18.0,12.0
31c79131e883e5fd8c4c85fe9f7d2bb2,telefonia,58.0,734.0,3.0,250.0,17.0,4.0,12.0
560ed840b584c6aef5c8959366dfd41e,bebes,60.0,868.0,2.0,12750.0,38.0,47.0,44.0
969250f1300755ae847449ef253547f1,perfumaria,57.0,814.0,3.0,475.0,19.0,16.0,16.0
06ecc3d4006ad6eb293a1b93ec3c7183,moveis_decoracao,59.0,903.0,1.0,750.0,22.0,22.0,11.0
9ef6c728ed471353c6f06bf8013882c5,fashion_bolsas_e_acessorios,46.0,118.0,3.0,1000.0,20.0,20.0,20.0
b2b2279a0174bb3ce78d8b668f8fe27d,esporte_lazer,45.0,703.0,1.0,350.0,20.0,7.0,14.0
2b0233a7e7ded4751e8e3812f9a4553e,informatica_acessorios,46.0,391.0,1.0,1925.0,37.0,11.0,27.0
339dea747edd309d3de1cc833cd28137,informatica_acessorios,54.0,3641.0,1.0,1000.0,16.0,16.0,16.0
729e4dedfa3ed50a3fd4898b6f11c715,fashion_bolsas_e_acessorios,59.0,219.0,4.0,200.0,18.0,9.0,11.0
ecac132b51e1c9c36430c6f9be9903a3,moveis_decoracao,56.0,297.0,2.0,900.0,100.0,5.0,11.0
e41a6ac2f57a273eb0d214c7cbab5db9,moveis_escritorio,56.0,1085.0,1.0,8975.0,35.0,52.0,36.0
7172a7870fee91850dcbcb1f4de40cfc,cama_mesa_banho,53.0,244.0,1.0,1850.0,45.0,15.0,35.0
9cec1c525c7f0c91eb24c74d790d59ef,cama_mesa_banho,52.0,583.0,1.0,8750.0,16.0,50.0,40.0
f353779abb6114db5f8f79fbad12e375,utilidades_domesticas,63.0,3771.0,2.0,4000.0,46.0,9.0,32.0
df42f27d852d49828f9f9fcbf29820d3,utilidades_domesticas,55.0,303.0,1.0,2100.0,30.0,40.0,30.0
6cff6d6aec600f9164a32e927f72a6fa,esporte_lazer,48.0,262.0,1.0,600.0,22.0,15.0,22.0
fb4dc3571e0698692224020b5b1b672a,utilidades_domesticas,35.0,716.0,1.0,400.0,16.0,13.0,11.0
23f91e3d76be3938bfad0ff292392502,automotivo,56.0,3213.0,2.0,4500.0,24.0,19.0,18.0
10876ffa7227a74d878729d3f6bea35d,pet_shop,46.0,474.0,10.0,2500.0,45.0,15.0,28.0
0c3d6918621fbc7eb3c1dbb40d36b746,eletrodomesticos,60.0,136.0,1.0,300.0,27.0,13.0,17.0
7ac6cda1ec564b21b2daa9dc0973c1df,brinquedos,60.0,291.0,4.0,501.0,27.0,22.0,22.0
4b2ab372456de58e4d5588f0fed9a065,fashion_roupa_masculina,40.0,322.0,1.0,650.0,20.0,20.0,20.0
5a76b277c6c31033b89362512fb80274,cama_mesa_banho,41.0,104.0,1.0,500.0,20.0,10.0,15.0
5ec2e292f7f45809fd14d9f45583e2c1,cama_mesa_banho,60.0,560.0,1.0,350.0,30.0,18.0,22.0
5fb8e63ae576fbfbd243c50c5ce74050,telefonia,59.0,603.0,1.0,275.0,18.0,4.0,12.0
4ce6c1b5cfe26c9f980438fc1c810f8d,construcao_ferramentas_jardim,57.0,1227.0,1.0,6200.0,76.0,28.0,18.0
c4fc41aafff1435a44e93e06adc74bbf,informatica_acessorios,56.0,431.0,2.0,100.0,16.0,8.0,11.0
b0c8da302d49498d2ce6be8c631e4e20,informatica_acessorios,24.0,401.0,1.0,213.0,18.0,12.0,13.0
7ace8e994998f636a12d3cdc71c6b942,informatica_acessorios,39.0,290.0,1.0,117.0,23.0,14.0,14.0
a6ad77b15e566298a4e8ee2011ab1255,moveis_decoracao,45.0,660.0,1.0,3450.0,23.0,35.0,35.0
b7d3e30e28d937c46e0a72024c6cdc67,relogios_presentes,36.0,521.0,3.0,550.0,38.0,12.0,38.0
44fded21627553d1886d459384bbce06,eletronicos,56.0,280.0,1.0,150.0,25.0,7.0,16.0
a9f480bfc49f0b85e8394e1cdf685b4e,brinquedos,33.0,69.0,4.0,5700.0,39.0,30.0,29.0
876a3339df70e1a65e56eb7715687787,esporte_lazer,56.0,985.0,1.0,783.0,19.0,19.0,19.0
99563e23b641c8a43e04e528c10002e9,beleza_saude,60.0,919.0,1.0,150.0,22.0,3.0,15.0
5f61715df376d28bae7088fde14894e9,cama_mesa_banho,56.0,574.0,4.0,6050.0,50.0,18.0,40.0
bd158bef6c521e26c8af76664c4d167d,bebes,48.0,350.0,1.0,250.0,16.0,15.0,15.0
2748fba16a62f912134f7991548c3cee,malas_acessorios,35.0,363.0,1.0,3715.0,54.0,58.0,16.0
fa4e84908e2dca7e8d5c267baa88cfbb,cool_stuff,34.0,440.0,7.0,1850.0,28.0,10.0,25.0
753a7c03962394fbdf40fbe595048b89,cama_mesa_banho,59.0,278.0,1.0,450.0,16.0,20.0,15.0
8ab78b6f871fd72d1ef38097498b70b7,construcao_ferramentas_construcao,59.0,1810.0,1.0,1650.0,16.0,11.0,11.0
b192be433004cc1f10b467c0e9ea309b,informatica_acessorios,57.0,977.0,1.0,725.0,25.0,8.0,24.0
57d2fa6882b789ad55e86074398826c4,perfumaria,57.0,514.0,2.0,1500.0,20.0,20.0,20.0
8792fbc1d128e768d160a74148aedaaa,esporte_lazer,25.0,1301.0,1.0,200.0,16.0,10.0,14.0
7932fcce65e2aee84d6feb4a288f9cb9,fashion_underwear_e_moda_praia,60.0,981.0,1.0,200.0,16.0,2.0,11.0
b8d9462d449fe376dcbefb544450ecce,perfumaria,31.0,1009.0,1.0,1150.0,23.0,14.0,14.0
851f4830cdcb436185cfcc40b8bffb15,moveis_decoracao,54.0,1757.0,2.0,700.0,60.0,7.0,11.0
6ed8558c820f37754cef08c7719d34f1,esporte_lazer,39.0,159.0,1.0,3783.0,30.0,25.0,28.0
62f423e57a8c157d3877ee5867d7db88,informatica_acessorios,51.0,2385.0,1.0,50.0,30.0,30.0,25.0
ece54c93627dcd4a6352b330d5052678,esporte_lazer,55.0,1381.0,4.0,1050.0,40.0,20.0,20.0
ecf9484703bdfb9cfcc1ac9c2084b567,utilidades_domesticas,57.0,270.0,5.0,11400.0,45.0,19.0,45.0
aef98ce647739e381bae28e004c63235,utilidades_domesticas,52.0,904.0,4.0,200.0,22.0,7.0,15.0
6186e311c6a52e7438c538015e82cda4,automotivo,51.0,387.0,1.0,283.0,17.0,9.0,14.0
e25f22a38cdc5a14a51ade281eebd0e9,eletronicos,55.0,609.0,1.0,450.0,19.0,9.0,13.0
96d80c8b6c6545a30eb5bdc4961455f3,eletronicos,55.0,486.0,3.0,213.0,16.0,7.0,12.0
12cfb75a481057d8c401f03f870a3305,esporte_lazer,46.0,527.0,7.0,350.0,20.0,10.0,20.0
96b4ceeea5f4e3997ac6543f49a4f138,perfumaria,56.0,416.0,1.0,950.0,20.0,10.0,20.0
03aad9707028422f38b0563410912177,cama_mesa_banho,49.0,591.0,1.0,1500.0,38.0,11.0,30.0
0cb4e1aa97c8535093fc677376536b4c,pet_shop,58.0,632.0,3.0,700.0,55.0,7.0,39.0
a41d9e51c365f6e2f5eb1f98fa4097eb,beleza_saude,47.0,405.0,2.0,150.0,20.0,20.0,20.0
8edf8f0889f2cf40d743f3b983aebd3b,automotivo,56.0,294.0,1.0,1700.0,30.0,10.0,60.0
56c1cf251f11ba5c5f1dd029fa148363,brinquedos,44.0,216.0,2.0,400.0,45.0,15.0,35.0
dc93254d4d00a9ff3b05490e585e5376,brinquedos,50.0,593.0,2.0,700.0,30.0,10.0,20.0
d839c79a48d4a34a404b96085446aaa7,brinquedos,31.0,398.0,2.0,1000.0,23.0,31.0,27.0
7384fb8f06ad25539cdc1f9f56d02947,fashion_bolsas_e_acessorios,58.0,391.0,4.0,300.0,25.0,25.0,12.0
5c86703f3b01f9df579c3a6232bb908b,eletronicos,41.0,408.0,1.0,200.0,22.0,11.0,16.0
47cd48073d67f91f09cb5ef9496c920b,cama_mesa_banho,52.0,248.0,1.0,2584.0,68.0,17.0,49.0
76acdd98759c649f3b6ecd0dc8576c8e,esporte_lazer,58.0,402.0,1.0,650.0,16.0,7.0,13.0
f48b3c028081f637a45e3374cf0061ec,fashion_bolsas_e_acessorios,34.0,534.0,5.0,400.0,21.0,12.0,11.0
bbff7e0ea95dd990ce461d8104ee9173,eletrodomesticos_2,57.0,1933.0,4.0,15300.0,75.0,22.0,44.0
543fd1c1fba9cfa6e424473dd4d830f0,beleza_saude,59.0,1278.0,1.0,550.0,27.0,10.0,22.0
cf492edce9b45b948fae7ca5cfb4c24c,climatizacao,53.0,1191.0,1.0,200.0,20.0,11.0,11.0
e6c281e2c53db0da44ecb84c5451d25e,informatica_acessorios,54.0,897.0,5.0,175.0,17.0,8.0,13.0
8fd0367b363b1c5cdce93b1f60116f88,cama_mesa_banho,36.0,234.0,1.0,4925.0,42.0,26.0,32.0
626fcce994b573d0bd54d6447d5badd3,,,,,300.0,18.0,6.0,11.0
de916cab431520b8d1980c24bf4dd473,brinquedos,52.0,20.0,1.0,2950.0,25.0,30.0,20.0
b2a90ba22313bc64caf4664c557a7703,ferramentas_jardim,57.0,783.0,4.0,1275.0,45.0,16.0,45.0
20415eb4f2c37838abe474b4d601da86,utilidades_domesticas,51.0,101.0,5.0,7000.0,45.0,19.0,45.0
02f5620577c231921c3b01678005d2ba,papelaria,60.0,574.0,5.0,500.0,21.0,7.0,15.0
56e841b3011bbc87265ef5c05544e7c1,eletronicos,52.0,209.0,1.0,200.0,22.0,6.0,16.0
641a45900528e8324c4848dda4e0a3fa,utilidades_domesticas,55.0,303.0,1.0,250.0,30.0,30.0,30.0
4efd35570dbaaa27e216bd8bf3ed4cf3,moveis_escritorio,26.0,1148.0,1.0,15925.0,44.0,57.0,27.0
b3a3a5bfa5a1ee872afa9c86b8a0d0fa,beleza_saude,46.0,583.0,1.0,1050.0,19.0,8.0,12.0
d0807c73a4a44baf809ff7bee3ea5c97,cama_mesa_banho,58.0,723.0,1.0,1350.0,33.0,10.0,29.0
ce098d2a36ef6a9b6658f0ffd3e37ae4,relogios_presentes,60.0,193.0,3.0,200.0,16.0,2.0,11.0
1b28754d4c3737f9655d4a27c118bcd5,automotivo,43.0,671.0,2.0,2800.0,30.0,30.0,30.0
75b44a10da90b5dbfcfb773c62a492c5,esporte_lazer,52.0,3245.0,6.0,1600.0,21.0,26.0,24.0
e7f79c79a485447b88964a9d0b86fe45,perfumaria,45.0,971.0,2.0,67.0,16.0,12.0,14.0
b883409932bf862f43008f116a06cda5,construcao_ferramentas_construcao,51.0,3436.0,1.0,15650.0,32.0,34.0,32.0
3eac3be4413c51ec917d2108ab24e69c,,,,,8750.0,36.0,27.0,54.0
679c97b6819e657c506237438cacf60f,relogios_presentes,53.0,566.0,2.0,250.0,16.0,11.0,11.0
f34707f5f83dbd799b36e79242802784,telefonia,53.0,463.0,2.0,150.0,17.0,8.0,14.0
23ed7a10a36c6f88a757a9c83df9ea20,perfumaria,31.0,329.0,1.0,471.0,18.0,12.0,15.0
ca169d8dceee80e88508bc636a2aac96,cama_mesa_banho,53.0,167.0,1.0,1900.0,47.0,7.0,35.0
2f70195374f6c3d3c6542edf5bd17c8c,relogios_presentes,59.0,179.0,3.0,250.0,16.0,2.0,11.0
efdc6e0a04b68a8c329d485ab2bde52e,cool_stuff,37.0,936.0,1.0,400.0,20.0,16.0,20.0
b5e2d4b3fa2f9ecad4c1df951afcc8ce,esporte_lazer,51.0,2251.0,5.0,300.0,16.0,11.0,11.0
7c898e0b8ea203dd94ba846627fc34d1,moveis_escritorio,33.0,1207.0,1.0,12650.0,54.0,54.0,18.0
f051c57c7f088f7698700e4347549025,pet_shop,46.0,497.0,2.0,250.0,30.0,10.0,17.0
5d030df086e7b38e143350d4c99db48d,moveis_sala,17.0,267.0,3.0,30000.0,60.0,50.0,70.0
0fb9aa9a6103872d8f580d721e099f89,construcao_ferramentas_jardim,32.0,1908.0,1.0,3863.0,19.0,20.0,19.0
c2849941c090e1ee1732b25aaf01b397,relogios_presentes,45.0,359.0,1.0,250.0,16.0,9.0,12.0
562970ce0462981e1699d50878a10450,utilidades_domesticas,57.0,1348.0,9.0,375.0,28.0,11.0,15.0
cbff1df298f7bfd7b65557cfc4133d62,beleza_saude,44.0,1168.0,1.0,450.0,16.0,21.0,20.0
316a71b4e7fd164c8f70e6a505044a69,casa_construcao,30.0,595.0,4.0,600.0,17.0,20.0,17.0
9d6332c3e975253362b8cfbbd71f5a25,cama_mesa_banho,55.0,483.0,1.0,350.0,16.0,10.0,16.0
6f3b5b605d91b7439c5e3f5a8dffeea7,relogios_presentes,35.0,640.0,1.0,335.0,17.0,11.0,16.0
e9b3cf27d68caa64832c4a7c460abcb9,market_place,43.0,1373.0,3.0,1200.0,40.0,10.0,30.0
111d0b1e69f349615615113cf6b275fa,esporte_lazer,48.0,350.0,3.0,750.0,50.0,15.0,15.0
907c096bf89737ef081eeba5c13991b0,perfumaria,46.0,350.0,1.0,250.0,23.0,18.0,21.0
93379aae3263d95b317cf987e99d9d0a,esporte_lazer,37.0,571.0,1.0,200.0,18.0,9.0,13.0
1878fcfa202ce65b4bfaa9d16250ee86,moveis_escritorio,46.0,1198.0,1.0,7725.0,53.0,51.0,18.0
25c38557cf793876c5abdd5931f922db,bebes,58.0,1447.0,5.0,15800.0,38.0,62.0,57.0
0b1b954cb171434674907a8da1778e11,construcao_ferramentas_construcao,45.0,127.0,5.0,7400.0,60.0,20.0,40.0
1e571e871a93944c5c48e6226f2cd94e,beleza_saude,63.0,2652.0,1.0,400.0,20.0,20.0,20.0
f7442dbcf090d2436e0321688ecf7d0b,esporte_lazer,56.0,1457.0,1.0,1700.0,16.0,16.0,16.0
786248c98cab9ad5cccdb751909da1af,papelaria,60.0,339.0,4.0,200.0,16.0,10.0,16.0
1b28df0b54809d40f2bd2f2218c601a2,alimentos_bebidas,59.0,3762.0,1.0,875.0,23.0,17.0,17.0
259bd66612b61aa4e82ce3cde9272bbc,utilidades_domesticas,57.0,970.0,5.0,250.0,16.0,4.0,11.0
849bbcb8cdb844f1cb82330de929a1e5,malas_acessorios,48.0,595.0,2.0,1400.0,33.0,16.0,45.0
5dbd7cc557840defa81a4a99590b215e,utilidades_domesticas,58.0,1212.0,1.0,2575.0,29.0,28.0,28.0
bbdb487c5f9a780a6a574fe48ed37796,esporte_lazer,34.0,447.0,3.0,650.0,60.0,10.0,50.0
68bf40b3abd5ffc25981c25df9ed9087,papelaria,50.0,201.0,2.0,8550.0,60.0,20.0,29.0
eea1d0033f3735c72d0501fdc2be0437,moveis_escritorio,38.0,1274.0,1.0,22900.0,74.0,68.0,26.0
14555ba663de8689feacf1d0819cc3b3,esporte_lazer,42.0,660.0,1.0,2150.0,41.0,10.0,35.0
54bb3470c28291c7252832f0437ca469,cama_mesa_banho,58.0,207.0,1.0,500.0,50.0,11.0,40.0
f521813909e310116b6b2f0b11f3dd44,moveis_decoracao,54.0,576.0,4.0,750.0,17.0,20.0,17.0
f65da4eafdfa856de29dc7392408dd0a,brinquedos,60.0,940.0,3.0,4600.0,70.0,10.0,38.0
2acce4db469045e8f9a863028abce19d,telefonia,52.0,434.0,1.0,50.0,19.0,4.0,20.0
93469d43c0b67d96b6b9156ba384f78d,ferramentas_jardim,39.0,274.0,1.0,100.0,16.0,2.0,12.0
86766d5e84f560b949d8a4582e9fdbdb,cama_mesa_banho,63.0,665.0,1.0,2910.0,42.0,16.0,36.0
2efe8f5e5c3b7327473c75cf2f11bb02,perfumaria,54.0,209.0,1.0,350.0,30.0,10.0,30.0
31cddbc370031fbb839a21441df28015,beleza_saude,45.0,400.0,2.0,433.0,19.0,14.0,15.0
672a21bf17c63f71edbe01ecb9b14814,pet_shop,34.0,761.0,1.0,6800.0,45.0,20.0,45.0
4cafc445fc7535c3b41b8978c0ce68dc,industria_comercio_e_negocios,36.0,1109.0,1.0,5550.0,36.0,51.0,18.0
3f56545df76cf762c62d35d987a29962,cama_mesa_banho,48.0,701.0,1.0,1000.0,50.0,12.0,12.0
62fd674a590e093bfc9aa9515d94caee,ferramentas_jardim,59.0,548.0,3.0,2500.0,27.0,16.0,32.0
1e2e095149b3e9ca487d9c2d8c20378b,relogios_presentes,30.0,506.0,1.0,600.0,17.0,13.0,14.0
73f904226d62f004bbd49c022e686999,perfumaria,42.0,386.0,1.0,513.0,24.0,13.0,17.0
45986044725e448e85eb0d81251a8892,cama_mesa_banho,50.0,484.0,1.0,3950.0,70.0,20.0,70.0
19ae992992da3f4401e014758f5d58dd,beleza_saude,38.0,1475.0,1.0,400.0,17.0,17.0,15.0
349ce46a0e2e20054aa9d80c48af8816,construcao_ferramentas_iluminacao,41.0,971.0,1.0,1300.0,16.0,19.0,16.0
ee406bf28024d97771c4b1e8b7e8e219,cool_stuff,54.0,629.0,1.0,1050.0,36.0,24.0,22.0
98ba4d6506268560a9b0a03b6ae02636,malas_acessorios,54.0,812.0,5.0,2700.0,19.0,49.0,34.0
8f5b9d7258ddc83215b7efa05e73825f,,,,,6200.0,28.0,40.0,32.0
4ba9263261711e19aa09a61e3ab72316,eletroportateis,54.0,772.0,2.0,750.0,25.0,10.0,18.0
82b73150f90f4fef92913e35b9984bb7,utilidades_domesticas,40.0,545.0,3.0,2200.0,48.0,25.0,25.0
857dae9f7ebd67d5920e6543f24c3841,cama_mesa_banho,41.0,729.0,1.0,4700.0,20.0,30.0,30.0
629e019a6f298a83aeecc7877964f935,automotivo,57.0,1166.0,5.0,1750.0,30.0,30.0,30.0
adb1f1939b613f3078806b6afcca0e51,esporte_lazer,57.0,1235.0,1.0,4250.0,20.0,20.0,20.0
697b581688dd771021a47554cbff8f94,automotivo,58.0,763.0,1.0,7200.0,64.0,9.0,64.0
4b04a764c875af7101955fbcd3989b7e,bebes,44.0,657.0,10.0,8150.0,39.0,20.0,46.0
2d72cf7f8c3240028550efb165045073,instrumentos_musicais,53.0,1016.0,4.0,300.0,25.0,4.0,20.0
14ad6805c263d8d758d648f46a06570e,bebes,30.0,782.0,1.0,350.0,18.0,14.0,18.0
1d25200882dc5bcbff689ba2ba117f9f,cama_mesa_banho,55.0,290.0,2.0,17100.0,56.0,38.0,48.0
2020db9c389956e879dd05e6250413d8,malas_acessorios,24.0,519.0,5.0,4000.0,38.0,52.0,22.0
3b0fbb3ab5b1512278d2e1c695b07e85,cama_mesa_banho,44.0,273.0,1.0,400.0,40.0,5.0,30.0
7bcf2266b78ccc737b8f26f925d3c5d4,perfumaria,37.0,1209.0,3.0,135.0,17.0,4.0,12.0
42fffc68ff7e8176f11baaf4a4227557,beleza_saude,35.0,1553.0,1.0,1600.0,20.0,20.0,20.0
1d9fc0078db05f802e870d7601042c29,automotivo,55.0,292.0,3.0,75.0,20.0,2.0,15.0
4372c58b785f6a6e66899e62099b6ef2,pet_shop,55.0,922.0,3.0,900.0,20.0,20.0,20.0
ec322025096f33818acee169e97d5b97,beleza_saude,49.0,1655.0,2.0,250.0,24.0,6.0,23.0
3429d7e4892a2df967fae671f4c98deb,beleza_saude,53.0,1125.0,3.0,5700.0,34.0,29.0,34.0
bfc0d01be79d9038c7720f983bf954e0,relogios_presentes,59.0,2852.0,2.0,950.0,40.0,20.0,12.0
689c51a11e9c5daefc1f9b0782e28fcf,papelaria,47.0,127.0,1.0,150.0,20.0,6.0,11.0
6cc77f7f5a82f5afe9ededad3e9d9400,cool_stuff,53.0,385.0,1.0,1783.0,35.0,7.0,35.0
4c1bbc12438daec98a77243c2bf7a3ba,moveis_escritorio,24.0,985.0,1.0,15475.0,81.0,7.0,83.0
223d34a3d9334039f5ff9511dc044bbb,telefonia,50.0,1246.0,1.0,900.0,23.0,7.0,16.0
cec6b4ac0968c2cb31bf465a834aa831,beleza_saude,39.0,1705.0,1.0,513.0,18.0,14.0,14.0
090d6db6ad440d35cef0726b5a8bec14,utilidades_domesticas,19.0,97.0,1.0,7300.0,53.0,33.0,33.0
9b8bc17a236d09185c2101d0a02f8487,cool_stuff,63.0,1406.0,6.0,1250.0,31.0,16.0,23.0
a514c9314e6d8af09721786a8ab34c7e,papelaria,57.0,502.0,2.0,150.0,18.0,2.0,11.0
dca8cbb1c9d8a2db0fbc0c36b8d1a7bc,audio,42.0,671.0,5.0,200.0,16.0,2.0,11.0
1302fd16bdfe85e523940c846370ef2c,construcao_ferramentas_iluminacao,31.0,309.0,1.0,13450.0,95.0,30.0,20.0
f555f8c0d7d8e7a84284ef3cc3d6b84e,esporte_lazer,53.0,1275.0,2.0,200.0,19.0,5.0,13.0
b8762d562d810c2f8d7ad7e9c12957be,utilidades_domesticas,38.0,130.0,1.0,350.0,20.0,45.0,20.0
4244733e06e7ecb4970a6e2683c13e61,cool_stuff,58.0,598.0,4.0,650.0,28.0,9.0,14.0
04df667e73ca2fab4b9a97c86466b699,relogios_presentes,34.0,541.0,1.0,404.0,22.0,14.0,17.0
e4ca5b20cfe1a020e15e36fe14e880ee,eletronicos,46.0,331.0,1.0,125.0,20.0,13.0,18.0
c71a9c53596bf311acd9e298a0b3dc42,eletronicos,60.0,225.0,1.0,167.0,21.0,9.0,14.0
b9ca577f48894c59a9677f895f9a44bc,livros_interesse_geral,54.0,582.0,5.0,1350.0,36.0,26.0,16.0
c19d5ba108c34b8255cf9a524da92bc4,informatica_acessorios,40.0,413.0,5.0,150.0,16.0,16.0,20.0
e4ad97ce352e46bebac92018f6ed976d,papelaria,51.0,205.0,2.0,7750.0,28.0,55.0,37.0
746c36df2702006bac777bbb9bf8a0a5,esporte_lazer,43.0,1545.0,1.0,700.0,16.0,15.0,15.0
c41cb239626c439032c226463d082c9c,moveis_escritorio,35.0,2524.0,1.0,16100.0,58.0,28.0,58.0
1fd3bb291e0dba9d6081eb914303993b,utilidades_domesticas,33.0,247.0,2.0,350.0,30.0,30.0,30.0
515778ec4dcf81869530fe93e6710ef8,automotivo,54.0,383.0,2.0,100.0,16.0,10.0,15.0
616042729c11849827291496b18e9ec5,esporte_lazer,45.0,891.0,1.0,300.0,16.0,16.0,16.0
b59b5899ecf4bcc294a72fdd48adaa94,telefonia,55.0,419.0,3.0,225.0,17.0,6.0,13.0
b2572a992f6ea1d1a7eb518d54e64620,moveis_decoracao,26.0,669.0,4.0,3600.0,26.0,24.0,50.0
df5a9191c2465bb6f8538b6b3371e019,cama_mesa_banho,56.0,1237.0,3.0,663.0,31.0,6.0,31.0
0b0918a3b5efe0c8ea609a26b14e1bff,telefonia,60.0,752.0,6.0,300.0,17.0,4.0,12.0
f9259c9e7c0f12c70f7a81409680a5ff,esporte_lazer,45.0,407.0,2.0,925.0,52.0,21.0,33.0
90887320b08d184abea26df9426a01e9,construcao_ferramentas_construcao,58.0,338.0,1.0,1450.0,20.0,8.0,20.0
0c79aab7a6a2449f932887fb3c8d0127,automotivo,43.0,420.0,3.0,250.0,18.0,9.0,14.0
b60856ce32d90658dbf99b9485327c25,eletronicos,40.0,429.0,1.0,150.0,25.0,7.0,16.0
81de659bfde3389fc8614bfba92e585a,moveis_decoracao,52.0,757.0,1.0,11450.0,45.0,35.0,45.0
17955d2806f5d00146744b206f2dee1a,informatica_acessorios,53.0,229.0,1.0,567.0,27.0,14.0,12.0
490b7f74cbef35be4b6b69bb5f177386,esporte_lazer,43.0,1158.0,1.0,150.0,16.0,17.0,22.0
0c46413e9062e5e91fdf39a9142427b5,fashion_bolsas_e_acessorios,32.0,434.0,1.0,100.0,17.0,3.0,12.0
7bba94ded780db46c857a6ce6db81c5a,automotivo,57.0,487.0,2.0,50.0,16.0,2.0,11.0
89321f94e35fc6d7903d36f74e351d40,alimentos,59.0,982.0,1.0,150.0,17.0,13.0,13.0
35099f8f045d9d26eca4cd4dfedf7320,perfumaria,33.0,738.0,1.0,500.0,16.0,16.0,16.0
75c06ee06b201f9b6301d2b5e72993f8,perfumaria,54.0,939.0,1.0,50.0,16.0,5.0,11.0
9a5393d4713520f3751a62e79de3dfbe,automotivo,55.0,105.0,4.0,7600.0,45.0,14.0,18.0
740d6d43b4024544171093587908a23d,esporte_lazer,41.0,1215.0,1.0,3600.0,36.0,23.0,21.0
b69eb25e3a4def8e9cddee18712e0c5e,cool_stuff,59.0,993.0,5.0,7750.0,34.0,33.0,33.0
d47b66f4d980a10ae5c5aa2222928741,beleza_saude,34.0,1425.0,1.0,717.0,31.0,15.0,22.0
25f86162fee18735fffdb762dcb10d7c,cama_mesa_banho,58.0,2400.0,2.0,10800.0,54.0,27.0,36.0
ad2037645597db38527fe3afbe226af2,bebidas,48.0,886.0,2.0,850.0,22.0,17.0,17.0
1179867d805886591809f49767db9ecd,informatica_acessorios,52.0,570.0,1.0,1350.0,23.0,9.0,23.0
6421588f55f75de28cb3357e07723d14,cama_mesa_banho,59.0,641.0,3.0,1050.0,16.0,10.0,16.0
979473e8af1d4eaf4b889a0ba32834ce,cama_mesa_banho,54.0,559.0,1.0,1050.0,16.0,10.0,16.0
fac21a1c91c8001793435c475fa7f032,musica,58.0,490.0,3.0,250.0,24.0,12.0,20.0
1eb85357e22bf0c8c2a6f10eafad8423,consoles_games,49.0,496.0,2.0,700.0,17.0,7.0,17.0
8e62a6c85ba7c71b607e8e7fdcefe109,utilidades_domesticas,59.0,1053.0,4.0,550.0,16.0,8.0,11.0
49edaf05a81224abe21b929ea492ccf9,esporte_lazer,50.0,906.0,5.0,4375.0,42.0,26.0,33.0
f67f7aa7e27d08018022abb4bdc90a38,cama_mesa_banho,54.0,133.0,3.0,750.0,32.0,9.0,24.0
774ea72f37a7fbf1fb32b973a18f2348,construcao_ferramentas_jardim,47.0,886.0,5.0,5050.0,40.0,16.0,50.0
886321836971176f30bc1eff5237c263,cama_mesa_banho,54.0,559.0,1.0,600.0,16.0,10.0,16.0
fb34a3bfc66ae09f045f9613fdb7bb5c,,,,,600.0,39.0,8.0,15.0
06acd3480e6a1afb023ad0eb8cdeecca,utilidades_domesticas,32.0,374.0,1.0,500.0,26.0,22.0,21.0
943c812216923e4244e83099e0c62a08,beleza_saude,59.0,1912.0,4.0,1000.0,16.0,27.0,25.0
cad2db5e318d7283a234c517b2f28a42,cama_mesa_banho,60.0,259.0,1.0,1600.0,30.0,5.0,30.0
89b121bee266dcd25688a1ba72eefb61,informatica_acessorios,54.0,1169.0,1.0,150.0,16.0,16.0,16.0
6e77b89d36e50217e6793780a8ce5c82,telefonia,60.0,777.0,6.0,300.0,17.0,4.0,12.0
3da76d120922f2c5c94b3ec02db563c9,utilidades_domesticas,56.0,498.0,5.0,4100.0,31.0,31.0,29.0
abc3432ff825d8e524db1d4eac6d2099,telefonia,54.0,713.0,4.0,150.0,17.0,10.0,13.0
35084deab9603bbb6035bb8638b1df89,moveis_decoracao,49.0,100.0,1.0,1200.0,25.0,25.0,20.0
cdd914e78124a73cc28a165cfc4a0bbc,livros_tecnicos,34.0,1580.0,1.0,1800.0,29.0,3.0,21.0
5b8a5a9417210b1b84b67b9a7aefb935,informatica_acessorios,58.0,509.0,1.0,117.0,21.0,12.0,13.0
bf35317e81a1e1477a2256328bce9e9f,perfumaria,53.0,1580.0,2.0,300.0,16.0,10.0,20.0
f282b8032570cf3ce692b8ea7e1b6c53,bebes,40.0,470.0,2.0,8350.0,44.0,32.0,35.0
7d0e0214a0852cf0c90032c7992cf27f,market_place,51.0,144.0,2.0,125.0,10.0,9.0,11.0
f05360c6dc6802b210e182b40509fd15,esporte_lazer,42.0,345.0,1.0,283.0,18.0,16.0,16.0
f84d16882251975d1c1d1c64d551c330,automotivo,40.0,1006.0,2.0,5700.0,97.0,3.0,47.0
bc4c74766d34e4f4f9b803e75d1e689d,relogios_presentes,55.0,570.0,1.0,320.0,17.0,10.0,12.0
c74a37316ea4fc5a410fc4ff2429a048,relogios_presentes,51.0,1088.0,2.0,450.0,16.0,11.0,12.0
2f178dc91b792930e1ff40a77a123506,telefonia,55.0,588.0,2.0,369.0,15.0,13.0,13.0
24dd446745b812ef3347d7ae00f5541f,eletroportateis,52.0,1076.0,1.0,1750.0,20.0,16.0,20.0
4a25d757ff72fad7534f478c90be77e6,telefonia,59.0,751.0,6.0,275.0,18.0,4.0,12.0
6ff1fc9209c7854704a4f75c9fac41b4,agro_industria_e_comercio,59.0,489.0,2.0,233.0,16.0,5.0,13.0
17f1ed2a8b51d7dfdd9fec1ecc1c9abd,automotivo,38.0,406.0,1.0,600.0,20.0,10.0,20.0
664085fcb2616db929da15dc9ac204b4,telefonia,58.0,818.0,6.0,350.0,17.0,4.0,12.0
2f11a6e56500357acc716ab4c17d5bde,brinquedos,35.0,188.0,1.0,600.0,25.0,25.0,20.0
08ef02b6aae73ad3a385cf1342f609c7,cama_mesa_banho,27.0,423.0,1.0,250.0,16.0,12.0,11.0
980036ff323e235a27b7999d343a8990,cool_stuff,33.0,703.0,9.0,600.0,16.0,9.0,11.0
e17f3829efe631232dabc33c6ab9109f,automotivo,60.0,651.0,5.0,6875.0,64.0,5.0,39.0
8bfcd04b543971c83e16de0ab446407d,utilidades_domesticas,31.0,948.0,5.0,150.0,17.0,19.0,14.0
4573d8f4ebc14fa74542265b9c01d065,eletrodomesticos,60.0,92.0,1.0,150.0,18.0,8.0,13.0
217967bea3b974779feb2aabef6c9592,eletronicos,37.0,204.0,1.0,100.0,22.0,6.0,16.0
79be3804af052f5d6a473dfdeaa38f06,informatica_acessorios,59.0,164.0,2.0,50.0,13.0,9.0,11.0
246bb3747799aedac65feef38ac9e734,consoles_games,54.0,1336.0,2.0,600.0,18.0,12.0,18.0
3f14d740544f37ece8a9e7bc8349797e,informatica_acessorios,44.0,655.0,1.0,321.0,19.0,14.0,13.0
f890ca4c2a406d04b85f3e33c425213d,relogios_presentes,42.0,263.0,1.0,575.0,16.0,14.0,14.0
ec2f95440d5e5376e3a25c8106f5ba76,audio,27.0,1479.0,2.0,300.0,20.0,16.0,16.0
afe60f026d04f54945ecf4c085eff7f5,informatica_acessorios,56.0,235.0,1.0,633.0,26.0,13.0,12.0
0bdd9a52d192d64770e33ae559512478,relogios_presentes,55.0,324.0,5.0,250.0,16.0,2.0,20.0
8b6ede776c9602a1db79d27547ff8253,informatica_acessorios,56.0,1105.0,2.0,400.0,16.0,2.0,20.0
5a4491fb73ef5c6689be17bfb30642eb,esporte_lazer,60.0,608.0,1.0,300.0,27.0,9.0,14.0
8999ae93f98ab5d5b5f5efbd4c2b8f88,moveis_decoracao,22.0,232.0,1.0,400.0,16.0,14.0,16.0
5650f9e1f73d0a1c0176988cf2e950d5,esporte_lazer,55.0,2070.0,1.0,400.0,16.0,11.0,12.0
b7545fcb6846edbe119f90a80889b31d,cama_mesa_banho,55.0,284.0,1.0,5550.0,45.0,15.0,35.0
fd1446e03cb63518fdc2d2e91f6208b2,papelaria,53.0,175.0,5.0,250.0,24.0,7.0,14.0
dc36a7859b743d8610a2bbbaea26ece9,moveis_colchao_e_estofado,29.0,2073.0,2.0,2500.0,41.0,21.0,21.0
3ea7e516d573a0445abc7cab48949be0,fashion_bolsas_e_acessorios,45.0,429.0,2.0,200.0,16.0,8.0,11.0
e87c931c62c20f4b62ea85af5e22538a,cama_mesa_banho,54.0,683.0,1.0,833.0,29.0,2.0,28.0
68c923fddf7f83316b53252eaf830724,cool_stuff,33.0,892.0,1.0,1000.0,42.0,25.0,15.0
5ec1f2abfcd415baea5b1729d4cc5f83,automotivo,55.0,1034.0,3.0,3550.0,21.0,16.0,16.0
ec5b3c8bb77ad22278f6e9d719a83de3,casa_conforto_2,46.0,348.0,1.0,700.0,65.0,18.0,28.0
c105ffe5631ecf052dd611db3693968f,perfumaria,22.0,438.0,1.0,300.0,16.0,16.0,16.0
3ce7358fb633d033a700464c6a82e0bb,eletronicos,50.0,573.0,5.0,6200.0,48.0,9.0,21.0
91d61438eb9c4168814ac58103174e40,telefonia,33.0,315.0,3.0,90.0,19.0,3.0,11.0
14d171d5043b1b2e14498f580e6225eb,cama_mesa_banho,52.0,330.0,1.0,600.0,16.0,10.0,16.0
b4fc7e84dcaf2fcf3edb234e30362929,esporte_lazer,55.0,3876.0,1.0,1300.0,22.0,27.0,22.0
7697c75660a647dda82cac88c20a77b9,instrumentos_musicais,49.0,251.0,1.0,733.0,19.0,17.0,18.0
863c150f7756157ab06ad61737ce9a16,beleza_saude,25.0,358.0,1.0,534.0,27.0,24.0,23.0
93ad397044e27dfead96813e2f895acd,relogios_presentes,48.0,445.0,3.0,400.0,16.0,10.0,17.0
6d43aa08ee344527fc3e86b90cfd2379,brinquedos,54.0,66.0,5.0,1000.0,20.0,31.0,30.0
6463e442310f2f4f321c83a32d8c662b,beleza_saude,42.0,920.0,1.0,350.0,19.0,10.0,15.0
b10eba910a974df70b8a12d0665cdb9e,cama_mesa_banho,46.0,246.0,1.0,550.0,51.0,4.0,41.0
da7da0c2d3f2dbb32bee4ad3cf467fc6,ferramentas_jardim,57.0,267.0,2.0,100.0,17.0,7.0,12.0
195d8e91830247a20eee5eb4c4236294,cool_stuff,32.0,1313.0,3.0,1000.0,27.0,22.0,39.0
eed5cbd74fac3bd79b7c7ec95fa7507d,,,,,5900.0,40.0,40.0,40.0
d2d39433df84064b1556612cc52cefca,relogios_presentes,54.0,199.0,5.0,250.0,16.0,2.0,20.0
ecbe1ef7e2903ff8b1d704ba78fa264d,esporte_lazer,47.0,920.0,1.0,902.0,19.0,21.0,16.0
eebbed5ed3b134eceb717496c47652ba,cama_mesa_banho,56.0,111.0,1.0,1750.0,30.0,20.0,25.0
6c706bd66d6df5b9eaa716699943efd0,moveis_decoracao,55.0,1908.0,2.0,1100.0,69.0,11.0,11.0
a0adc3041e9917104f3fea4ba995adcb,informatica_acessorios,47.0,3650.0,3.0,5825.0,48.0,37.0,25.0
77adf2a023d22fa0414ef9fc947c1c25,cama_mesa_banho,58.0,228.0,1.0,600.0,50.0,12.0,14.0
9613dd0d7c6c50922dbbda403223381c,utilidades_domesticas,48.0,535.0,2.0,1200.0,25.0,25.0,25.0
83fe1ea6fd12c51fcd341a9968e65cc3,brinquedos,40.0,403.0,1.0,1200.0,47.0,7.0,26.0
3ac618d307e5f58f1cb1f8b5e7195a28,automotivo,49.0,572.0,3.0,100.0,24.0,2.0,12.0
92503fc18ca14a8f32c182ce3f1b9f05,papelaria,59.0,140.0,2.0,3450.0,27.0,29.0,27.0
ed5122a6a757a4fea8f32a6fb95a5135,cama_mesa_banho,25.0,250.0,1.0,1938.0,48.0,11.0,41.0
b770fdfeb3598c315c74c881afdeacd7,automotivo,59.0,978.0,3.0,255.0,16.0,12.0,14.0
3e8defa155f10823f9e150b05ad71408,esporte_lazer,49.0,801.0,3.0,300.0,20.0,10.0,20.0
4606f0b0bceceb75e7a887e6b57cae3e,informatica_acessorios,43.0,583.0,1.0,814.0,32.0,16.0,15.0
9ad75bd7267e5c724cb42c71ac56ca72,cama_mesa_banho,60.0,259.0,1.0,1225.0,35.0,15.0,38.0
717e3638662e1747dea15a605cba7914,moveis_decoracao,46.0,107.0,1.0,1850.0,45.0,5.0,45.0
11250b0d4b709fee92441c5f34122aed,agro_industria_e_comercio,28.0,388.0,2.0,3000.0,30.0,30.0,20.0
5199c64bddaad759e3cc82d7fa449570,cama_mesa_banho,53.0,152.0,1.0,800.0,35.0,7.0,28.0
9223b2f02160aacde2903cf54f396658,moveis_decoracao,59.0,2259.0,2.0,1400.0,69.0,11.0,11.0
9858707a4804bd5fe5027290870c37cf,cool_stuff,55.0,409.0,2.0,10450.0,49.0,21.0,49.0
c0b677cf65712618cd0d86b9303aa61c,beleza_saude,60.0,3292.0,1.0,1800.0,16.0,11.0,15.0
f7fdb1768aa2ba6a019449b74810d43f,cama_mesa_banho,63.0,826.0,1.0,1500.0,43.0,5.0,30.0
40f9d700a4bf5e0d84c70d704147971f,esporte_lazer,56.0,1335.0,5.0,2000.0,50.0,17.0,30.0
35a3e0dd6e0b5b84dfd2997546da5df8,esporte_lazer,59.0,495.0,1.0,2886.0,45.0,17.0,56.0
caaa713799b547352795c831a14f1c3c,pcs,60.0,1949.0,4.0,2600.0,16.0,31.0,39.0
f889fb87b505b73de10c18b93352469f,beleza_saude,60.0,919.0,1.0,150.0,22.0,3.0,15.0
5f4f1408e6d6f0653e18c25131dceb77,brinquedos,57.0,365.0,7.0,500.0,20.0,20.0,20.0
0c9ff9d8ed9b9bdd825487b3a66e05f5,automotivo,55.0,620.0,1.0,7225.0,61.0,13.0,61.0
6f2a4da2fb20abf7cfb17f4ccdba0fdb,beleza_saude,59.0,2044.0,1.0,400.0,19.0,7.0,12.0
e2bb00220a167d9e60b6776ac33717bc,relogios_presentes,60.0,504.0,1.0,300.0,16.0,2.0,20.0
02a97df83a8a100c7d2b14a02aea6a3d,beleza_saude,46.0,378.0,1.0,400.0,21.0,16.0,18.0
adcbd0e9edf8b57778ef2a2aea870185,relogios_presentes,60.0,586.0,2.0,275.0,17.0,8.0,12.0
63a8fa4ae2d10ffc0daa5db78ad4ea4f,informatica_acessorios,34.0,254.0,1.0,850.0,34.0,14.0,15.0
a5215a7a9f46c4185b12f38e9ddf2abc,pcs,55.0,3632.0,4.0,2800.0,16.0,31.0,39.0
367871ca2236ba02679d121c50db7265,automotivo,48.0,839.0,4.0,1100.0,26.0,34.0,42.0
6ec18f98bd4eb7efc0989af1505a3f86,informatica_acessorios,48.0,159.0,1.0,525.0,18.0,15.0,17.0
ef20f423b410ed387987de53efb8f39f,moveis_decoracao,49.0,534.0,1.0,600.0,65.0,2.0,13.0
ddbb759beb54e5f4ce6e43018cc6d2ec,beleza_saude,55.0,2511.0,1.0,2483.0,27.0,21.0,22.0
6e49a0cef77b3e3680a0c842d0bb612d,esporte_lazer,60.0,729.0,5.0,150.0,17.0,15.0,16.0
13384f6452c53eb1f29768dc57f75903,moveis_escritorio,36.0,966.0,1.0,14850.0,33.0,38.0,39.0
f3ccdb9f9c7f31e0efd626e9110b85f5,artigos_de_natal,59.0,300.0,9.0,1800.0,40.0,35.0,40.0
06435c7fcaee30b55bdd89feb2ec9be7,moveis_decoracao,63.0,525.0,2.0,350.0,80.0,10.0,60.0
ba16581014183c8415da15145f3d4c24,moveis_decoracao,45.0,1563.0,3.0,9050.0,95.0,45.0,20.0
df9a33adaae6a97fd84067deb1074b6f,construcao_ferramentas_iluminacao,45.0,524.0,1.0,450.0,16.0,16.0,16.0
f908d3bf313a1308bfb2a46ea2685347,brinquedos,21.0,587.0,2.0,100.0,20.0,20.0,20.0
d6bbda35f0b8505c2f824f1d90295855,brinquedos,45.0,317.0,5.0,250.0,16.0,7.0,11.0
58727e154e8e85d84052cd22b0136c84,esporte_lazer,39.0,190.0,1.0,1175.0,31.0,22.0,19.0
9d49ed52b4ab22845825384114799748,relogios_presentes,54.0,657.0,2.0,225.0,16.0,11.0,11.0
24908bd1bd10700a84f4fd551a3a52b4,cama_mesa_banho,45.0,530.0,6.0,950.0,30.0,20.0,26.0
8babfe496d325893ecf4a9ddefb1b31c,cama_mesa_banho,50.0,568.0,2.0,214.0,22.0,3.0,20.0
cc971e0365873137b8bef2ebad633e6f,cool_stuff,54.0,1001.0,1.0,2400.0,42.0,25.0,15.0
4c6a40b5fdcc849875c3d0b3144ea1f5,eletronicos,54.0,680.0,1.0,300.0,17.0,12.0,17.0
6e97536d81d74f5020c95ca434c850f7,fashion_bolsas_e_acessorios,59.0,515.0,3.0,700.0,43.0,16.0,27.0
6a4a789c85b5704975300632152e595c,perfumaria,26.0,157.0,1.0,195.0,35.0,10.0,13.0
2948658cb6abc82847412be7201bfc4c,beleza_saude,59.0,1030.0,5.0,3500.0,36.0,25.0,21.0
0640a217fe729c5b8f61fd475f1fc22c,telefonia,60.0,786.0,5.0,350.0,17.0,4.0,12.0
84b28e3bb08a928eb998111b29adf0fe,bebes,48.0,536.0,1.0,14450.0,61.0,33.0,43.0
3fe46d73f7527ad59e36c21c3e783041,consoles_games,58.0,1099.0,1.0,900.0,30.0,30.0,40.0
3b42242085259cb66b6e577ae5173c76,cama_mesa_banho,33.0,1061.0,1.0,1600.0,26.0,21.0,23.0
7c1e2b3fa0233e46fb3bcdcb9919a72f,papelaria,24.0,853.0,4.0,3150.0,53.0,4.0,43.0
0de1e69dff6f40f9f71be7034a8bb8d2,perfumaria,42.0,388.0,1.0,579.0,21.0,13.0,17.0
30715b45872148dd5322eb2989228a43,cama_mesa_banho,51.0,290.0,1.0,6050.0,40.0,32.0,40.0
bc25318016b9db33106a908368443713,moveis_cozinha_area_de_servico_jantar_e_jardim,38.0,598.0,1.0,16600.0,27.0,46.0,27.0
c48c077b8b116d8da988077363070d9b,cool_stuff,30.0,880.0,4.0,767.0,29.0,11.0,23.0
2187a2f05e362364c24d44feaeb40243,brinquedos,39.0,740.0,3.0,1500.0,20.0,20.0,20.0
4308439e0d80d5fe03f17ba83b57c493,beleza_saude,61.0,3745.0,6.0,600.0,16.0,17.0,17.0
0e3f5da3b1d7aeb2b1aa661a99c4788c,moveis_decoracao,58.0,2434.0,2.0,300.0,69.0,11.0,11.0
1697727d6c82c23c7149c6c773683d2c,esporte_lazer,37.0,264.0,2.0,2600.0,28.0,28.0,20.0
7612afaa8218e79b3011243ed9edea9c,esporte_lazer,53.0,1135.0,5.0,3450.0,40.0,100.0,20.0
79351053555d5b98a09738e68f891f1a,cama_mesa_banho,60.0,269.0,1.0,3050.0,39.0,13.0,46.0
b24af8bca8813bcde4140ff8562f5e47,telefonia,59.0,314.0,6.0,250.0,17.0,4.0,12.0
7425866c309c057d4a7a4631c78e84d1,informatica_acessorios,41.0,927.0,1.0,3300.0,32.0,23.0,23.0
773089b6d8197748b1b173e39dd38ab6,utilidades_domesticas,57.0,377.0,1.0,600.0,16.0,25.0,16.0
43d9ce1b4573a087677c2bd656131b94,cama_mesa_banho,58.0,392.0,1.0,400.0,16.0,10.0,16.0
4d94f51353a058d28468a03ebe1aae33,brinquedos,53.0,331.0,4.0,12300.0,98.0,15.0,50.0
96ff741d2c7879406ec3054d6b2a11c8,relogios_presentes,49.0,578.0,6.0,200.0,16.0,2.0,11.0
fb7eda79f009c621d394406fc3c28d5c,fashion_calcados,54.0,451.0,5.0,3000.0,36.0,37.0,16.0
5a419dbf24a8c9718fe522b81c69f61a,cool_stuff,53.0,537.0,2.0,1800.0,34.0,5.0,34.0
e940125d0a3c309f58f41cd21e39af06,eletronicos,55.0,287.0,3.0,10550.0,30.0,105.0,20.0
4e18c6967304419be650ad67237966ce,eletronicos,40.0,669.0,2.0,250.0,20.0,10.0,16.0
a009a84a95de59e574851aef710ee0f3,eletrodomesticos,60.0,953.0,3.0,100.0,30.0,10.0,15.0
c4a75a5c2477e9b73590c227e72052b8,instrumentos_musicais,50.0,958.0,9.0,800.0,45.0,5.0,38.0
0db4869ac8a908414823d44d742f5ba3,moveis_escritorio,47.0,1158.0,1.0,17000.0,63.0,58.0,24.0
ba230fc7bcaa2f503c46d73098caeb66,eletrodomesticos_2,58.0,722.0,1.0,18250.0,45.0,95.0,25.0
8ae935cab2de3f74f4960de6ee604f90,utilidades_domesticas,44.0,396.0,1.0,350.0,25.0,15.0,25.0
5d6d8d46af864e4241365a5cd4980a53,bebes,53.0,1428.0,1.0,7500.0,20.0,30.0,82.0
bff67489d3a21dba020609ae1cbd65c7,moveis_decoracao,60.0,369.0,1.0,7000.0,45.0,18.0,35.0
1ce5b88456351c3b986532265a56d223,cama_mesa_banho,42.0,111.0,1.0,500.0,40.0,4.0,30.0
76f2f7a8fb20b4d5abffaf4a2599153a,esporte_lazer,55.0,2021.0,5.0,588.0,25.0,28.0,28.0
cde80dbf58c3a7c76f553442a9881715,beleza_saude,57.0,416.0,3.0,950.0,16.0,2.0,11.0
96f96ac6ce04504599e212a3d826361e,utilidades_domesticas,39.0,182.0,1.0,3700.0,43.0,13.0,33.0
d2fc2696871ca6b94af5deb0a8d5590d,livros_interesse_geral,32.0,1003.0,10.0,2500.0,17.0,25.0,12.0
0da9ffd92214425d880de3f94e74ce39,construcao_ferramentas_construcao,33.0,449.0,3.0,10900.0,39.0,12.0,42.0
36fc6e3cc37a14037506dde26d4e8655,eletronicos,32.0,460.0,1.0,100.0,25.0,7.0,16.0
47ed478ee7b2696c2c49229fcad56e98,perfumaria,55.0,556.0,7.0,1800.0,26.0,26.0,35.0
fa11ecd35f999783e96ac500532d9d45,cool_stuff,57.0,1023.0,7.0,7150.0,79.0,5.0,63.0
c389f712c4b4510bc997cee93e8b1a28,malas_acessorios,41.0,500.0,1.0,2965.0,41.0,27.0,34.0
73852ee3739732147010f2be732d597c,esporte_lazer,42.0,277.0,1.0,1147.0,25.0,21.0,19.0
094e4f4d501b5a6ec753b60a940b069b,esporte_lazer,47.0,1029.0,1.0,950.0,26.0,10.0,15.0
40e8b425d1a26e2d9cb77363523e05ce,artigos_de_natal,38.0,1324.0,1.0,4500.0,50.0,8.0,45.0
7ab21257ee876b3897bd55046d3d81d3,brinquedos,44.0,1450.0,1.0,683.0,31.0,25.0,24.0
2b7fc5ab38be42d8f5498267d2ebe344,brinquedos,42.0,222.0,1.0,150.0,20.0,20.0,20.0
a564f50791e1677ddf2801fe1e8365c8,telefonia,52.0,911.0,1.0,480.0,18.0,17.0,19.0
77115ce07da135cd94ffef9ac16bb1b5,telefonia,34.0,530.0,1.0,90.0,19.0,3.0,11.0
83d55cbbf59542a0cb94f61387889254,cool_stuff,33.0,174.0,3.0,400.0,30.0,30.0,15.0
20c3404e9bea9621d876e152794ba2d1,pet_shop,26.0,414.0,1.0,150.0,40.0,15.0,40.0
651fe753ea1d6ad3d5744c1bffd3d6e1,beleza_saude,56.0,609.0,1.0,50.0,16.0,16.0,11.0
dde4ee07394921042ef5e8267cba1cbe,utilidades_domesticas,36.0,288.0,2.0,75.0,36.0,4.0,23.0
fd4a96848f84ddaabcdc5bdbf831a194,informatica_acessorios,32.0,604.0,1.0,350.0,16.0,10.0,12.0
878188aa7c7a5da44f5038c7fdc68ac3,moveis_decoracao,33.0,637.0,1.0,27800.0,41.0,43.0,91.0
e06f99e79036d681effa3de75989bf22,relogios_presentes,54.0,257.0,5.0,200.0,16.0,2.0,20.0
91b08d34d0ba4db44da2dc382867ba49,telefonia,47.0,137.0,2.0,100.0,16.0,4.0,11.0
fb2f2ec90b4ee90ad257bbf89d01247e,cama_mesa_banho,44.0,629.0,1.0,850.0,16.0,10.0,16.0
6413f7a28e149a324c4a914000399fb2,cool_stuff,53.0,629.0,1.0,975.0,37.0,31.0,17.0
b17808303e15dd50538c011b44295427,cama_mesa_banho,56.0,502.0,3.0,1050.0,23.0,93.0,118.0
a01801e4d348c3375e43643085a6b576,eletrodomesticos,55.0,1855.0,1.0,350.0,16.0,20.0,11.0
74e48c5377480b7d048d7b294abc569b,cool_stuff,45.0,3908.0,13.0,300.0,21.0,12.0,12.0
c6e3c9a59b663e36a8b95b2dde81fa33,esporte_lazer,30.0,451.0,2.0,1300.0,30.0,10.0,25.0
1a96bfd3ef9221f2775d1eccd98a7f17,construcao_ferramentas_construcao,57.0,422.0,4.0,200.0,42.0,12.0,12.0
323aa447dc953b5592e25c37ce6f36e2,perfumaria,50.0,302.0,1.0,350.0,20.0,15.0,20.0
373449943bcfafb2d3ff7423408a1c9d,,,,,350.0,20.0,5.0,11.0
8215db96a612d69839c27866feabf350,beleza_saude,59.0,555.0,1.0,1075.0,17.0,13.0,15.0
16241e79b047426033194065d8b321b2,moveis_decoracao,57.0,526.0,2.0,400.0,18.0,19.0,14.0
c0f22b22473bc776163846b49d650556,moveis_decoracao,60.0,2281.0,1.0,300.0,70.0,11.0,11.0
a97c27ea59cd231856af01eceb977ac9,utilidades_domesticas,60.0,120.0,1.0,1500.0,45.0,45.0,45.0
d7cdea99e6f50310c242d02f16f1f63c,relogios_presentes,41.0,359.0,4.0,450.0,23.0,23.0,20.0
913580fde3e72c3b3e4ce0b79963bee6,telefonia_fixa,53.0,318.0,4.0,100.0,16.0,5.0,13.0
31d976f5306d3408e3d41d670343495f,automotivo,58.0,1063.0,3.0,2600.0,25.0,15.0,20.0
0a57f7d2c983bcf8188589a5fea4a8da,relogios_presentes,33.0,932.0,1.0,396.0,18.0,11.0,14.0
99b89f140f651db441848081814dd1a1,informatica_acessorios,32.0,296.0,1.0,1000.0,24.0,25.0,21.0
b7adcb01af7ce9db1f8192b9de8a923f,cama_mesa_banho,60.0,302.0,3.0,6050.0,60.0,10.0,60.0
8049d38dde63e0ca96af1e9511d4727d,cama_mesa_banho,59.0,628.0,3.0,3650.0,49.0,18.0,41.0
288dbc06591742c5d7fe90fbfb08943e,moveis_decoracao,55.0,1130.0,1.0,3450.0,43.0,18.0,22.0
6cbe4bd19efc4606eb2a9448a47e232e,consoles_games,53.0,273.0,8.0,300.0,30.0,20.0,20.0
59da9108971775375af05a7280fc14be,esporte_lazer,60.0,393.0,1.0,3450.0,57.0,20.0,30.0
48b099f6925c19d46ed5f013267681c2,cama_mesa_banho,55.0,134.0,3.0,650.0,27.0,10.0,23.0
f87341d0a32c1998e212c1c9ec6d3362,ferramentas_jardim,44.0,1064.0,3.0,5500.0,48.0,30.0,30.0
fb29f48bfea41db52e349454f433340e,informatica_acessorios,59.0,690.0,1.0,300.0,39.0,9.0,20.0
04a67e69edfb208f784da30294f69c5b,esporte_lazer,51.0,1256.0,1.0,1350.0,26.0,18.0,18.0
c8d415e06ebd7a37c7a5b4a18641ca11,beleza_saude,53.0,1267.0,1.0,383.0,17.0,13.0,15.0
7d854ab97c64ef9df2bbfaf332765786,cool_stuff,44.0,598.0,4.0,4100.0,89.0,4.0,42.0
4b6b3a7072d549354c3743dedbf4170a,relogios_presentes,60.0,160.0,3.0,350.0,16.0,2.0,20.0
845968d70e40e2ceece1bc1d3f5812d7,cama_mesa_banho,60.0,389.0,1.0,400.0,16.0,10.0,16.0
31699327e8b1095210f7c48d91fc09f0,cama_mesa_banho,57.0,592.0,1.0,1400.0,38.0,11.0,30.0
62b0aaa3af54c1599523aa7505ac5216,telefonia,58.0,230.0,3.0,80.0,20.0,4.0,14.0
c94d19d021d4a8fbae5a45f904aeea90,moveis_sala,34.0,612.0,4.0,9750.0,27.0,15.0,92.0
fc3e972df7e263b301e2bee77ac2a6d3,esporte_lazer,55.0,981.0,6.0,1600.0,24.0,13.0,16.0
3d74d787086b0e22ac320ae43b240aea,cool_stuff,57.0,1003.0,3.0,200.0,30.0,20.0,40.0
122cdd27eca7a057e97242c3642c5645,esporte_lazer,44.0,967.0,1.0,1000.0,62.0,7.0,36.0
2c1cc48126c2bdca9e59a300ade4f1c8,brinquedos,41.0,515.0,1.0,600.0,18.0,13.0,15.0
8ce0b48cdcc4b753ae4de64497998338,telefonia,52.0,1371.0,2.0,600.0,18.0,6.0,15.0
6d9c13461ff3d5e84455aec235969d23,eletronicos,30.0,361.0,1.0,200.0,25.0,7.0,16.0
657247f6f60543b93e3cc708a8e6329c,malas_acessorios,53.0,526.0,2.0,18050.0,75.0,20.0,50.0
a7c73814e6894bc049f7aac7d37f7175,telefonia,54.0,883.0,4.0,300.0,16.0,4.0,20.0
5e6935146c2d07b17b2ca0d3e98cb1f6,beleza_saude,45.0,455.0,1.0,200.0,20.0,3.0,11.0
b4f9530c931398e215242293c2c8ba4c,telefonia_fixa,59.0,1542.0,3.0,283.0,20.0,9.0,15.0
972d4aba7eb9ba03a5b7950751f11f60,automotivo,58.0,238.0,1.0,150.0,16.0,10.0,16.0
4debd977b5bc245487ec61b7961b16e3,telefonia,59.0,506.0,3.0,650.0,19.0,3.0,11.0
c7a94c6dde9d81dc864941084dbdfe45,esporte_lazer,58.0,246.0,2.0,1100.0,60.0,15.0,15.0
8ad5422c2f13436a172cbdd5f2faa00e,eletrodomesticos,55.0,264.0,1.0,1200.0,55.0,19.0,46.0
d58020f0dc3b18e41728f846f5072a6c,telefonia,58.0,678.0,3.0,150.0,17.0,8.0,14.0
62644f19deb898e43ebdcd29ff3d9361,cool_stuff,60.0,594.0,1.0,900.0,28.0,20.0,20.0
3bf56e26b61ad28e0d04d2278fcb7ba8,papelaria,59.0,505.0,2.0,548.0,20.0,16.0,26.0
fcb9824e33f82adb4fcac27ef46905b5,informatica_acessorios,43.0,309.0,1.0,100.0,40.0,2.0,24.0
c46c87888b081cf424913fd74b9b6e87,beleza_saude,40.0,183.0,4.0,450.0,27.0,11.0,19.0
75b244904ed62f3af89d3fa542c41026,brinquedos,33.0,104.0,3.0,2050.0,20.0,31.0,30.0
1f411e9a31196b71ed8438c8254b858e,pcs,54.0,1053.0,2.0,11850.0,50.0,50.0,25.0
aa96d291abe7cd0000c25e34bc8ed316,utilidades_domesticas,53.0,679.0,1.0,250.0,16.0,2.0,11.0
724e311fce23cd5509319b1fd68e5622,livros_importados,59.0,195.0,1.0,800.0,30.0,2.0,21.0
ead72457c58dcea14f94c2223c684716,esporte_lazer,51.0,2050.0,1.0,50.0,20.0,16.0,12.0
4d5bb93bfa70f67cda10b1428f2a252c,livros_tecnicos,26.0,250.0,1.0,500.0,22.0,22.0,12.0
1dec4c88c685d5a07bf01dcb0f8bf9f8,automotivo,44.0,982.0,3.0,17600.0,49.0,49.0,23.0
47ccf73e45bf059c94e9d025329206ac,esporte_lazer,28.0,982.0,1.0,1452.0,54.0,24.0,34.0
2078312a2dcf1fcd8a38eabcf5dd033a,moveis_decoracao,54.0,1045.0,3.0,400.0,50.0,3.0,25.0
1aba5f6d342892bef219db99ae29f029,fashion_bolsas_e_acessorios,42.0,1359.0,1.0,350.0,16.0,2.0,11.0
9f1c3e71d56894398a42b050b07f1baa,cool_stuff,25.0,176.0,1.0,163.0,17.0,11.0,13.0
7c55ea4aea1acf1ce11440010f5aa298,utilidades_domesticas,60.0,1800.0,7.0,9900.0,60.0,50.0,20.0
b77ae16cc8f67cd1c0ec781d5bf4da2b,cool_stuff,60.0,594.0,1.0,2050.0,42.0,25.0,15.0
cfb763496d9fc48751a27db4fd02aa2d,cama_mesa_banho,38.0,168.0,2.0,350.0,25.0,9.0,19.0
78018501054dd80dc909eee2f22ddbd4,cool_stuff,51.0,647.0,1.0,1400.0,45.0,30.0,20.0
d17fe0484ccf901623bfbcae6ab4aac8,cool_stuff,48.0,272.0,2.0,500.0,71.0,2.0,13.0
f13628923537912e1cce9e6c00d9f4df,bebes,58.0,603.0,2.0,600.0,20.0,30.0,30.0
c87d290a69f27d78e303df61eb85409b,livros_interesse_geral,41.0,961.0,1.0,400.0,17.0,24.0,11.0
45fc964dc03d16147f82dbe844e2cdf1,moveis_decoracao,19.0,262.0,1.0,19575.0,38.0,44.0,38.0
d952c09021388fd5b1e5f914f559fb10,telefonia,32.0,366.0,3.0,75.0,18.0,3.0,12.0
c96dae58447b1aade5e8a7e28a87a31a,cama_mesa_banho,52.0,595.0,1.0,1323.0,37.0,10.0,31.0
a25ca6677a2f9475bd59f706ebbe4d4c,telefonia,55.0,136.0,2.0,150.0,21.0,7.0,14.0
9ffe607c48a0473e200e4035bf97de49,relogios_presentes,53.0,239.0,1.0,200.0,16.0,18.0,16.0
44a6e4ecf7b48f87481c243383b1c4cf,beleza_saude,51.0,1278.0,2.0,230.0,19.0,7.0,13.0
0fce35c0b7338bda3e52e2389f0c0762,moveis_decoracao,61.0,157.0,9.0,3450.0,41.0,15.0,25.0
fdb86e192fdd20037175daab38af9656,beleza_saude,50.0,1410.0,2.0,800.0,28.0,5.0,18.0
400e2ea46d0af06d91c744b624ed8a59,esporte_lazer,54.0,3476.0,1.0,2967.0,20.0,21.0,14.0
06abf4be826ed1d548e8a22a3d75d912,beleza_saude,59.0,1811.0,6.0,5250.0,56.0,17.0,40.0
5131368354b35ed441caa8ca27244f16,beleza_saude,58.0,1572.0,1.0,1383.0,30.0,27.0,28.0
b4f2839696df5de18aa7168fa62f650d,eletrodomesticos,55.0,119.0,1.0,425.0,44.0,14.0,34.0
5d7c23067ed3fc8c6e699b9373d5890b,fashion_bolsas_e_acessorios,54.0,151.0,3.0,250.0,16.0,2.0,20.0
d6e7ac236e583af1e1543d8068c91676,ferramentas_jardim,55.0,835.0,8.0,3211.0,36.0,53.0,22.0
d4604111a0a16806f51aec592303d857,beleza_saude,39.0,722.0,1.0,500.0,22.0,11.0,16.0
e1bf73a530f7e6ea9df12e1238ab7600,bebes,40.0,303.0,3.0,400.0,29.0,7.0,16.0
3dd6c9d499e7c311a29e08afe1fd8fc6,cool_stuff,60.0,396.0,4.0,250.0,19.0,12.0,12.0
167b4b8c4bd0c401bea62f5e050d70a4,informatica_acessorios,55.0,209.0,1.0,517.0,39.0,11.0,13.0
ac8e7cf3a658f63dc68dd7f3b8b5f97b,esporte_lazer,54.0,3481.0,1.0,3100.0,30.0,24.0,24.0
7c6bed3d75273973d74b1ba957c024f8,cama_mesa_banho,53.0,184.0,1.0,550.0,40.0,4.0,30.0
46863308a64073698eed8895c70cf318,moveis_decoracao,55.0,1486.0,3.0,2500.0,105.0,3.0,70.0
1a7d1ce0dddfef9f6f2ed280798fd9bb,consoles_games,47.0,1373.0,4.0,200.0,18.0,2.0,11.0
0c71252f37443403376d2008034a7240,pet_shop,41.0,947.0,1.0,156.0,18.0,10.0,14.0
135fb255f9873811c6aa6eba7fb17649,moveis_decoracao,49.0,726.0,3.0,800.0,32.0,7.0,32.0
23e8820ae7d5a7aee1299a1923876b78,bebes,56.0,645.0,1.0,500.0,99.0,3.0,65.0
ece9c80ade3287c14fb768839fc15389,esporte_lazer,40.0,600.0,1.0,200.0,22.0,4.0,20.0
f489f20b3bba5b295fa7d3901c203fce,moveis_decoracao,59.0,566.0,2.0,367.0,50.0,3.0,35.0
bacc5be083c3a7503fe1ba1392931b54,moveis_decoracao,29.0,639.0,2.0,1250.0,30.0,10.0,30.0
b0137f9102be5a094d59c061fe106b83,brinquedos,23.0,254.0,1.0,200.0,16.0,10.0,11.0
701e076c7aea72b5f668183dde0afa9a,moveis_decoracao,63.0,703.0,4.0,2700.0,35.0,10.0,35.0
3ddc568a05383c2f24b4d47d1b41f819,perfumaria,58.0,1145.0,1.0,400.0,18.0,15.0,15.0
186c635691c9437f7a3e928abd815213,informatica_acessorios,46.0,546.0,2.0,223.0,23.0,13.0,26.0
46cf6ca1bc419149e40e461be15b92c9,pet_shop,53.0,593.0,2.0,7150.0,35.0,35.0,35.0
08bcc2d85da3a9c0e2ac1cc28b67418d,livros_tecnicos,38.0,3543.0,1.0,350.0,23.0,2.0,16.0
24c0de23191c9450049b2b3d8749ad35,cama_mesa_banho,39.0,375.0,1.0,300.0,38.0,14.0,38.0
0110573bc9195aa810a4384f189f48f5,moveis_decoracao,63.0,213.0,1.0,3900.0,63.0,11.0,43.0
0f5332231359f783330b784af1b8c3bd,consoles_games,40.0,562.0,2.0,200.0,21.0,9.0,17.0
ae7d8348fbef50928a680454fffbca00,esporte_lazer,30.0,682.0,2.0,304.0,27.0,17.0,27.0
e5f20b4eb944eaae0a13bed3187201d3,construcao_ferramentas_ferramentas,42.0,336.0,2.0,893.0,18.0,14.0,13.0
005c6b24cc96dca3e2c01e824401030e,fashion_roupa_masculina,33.0,384.0,1.0,400.0,17.0,7.0,20.0
469d5c6b5dfef236029c4bfec6b4fe0f,esporte_lazer,25.0,534.0,1.0,800.0,28.0,25.0,25.0
dbc9c9f4ae0364b6f8023f982651cc82,esporte_lazer,60.0,576.0,5.0,2500.0,80.0,12.0,22.0
1bfb290d7273a442c874dbe74b4abae6,moveis_escritorio,19.0,883.0,1.0,10075.0,55.0,64.0,26.0
691c322c9ee65a95651ef57d6b0875ad,climatizacao,60.0,1197.0,1.0,3400.0,16.0,2.0,11.0
17ad136b7421ea8690fded631b651158,relogios_presentes,60.0,112.0,2.0,250.0,16.0,2.0,20.0
5cc23f2c72b47d7b95f4df9855848a46,cama_mesa_banho,43.0,279.0,1.0,8200.0,56.0,17.0,51.0
179363fe9f0eee05ad34df83c160dbcf,livros_interesse_geral,42.0,1032.0,2.0,600.0,16.0,25.0,11.0
0be701e03657109a8a4d5168122777fb,esporte_lazer,32.0,282.0,2.0,4450.0,60.0,15.0,15.0
78f29023586e374cdc3773ce0af6bd2c,construcao_ferramentas_construcao,46.0,1148.0,1.0,2100.0,16.0,29.0,36.0
5928c970e675d6fdf39abc0dfc431ee9,telefonia,45.0,402.0,10.0,150.0,19.0,3.0,11.0
67210f2751a0c0aa78d46d9513abc836,construcao_ferramentas_construcao,55.0,337.0,1.0,2050.0,20.0,8.0,20.0
16679d68bdbed3fb97af806424d7f2b7,beleza_saude,60.0,2936.0,1.0,83.0,19.0,15.0,18.0
73a79a46f21913c65ebb8071f480ee11,brinquedos,51.0,730.0,1.0,500.0,17.0,16.0,14.0
32e18e89237933ebdaaebd78a27e7fa1,utilidades_domesticas,48.0,464.0,1.0,1400.0,26.0,41.0,26.0
06c6e01186af8b98ee1fc9e01f9471e9,informatica_acessorios,53.0,144.0,2.0,200.0,25.0,5.0,15.0
d0349534ab9b46b98d13a53051310f24,informatica_acessorios,37.0,288.0,1.0,300.0,30.0,7.0,20.0
d87815e398ce1204e5981c427c03291f,bebes,55.0,871.0,2.0,200.0,20.0,6.0,15.0
1bcb50aa4fa11ec2f767d6eea810d8b7,moveis_escritorio,48.0,614.0,1.0,9750.0,92.0,15.0,27.0
c415aad99ee06e0fe8a58c09d3598ef7,beleza_saude,54.0,1842.0,3.0,2267.0,22.0,13.0,18.0
c5e9b73e5f4c644885862ba3e1137b57,brinquedos,50.0,1492.0,10.0,733.0,29.0,11.0,28.0
e3ea1102502e62696f6f37a4d9f22535,beleza_saude,39.0,411.0,1.0,550.0,23.0,8.0,13.0
6a31191d5ac5852b0478f6e245ac5b02,utilidades_domesticas,51.0,948.0,2.0,1250.0,28.0,21.0,29.0
3c0c25556095f68ed9d05df570c9c587,pet_shop,45.0,3110.0,5.0,1620.0,40.0,30.0,30.0
3b91132e7eebaa17b615edbcdb5baa8e,construcao_ferramentas_seguranca,45.0,1312.0,1.0,700.0,18.0,23.0,19.0
f350db8fa8baef574660ca4ecc96180f,eletronicos,56.0,739.0,1.0,900.0,26.0,16.0,16.0
2ef36e1cae01b86d0ff0a2f50ff2bd53,moveis_decoracao,40.0,899.0,2.0,4100.0,30.0,35.0,30.0
d950ce1f38b6772552be4523baf94c7a,beleza_saude,58.0,2022.0,1.0,1400.0,20.0,16.0,16.0
3eb2d78dda82bc83c9b047fbba954dbe,esporte_lazer,51.0,573.0,1.0,500.0,20.0,7.0,14.0
0259ef48d9c5f59c3b31147c52db801d,utilidades_domesticas,55.0,410.0,1.0,3650.0,37.0,25.0,30.0
750e3a9d8289e451a68398b2c697f119,malas_acessorios,58.0,1504.0,3.0,3000.0,37.0,29.0,30.0
e7be446dd7fa8f165244b63de1b85802,alimentos_bebidas,23.0,279.0,1.0,1150.0,18.0,18.0,18.0
da6f9d8ce4950ad572b7b4fe7d7e6c90,beleza_saude,46.0,2184.0,3.0,275.0,21.0,3.0,15.0
e9b9ae098d62d59c20cfbfb265403323,moveis_decoracao,57.0,2016.0,2.0,600.0,68.0,8.0,13.0
4bb4fb9c85785b75ab4f6559900c7ca1,telefonia,49.0,394.0,2.0,150.0,19.0,4.0,20.0
bace90a7338e9d31371ad47811cf4c7d,cama_mesa_banho,51.0,2253.0,2.0,6450.0,60.0,14.0,38.0
4601231c3480315049971ea0a61d3839,fashion_bolsas_e_acessorios,58.0,410.0,4.0,150.0,16.0,2.0,11.0
eeb185c268c344e2308a3eca19154cee,automotivo,58.0,1042.0,4.0,150.0,16.0,6.0,12.0
87716aafd7c6269cddb3403f85e4102e,utilidades_domesticas,32.0,84.0,2.0,515.0,39.0,11.0,25.0
7b2a6e3216a405943fc9e3acbff18cae,portateis_casa_forno_e_cafe,57.0,1168.0,1.0,1700.0,30.0,10.0,30.0
0e5955fbbb16c3f92127ac470386ea88,informatica_acessorios,21.0,173.0,1.0,1217.0,21.0,15.0,11.0
a910254bb741f98d6d98a8286d66d14f,informatica_acessorios,50.0,1339.0,1.0,300.0,17.0,15.0,15.0
79da19ec2e6e6658145790d93991da9b,brinquedos,37.0,240.0,3.0,3876.0,41.0,29.0,36.0
091aa6199199f1ccbd272d06892322de,telefonia,54.0,896.0,4.0,150.0,19.0,4.0,11.0
1b8ee158f59c098470fad33f39660964,moveis_sala,32.0,327.0,2.0,6200.0,55.0,14.0,47.0
2feb7008fdbbf5e65a885a1e5fbd49d1,esporte_lazer,33.0,2490.0,5.0,1350.0,30.0,20.0,20.0
b45755e01d70d935e074cdde682bed74,cama_mesa_banho,48.0,472.0,1.0,1420.0,47.0,9.0,38.0
a76d6212f99d1253fb7bcfe02ce87d8a,eletronicos,32.0,376.0,1.0,200.0,25.0,7.0,16.0
d017a2151d543a9885604dc62a3d9dcc,fashion_bolsas_e_acessorios,59.0,93.0,7.0,250.0,16.0,2.0,11.0
2b3b11d70c32fbfc8e850fb68985a000,instrumentos_musicais,57.0,578.0,3.0,1965.0,51.0,44.0,11.0
c4b26e2f54cd0c158b3a8928968c80c5,automotivo,49.0,1555.0,5.0,1850.0,30.0,28.0,30.0
a703f5ade6e4fae527357132230ea778,beleza_saude,57.0,1271.0,5.0,225.0,45.0,10.0,14.0
5d6bea33648f018dbb563f3a2fab09f3,moveis_decoracao,53.0,616.0,1.0,4000.0,30.0,35.0,30.0
548e5bfe28edceab6b51fa707cc9556f,cama_mesa_banho,60.0,188.0,1.0,1200.0,44.0,2.0,35.0
753e430b6eed95b9d517a7a55eae6742,esporte_lazer,42.0,917.0,1.0,450.0,17.0,12.0,12.0
fa06cd5fd01faf457f064d3073ce893d,perfumaria,40.0,691.0,1.0,500.0,17.0,19.0,15.0
6a162a899a815ed15db1689e8efc976c,cool_stuff,47.0,1801.0,6.0,1550.0,20.0,50.0,20.0
7ba2e13e168f62391e3f2e9c946bc2be,automotivo,31.0,416.0,2.0,350.0,16.0,9.0,16.0
42f61cf5c925b4e7fad27faee993c145,telefonia,56.0,530.0,5.0,300.0,17.0,4.0,12.0
b2c5824a747b4f147644f28103b45f93,brinquedos,29.0,1703.0,1.0,550.0,33.0,7.0,22.0
e4a91e319865c0ed703b608671ec48b4,esporte_lazer,55.0,314.0,3.0,150.0,20.0,6.0,13.0
61a4100ccd6d9c4c808a1fd954ddb8ad,eletroportateis,60.0,3839.0,4.0,1450.0,24.0,24.0,24.0
437c05a395e9e47f9762e677a7068ce7,beleza_saude,40.0,409.0,1.0,1110.0,19.0,11.0,18.0
3f994ee4a0b20760d1b173aa65037c95,cool_stuff,56.0,708.0,2.0,5700.0,42.0,21.0,36.0
8f61327bbc1b9096bd97323ab64fc6bd,cama_mesa_banho,35.0,235.0,1.0,10050.0,50.0,30.0,40.0
aede48631330269f65a8d680de491657,malas_acessorios,45.0,573.0,1.0,1400.0,48.0,10.0,33.0
aa70c29cc4b519f080d45ba24d79e144,ferramentas_jardim,13.0,892.0,1.0,450.0,20.0,20.0,20.0
a0eef953cb25bc9ae40457e1c3c82946,moveis_decoracao,52.0,1559.0,4.0,700.0,68.0,8.0,13.0
1522589c64efd46731d3522568e5bc83,artigos_de_natal,35.0,415.0,4.0,550.0,37.0,10.0,37.0
85567ceb8a1521a09cdab785ab726b03,brinquedos,45.0,467.0,2.0,650.0,40.0,20.0,20.0
0b305b6bc4dbf84489cd367380955d18,esporte_lazer,41.0,255.0,1.0,500.0,20.0,30.0,20.0
0a48b93d24c0c87253c73da8cb8c2e80,beleza_saude,36.0,337.0,1.0,514.0,17.0,16.0,13.0
23183e8f6ee8b057ef5dd6fe16525ab9,automotivo,59.0,293.0,1.0,100.0,21.0,2.0,15.0
9ff8568dfb9041b898e65ff4018c8c57,eletronicos,56.0,1242.0,6.0,133.0,16.0,7.0,13.0
9da0bebb7f9168679e748abbfad05edd,cama_mesa_banho,50.0,147.0,1.0,450.0,40.0,4.0,30.0
dbb58fe2ee04b51f23e257a03e006da8,automotivo,55.0,1037.0,4.0,150.0,24.0,2.0,17.0
7aac5971b0560a816c14f6b6e9185bcc,beleza_saude,55.0,1282.0,4.0,1450.0,25.0,22.0,19.0
07810038e53a9f409577581bae23fa1a,informatica_acessorios,53.0,177.0,5.0,150.0,16.0,3.0,17.0
c211ff3068fcd2f8898192976d8b3a32,cama_mesa_banho,58.0,58.0,1.0,200.0,20.0,2.0,15.0
efa490145b5cc82438b6a6de691535fa,informatica_acessorios,57.0,938.0,2.0,500.0,30.0,10.0,11.0
b40bd352960044e281fa405937aac605,relogios_presentes,45.0,628.0,1.0,350.0,22.0,14.0,27.0
6d88fb20983e211be9168534b580c833,pet_shop,52.0,896.0,2.0,600.0,36.0,7.0,25.0
ac7e981115ad47f0e051f1b8b97e73b1,utilidades_domesticas,42.0,241.0,2.0,500.0,30.0,30.0,30.0
e2372fa4eec7531e44bb43844876e25b,beleza_saude,60.0,886.0,1.0,500.0,20.0,12.0,12.0
a5be9e212231c53bd9a2dee5824e7355,utilidades_domesticas,59.0,893.0,1.0,150.0,34.0,15.0,16.0
e03f4e4044f06ae9349b2f891e614923,fashion_roupa_feminina,40.0,1628.0,2.0,500.0,60.0,60.0,15.0
063c331b19ce7f951a2abb159e30386a,cama_mesa_banho,50.0,216.0,2.0,1100.0,33.0,12.0,24.0
fdd06e4d9669d1f11992a3973a0fdd7b,beleza_saude,36.0,654.0,1.0,1400.0,31.0,21.0,31.0
8ba0118a487ec8671aed57e5ef846574,papelaria,45.0,283.0,3.0,4100.0,40.0,37.0,29.0
43d2e0df7224cb1c252c23cf36d597ad,bebes,41.0,449.0,2.0,1150.0,70.0,10.0,40.0
817e1c2d22418c36386406ccacfa53e8,moveis_decoracao,37.0,267.0,1.0,2750.0,50.0,50.0,16.0
ebfac003d90a5ca445e217728f4f3755,bebes,33.0,339.0,2.0,1200.0,45.0,11.0,40.0
ee3d532c8a438679776d222e997606b3,informatica_acessorios,43.0,452.0,1.0,360.0,19.0,18.0,15.0
e888edddeb449bde570d695c62b27b26,informatica_acessorios,60.0,501.0,1.0,300.0,16.0,16.0,16.0
9b1689a9d895d266ce7134329b4e905c,esporte_lazer,60.0,576.0,2.0,2600.0,80.0,12.0,22.0
168a1b76a7598bdaefdc552324c1bbfb,papelaria,58.0,366.0,2.0,6050.0,38.0,30.0,28.0
18721a85f6f265d6137dfc0f88cc0534,cama_mesa_banho,41.0,162.0,1.0,900.0,33.0,9.0,38.0
c349071c40ca2919f27bd3d6a2fb6fea,papelaria,60.0,868.0,1.0,10150.0,44.0,34.0,21.0
ee14580a079d31644603ec91e37c7ed2,perfumaria,55.0,144.0,2.0,100.0,25.0,7.0,11.0
b9454f6cd728a6e0510e3c4ba8c25263,telefonia,59.0,818.0,6.0,300.0,17.0,4.0,12.0
0d85c435fd60b277ffb9e9b0f88f927a,informatica_acessorios,60.0,919.0,1.0,150.0,16.0,13.0,14.0
300469628605afcf5cc9759fb4cffc02,papelaria,58.0,205.0,3.0,250.0,24.0,7.0,14.0
73554174c2dccb01cade8d0ce976b791,perfumaria,53.0,128.0,1.0,438.0,20.0,14.0,19.0
738121d1a5b54545080cef01275446d8,beleza_saude,24.0,1932.0,1.0,400.0,25.0,25.0,25.0
e7dffcd8a3257cf9f6644b7d30eaf727,relogios_presentes,55.0,1355.0,5.0,500.0,18.0,11.0,14.0
3e31fd1419cc4cd6adad1925e72e3a03,cool_stuff,52.0,1170.0,1.0,400.0,25.0,10.0,11.0
48f866f20b5b6015a324210988e73387,cama_mesa_banho,52.0,251.0,1.0,1850.0,45.0,15.0,35.0
64e77a6fb5b8e01019106773518b5a71,papelaria,55.0,300.0,5.0,5850.0,60.0,20.0,29.0
b761e337aed465b70aa4bf86f1b12f2d,papelaria,51.0,366.0,4.0,400.0,30.0,20.0,25.0
f6085e99db2df10f9829b6193314615e,relogios_presentes,30.0,109.0,1.0,430.0,17.0,9.0,11.0
8068fc569a07dc765b9620783787233c,climatizacao,54.0,665.0,2.0,1800.0,30.0,15.0,30.0
a42d9c825894f96fc6ed02610891454d,esporte_lazer,57.0,1176.0,1.0,2200.0,16.0,11.0,11.0
e35b496654367ba8f9ab8974a23331e6,fashion_bolsas_e_acessorios,54.0,267.0,1.0,250.0,16.0,10.0,12.0
27fdfad2c6a8f91606eb41ea396785c6,eletronicos,39.0,410.0,1.0,200.0,25.0,7.0,16.0
9a469eaf45dfbc43d39ba1977a3c07af,cama_mesa_banho,44.0,192.0,1.0,700.0,40.0,4.0,30.0
ad88641611c35ebd59ecda07a9f17099,,,,,450.0,16.0,7.0,11.0
4a613da687465cbb56070936889199f8,utilidades_domesticas,60.0,355.0,4.0,875.0,29.0,24.0,25.0
2fe0cccc00239f01484b97ba65408800,cama_mesa_banho,56.0,500.0,1.0,967.0,28.0,7.0,30.0
0a5a41c678bcf81e041826bb24eb0b01,bebes,55.0,1627.0,1.0,750.0,20.0,13.0,13.0
83ca77d87b187321faaee535adbce26c,climatizacao,47.0,781.0,5.0,5300.0,26.0,26.0,56.0
08b2b99a87e01c87c200a459bb3f4bc7,beleza_saude,43.0,225.0,1.0,1100.0,27.0,9.0,14.0
4c77d14c542fcd857dddc3df2e82329c,perfumaria,51.0,587.0,1.0,267.0,16.0,6.0,11.0
201842e46ecc7b96047e78835d973548,consoles_games,44.0,482.0,3.0,500.0,20.0,30.0,20.0
2cf9ec82c2ca858baedfb2c2e5c06b6f,utilidades_domesticas,60.0,236.0,1.0,100.0,21.0,9.0,13.0
68b7fda28d528d3fc87e60fcafc5830f,moveis_decoracao,55.0,1977.0,3.0,7100.0,90.0,4.0,55.0
25c0a95a596a4dc18b5dbfe4529ec550,automotivo,42.0,872.0,1.0,954.0,22.0,20.0,22.0
0354c6a8cb8961e29b70e564b93861fe,ferramentas_jardim,59.0,2407.0,1.0,400.0,38.0,10.0,25.0
8904945d082f72652bf4a89f155c83bb,relogios_presentes,47.0,766.0,2.0,250.0,16.0,11.0,11.0
e1717ed4c8d10ca8117e64019d6cb0d0,cool_stuff,46.0,235.0,1.0,300.0,105.0,10.0,20.0
fe8bd0b912e59890950cae5e3bf908c9,moveis_decoracao,59.0,439.0,1.0,1750.0,30.0,6.0,20.0
1fe8e6e01596885617fa1c90d29c2f81,beleza_saude,41.0,1049.0,1.0,750.0,30.0,10.0,17.0
cd360a9f341f57c25699dbac377f5efd,construcao_ferramentas_construcao,60.0,906.0,1.0,550.0,30.0,30.0,30.0
7039b86e688d15677bdccc14562801dc,eletroportateis,58.0,1192.0,3.0,3167.0,18.0,25.0,22.0
9db0afe3dcd2942f8bef6f7195b9a2e1,utilidades_domesticas,60.0,1382.0,4.0,9850.0,29.0,66.0,29.0
7da9810448a8f92f73339d58b1dd73a9,telefonia,49.0,346.0,5.0,100.0,19.0,3.0,11.0
ff5d87897ed26d564711df324b98ebee,relogios_presentes,49.0,443.0,2.0,350.0,19.0,13.0,19.0
b95ce147ff20af1909bd69a2901e39b2,beleza_saude,60.0,1628.0,1.0,1250.0,19.0,17.0,17.0
faaa13c4eb6bb073693378999e40b9a0,moveis_decoracao,50.0,232.0,1.0,7050.0,30.0,20.0,70.0
44b4230f8020e880f0a7d9113a2af369,automotivo,44.0,3454.0,4.0,1900.0,41.0,45.0,11.0
41db6d8062fcd38410c699743ccc0265,telefonia,49.0,1438.0,2.0,125.0,19.0,5.0,11.0
1078e04ece7f1498a5ea393bf9c4eb98,utilidades_domesticas,41.0,261.0,1.0,1000.0,28.0,8.0,37.0
68bf2e76db1d8e846042e54da87399ca,cama_mesa_banho,55.0,743.0,2.0,6850.0,59.0,22.0,37.0
177f62b739076126a879238444ccbf02,relogios_presentes,58.0,1352.0,3.0,240.0,13.0,12.0,14.0
0573b564a90d2d9f9c460eb963da8c33,utilidades_domesticas,47.0,748.0,3.0,23700.0,69.0,39.0,17.0
29bedbfbe73ea473396306b4f0c010ec,utilidades_domesticas,47.0,187.0,1.0,7600.0,55.0,33.0,40.0
b0ff78dc1b5fdca6b5d9ec76cfe4cc3b,moveis_decoracao,56.0,279.0,2.0,18250.0,55.0,30.0,55.0
232e8b868fc5535b10702cb09d2d83a7,esporte_lazer,43.0,803.0,2.0,1000.0,23.0,23.0,23.0
008cff0e5792219fae03e570f980b330,esporte_lazer,59.0,1735.0,5.0,1550.0,40.0,20.0,20.0
f0d9237c058130a54eb81854ce88b760,perfumaria,54.0,275.0,1.0,600.0,23.0,8.0,15.0
b0ea6f97e1aecad7903455638ece5a26,utilidades_domesticas,45.0,214.0,3.0,400.0,16.0,20.0,15.0
26dbcaad027ebbead6bb387c7d68abca,brinquedos,33.0,570.0,2.0,1300.0,16.0,40.0,28.0
3489d3fae282f7944399bc697554a1e5,perfumaria,38.0,590.0,1.0,450.0,18.0,5.0,11.0
e4bc98f06b9893b763bb17a152219b87,cama_mesa_banho,58.0,150.0,1.0,1400.0,40.0,10.0,35.0
c9c455f9fd8ca66d3ff7f90a249753b4,esporte_lazer,63.0,1599.0,5.0,500.0,25.0,14.0,22.0
3a7d90845985f39048815a6939c56be4,bebidas,50.0,3065.0,9.0,273.0,21.0,16.0,15.0
425db55cb3b0f5b18a2d9964da31c3c0,papelaria,58.0,850.0,2.0,450.0,25.0,15.0,25.0
c6d0daec0037d0ac4ee036ddff197b35,cool_stuff,56.0,645.0,2.0,1800.0,34.0,4.0,34.0
1027d3061ac141bbb2ea003c63dc3d66,automotivo,51.0,883.0,6.0,5950.0,53.0,43.0,11.0
ce066f4a83649651549d717c9b566816,esporte_lazer,49.0,831.0,1.0,2300.0,20.0,20.0,20.0
a5ae8400fc9fcacd4af585a57bbf264a,pet_shop,57.0,747.0,2.0,1150.0,40.0,20.0,30.0
20518c6950587eb5e8f02dad2fa0d685,market_place,63.0,1652.0,3.0,200.0,22.0,4.0,15.0
f4621f8ad6f54a2e3c408884068be46d,esporte_lazer,27.0,485.0,2.0,600.0,35.0,15.0,28.0
218de70a5a63ca13ad448aa4706d8ce1,fashion_calcados,46.0,182.0,1.0,500.0,33.0,19.0,16.0
4d58a1ff101eae5005f818b97740335e,fashion_calcados,54.0,404.0,3.0,950.0,22.0,12.0,33.0
4ce9ab528124f89e091b17d11aa2e97c,informatica_acessorios,54.0,222.0,3.0,500.0,36.0,5.0,15.0
a84d0660dbffebf352aefbf1a6b18d00,relogios_presentes,60.0,179.0,3.0,250.0,16.0,2.0,20.0
9453bde60c4ee52155c963641736cfc5,beleza_saude,44.0,1056.0,1.0,750.0,30.0,30.0,30.0
451f60a1af05c5bef8d9e93fe847f6bc,utilidades_domesticas,39.0,687.0,1.0,525.0,29.0,17.0,19.0
e649a85841d392b8d1f6b31233baff82,brinquedos,58.0,1633.0,5.0,1200.0,30.0,7.0,30.0
82d7b276f49e72ffce78d10b20518808,livros_importados,53.0,80.0,1.0,250.0,32.0,3.0,24.0
6f6d0c21d57a3bac0a6dc84cae4c0bcb,brinquedos,60.0,3316.0,1.0,450.0,25.0,20.0,20.0
04601b648d7d2dcae6e285a41e276a3f,brinquedos,57.0,328.0,1.0,1775.0,31.0,21.0,21.0
81e7937893af4703d4d14ca3e3765b59,bebes,50.0,1223.0,1.0,500.0,30.0,6.0,23.0
466d263ce8b7bd275003ee2104428127,telefonia,59.0,266.0,2.0,150.0,18.0,4.0,16.0
ccadfeab525a9eb1569983b66e5075c4,fashion_bolsas_e_acessorios,35.0,920.0,7.0,100.0,20.0,2.0,25.0
ce206508ba2f59e6c84d2c85ea6c8af6,moveis_decoracao,54.0,357.0,1.0,400.0,30.0,10.0,30.0
ec1faa2edc27ce32372fee59d1f9e969,perfumaria,57.0,571.0,1.0,200.0,17.0,10.0,12.0
f343690217692891e7a092d5c1e5eef7,beleza_saude,60.0,344.0,2.0,250.0,16.0,16.0,11.0
52b1c0366d4346d02fe4ca6e7c88e32e,esporte_lazer,50.0,1132.0,1.0,1000.0,21.0,26.0,21.0
4af41a3530a95522cbfcff5ad13522eb,moveis_decoracao,53.0,927.0,4.0,750.0,22.0,2.0,30.0
84c7330da95da86fa555e15070a8b1d3,ferramentas_jardim,37.0,128.0,1.0,700.0,16.0,24.0,31.0
d99a9035db5875b38e59f9f55b9548f1,moveis_decoracao,63.0,157.0,3.0,10100.0,64.0,8.0,64.0
20531b0644a0719b8d506c4db3c56609,utilidades_domesticas,55.0,375.0,3.0,10050.0,31.0,61.0,31.0
cde3bb853ac754da1e3ab62b7c2593a9,eletronicos,57.0,1356.0,2.0,225.0,21.0,11.0,16.0
310806337e8a62be35203aa25d302b08,bebes,53.0,2411.0,2.0,30000.0,55.0,67.0,46.0
5c6a3e484e7aebf406c2045718dea406,beleza_saude,49.0,451.0,3.0,1150.0,42.0,11.0,12.0
1bfe62f326ac7bec0f5a83c10cfff228,brinquedos,47.0,74.0,2.0,5700.0,39.0,30.0,29.0
afa3a51dec198b1d14a0c19849dab3a8,esporte_lazer,58.0,245.0,4.0,400.0,16.0,6.0,20.0
296160f1474264a2f1d7e738b999b93c,telefonia,50.0,2880.0,1.0,600.0,21.0,11.0,13.0
d6c69817b519edddbf1b289631b7160e,perfumaria,38.0,1813.0,3.0,4800.0,27.0,20.0,35.0
913803e9e4b81c3fed4841cbbfdc59fd,esporte_lazer,54.0,379.0,1.0,3650.0,14.0,16.0,12.0
0152f69b6cf919bcdaf117aa8c43e5a2,cama_mesa_banho,40.0,116.0,1.0,250.0,40.0,4.0,30.0
f8763c8e0ef828c6d393b091888f9eb8,cama_mesa_banho,55.0,133.0,2.0,20325.0,63.0,40.0,55.0
5a47c5b5c3866f29177d497727f22f38,esporte_lazer,59.0,3723.0,1.0,1350.0,16.0,16.0,16.0
38fbdbd0a9be4733e29cd1afe360e23b,automotivo,41.0,603.0,1.0,500.0,26.0,3.0,16.0
dea837d4f3f30b541725d258c15e4ff1,esporte_lazer,43.0,722.0,1.0,475.0,23.0,23.0,21.0
b1ce6dc4824ff3e89a7a10426462158b,beleza_saude,30.0,386.0,1.0,50.0,20.0,10.0,15.0
fcaab5d7f656094e49fbe4ee3a506658,papelaria,60.0,234.0,4.0,7650.0,28.0,55.0,37.0
9a4b403e612ff2c3b4867b318bb65d56,esporte_lazer,56.0,915.0,5.0,700.0,16.0,26.0,11.0
bfebe3af6798e21f14c80263db86b7a0,perfumaria,59.0,489.0,1.0,494.0,20.0,17.0,17.0
857be5cab7b9c69b973ce723ca69c9f7,eletroportateis,59.0,1091.0,1.0,475.0,28.0,16.0,16.0
338925450cde31710e3fd65b8bac0b1f,beleza_saude,50.0,415.0,1.0,29050.0,55.0,75.0,61.0
e8f48f7c1f715c4178d57c50dc622da7,papelaria,32.0,527.0,1.0,550.0,16.0,4.0,11.0
8317b177579dd27ff068b83205e2169b,cool_stuff,43.0,465.0,1.0,400.0,18.0,12.0,14.0
cac9e5692471a0700418aa3400b9b2b1,bebes,57.0,2440.0,1.0,375.0,29.0,14.0,20.0
3e6de3159fd57b7d7e62c584a3c9fc70,eletrodomesticos,56.0,686.0,7.0,350.0,26.0,20.0,19.0
c0dab8b641584c5a4b8d600b5cc7b6fb,moveis_decoracao,53.0,184.0,1.0,1650.0,40.0,8.0,40.0
734be9836ed8115f981a072369c2516c,cama_mesa_banho,51.0,242.0,1.0,2700.0,37.0,23.0,35.0
0dcb1adbafdcc389972874b01fa249b8,esporte_lazer,39.0,411.0,3.0,350.0,23.0,23.0,23.0
80a354492ba20a7ef994a4cad98e807d,cama_mesa_banho,50.0,359.0,2.0,350.0,45.0,6.0,30.0
5292d2a10d727811b78d5b7dfb6c96b3,construcao_ferramentas_construcao,52.0,669.0,3.0,550.0,30.0,30.0,18.0
1994792a258088f40af8b4f4bd60d6cf,beleza_saude,59.0,275.0,4.0,200.0,16.0,15.0,15.0
432357855585cf634fc9923523ce5e4a,alimentos,54.0,1887.0,5.0,1150.0,16.0,14.0,16.0
4e2fa5131fc9956bb6a6b9e84b39e798,pet_shop,58.0,2353.0,6.0,2200.0,42.0,22.0,32.0
b8fefc9c1f951969968e904d08bfa8cd,cama_mesa_banho,55.0,192.0,1.0,800.0,44.0,2.0,36.0
02fbee632a2044d48ab16d57eec4db58,cama_mesa_banho,53.0,230.0,1.0,1017.0,39.0,15.0,34.0
a43babce83c6c14bb2444d64e7b3a263,cama_mesa_banho,53.0,873.0,4.0,800.0,40.0,10.0,30.0
ee4c8acefd0dbcae1a83e07c101318f4,cama_mesa_banho,61.0,511.0,1.0,7550.0,45.0,15.0,35.0
3d3204ab08bb14fe5114502ad7809384,bebes,22.0,336.0,1.0,900.0,32.0,32.0,15.0
cc6e31911e3db7f60e67069522872552,livros_interesse_geral,54.0,933.0,2.0,500.0,30.0,4.0,20.0
84f5c4f480ad6c9998d6a6860f1a2e41,alimentos_bebidas,56.0,963.0,1.0,1100.0,16.0,15.0,15.0
703d742887bb9267f89b675608ba7aa0,cama_mesa_banho,35.0,509.0,2.0,950.0,35.0,6.0,45.0
7cf805b1d0c5c1c84ae24c34beec0958,utilidades_domesticas,58.0,1553.0,5.0,1050.0,35.0,14.0,17.0
3eeb9c7bc48cbf70ee22b1b1361bd0c3,moveis_decoracao,45.0,2359.0,2.0,7600.0,50.0,30.0,30.0
d6fe3b4ddecd4a8393c6a1385de3bfb6,moveis_escritorio,46.0,1157.0,1.0,16650.0,63.0,58.0,24.0
5f47bed9e5b0a01f44ce1ae93da98e70,cama_mesa_banho,55.0,122.0,1.0,600.0,20.0,2.0,15.0
5526b1ae9ab2688cf600783cece249df,informatica_acessorios,49.0,385.0,1.0,200.0,16.0,16.0,16.0
ac8af924237ed4591dc8d9b8c6a935f0,perfumaria,41.0,2282.0,4.0,6100.0,30.0,40.0,30.0
ba5fb4ab9cd70d201b74b5bad9d4ca00,telefonia,42.0,347.0,2.0,125.0,17.0,6.0,13.0
7b453aa3584d61c1268d77ba6fd5956b,utilidades_domesticas,57.0,616.0,2.0,3300.0,50.0,30.0,30.0
e9c1abcc7126360336d8f56d49041a8c,beleza_saude,42.0,3902.0,7.0,500.0,22.0,6.0,16.0
89e4362d74afa10ac57f8d67210132a6,fashion_bolsas_e_acessorios,30.0,219.0,1.0,1870.0,27.0,20.0,29.0
a3dae37f1227e4037d5e3be3f228bc84,informatica_acessorios,60.0,522.0,1.0,2700.0,38.0,38.0,38.0
89e26dce3020ad6cabac5c86120d67fe,beleza_saude,60.0,1157.0,4.0,450.0,20.0,16.0,16.0
fd0c762860528d119344e1377b574fc5,alimentos,45.0,723.0,1.0,317.0,16.0,10.0,11.0
824d0f65de327bae9d13bbc23528c79a,telefonia,51.0,1311.0,2.0,50.0,18.0,6.0,11.0
d65fd7eff38689490b9831828dac8866,telefonia,43.0,416.0,3.0,100.0,19.0,3.0,11.0
2229e1a49998dfdfb513683e0e378ae8,utilidades_domesticas,50.0,1190.0,3.0,1000.0,26.0,20.0,24.0
a8856d651600289b162f857e26838480,esporte_lazer,50.0,255.0,1.0,600.0,20.0,10.0,15.0
5d90b82ad1fdff812987fa28158b7984,cama_mesa_banho,52.0,408.0,1.0,1400.0,20.0,20.0,20.0
ee667ef9c46d1444ebde2f0ea9c6b4c3,cama_mesa_banho,57.0,335.0,4.0,1667.0,43.0,14.0,37.0
d63c71088e06ea00d66dc357cda91a30,cama_mesa_banho,57.0,295.0,1.0,1500.0,60.0,10.0,40.0
3d696187f8d3543290f64ba2f7b5db9b,automotivo,21.0,1015.0,3.0,100.0,35.0,10.0,25.0
df4495e4ea59aae2f22d349cf4b9ab19,relogios_presentes,41.0,866.0,5.0,250.0,16.0,2.0,11.0
cc63d91555437d9d8d9ae7bf007a1f2c,cama_mesa_banho,57.0,135.0,2.0,650.0,50.0,5.0,50.0
9a78fb9862b10749a117f7fc3c31f051,moveis_escritorio,45.0,527.0,1.0,9750.0,42.0,41.0,42.0
c4ee4437696f1885d323b41852fedc8c,utilidades_domesticas,57.0,534.0,5.0,300.0,30.0,11.0,18.0
8a4505505378c8f5d983f3201e9c25da,beleza_saude,47.0,1400.0,1.0,325.0,19.0,20.0,18.0
dd841bf589f05e0948ddb0c8d2c749ab,moveis_decoracao,58.0,2084.0,2.0,1350.0,69.0,11.0,11.0
92785d022b4e0e6b7cafc45f87a281fb,,,,,200.0,16.0,2.0,11.0
287398c3a5da555d519e464b674c1955,perfumaria,60.0,561.0,1.0,550.0,16.0,16.0,11.0
a226729b96bbb6962f9f8fc6a14db590,moveis_escritorio,41.0,560.0,1.0,16750.0,63.0,58.0,26.0
3047d2ab7a976a0149292daad0acba79,cama_mesa_banho,60.0,497.0,2.0,1350.0,50.0,11.0,11.0
ceb43e52119b25c8f2b6049a5534c339,esporte_lazer,55.0,1392.0,1.0,750.0,16.0,16.0,16.0
1ee1a3e374020805c935a1a99975e414,telefonia,57.0,540.0,3.0,250.0,17.0,4.0,12.0
9c5748657c370b7dbd989b548b041544,papelaria,50.0,329.0,1.0,700.0,16.0,4.0,11.0
10dae91e0aba95747e90280edeffe883,bebes,54.0,1027.0,3.0,100.0,17.0,6.0,11.0
540a93038cc8b4c42ef0821b2cf067d3,moveis_decoracao,60.0,375.0,2.0,4800.0,20.0,50.0,40.0
08c1754fd6455e4c70a6521f4ed66819,utilidades_domesticas,53.0,689.0,1.0,3800.0,50.0,21.0,37.0
20e638b21cd236147992f02fbdcf0673,beleza_saude,38.0,1593.0,1.0,450.0,25.0,14.0,13.0
f788dd44fc883f0664693a6dea50437f,brinquedos,42.0,53.0,3.0,600.0,40.0,10.0,25.0
4633dfeb3a2588bdb52af32d504b44eb,telefonia_fixa,46.0,218.0,4.0,150.0,16.0,4.0,11.0
3ce21e38e6a3060c20f4e74bdab770c8,bebes,57.0,1340.0,4.0,5508.0,62.0,43.0,56.0
45f0310974e6082deeda855f91984347,moveis_decoracao,60.0,194.0,1.0,2800.0,50.0,10.0,40.0
3c261802e239d1f2dcda5ed49aa14220,brinquedos,47.0,473.0,5.0,250.0,16.0,7.0,11.0
ef7bac3fcd96b1f97400cb9cf17902d8,brinquedos,53.0,1329.0,7.0,4900.0,23.0,16.0,31.0
632ba0c3ace598871c24c49380796d57,informatica_acessorios,51.0,1245.0,1.0,2950.0,18.0,25.0,18.0
68ea0193be80f4865155be5c96c58f43,cama_mesa_banho,60.0,298.0,1.0,2700.0,33.0,7.0,39.0
4621f88827b983332c2a833d49c2ae35,malas_acessorios,40.0,390.0,3.0,19250.0,32.0,76.0,50.0
fbec390384fbb8d53d97c29a5bbb26ae,agro_industria_e_comercio,38.0,145.0,1.0,1640.0,37.0,34.0,31.0
3e0569568b8fa37cc1f767bc94fdc395,automotivo,41.0,967.0,4.0,2600.0,100.0,5.0,43.0
186b6a12d98fb8471271f204a82a7937,construcao_ferramentas_construcao,33.0,505.0,1.0,100.0,20.0,20.0,20.0
88bffa97ba651ca4ee0710fa7e0e9653,informatica_acessorios,53.0,418.0,1.0,350.0,16.0,2.0,11.0
3bd016185be10ea4b4b2baa6e7dd9e9b,livros_tecnicos,27.0,2155.0,1.0,650.0,17.0,24.0,11.0
953439fbf9090e2362532905d89b991f,utilidades_domesticas,47.0,539.0,2.0,8750.0,35.0,15.0,35.0
1ca1d7d7a101a1d1f2ca213994fd8596,construcao_ferramentas_construcao,37.0,293.0,2.0,1400.0,20.0,42.0,20.0
cc4c16052222d5347726b1af1bfe7462,relogios_presentes,51.0,882.0,2.0,133.0,17.0,11.0,13.0
1e6742b4c9ab3675bfe578670f264ce2,utilidades_domesticas,43.0,595.0,1.0,950.0,30.0,30.0,30.0
c0704b7b41d23540e8576c5e84484dcb,beleza_saude,38.0,2113.0,1.0,250.0,17.0,11.0,13.0
db4b70dd871dc731288f44fccae1ee42,cama_mesa_banho,56.0,355.0,1.0,500.0,60.0,9.0,50.0
a7d2c99f1d0e7ddfbce06d48f12b61a2,utilidades_domesticas,36.0,405.0,1.0,10100.0,40.0,20.0,30.0
37055d9442bfc227231d5983f329ff9f,market_place,33.0,718.0,1.0,300.0,18.0,11.0,14.0
1af2a3ec7cecc4015321e562a26c9d1d,informatica_acessorios,60.0,266.0,2.0,150.0,40.0,2.0,24.0
f699b297070aa38aaf3de9639302506a,esporte_lazer,55.0,3830.0,1.0,1250.0,31.0,32.0,31.0
177d3d5bb9d4d29222a222e3b3554f41,papelaria,59.0,241.0,6.0,7550.0,60.0,20.0,29.0
ff3ec972ebd16eb98d55e8ea2fa255ee,esporte_lazer,37.0,356.0,1.0,2488.0,30.0,23.0,31.0
4353af36fe588dc73497fa158ed6cefb,malas_acessorios,22.0,464.0,6.0,17200.0,45.0,70.0,25.0
1bbf3c5abc34eb8f1d884a7503b7764f,beleza_saude,50.0,2830.0,2.0,350.0,27.0,4.0,11.0
fa23bf270fb9880690b07d09b9f9ff20,esporte_lazer,60.0,475.0,4.0,800.0,50.0,15.0,25.0
96629e38790e42abf9939db3063a7c6d,esporte_lazer,30.0,486.0,1.0,400.0,25.0,15.0,11.0
cf8316c961640d38321241895b7811c2,cama_mesa_banho,56.0,189.0,1.0,1800.0,46.0,3.0,34.0
573722511f4fc28539f3d8810a50ea1c,moveis_decoracao,58.0,1969.0,2.0,350.0,69.0,11.0,11.0
2708ea4fc1340081efeffbf11f14d765,perfumaria,54.0,571.0,5.0,1700.0,20.0,24.0,30.0
80b5182ab2afa5091844c94a0106b843,fashion_bolsas_e_acessorios,39.0,279.0,4.0,100.0,16.0,6.0,11.0
a39cc58c1b5926b6f9f378daa89f1315,casa_construcao,53.0,646.0,1.0,3800.0,30.0,35.0,30.0
507e1658812a4451005d2ff5a09ccd6d,utilidades_domesticas,56.0,1332.0,2.0,1500.0,60.0,15.0,20.0
70de339311bbfd116a461e25c9fb79ca,moveis_decoracao,53.0,553.0,1.0,1200.0,35.0,9.0,25.0
17ad6786808ab3fedfb261a70a5932d6,audio,38.0,2916.0,1.0,620.0,23.0,15.0,17.0
6c784e2ed24a972a024321ea3a4ab88e,fashion_bolsas_e_acessorios,48.0,331.0,1.0,100.0,16.0,8.0,11.0
d2bea3c01e172037caa99b2d138f39d0,eletroportateis,55.0,512.0,1.0,350.0,16.0,35.0,25.0
7d50930301709838d8e90dcac5cfaa84,esporte_lazer,59.0,254.0,1.0,1650.0,40.0,45.0,25.0
18486698933fbb64af6c0a255f7dd64c,informatica_acessorios,40.0,322.0,1.0,225.0,17.0,14.0,13.0
ed08ea04c92f5f434c2362f7310fb328,utilidades_domesticas,29.0,1319.0,2.0,100.0,28.0,17.0,11.0
f78c2e2b9562f4eb436a275b2a230531,beleza_saude,35.0,1619.0,1.0,1167.0,19.0,16.0,16.0
1e89bd6bc4f739a8b303c92d58bf8014,eletrodomesticos,53.0,106.0,2.0,450.0,20.0,13.0,12.0
c55345c89c1bf659ac0e4164498658c2,beleza_saude,59.0,265.0,2.0,300.0,30.0,16.0,16.0
3e8f52cbce268fc54677be617e399ba2,informatica_acessorios,56.0,870.0,1.0,663.0,21.0,15.0,13.0
12760bcacfaaf1457bc36e601e26dc79,utilidades_domesticas,42.0,991.0,3.0,200.0,30.0,10.0,15.0
edb58f769af494909a8851152c3a2d1d,cama_mesa_banho,50.0,638.0,1.0,300.0,16.0,10.0,16.0
fec3b45dc09b257690a09a742870b149,ferramentas_jardim,54.0,555.0,1.0,1650.0,25.0,4.0,25.0
0a4f9f421af66d2ea061fbb8883419f7,beleza_saude,60.0,919.0,1.0,200.0,22.0,3.0,15.0
59b47581b7ba51a62bf9c3dd4fef36fd,moveis_decoracao,38.0,474.0,4.0,1650.0,40.0,20.0,20.0
bb5d4ec6e4443ba8589bb940d5b2945f,moveis_cozinha_area_de_servico_jantar_e_jardim,52.0,705.0,2.0,23900.0,100.0,20.0,60.0
4f1a7a45b6d43fa7e4958e013923d9e5,instrumentos_musicais,41.0,802.0,2.0,617.0,31.0,9.0,31.0
b9311d581f5f341576a5a2892168355c,moveis_decoracao,29.0,257.0,1.0,10250.0,36.0,47.0,36.0
b2f2ddac0132a316e5b41a98684d3619,fashion_underwear_e_moda_praia,60.0,1511.0,6.0,300.0,30.0,16.0,11.0
c44343d9d6d3551e161f3c72bfcbfc3b,utilidades_domesticas,44.0,670.0,3.0,1050.0,20.0,15.0,20.0
e9cd877ece530798c06b7f8d31b631e3,automotivo,54.0,488.0,3.0,367.0,17.0,12.0,12.0
8f3746a9c5411cc7cfb03660326cd189,informatica_acessorios,43.0,559.0,2.0,100.0,18.0,8.0,18.0
49ab1f06065d165f7e90fc9761901893,pet_shop,49.0,283.0,1.0,400.0,16.0,16.0,16.0
7fa9cd17cea7ecbac9778cc86b7f9033,utilidades_domesticas,43.0,343.0,2.0,300.0,20.0,25.0,20.0
16e556eacc104de6e97b84512d426240,perfumaria,60.0,877.0,1.0,550.0,23.0,8.0,15.0
0e323ee8f8dc60a0b875e9ac4daf1337,telefonia,55.0,359.0,2.0,317.0,21.0,14.0,16.0
d6d34c537a75f1aed3fccfb9700a60a8,esporte_lazer,59.0,596.0,1.0,600.0,20.0,7.0,14.0
3dd2a17168ec895c781a9191c1e95ad7,informatica_acessorios,48.0,894.0,1.0,533.0,22.0,11.0,20.0
c1488892604e4ba5cff5b4eb4d595400,moveis_decoracao,59.0,426.0,2.0,1400.0,32.0,6.0,28.0
bdca5879b3afce0e138e71a68ad26d04,cama_mesa_banho,60.0,282.0,1.0,4250.0,40.0,15.0,23.0
00e32638060f6356e6f00749dc466b5c,esporte_lazer,45.0,561.0,2.0,7050.0,20.0,105.0,20.0
d61cb9070ed7de8a2478eca9c8fc3d93,bebidas,60.0,3748.0,1.0,5900.0,55.0,28.0,28.0
30916403a2996c146b5598774d657c55,fashion_bolsas_e_acessorios,31.0,235.0,2.0,400.0,16.0,11.0,11.0
23384f296aa1bf6461d22912093a9847,cama_mesa_banho,63.0,434.0,8.0,100.0,16.0,10.0,16.0
16007704980fa90718364a0dd747133e,beleza_saude,46.0,2729.0,1.0,1550.0,27.0,9.0,18.0
55979acc6e2155188d3a43d8afb0c7aa,ferramentas_jardim,33.0,3557.0,2.0,300.0,23.0,22.0,17.0
41fe836a60674d3d25645e3698651f6b,ferramentas_jardim,33.0,574.0,1.0,1650.0,34.0,12.0,30.0
a8f6fefd2f6ad22952337438aa1bfce5,esporte_lazer,28.0,834.0,1.0,1600.0,19.0,11.0,11.0
10070e29929f7c7d609ee3201f236b8e,casa_construcao,44.0,421.0,5.0,1250.0,23.0,30.0,15.0
101c51628f18e013a1b2900a8f275fd2,moveis_escritorio,50.0,1745.0,1.0,11000.0,58.0,28.0,58.0
3879913e3a462abe3be99c14310898b5,relogios_presentes,52.0,736.0,4.0,250.0,105.0,13.0,13.0
e46d3c8d60e3f8b382b6f239e5af08ac,informatica_acessorios,52.0,909.0,1.0,1850.0,16.0,9.0,36.0
b83ba81552d0748b45288e7e57c62888,beleza_saude,41.0,874.0,2.0,460.0,36.0,10.0,16.0
95ec3f7e237a87df9935a570ab6ef266,cama_mesa_banho,45.0,257.0,1.0,5326.0,71.0,16.0,50.0
d6ed08469f23517f07ed6bb451361298,fashion_bolsas_e_acessorios,55.0,295.0,1.0,150.0,21.0,9.0,14.0
aece157b74fa793277ecc4e94bedf9a0,papelaria,59.0,226.0,5.0,8150.0,35.0,60.0,40.0
d8f2a339e6fa69ebf411e198b618e979,utilidades_domesticas,60.0,807.0,1.0,7300.0,51.0,24.0,28.0
9738ecc3ec052b1a9186e591184dcdab,pet_shop,47.0,591.0,1.0,6500.0,59.0,10.0,35.0
c24d27905e6d1242d7366746a126e130,telefonia,58.0,677.0,1.0,150.0,17.0,8.0,14.0
adc32eb18332c495cdfdd97d01520d80,construcao_ferramentas_construcao,54.0,508.0,3.0,667.0,20.0,8.0,21.0
a7b497445896c24d425d100e4f03d8cd,ferramentas_jardim,40.0,58.0,3.0,1130.0,38.0,26.0,20.0
e5a19f25b139394121110bbaab05087c,cool_stuff,49.0,527.0,4.0,3250.0,35.0,23.0,21.0
f1c7f353075ce59d8a6f3cf58f419c9c,cama_mesa_banho,56.0,162.0,5.0,9750.0,35.0,12.0,30.0
5c9f86c0e642b62c2100fd8d26f38771,esporte_lazer,37.0,580.0,2.0,3717.0,40.0,40.0,45.0
a8a24b2139731e4be5246104224f0633,informatica_acessorios,58.0,571.0,1.0,1083.0,35.0,22.0,14.0
1ca737c9f8f06b3672be9f9f3f603d36,informatica_acessorios,59.0,1095.0,1.0,350.0,19.0,19.0,13.0
33f17ed3c6906f7a7ae17a0843536db4,telefonia,59.0,818.0,6.0,300.0,17.0,4.0,12.0
d718131dc0f308e7971d8ffb7c504e7d,ferramentas_jardim,54.0,475.0,2.0,200.0,17.0,25.0,16.0
d22458d14bfebb37eee78255c5ff338c,moveis_quarto,59.0,437.0,1.0,10350.0,41.0,47.0,31.0
c8c073a1cae6a98799d7581958ede514,eletrodomesticos_2,43.0,1009.0,2.0,6025.0,32.0,35.0,35.0
c3182d1991c7d4859e8f39b6c45a026b,eletrodomesticos_2,60.0,757.0,1.0,700.0,28.0,28.0,28.0
7b49e585ac8c80b14c9b2815d4db465f,cama_mesa_banho,26.0,421.0,1.0,200.0,16.0,12.0,11.0
24b1fcad996ffb1ead90e324f264b783,,,,,200.0,39.0,9.0,11.0
726b4e18f00255e2e63491bcba3f60b8,moveis_colchao_e_estofado,41.0,866.0,1.0,1700.0,70.0,10.0,100.0
bfc275f6de912665e4dcd8da32f43c10,utilidades_domesticas,27.0,107.0,4.0,900.0,35.0,15.0,24.0
7c6fbb3a5346dfd607386155c6f628f8,beleza_saude,60.0,919.0,1.0,150.0,22.0,3.0,15.0
bbd704063c23164b2674e893ac58d63b,perfumaria,59.0,526.0,1.0,350.0,20.0,10.0,20.0
5357a190f1759dc5ff9bea83eb195b14,esporte_lazer,58.0,369.0,2.0,300.0,29.0,10.0,12.0
77fa3381855b6763c52ca3b72824f508,fashion_bolsas_e_acessorios,60.0,177.0,6.0,250.0,16.0,2.0,20.0
dce24381876a1d59ccc9d00d3dbade56,ferramentas_jardim,28.0,1039.0,5.0,3550.0,100.0,20.0,30.0
b5c315fb01a02190500528edf520883f,fashion_bolsas_e_acessorios,57.0,147.0,6.0,200.0,16.0,2.0,20.0
011ae9863bd5b15e528a16dd8ceb4772,brinquedos,56.0,1784.0,6.0,1575.0,19.0,51.0,20.0
dee88ebd74f8109d7dab6d12d77a7a64,brinquedos,18.0,1586.0,1.0,1284.0,43.0,17.0,24.0
dfb92838905ead933a01256a80edc894,esporte_lazer,49.0,1094.0,1.0,7400.0,100.0,10.0,16.0
013e6676e0e3529e5909ff54370daddf,informatica_acessorios,47.0,619.0,1.0,1088.0,33.0,20.0,15.0
10adb53d8faa890ca7c2f0cbcb68d777,cama_mesa_banho,52.0,155.0,1.0,200.0,16.0,10.0,16.0
5cc3b3b52374e67281fd366c03b57ff5,pet_shop,33.0,1538.0,2.0,850.0,24.0,20.0,24.0
9bde344a67494559d37249506076d638,papelaria,49.0,1853.0,3.0,900.0,20.0,35.0,45.0
2ca431a4c4a04c65e66c345e282d0a54,eletroportateis,41.0,764.0,3.0,18700.0,75.0,40.0,40.0
f7bb503725fb4d7bb55301d5bceba728,esporte_lazer,48.0,1781.0,1.0,400.0,22.0,18.0,12.0
dcbdf52239601eca861bf0d1aa598fab,telefonia,32.0,451.0,2.0,185.0,24.0,7.0,16.0
e59dd207c69d86e890febadc796d1078,cool_stuff,54.0,850.0,1.0,125.0,16.0,12.0,12.0
77626943dadc1bafb9625f65d98724e3,utilidades_domesticas,56.0,765.0,1.0,20100.0,43.0,79.0,41.0
a62e25e09e05e6faf31d90c6ec1aa3d1,relogios_presentes,58.0,3006.0,2.0,1000.0,53.0,8.0,18.0
dc9471db933efad7bf0ce685380578bd,informatica_acessorios,49.0,579.0,1.0,800.0,28.0,20.0,42.0
20205e1ea024aec43a7a3fc0d8f7a287,moveis_decoracao,60.0,464.0,1.0,1500.0,105.0,5.0,30.0
a5a03610d00573bdfe50a7a09e125efb,esporte_lazer,53.0,965.0,1.0,900.0,62.0,7.0,36.0
1347d4320dcd0acd750e37bb3d94a918,eletrodomesticos,54.0,780.0,5.0,7600.0,30.0,50.0,40.0
74e5e7c0ad09d8fec4d30c75a70a7799,automotivo,55.0,1443.0,6.0,1650.0,30.0,30.0,30.0
4689718bc1b839a9baeaa91d2c278598,cama_mesa_banho,42.0,1042.0,6.0,3300.0,50.0,15.0,40.0
8ced2631a18d2e0814557875b3bb907b,cama_mesa_banho,37.0,167.0,2.0,450.0,25.0,9.0,19.0
9aa27aaecd804beb57af8e700fd6e681,bebes,32.0,602.0,1.0,250.0,23.0,5.0,38.0
db25a58a5da5dfe2fd19f2604491bd27,eletroportateis,52.0,1074.0,1.0,900.0,16.0,10.0,16.0
afb2faf85bb85d4a5c466c8b7258f5ab,bebes,47.0,235.0,1.0,9400.0,75.0,15.0,50.0
f484aa505452986f295eb1205a44debd,relogios_presentes,57.0,477.0,3.0,700.0,19.0,9.0,15.0
e7c8819338fc9a87e81ea2d90898f612,ferramentas_jardim,27.0,320.0,1.0,4000.0,47.0,14.0,20.0
6e4918d7c7d1499da5ef7bae5e0cdef6,eletronicos,34.0,447.0,1.0,150.0,25.0,7.0,16.0
7ada7bee4052075cf6310885da8c4392,papelaria,60.0,189.0,2.0,5550.0,28.0,55.0,37.0
41e4e4c8ab0ec1fcde0df5679749a3e4,utilidades_domesticas,54.0,388.0,2.0,400.0,30.0,30.0,11.0
c04b6b2045c90dd226493e0413796f85,relogios_presentes,47.0,1291.0,1.0,450.0,17.0,12.0,12.0
8c292ca193d326152e335d77176746f0,beleza_saude,60.0,2894.0,1.0,200.0,17.0,11.0,15.0
633ab0ec23c18ed1b64356a25ea7b5bd,relogios_presentes,51.0,423.0,3.0,150.0,16.0,17.0,14.0
f9a09e5ecddf77ede4cade6a11624ac9,moveis_escritorio,57.0,2172.0,1.0,20500.0,58.0,28.0,58.0
1cab19d5be9a1286428e85aaebf82906,malas_acessorios,58.0,1057.0,3.0,950.0,35.0,12.0,25.0
7724d1e2711ecb5f0b7678257e1a1cc6,cama_mesa_banho,58.0,277.0,1.0,8500.0,50.0,18.0,28.0
d10f7bc1a57ebe26d5994076f2bfa06b,esporte_lazer,60.0,1020.0,4.0,296.0,16.0,20.0,18.0
0e34187d4312b97b5e698836d28ed040,climatizacao,50.0,474.0,2.0,525.0,16.0,17.0,12.0
b1ffef38f0db9fb4e1a6f91b47ec63d4,telefonia,45.0,636.0,2.0,100.0,20.0,20.0,20.0
376c3b8593f2ab163a7c1036e8307123,market_place,50.0,511.0,3.0,2600.0,45.0,20.0,20.0
ddceb6eef6af67e9fbbd4c148dbe5fd9,cool_stuff,52.0,516.0,1.0,4650.0,37.0,20.0,34.0
7506dc43a0aaa509475b7522abfdee9f,utilidades_domesticas,53.0,801.0,1.0,650.0,20.0,10.0,15.0
a4bddd2ee75396cc2e47bdf21343261d,cama_mesa_banho,56.0,422.0,1.0,15200.0,16.0,10.0,16.0
ba71302e3a8b2129024487a3e54bc2fa,,,,,400.0,30.0,30.0,11.0
3648e11d15ee75fee70a690f89bc9100,ferramentas_jardim,36.0,447.0,1.0,9700.0,28.0,41.0,36.0
5a848e4ab52fd5445cdc07aab1c40e48,,,,,400.0,20.0,12.0,15.0
24e8c79f39c68fbdbd57a5813ae72b94,relogios_presentes,22.0,852.0,1.0,225.0,19.0,12.0,15.0
28f2e74ecd7f12eab02ca9b3c2bd9c5f,utilidades_domesticas,45.0,353.0,1.0,1100.0,16.0,20.0,26.0
8232a265a535c1f886b38335667be2a5,bebes,59.0,1133.0,10.0,800.0,30.0,20.0,40.0
c3309944c260af795614f886c749e6db,beleza_saude,60.0,725.0,1.0,700.0,18.0,15.0,15.0
dc861f18267cce21f3b70f9f7990b8ce,beleza_saude,53.0,450.0,1.0,30000.0,55.0,75.0,61.0
ea1185fcb2a7197e60bf9680e889f475,cama_mesa_banho,57.0,617.0,1.0,6450.0,30.0,30.0,30.0
0b0c04563408d8d1187cdbd6292a89fa,fashion_bolsas_e_acessorios,34.0,222.0,2.0,3400.0,20.0,50.0,40.0
ae2f987a774d66463c1bfcc0a82c3456,pet_shop,49.0,1180.0,1.0,200.0,16.0,14.0,11.0
1f5f0f003ce8595ad88fb215ec1409e6,cine_foto,52.0,1015.0,5.0,1950.0,60.0,15.0,15.0
d88d701f11e14213198868c769856a38,informatica_acessorios,57.0,664.0,4.0,890.0,27.0,20.0,34.0
277e5a33059abc0cda00fa1db8a8dc2e,utilidades_domesticas,31.0,493.0,1.0,5380.0,37.0,31.0,35.0
e4d325bd1eea550509bdbbc5c3301fc1,perfumaria,59.0,874.0,1.0,525.0,16.0,16.0,18.0
a50acd33ba7a8da8e9db65094fa990a4,automotivo,53.0,555.0,1.0,4105.0,67.0,10.0,67.0
0c6ebd37c6842a5adbcd801030ec1c29,moveis_decoracao,21.0,414.0,6.0,400.0,54.0,6.0,11.0
33a85d94302e1c6fd9890d9501cf05cb,papelaria,56.0,1212.0,4.0,850.0,28.0,13.0,25.0
42d2add84cc80443a8128adc87b6a958,perfumaria,33.0,1458.0,2.0,467.0,19.0,10.0,14.0
72f3781e31206029b40584266bb01799,cama_mesa_banho,39.0,89.0,1.0,900.0,33.0,9.0,38.0
5ae533eac9c0e93b3f89bc9aea079ed9,informatica_acessorios,58.0,1340.0,1.0,83.0,12.0,8.0,8.0
bbfa49ac69fa06b8e7571151a08346c7,consoles_games,27.0,641.0,1.0,230.0,17.0,31.0,22.0
d9e7d13814ea50f9ae1f612ef6b3a1f1,cama_mesa_banho,55.0,556.0,1.0,650.0,16.0,10.0,16.0
9b6537fef0e6b345c644e019dbe8ac1b,casa_construcao,59.0,1251.0,1.0,550.0,16.0,16.0,16.0
95d0a6638a6e975feca32e90c15ce526,consoles_games,51.0,1340.0,2.0,500.0,20.0,15.0,20.0
1cc61b32763a4d816212b3507b6b6c59,livros_interesse_geral,55.0,556.0,1.0,1050.0,27.0,30.0,16.0
bdd7ae3003cbfd7704d3664e85201ba0,papelaria,51.0,318.0,5.0,4600.0,60.0,20.0,29.0
4720b3e7d949046722aaa29eb7c29d9f,utilidades_domesticas,50.0,300.0,3.0,300.0,16.0,16.0,16.0
717e96fd0fc2d06fe158982bce5e6a8f,cool_stuff,57.0,933.0,1.0,1700.0,43.0,24.0,31.0
9fe5201316c8185058e8a4056e53cc78,eletronicos,47.0,893.0,3.0,550.0,20.0,10.0,14.0
24c66f106f642621e524291a895c9032,beleza_saude,37.0,325.0,1.0,792.0,19.0,14.0,16.0
b296b1ee06b6739f8bc6b1d41d06dbe0,pet_shop,56.0,1496.0,2.0,553.0,23.0,17.0,19.0
6a8631b72a2f8729b91514db87e771c0,eletronicos,54.0,614.0,1.0,100.0,17.0,6.0,11.0
d2b0f9cd5e31ed47dbf92b157c0cda96,esporte_lazer,46.0,1271.0,5.0,2350.0,62.0,10.0,22.0
3d5837f86205fe83f03fb5f7e4d5b9cf,brinquedos,42.0,1002.0,4.0,1017.0,37.0,5.0,37.0
7d3297b1d734f63d40632fcf8e1a2cec,telefonia,59.0,777.0,6.0,300.0,17.0,4.0,12.0
f17d1aa5300d268089a9c5136dbeb6b0,fashion_bolsas_e_acessorios,40.0,61.0,2.0,200.0,16.0,10.0,16.0
620b45f968a49556658d15ef8560a30d,informatica_acessorios,54.0,581.0,1.0,1100.0,16.0,16.0,16.0
c429a719cac9a29bfb5749d8f9043dae,perfumaria,40.0,1389.0,1.0,457.0,25.0,9.0,21.0
f39a8b27ce90ac582103bf36f09690dd,consoles_games,59.0,1914.0,5.0,300.0,16.0,16.0,16.0
f9e4900e477f557c368d218065353b5a,telefonia_fixa,19.0,282.0,1.0,90.0,19.0,3.0,11.0
0f4a3e29a1c122f94fe4c48c49d9cfa9,esporte_lazer,56.0,661.0,3.0,6850.0,93.0,6.0,93.0
d99526b1e4fa5f57b8bde34a7337b5ee,bebidas,45.0,887.0,1.0,250.0,18.0,18.0,18.0
64fb13596caf118c438edc5c6ed2d50a,informatica_acessorios,48.0,252.0,1.0,167.0,16.0,11.0,15.0
99444c1e11fc38755dae86f5c67d3d1a,cama_mesa_banho,40.0,162.0,1.0,900.0,33.0,9.0,38.0
5d790355cbeded0cd60e25cbc4c527a2,informatica_acessorios,38.0,225.0,1.0,115.0,16.0,13.0,11.0
7af541d714ea3db608971a40b8f507cb,bebes,50.0,860.0,2.0,12000.0,65.0,44.0,25.0
58e03c2c00f9e4f3a35b6cf0d13cbb67,moveis_escritorio,45.0,2219.0,1.0,10050.0,54.0,28.0,53.0
f8077831f3c3f393fb67b93c5acd8daf,casa_construcao,57.0,921.0,7.0,750.0,16.0,20.0,16.0
4ff38de0673d41a0da1499e300720ef6,beleza_saude,57.0,525.0,2.0,125.0,20.0,16.0,19.0
1468c44dd6c3ecaa8e9b12a8a2a7ed0c,relogios_presentes,37.0,373.0,2.0,300.0,16.0,9.0,17.0
1b81160192e096f4cbcf518ffa830df0,cama_mesa_banho,57.0,310.0,1.0,1150.0,36.0,6.0,20.0
022ff42cced44a2b2cca57061cabb526,esporte_lazer,57.0,1705.0,1.0,3900.0,32.0,35.0,33.0
34eb0685663d60e57a9ca086c8e33423,fashion_calcados,55.0,344.0,3.0,1850.0,36.0,37.0,16.0
bfd0c7371a844fb057a67f00d67b4a66,construcao_ferramentas_construcao,60.0,559.0,6.0,500.0,40.0,11.0,11.0
b7edca604f2668c0f41fc7731fe640ba,relogios_presentes,50.0,527.0,1.0,300.0,16.0,11.0,20.0
85d619318aa201aca57171aabeed0048,esporte_lazer,34.0,343.0,1.0,150.0,21.0,4.0,19.0
deafa3faa1b80a845f4fbfb3ffa5d0b8,papelaria,58.0,503.0,1.0,5900.0,35.0,35.0,26.0
1be9a7b25f7ddfe1dfda88b9b64f595c,relogios_presentes,52.0,724.0,2.0,200.0,16.0,11.0,11.0
3a840a54907a1cb180954630cda7928f,utilidades_domesticas,42.0,175.0,2.0,500.0,16.0,16.0,11.0
4177b72d13340189543215377d48f3c3,eletroportateis,52.0,1075.0,1.0,3350.0,25.0,20.0,20.0
191bd142a00d0d95fa54118635886d9e,fashion_calcados,57.0,404.0,4.0,1400.0,22.0,12.0,33.0
eab2f90face23112d9bf1d4d3e641696,cama_mesa_banho,38.0,263.0,1.0,4250.0,50.0,14.0,70.0
f8b624d4e475bb8d1bddf1b65c6a64f6,utilidades_domesticas,46.0,323.0,1.0,2841.0,40.0,23.0,26.0
7405b565a367960901d88f91c514cd90,esporte_lazer,57.0,1104.0,8.0,5800.0,82.0,15.0,22.0
d04bbac48960ecb7ea311b00ca6e1cb7,industria_comercio_e_negocios,52.0,784.0,4.0,11325.0,18.0,105.0,30.0
14bc0f89b7126bb00dfa6432d85340de,relogios_presentes,30.0,156.0,1.0,550.0,20.0,10.0,16.0
6f33a4a09ae1180a0ee1ff4682b2d21f,brinquedos,49.0,426.0,7.0,700.0,44.0,12.0,22.0
f9b4f8ef12259efd919fbaf21f8f66a4,cama_mesa_banho,40.0,260.0,1.0,4025.0,40.0,15.0,23.0
d6160fb7873f184099d9bc95e30376af,pcs,55.0,3632.0,4.0,2600.0,16.0,31.0,39.0
5eb9aa8db351127bf2212636cac6e0e7,beleza_saude,17.0,2409.0,1.0,475.0,16.0,14.0,11.0
e0b9f1ae7c2469feb2555a5d42e2fe53,beleza_saude,47.0,502.0,1.0,260.0,17.0,16.0,15.0
4d99fe6463cbc101057f59a2380bf2ba,relogios_presentes,55.0,407.0,5.0,375.0,14.0,8.0,13.0
14e40526732f35d38620a487e0776b27,livros_interesse_geral,52.0,783.0,1.0,500.0,40.0,4.0,30.0
cb9d764f38ee4d0c00af64d5c388f837,portateis_cozinha_e_preparadores_de_alimentos,57.0,306.0,1.0,625.0,28.0,27.0,24.0
a81e6e4ca394f33cd5a0c89188baecb8,automotivo,58.0,908.0,1.0,3800.0,35.0,20.0,20.0
d0b61bfb1de832b15ba9d266ca96e5b0,pet_shop,59.0,468.0,3.0,450.0,30.0,10.0,20.0
372124d6931c4bc48dd0d56075ebee7c,cama_mesa_banho,58.0,58.0,1.0,50.0,20.0,2.0,15.0
665adf6cc6e09e6a770ba182ea6a50f1,telefonia_fixa,48.0,3127.0,3.0,441.0,24.0,18.0,20.0
09f6dccfebfa0688abfc1af640b69e61,esporte_lazer,15.0,328.0,2.0,150.0,28.0,5.0,14.0
603e77844ae424a4842e8cb31309cffe,construcao_ferramentas_construcao,59.0,1164.0,4.0,450.0,34.0,4.0,16.0
e004a3b7f9524967fdb68bb70f850eb0,pcs,57.0,975.0,1.0,13000.0,28.0,51.0,54.0
70d01ae15a5d5ee38388b90c0470d9b0,brinquedos,60.0,789.0,2.0,850.0,35.0,6.0,37.0
8fd88178b111d5d12b4a85be4ea8bf4c,instrumentos_musicais,50.0,332.0,5.0,150.0,16.0,16.0,16.0
6b42b1f7dfb74bb23a01605fbedd5b85,cool_stuff,54.0,1596.0,2.0,1600.0,60.0,5.0,36.0
b3b9bbe2bce84b01d3333df71d742590,ferramentas_jardim,50.0,1109.0,1.0,2500.0,20.0,20.0,20.0
7787f84dcc43ef95552cd95d2c86f418,relogios_presentes,54.0,190.0,1.0,200.0,16.0,2.0,11.0
66b538ce389d817a5123146347c3fdc8,brinquedos,38.0,480.0,1.0,4433.0,70.0,25.0,30.0
9b9d1c4bd979b93c138044e032f99780,cool_stuff,56.0,1024.0,1.0,900.0,44.0,24.0,31.0
d2347fba1e60ea51f533960fc555baff,moveis_decoracao,39.0,94.0,5.0,300.0,16.0,5.0,20.0
393d0083cfbd985699f8b7aeecc572fb,automotivo,60.0,728.0,5.0,100.0,16.0,10.0,15.0
c154ff1c4c87fe2e76bf46db6cd29d59,brinquedos,29.0,946.0,1.0,600.0,17.0,8.0,14.0
42ed7ff87eec051d7f9364afbf091dd3,eletroportateis,53.0,361.0,1.0,15200.0,37.0,55.0,37.0
30001d6521e7d5826eb1881050cea7e7,informatica_acessorios,33.0,1084.0,2.0,150.0,41.0,2.0,29.0
48a59a89c4c68ff3e20a8b7586f33337,beleza_saude,56.0,2197.0,3.0,650.0,30.0,20.0,20.0
f71f42e2381752836563b70beb542f80,informatica_acessorios,34.0,1078.0,2.0,250.0,41.0,2.0,29.0
60142008404f92c16972d1cb6dd0e3c8,utilidades_domesticas,58.0,1567.0,1.0,2000.0,16.0,20.0,11.0
4a2103f59fe65c15afb3cdcd24a7ff70,utilidades_domesticas,52.0,513.0,3.0,750.0,24.0,16.0,16.0
73654d559ec8c7b46ae0c6419cd59072,beleza_saude,42.0,3156.0,1.0,300.0,18.0,18.0,18.0
ca84f66aece31f9e2298a1b53d9f39ee,beleza_saude,59.0,526.0,4.0,200.0,19.0,11.0,23.0
f82d1ebd3649e6b83c2d0f611cb5c540,cama_mesa_banho,60.0,162.0,1.0,4625.0,40.0,15.0,23.0
a8557b8cc2880e245f6e7b7dbb0cfb04,moveis_decoracao,32.0,950.0,1.0,600.0,20.0,56.0,20.0
785c2986ce8232a718aaad761ac2a321,utilidades_domesticas,45.0,234.0,1.0,2950.0,35.0,30.0,30.0
bc74f63361c15c1a5baa5b97ac432e62,beleza_saude,42.0,500.0,1.0,4050.0,17.0,11.0,13.0
029e44e66d4690b45077bee6d76799f6,brinquedos,51.0,392.0,2.0,500.0,21.0,10.0,15.0
ea3d1fd6192d8c4443e67d2360461a70,moveis_decoracao,59.0,926.0,3.0,1050.0,40.0,10.0,40.0
af62192c9415dbf2b36c294762acd9ed,moveis_decoracao,55.0,1892.0,3.0,6400.0,80.0,4.0,55.0
c6563a7dfeba47f77da75352afb49d64,relogios_presentes,50.0,501.0,2.0,300.0,16.0,11.0,11.0
7c5514c269002959274a50b996f04e82,papelaria,24.0,342.0,1.0,1300.0,20.0,49.0,33.0
c831ad5c44cdf4b4cf324dca0f4f6d8b,fashion_bolsas_e_acessorios,35.0,221.0,2.0,100.0,25.0,5.0,16.0
66421745b3128972e1b0dcb3123e8c1d,bebes,57.0,346.0,2.0,8800.0,45.0,25.0,45.0
189c49b159a847050e52afe5ec8d42c5,cama_mesa_banho,52.0,350.0,2.0,2069.0,65.0,19.0,44.0
8b5632d7a4f86bd2f1331355305427e6,moveis_decoracao,37.0,273.0,1.0,2850.0,50.0,50.0,16.0
1789a1b00c33bec9db6e27b4848a5c94,informatica_acessorios,37.0,603.0,4.0,400.0,37.0,6.0,12.0
72ef2864978e354bc54f72073b13f17d,informatica_acessorios,56.0,688.0,3.0,500.0,20.0,20.0,20.0
94eecc7cef7bc0bb31e2c26526efdd0a,utilidades_domesticas,53.0,1274.0,1.0,6050.0,35.0,12.0,55.0
2cfd372900c7c65e4c4ed2ccf7a1cfd4,relogios_presentes,35.0,694.0,1.0,550.0,18.0,12.0,13.0
118fa7a08a83564776c37433aca3ca71,brinquedos,47.0,411.0,1.0,200.0,28.0,13.0,22.0
8db8c6b5b338e7a8d3332037c2c218f7,telefonia,41.0,1311.0,2.0,50.0,18.0,6.0,11.0
29b18b99ca3c94cea05efa9e11465440,utilidades_domesticas,55.0,1869.0,5.0,1150.0,35.0,15.0,20.0
ad21c6ffe97ed6db7a3d73b51bca2ee0,beleza_saude,43.0,581.0,1.0,150.0,16.0,7.0,15.0
814db92f0cda8c71fa27f4b022cea56f,fashion_calcados,34.0,240.0,12.0,200.0,29.0,7.0,16.0
4f18ca9862f511ecba98258b2194d061,moveis_quarto,20.0,252.0,1.0,12500.0,43.0,33.0,33.0
53d8ee87caa1a2320c66074ff9c99e61,relogios_presentes,55.0,1457.0,5.0,500.0,20.0,19.0,17.0
ec1600d8f15b93ce3e402f522696a18c,beleza_saude,24.0,407.0,6.0,20200.0,90.0,60.0,20.0
a30ea5a9dbd95db5a674c4beadb4fb0d,perfumaria,53.0,369.0,2.0,450.0,21.0,27.0,15.0
d9d5e3c7a8d24dfb8968ba75e4313ac3,malas_acessorios,47.0,114.0,1.0,1150.0,35.0,10.0,34.0
efeaa7462b9fac16b6684016efd28fd2,pet_shop,55.0,870.0,4.0,1075.0,25.0,16.0,20.0
6adab229374835b551f6402e0dc53267,pet_shop,56.0,499.0,4.0,1250.0,35.0,7.0,48.0
4ebab6a2135a2477b657bda38646b64b,brinquedos,38.0,853.0,3.0,442.0,20.0,16.0,14.0
25cf184645f3fae66083bf33581b8f13,ferramentas_jardim,60.0,360.0,3.0,3000.0,67.0,3.0,41.0
db6677c6f890ba1730c0b75bd8132579,beleza_saude,57.0,615.0,2.0,950.0,35.0,25.0,20.0
812b558694cd8e22f35f9d1bcfb549b5,dvds_blu_ray,40.0,747.0,1.0,150.0,20.0,2.0,14.0
dcd7f9e6e4d98a3142c0819c124bacfe,portateis_casa_forno_e_cafe,57.0,897.0,3.0,6600.0,45.0,25.0,35.0
396fb20791c69a78b3ec80ccc7e9edad,relogios_presentes,42.0,705.0,2.0,300.0,16.0,13.0,13.0
3f98320412a131f7346baa2aa2de7540,esporte_lazer,54.0,523.0,2.0,8450.0,42.0,102.0,47.0
7e7da0ee83024e649680e11ed76dfe58,beleza_saude,54.0,960.0,3.0,271.0,19.0,11.0,13.0
38dcb9ae53c258cfba73583f9454d721,ferramentas_jardim,63.0,333.0,3.0,6000.0,38.0,34.0,27.0
6f030babbca059aa3951ea26d5bbbe0d,utilidades_domesticas,57.0,437.0,1.0,1000.0,32.0,22.0,15.0
63d6e7ab30f482382c9dfbbccae7da54,eletroportateis,56.0,1031.0,6.0,625.0,21.0,19.0,16.0
23bcd6822a33df5534f9b290216eec1f,brinquedos,56.0,708.0,6.0,7000.0,20.0,62.0,35.0
21c7ae0df2196c656289e946024f9224,papelaria,55.0,959.0,4.0,6400.0,36.0,36.0,38.0
d2ccecca43a34313f3599efaa858e73b,automotivo,60.0,329.0,5.0,300.0,16.0,16.0,12.0
e3ef50d542d4e6477fbcf202a02ef040,telefonia,51.0,622.0,2.0,350.0,17.0,4.0,12.0
1095f63b46911593e051ed9a0d31fe87,fashion_bolsas_e_acessorios,45.0,887.0,6.0,50.0,18.0,18.0,12.0
5c0b5ea8a3b6a1ac9d0e5c58e97ba24c,esporte_lazer,42.0,141.0,1.0,250.0,20.0,20.0,20.0
cce794ab6b84d0345332bb1910f9eb20,casa_construcao,60.0,843.0,1.0,275.0,20.0,11.0,19.0
cf1387ec1ba3615f21a7924ec648e94a,telefonia,54.0,1246.0,3.0,200.0,18.0,7.0,16.0
79fc4c7da6812091c88d89e02e02887c,moveis_sala,56.0,267.0,1.0,3550.0,62.0,27.0,17.0
4fa33915031a8cde03dd0d3e8fb27f01,perfumaria,43.0,116.0,1.0,468.0,23.0,18.0,19.0
c62b9187381d86ae031b0bac9ead4b3d,moveis_decoracao,39.0,677.0,1.0,12600.0,35.0,45.0,35.0
e2ea268601d73de5126e2616e00be1cc,automotivo,58.0,92.0,2.0,100.0,16.0,8.0,16.0
389d119b48cf3043d311335e499d9c6b,ferramentas_jardim,59.0,341.0,2.0,1750.0,37.0,22.0,40.0
34194988e78bc60417003c8a235b8083,informatica_acessorios,38.0,526.0,2.0,150.0,20.0,20.0,20.0
8e8bcc3a0043f514854cb1a9959ec9d2,malas_acessorios,48.0,1086.0,1.0,700.0,90.0,5.0,11.0
67bd616e1ba0d3d3e8545f3113b0140d,beleza_saude,57.0,3153.0,1.0,300.0,18.0,18.0,18.0
4af813a3e5bc89370ef80fe126542076,brinquedos,43.0,1433.0,5.0,10450.0,35.0,45.0,70.0
8c8d924b1b31192b10a89b46702cd501,bebes,40.0,396.0,2.0,767.0,30.0,29.0,25.0
c48aa9017e58836324227e1d2209e9ca,moveis_decoracao,63.0,741.0,5.0,300.0,22.0,6.0,15.0
37c3932ee8a101cbabcfc597e92c26af,automotivo,46.0,262.0,2.0,50.0,16.0,16.0,12.0
9384e66a84d6f8833eb4c69a3d537fef,beleza_saude,58.0,1316.0,1.0,350.0,18.0,13.0,18.0
d36c8237f8a0a889aa9d6ac7816097e3,,,,,8750.0,80.0,10.0,60.0
6cb48625a007f38d7a62a62cccc90f76,esporte_lazer,58.0,613.0,1.0,4300.0,16.0,2.0,16.0
23bc9eb1539ad6ea06090076ce1b93b4,utilidades_domesticas,40.0,287.0,2.0,5950.0,36.0,26.0,36.0
0872c05ce884daf60d1459165ba1c4da,moveis_decoracao,59.0,413.0,3.0,16350.0,55.0,40.0,40.0
80ac250f5bffe3fff8097929c3c4a938,fashion_bolsas_e_acessorios,41.0,214.0,3.0,100.0,17.0,4.0,13.0
0554df77f3ed2e36e06c60eb65dc357a,beleza_saude,56.0,929.0,1.0,300.0,17.0,13.0,13.0
ea9fd984ad61025b0fc6a2a99042aa49,eletronicos,48.0,952.0,1.0,450.0,30.0,30.0,20.0
047b85649c33e9cbf34b2ccf8d41d622,papelaria,57.0,349.0,10.0,5650.0,60.0,20.0,29.0
fa4e7a7bb781f24e7cee4d91502a89e3,telefonia,60.0,446.0,4.0,300.0,20.0,3.0,11.0
34d6306314a47fe15c1efdbc23302020,informatica_acessorios,38.0,301.0,1.0,107.0,7.0,7.0,10.0
996ccd494480f1ea4840f6099dba48dd,eletrodomesticos,59.0,141.0,1.0,250.0,34.0,13.0,12.0
b146d66b6ce3b149187e9f3349bfad68,esporte_lazer,45.0,637.0,1.0,500.0,16.0,16.0,20.0
51e8cb2e53573210345e6b2f0168206c,relogios_presentes,41.0,977.0,4.0,200.0,20.0,15.0,20.0
36bd3e4daa4604d112f17dccd24ee59e,telefonia,48.0,419.0,2.0,150.0,17.0,8.0,14.0
2a256d1fd193c91de19036b7b9bde617,construcao_ferramentas_jardim,59.0,372.0,1.0,4050.0,28.0,28.0,23.0
282689e1e4c5d32efe135668c32b6722,cool_stuff,49.0,1030.0,4.0,6122.0,32.0,32.0,37.0
eea25b95f84281753d8013ad279889d5,audio,57.0,1048.0,1.0,1150.0,31.0,18.0,19.0
a550df17ed1c77a28e91a9276bfbd1bd,automotivo,57.0,744.0,5.0,1250.0,30.0,30.0,30.0
53fda2e4872a41ed984770d4c60a5211,consoles_games,33.0,1454.0,1.0,200.0,20.0,3.0,18.0
090ab1523d3fe5832c09a55b7195e32b,telefonia,41.0,391.0,2.0,117.0,18.0,6.0,12.0
53075a78fc601d6eb47e8ad2d142b7a8,telefonia,57.0,449.0,3.0,150.0,19.0,4.0,11.0
1f11ca0065518d335b576597c5b7f072,esporte_lazer,50.0,664.0,1.0,180.0,18.0,10.0,14.0
90ca3c3f457540cc342f428c771c9828,eletrodomesticos,51.0,979.0,1.0,15600.0,35.0,46.0,35.0
0cf13ac73dbcf6586ba63b89dd1f780a,moveis_decoracao,39.0,398.0,5.0,3700.0,25.0,35.0,35.0
f8dc3e347e9b954a84d1d5e42b500e4c,market_place,35.0,498.0,2.0,300.0,16.0,10.0,11.0
81288df52439985f610be64465e53f57,esporte_lazer,53.0,3189.0,7.0,3775.0,35.0,30.0,30.0
44625a08c05dcb9f85a1973644c69c6a,papelaria,60.0,523.0,2.0,600.0,30.0,30.0,11.0
20340463234672489d7a3437445df770,moveis_decoracao,56.0,2051.0,3.0,600.0,68.0,8.0,13.0
a5db577b646be1ddbfdcf6dddeaf91ea,utilidades_domesticas,56.0,941.0,4.0,12600.0,40.0,40.0,50.0
54e5939fcd9ae70ad0f59f612d6d29bd,cool_stuff,51.0,471.0,4.0,550.0,27.0,10.0,15.0
308f901f3cbc9dd383146e97562ef8ed,relogios_presentes,46.0,398.0,1.0,200.0,17.0,13.0,13.0
c355107c94aa24d4c2759b22041fa325,informatica_acessorios,41.0,138.0,2.0,100.0,16.0,4.0,14.0
209fa5709fd95c3fac1edddca1d6c505,cama_mesa_banho,46.0,372.0,1.0,1450.0,34.0,12.0,40.0
694e58e56c74114ee0628c25f3f26f8c,esporte_lazer,24.0,290.0,2.0,600.0,50.0,12.0,50.0
c30c7fa239be1f5dc272ebd5345a91ea,pet_shop,53.0,407.0,3.0,700.0,25.0,15.0,18.0
a237de12bdf0bfe4fe220bae65a89731,moveis_decoracao,57.0,954.0,7.0,1250.0,60.0,12.0,12.0
e48f857c5498e6408410be1fda8e0fe4,esporte_lazer,29.0,973.0,1.0,5455.0,46.0,21.0,32.0
e0f55a53bebaae74a51a8fb9639681d6,bebes,58.0,599.0,1.0,75.0,20.0,15.0,16.0
704e268deb9b8eb20603204783b7a0d2,moveis_decoracao,52.0,746.0,4.0,15400.0,40.0,60.0,40.0
ffe0fc4e02c3559643ac063fa5cf9d07,utilidades_domesticas,60.0,678.0,3.0,1525.0,23.0,13.0,14.0
a607011661b3f99887a6717ba7371840,esporte_lazer,24.0,1534.0,1.0,1117.0,22.0,10.0,14.0
3d8d8d5750896bd918ef07a8539da096,eletrodomesticos,58.0,967.0,4.0,100.0,18.0,8.0,13.0
b21edc5440d0a05522fa8d1bc1a4a26d,relogios_presentes,57.0,510.0,1.0,325.0,16.0,12.0,12.0
536c8e098046b44a7dbe87b1a5d6eb02,fashion_bolsas_e_acessorios,36.0,794.0,1.0,100.0,16.0,5.0,16.0
daca0700540caccd14072597536e3632,automotivo,33.0,2058.0,1.0,650.0,22.0,13.0,12.0
b0867df586a8d9be80c7d49aa7dacc8c,esporte_lazer,39.0,688.0,1.0,398.0,17.0,14.0,14.0
cca44f5c2c4c50a416b7ee155a58b2ba,relogios_presentes,37.0,536.0,3.0,550.0,21.0,13.0,16.0
53ea9da485f6aed8a6f03a85831fe021,relogios_presentes,33.0,439.0,1.0,346.0,18.0,10.0,13.0
d6d73c1fe2e8c0e3e90e2421ffa4b963,informatica_acessorios,59.0,1165.0,3.0,800.0,31.0,9.0,11.0
839c9cd22f47fc465c20d554b46fed2c,bebidas,27.0,766.0,1.0,267.0,18.0,13.0,15.0
c03d44fcdfabbabd5185c8eb60f77aea,cool_stuff,55.0,781.0,2.0,500.0,27.0,10.0,15.0
930f6ddc396b23f823b6b520fbd528e0,construcao_ferramentas_construcao,36.0,490.0,2.0,600.0,20.0,20.0,20.0
e60baffb5636b104f06ecd9aa28e139f,climatizacao,58.0,644.0,2.0,5000.0,50.0,20.0,20.0
149de4383ccb1829ea75380fc5f0b5fa,beleza_saude,51.0,584.0,1.0,750.0,18.0,19.0,23.0
b48946c4c9a1d7c81916522d00d6722f,fashion_bolsas_e_acessorios,58.0,392.0,4.0,50.0,16.0,6.0,20.0
c73d4f0d7a3313381d04c5311960edf0,moveis_decoracao,55.0,829.0,2.0,7950.0,16.0,60.0,60.0
8817f0cda3d5b42e5f949ee3be9dc80c,perfumaria,54.0,954.0,1.0,50.0,16.0,5.0,11.0
b072088eb78d8d816d4c80cb1851a6f6,utilidades_domesticas,56.0,355.0,3.0,1900.0,38.0,19.0,35.0
3120b244fb6ccbf5e91a53148ea1bd88,esporte_lazer,55.0,3677.0,6.0,300.0,20.0,10.0,15.0
6c134d5cb3a3dd71dd85c1b5cb4fc7b0,beleza_saude,56.0,1006.0,1.0,400.0,19.0,17.0,15.0
8b199a0f183f8011403f53356c564d80,moveis_decoracao,48.0,748.0,1.0,11017.0,40.0,49.0,32.0
f775e44f7a8609df5fc7a00faa8b458e,fashion_calcados,57.0,404.0,4.0,1500.0,22.0,12.0,33.0
d934d5a5c12e50df26c0669f578e2621,informatica_acessorios,49.0,340.0,1.0,300.0,48.0,8.0,20.0
cd4536501f4e8486f233ea0c0e7e1ee8,esporte_lazer,36.0,280.0,2.0,650.0,30.0,10.0,16.0
c0400a62c5019cdc69bfc76d39b1cfb4,cama_mesa_banho,47.0,392.0,1.0,250.0,28.0,5.0,16.0
cbe24747d52ccb72f4fd7190c41aff73,,,,,800.0,16.0,24.0,16.0
84412fdf17ffe7f7b52913a82e73b5b2,esporte_lazer,54.0,1051.0,1.0,1600.0,20.0,25.0,20.0
9219ce85918a5d26bca1a6fddf3a1402,papelaria,48.0,275.0,1.0,500.0,19.0,44.0,34.0
4bf9cbdc54a2b6e26a7c00aead4fe01b,cool_stuff,34.0,1468.0,1.0,850.0,30.0,17.0,24.0
0b5c0ecd14105464e2b879a307092e3f,malas_acessorios,49.0,114.0,1.0,650.0,30.0,10.0,32.0
8032bb148ff355a9d402573fbd6c4b89,fashion_bolsas_e_acessorios,37.0,134.0,1.0,100.0,16.0,10.0,16.0
70275b3042e4c4b6f18637720387bc0c,beleza_saude,57.0,493.0,1.0,1250.0,30.0,10.0,17.0
d5aaa8920fc54584d11c60ca1c277713,esporte_lazer,58.0,528.0,2.0,150.0,20.0,4.0,12.0
d6d88b596b8166f1094d9fcef020a074,informatica_acessorios,50.0,545.0,1.0,451.0,16.0,12.0,15.0
4b7ddf18ef3c5205f6ec288dffcd7c55,cool_stuff,46.0,588.0,2.0,500.0,16.0,12.0,22.0
086963be71b4f60fd2b27465c5a1fe7d,eletrodomesticos,58.0,1048.0,4.0,3600.0,30.0,11.0,55.0
8d3c0105549f11e6059bb69fe51659c0,esporte_lazer,53.0,848.0,2.0,950.0,17.0,5.0,17.0
541fe3a51f05d6f3ee6e730fafa0b8d5,esporte_lazer,50.0,335.0,3.0,150.0,16.0,16.0,16.0
8c591ab0ca519558779df02023177f44,ferramentas_jardim,47.0,1893.0,1.0,6050.0,20.0,20.0,20.0
30ab498424a05754d445336acbcf05d5,relogios_presentes,55.0,807.0,4.0,350.0,16.0,2.0,11.0
81cb8d21c3255d5c2143be50785cc2ad,moveis_decoracao,55.0,1960.0,2.0,3000.0,69.0,11.0,11.0
10990aaa402c4692f9eb94cbc354e53c,cama_mesa_banho,47.0,158.0,1.0,3128.0,60.0,24.0,39.0
cde89c19bf58d71bc836b1495a5ff123,bebes,58.0,646.0,1.0,550.0,99.0,3.0,65.0
f5cb4f19ca215fb34aef190918d45f46,informatica_acessorios,47.0,219.0,1.0,200.0,23.0,11.0,15.0
ae2531af4f44882cd7daed3b429d8744,utilidades_domesticas,36.0,546.0,3.0,350.0,25.0,10.0,36.0
addc4d1f7d82e1b6c5ba37d6559ac127,automotivo,59.0,732.0,3.0,300.0,16.0,21.0,13.0
c46a1855dd52a09f34d29d939a1fd975,construcao_ferramentas_construcao,38.0,2683.0,1.0,1367.0,19.0,19.0,22.0
1f8e6a79faf4326701aa4b07c0b955e1,telefonia,53.0,1586.0,1.0,538.0,14.0,10.0,11.0
8b4d1b3f6edcc74d027e598a572ddcae,informatica_acessorios,36.0,779.0,1.0,250.0,16.0,2.0,11.0
c3798d484fb730f0b5c23af0d5361595,cine_foto,45.0,150.0,1.0,100.0,16.0,11.0,12.0
4532fa1bbe47099ce5c9e2313fb9bf2a,automotivo,60.0,1124.0,3.0,130.0,17.0,4.0,14.0
7adebeebd22a2f3271bdb33ebe37caaa,automotivo,60.0,634.0,5.0,2000.0,68.0,9.0,35.0
efcfadc44ef59e03e6b3875e403d59d3,cama_mesa_banho,56.0,124.0,2.0,1100.0,95.0,8.0,50.0
207053c7b5b4e03d5e96c0cc64e1aac2,construcao_ferramentas_construcao,60.0,198.0,4.0,700.0,21.0,6.0,24.0
4cce3fa9fee9eb2361e0b9bd32516958,construcao_ferramentas_construcao,35.0,1405.0,1.0,1900.0,16.0,19.0,24.0
1ba74b19c790ee59fb57fa2befa6e885,fashion_bolsas_e_acessorios,53.0,297.0,1.0,150.0,21.0,9.0,14.0
82ff6972ccf4255e24cd470d8fd8b539,automotivo,53.0,631.0,2.0,1900.0,33.0,27.0,26.0
7a2db74c8e2d40cd60fe4677d38a74ce,informatica_acessorios,32.0,338.0,3.0,433.0,16.0,8.0,14.0
969b36d05b717529934b42457917f64b,automotivo,57.0,300.0,1.0,1350.0,28.0,10.0,18.0
c69ee3d090e5c25f7e8633b164fc001b,automotivo,59.0,549.0,1.0,3566.0,63.0,9.0,63.0
628d0ba951ebb8fd1edc5ab3934468e0,ferramentas_jardim,48.0,182.0,2.0,1600.0,17.0,17.0,78.0
689a9f33ae479ec0d9f68a9b6b0cfcbf,moveis_decoracao,58.0,123.0,1.0,550.0,20.0,27.0,11.0
e5c50ee10712a01bfed9854a00502f8e,portateis_casa_forno_e_cafe,50.0,310.0,1.0,14100.0,40.0,60.0,40.0
4914f8796af2ecd359fd8f44b9b92339,,,,,100.0,16.0,11.0,12.0
759d6e247dae636cc8e135f50052865e,moveis_escritorio,55.0,1286.0,1.0,9125.0,57.0,55.0,22.0
26a5af09b51d4e5f17609f6c9ae7f50f,cama_mesa_banho,53.0,282.0,1.0,1000.0,33.0,4.0,32.0
6416e0ecd625ef4adf18658a9aca2e10,beleza_saude,36.0,1971.0,1.0,644.0,20.0,15.0,19.0
1b01cabd433131aec917576c347f0dbd,relogios_presentes,52.0,687.0,1.0,550.0,20.0,12.0,15.0
1fb368a1506cced21a07abb6d220c4e1,consoles_games,46.0,1469.0,4.0,98.0,17.0,7.0,12.0
101103127867af6d2af98dfb2da6c78f,moveis_decoracao,63.0,870.0,1.0,30000.0,60.0,65.0,60.0
eda64e6f9a82d6ce803c2e1a6790bd06,informatica_acessorios,60.0,345.0,6.0,600.0,28.0,6.0,29.0
c4b5776ae19c3e9ee28323b38d41c72f,moveis_decoracao,27.0,212.0,2.0,10050.0,72.0,10.0,72.0
76af9e7b28825784063eef745c2bb63a,utilidades_domesticas,46.0,696.0,1.0,2500.0,33.0,15.0,24.0
9a29b754b7fc0aa8eeb990103fcea4fc,moveis_decoracao,36.0,687.0,3.0,2800.0,103.0,8.0,20.0
50a3cafc73d5530ef9a4f1a5a5cc194f,eletrodomesticos,58.0,105.0,1.0,250.0,34.0,13.0,12.0
ff469d5a015226354ab92a85c8c46537,informatica_acessorios,57.0,411.0,1.0,933.0,32.0,22.0,15.0
d9c32c8680c2426cade754f10d61e5d8,relogios_presentes,59.0,543.0,1.0,325.0,19.0,13.0,19.0
3e5201fe0d1ba474d9b90152c83c706c,cama_mesa_banho,56.0,255.0,1.0,1800.0,30.0,5.0,30.0
c7fd13b5e515bffdab855d0812842edb,moveis_decoracao,46.0,490.0,2.0,1350.0,30.0,20.0,20.0
946344697156947d846d27fe0d503033,cama_mesa_banho,55.0,619.0,1.0,500.0,16.0,17.0,17.0
414c53fa9c5cc4a0390682aeb2e25ec1,moveis_decoracao,56.0,646.0,1.0,300.0,16.0,30.0,20.0
d6771ada82143b0a04ba2cf7690bfcc7,utilidades_domesticas,46.0,824.0,3.0,963.0,17.0,15.0,15.0
ab1106e227a745836a0dc83b374e2575,alimentos,52.0,869.0,1.0,325.0,16.0,9.0,13.0
af6ab2d196af959df0ce35fc5ea50278,utilidades_domesticas,56.0,747.0,1.0,850.0,16.0,17.0,16.0
4b1bf508b7e2b27e8472c16d7f189909,automotivo,63.0,1049.0,2.0,2800.0,40.0,16.0,40.0
fd538a6af86a4b1b8546ec67d04a6323,construcao_ferramentas_iluminacao,58.0,1456.0,1.0,7700.0,36.0,35.0,35.0
ef61e93a7d0d8843a965440649bc0711,artes,30.0,177.0,2.0,1700.0,40.0,20.0,25.0
44e086c4a977f37a888627b43880586c,instrumentos_musicais,60.0,234.0,1.0,600.0,20.0,20.0,20.0
6d8e78c479334cba03552e61a97eca2e,fashion_roupa_feminina,40.0,1066.0,2.0,1000.0,27.0,12.0,23.0
cd935d283d47f1050c505e1c39c48b67,esporte_lazer,32.0,658.0,5.0,281.0,30.0,14.0,25.0
5a9db0654a2a5e1ee2b517023d04f279,beleza_saude,58.0,664.0,2.0,275.0,25.0,6.0,18.0
4fb3e6ce442ce9c621ea9509e47ac951,esporte_lazer,40.0,1023.0,1.0,1136.0,26.0,29.0,21.0
d581a9097bc2a13adf46bbd864ee0d08,beleza_saude,48.0,2910.0,1.0,300.0,18.0,9.0,12.0
753a100906f88d8b0a5ec196684e028e,fashion_bolsas_e_acessorios,51.0,364.0,1.0,200.0,33.0,8.0,11.0
5368f8caaa939da050e8dfd7d08fde62,,,,,150.0,16.0,12.0,11.0
b40ec43bdfc6d6fdd65e882066a5c895,informatica_acessorios,51.0,421.0,1.0,760.0,33.0,13.0,14.0
727a46f0b58a9ef165af9f7ebcfebfa9,esporte_lazer,33.0,1440.0,3.0,200.0,19.0,19.0,19.0
2722b7e5f68e776d18fe901638034e54,beleza_saude,43.0,1234.0,5.0,650.0,20.0,20.0,20.0
f731f8587d4088c174397e010cf892a9,perfumaria,47.0,963.0,1.0,375.0,21.0,11.0,17.0
dc6217e7f9d8c15039ca95b702ce7e02,bebes,38.0,488.0,1.0,400.0,55.0,12.0,40.0
77b8df1769ca65b7d8beb835ba31d297,automotivo,58.0,569.0,6.0,1500.0,50.0,5.0,50.0
f51dde119b9a90e3c7464f0cc45c0953,eletronicos,47.0,57.0,2.0,150.0,18.0,7.0,11.0
b17184dce2f379b2a98393d8ae885611,moveis_decoracao,40.0,442.0,5.0,20800.0,50.0,50.0,45.0
83d68ad4e5707409089afff26a40b2df,brinquedos,33.0,112.0,1.0,13150.0,50.0,14.0,104.0
0e1eb22d9c8c83f1bfb714c149110481,market_place,44.0,812.0,5.0,200.0,22.0,6.0,14.0
77f896a49e4b52c7886411acf219f98f,relogios_presentes,28.0,729.0,1.0,500.0,22.0,11.0,11.0
18259c4bc4c6431e6106fa20c6666d26,utilidades_domesticas,14.0,322.0,1.0,1000.0,21.0,16.0,14.0
4a25fe90f6685b9fc991af9a796f74c3,cama_mesa_banho,51.0,251.0,1.0,1900.0,45.0,15.0,35.0
f2533dc1eb7dca7f684254fbfa98caf8,cama_mesa_banho,60.0,293.0,1.0,2500.0,40.0,10.0,30.0
dc68ee0fcb033a1ab6714fbb5db60c15,moveis_decoracao,37.0,214.0,1.0,1500.0,30.0,10.0,30.0
573aa554222fd2492482fd6b91c7aa3c,automotivo,55.0,436.0,2.0,7100.0,30.0,30.0,18.0
78108fe8e4d5ccfe8ed10f92f7d73c2a,moveis_decoracao,59.0,2043.0,5.0,2750.0,69.0,11.0,11.0
bdc3291ab242ec1effc8eb0987850268,eletronicos,53.0,830.0,1.0,541.0,19.0,12.0,16.0
0fd34234ad17b2324b58696fb78e6c2e,ferramentas_jardim,33.0,472.0,4.0,5400.0,65.0,7.0,27.0
49d23d4887468040921b413a6d4f3ec7,cama_mesa_banho,52.0,1072.0,1.0,1350.0,39.0,7.0,31.0
623fb8cc5f36842aa32650e2208a08c8,relogios_presentes,58.0,361.0,3.0,200.0,18.0,8.0,13.0
2d5bb6fc16b9fb75539ddcd93de86aa4,brinquedos,33.0,234.0,1.0,500.0,17.0,10.0,12.0
de36d205f68196c28c2575937b9e737e,construcao_ferramentas_construcao,46.0,767.0,3.0,2000.0,48.0,25.0,48.0
5ee245f4f514e8937aa7a5ef3ec2c8b7,cama_mesa_banho,34.0,184.0,1.0,650.0,52.0,4.0,42.0
407bc2771e1ae0911576de1560d3adcc,moveis_decoracao,54.0,532.0,1.0,600.0,65.0,7.0,11.0
016711f78a6a87696645db0a6a834826,beleza_saude,14.0,1366.0,2.0,1150.0,27.0,22.0,39.0
3c2417f0f42bc3de63d08893b06571e9,brinquedos,21.0,923.0,1.0,200.0,45.0,20.0,30.0
e5da60b217874889dd4becf29412d793,telefonia,53.0,428.0,1.0,100.0,19.0,3.0,11.0
ed6e17c5f34a20c7569b6ac2597ee223,automotivo,53.0,611.0,1.0,30000.0,105.0,20.0,50.0
cda286f50f4576f72f1028b38870aedb,automotivo,53.0,873.0,1.0,2700.0,60.0,21.0,25.0
8704c63bb391e44566d8dcf13d863081,fashion_bolsas_e_acessorios,55.0,1434.0,1.0,250.0,16.0,2.0,11.0
55945cf4a4e6def88dcc8996a581608a,beleza_saude,58.0,3930.0,9.0,275.0,28.0,12.0,22.0
4df83a41105e00e0845b9d12b5fe601c,relogios_presentes,42.0,175.0,1.0,536.0,20.0,13.0,18.0
4660d9b4ae2a49dc7a5cac39499b204b,beleza_saude,53.0,711.0,3.0,600.0,17.0,22.0,20.0
94cc774056d3f2b0dc693486a589025e,fashion_bolsas_e_acessorios,29.0,99.0,3.0,150.0,20.0,20.0,20.0
982d42e9ce06f5054407db7d1268029f,cama_mesa_banho,51.0,233.0,1.0,6738.0,48.0,32.0,52.0
a0045b8457877b5981ed6c79b9b0765a,telefonia,54.0,300.0,3.0,100.0,19.0,4.0,11.0
169e1fedd1319ca92e90e057e7123005,esporte_lazer,60.0,3616.0,5.0,400.0,28.0,10.0,13.0
d088332df74647f2fa0a24d226b5d784,utilidades_domesticas,56.0,631.0,2.0,300.0,28.0,8.0,14.0
25d1ff5db102bfeb95fe4fcefdaca422,esporte_lazer,53.0,291.0,1.0,3900.0,37.0,44.0,34.0
f95d9369ebf76f811194c72bd22ff244,moveis_decoracao,60.0,1152.0,3.0,3700.0,45.0,11.0,65.0
8f19c4fa78ba4a8d037bc977eef22927,beleza_saude,30.0,1131.0,1.0,700.0,16.0,35.0,11.0
4ac533f3cdb87b7764bf5fd518a85bda,cama_mesa_banho,48.0,729.0,1.0,1500.0,20.0,30.0,30.0
66119c056c1be2d1d57d65fe7a91ce6d,esporte_lazer,56.0,966.0,3.0,1650.0,25.0,16.0,23.0
21733435c91b1a39455537eeacd3c467,ferramentas_jardim,63.0,525.0,3.0,300.0,16.0,4.0,20.0
60567eaf5cdf794639e94508ec387a82,fashion_bolsas_e_acessorios,55.0,903.0,1.0,3350.0,62.0,20.0,40.0
78f5f8f4547e4be0449bce34eb0557f2,moveis_decoracao,39.0,1719.0,3.0,800.0,53.0,8.0,11.0
3ce943997ff85cad84ec6770b35d6bcd,informatica_acessorios,58.0,636.0,1.0,800.0,32.0,11.0,13.0
fb64af82ca185390e8d6fa6bd3a6ada6,cama_mesa_banho,56.0,853.0,1.0,4150.0,48.0,38.0,56.0
86ecc269de40ba13205e7beeee12f26f,telefonia,31.0,329.0,4.0,188.0,17.0,6.0,12.0
2ebe00f53430b4eb4086f08409ec7760,telefonia,58.0,453.0,3.0,150.0,19.0,4.0,11.0
49898603599da69a7ec746e336c2b4d1,bebes,47.0,1924.0,3.0,850.0,30.0,10.0,30.0
c75d5edf6cf5302523d622c43a072be0,informatica_acessorios,54.0,779.0,2.0,150.0,16.0,19.0,16.0
08545faed0310009ebba7ba4537c2727,eletrodomesticos,59.0,1700.0,2.0,3900.0,32.0,37.0,22.0
1cd35eaf33a642d4df4c9146837f5908,moveis_decoracao,34.0,1717.0,4.0,500.0,30.0,15.0,15.0
a25583531530c0913ea4dee2c5c73685,perfumaria,30.0,138.0,1.0,150.0,20.0,7.0,20.0
1d38e85c3c89665e3c1d5cc5e6a829d6,brinquedos,46.0,604.0,2.0,1133.0,33.0,23.0,21.0
f96af21b8cf0b09ce2aed5462e40671a,climatizacao,60.0,727.0,1.0,6400.0,56.0,18.0,36.0
97170c28efde1b426f1c52348fe1c086,relogios_presentes,59.0,471.0,5.0,200.0,16.0,2.0,20.0
ba92b5a0701d2f820ba6ca8f8c86294f,cama_mesa_banho,60.0,269.0,1.0,3400.0,38.0,13.0,46.0
6a6f44b373a9e9a45c9f214e63a2f3d4,cama_mesa_banho,58.0,601.0,1.0,550.0,29.0,6.0,22.0
9ec6b6619704c31e3fb6d15dbe229fba,moveis_decoracao,60.0,2050.0,2.0,1200.0,69.0,11.0,11.0
47376be1404bbe927766e8a9011714cb,cool_stuff,51.0,741.0,7.0,225.0,18.0,8.0,16.0
b52e4724d5ae56c1e1503a363b388d2a,esporte_lazer,34.0,423.0,1.0,3000.0,93.0,11.0,18.0
b69585752110ce1af10cf9baee38e992,beleza_saude,24.0,784.0,1.0,500.0,37.0,4.0,16.0
3e086c8507756d8b53e4b0f676e7f42d,informatica_acessorios,51.0,282.0,3.0,200.0,16.0,5.0,11.0
060c17562f97e5bb60bc0dfa4dd5b3f2,informatica_acessorios,40.0,675.0,1.0,150.0,18.0,6.0,14.0
242edc6b84c00f0d48c664a020a92c52,malas_acessorios,39.0,131.0,1.0,500.0,23.0,45.0,32.0
362b773250263786dd58670d2df42c3b,esporte_lazer,51.0,2526.0,1.0,200.0,16.0,16.0,11.0
557281eded333607ebffd2e626f96101,esporte_lazer,54.0,833.0,1.0,517.0,19.0,15.0,14.0
e28e0ee4dffaf8ed5508c35aaf1d0d25,brinquedos,48.0,167.0,1.0,200.0,16.0,17.0,11.0
b301f133a68b93a9a9a3db2987c1be36,informatica_acessorios,57.0,169.0,2.0,300.0,21.0,4.0,18.0
4107fe37acd2074de27143fa85966f67,moveis_decoracao,28.0,579.0,1.0,7100.0,37.0,41.0,37.0
d7a42ef000dc154cf36fc531bab116c4,cool_stuff,52.0,862.0,1.0,102.0,16.0,12.0,14.0
4df79064ddcd595b7c0ca80f9729a67b,papelaria,59.0,206.0,2.0,8000.0,60.0,20.0,29.0
49b624365d1b55a1747aedf255a15e62,automotivo,53.0,773.0,3.0,1775.0,32.0,28.0,28.0
f2e2678188e0f3bc983dd3935f69b746,automotivo,55.0,620.0,1.0,13900.0,40.0,40.0,40.0
90aa2ab699cd0e459be93124aa91c82f,cama_mesa_banho,56.0,2507.0,2.0,2300.0,43.0,8.0,33.0
44523a5e61f0a718c2231922b8856ad7,relogios_presentes,42.0,266.0,2.0,286.0,18.0,11.0,14.0
efa91c03c750cf82e0e9fc5523aca73c,moveis_decoracao,56.0,220.0,7.0,1000.0,31.0,11.0,26.0
ca8b9b8192b5fd79de43cf6480c6cdeb,esporte_lazer,60.0,473.0,1.0,250.0,17.0,15.0,16.0
1b6cecc37e5cf78922520ccb14860e63,utilidades_domesticas,52.0,427.0,1.0,5100.0,40.0,25.0,35.0
8546c6aec945658dd6de0b125806bc8a,moveis_decoracao,63.0,527.0,11.0,2700.0,41.0,26.0,31.0
772583ef39582ddf5068eba0296c24f7,esporte_lazer,39.0,271.0,6.0,3050.0,51.0,13.0,31.0
97b91c8032defad1460e5225a0049161,moveis_decoracao,63.0,195.0,2.0,4000.0,100.0,7.0,65.0
111110604c6d3718f07e26dbff3d46bc,eletroportateis,39.0,57.0,1.0,800.0,16.0,35.0,25.0
6adc47df234495741cc1af4ffc25b58c,beleza_saude,55.0,520.0,1.0,1200.0,16.0,14.0,15.0
7868a64aa111bbb4f41f8e1146c0becb,moveis_decoracao,59.0,438.0,1.0,1200.0,30.0,5.0,20.0
36a4730522f6c06d61028293616a9ec5,construcao_ferramentas_construcao,28.0,126.0,4.0,4650.0,54.0,18.0,35.0
53027b8270c2c4b97acb3907e39e999e,beleza_saude,50.0,140.0,1.0,600.0,20.0,6.0,20.0
592962829d5a715304344e656e39108a,cama_mesa_banho,56.0,255.0,1.0,1750.0,30.0,5.0,30.0
eb90e2151808c494cf15502e418789d1,esporte_lazer,55.0,1354.0,2.0,1000.0,37.0,11.0,17.0
95c2c14503645a9f87cf2401c523482c,telefonia,30.0,405.0,3.0,167.0,18.0,4.0,11.0
e8b61f78db501ea0ca45677d1ca27de2,brinquedos,49.0,120.0,1.0,400.0,50.0,10.0,25.0
a063b454bac19ab435a4594bab9b9eed,pet_shop,63.0,2226.0,8.0,20900.0,60.0,40.0,40.0
15bb6bb477d5bbfe167f6dc44b6846a8,moveis_decoracao,49.0,868.0,1.0,1000.0,40.0,8.0,40.0
c4baedd846ed09b85f78a781b522f126,ferramentas_jardim,58.0,1893.0,1.0,5950.0,20.0,20.0,20.0
87351480a75abfcf15ec67af64f28ee6,moveis_decoracao,53.0,669.0,3.0,550.0,34.0,6.0,23.0
e034d967d446f193a9d72f30a282c312,,,,,900.0,20.0,10.0,12.0
4943769229463d7bd0fd5af9baac46b5,informatica_acessorios,57.0,493.0,1.0,1100.0,23.0,22.0,18.0
5742ee1a5d941486111ab986f6611735,utilidades_domesticas,49.0,412.0,1.0,1875.0,43.0,45.0,40.0
4c55077cfe05007e8051304d1b721343,beleza_saude,63.0,751.0,1.0,300.0,16.0,16.0,15.0
1107055c5c960ef6e183e781260aeafd,telefonia,59.0,752.0,6.0,300.0,17.0,4.0,12.0
f0cd6312ce0b0d7f04fe8dfd3480e278,brinquedos,40.0,180.0,3.0,2400.0,40.0,15.0,40.0
c9d067f785507045799795719e6e6131,esporte_lazer,57.0,1260.0,4.0,26500.0,105.0,70.0,20.0
289d248f6a9046a0f0be47cda2b45537,esporte_lazer,31.0,542.0,5.0,250.0,25.0,25.0,20.0
f48eb5c2fde13ca63664f0bb05f55346,esporte_lazer,60.0,1153.0,2.0,100.0,20.0,11.0,11.0
f3b8bfa5b86249e75e5c0632acc0e82e,beleza_saude,42.0,614.0,1.0,2550.0,20.0,20.0,30.0
e8288cf2d07e2b1b0b889132fc8cd8d5,cama_mesa_banho,55.0,677.0,1.0,1300.0,16.0,50.0,40.0
2c0c951471371afa81e47d7bf8d20522,telefonia,56.0,931.0,6.0,183.0,18.0,9.0,13.0
30f2abe62a0f5fb21e4361e83e19f3d8,fashion_bolsas_e_acessorios,33.0,484.0,3.0,150.0,16.0,13.0,11.0
7fb06133a9a56c3d8a2819e9f4d45422,construcao_ferramentas_construcao,54.0,433.0,1.0,1050.0,16.0,8.0,90.0
fb1c85ab4adb8f0fd63d3e2156e51f4b,esporte_lazer,33.0,2213.0,1.0,217.0,20.0,20.0,20.0
94ea362da29f43390e967e874c6fa842,esporte_lazer,25.0,192.0,1.0,3000.0,53.0,19.0,19.0
ef4f75a1e1266944f1733179e963d4be,casa_construcao,51.0,921.0,7.0,800.0,16.0,20.0,16.0
6d779dde21981220a9ea25b508015461,pet_shop,45.0,901.0,1.0,15800.0,74.0,32.0,40.0
7fab1a1472fdd934397068931f63f3ca,brinquedos,53.0,200.0,10.0,600.0,30.0,25.0,20.0
d5f4f441812a9a67cf8fa6d6019192c8,beleza_saude,51.0,1540.0,1.0,1700.0,20.0,15.0,15.0
6c75a613c78086bc739497cfc7b14f7f,esporte_lazer,59.0,205.0,1.0,1700.0,22.0,15.0,22.0
6109d0cae3bcb57d579bc0fab6e61814,malas_acessorios,45.0,573.0,1.0,1250.0,49.0,10.0,34.0
996ae0a67e63b78b427a1f8d07543e86,cama_mesa_banho,56.0,155.0,2.0,1500.0,48.0,6.0,39.0
dbfc3878e8b8a96816236363e132e6e3,telefonia,42.0,315.0,1.0,100.0,19.0,3.0,11.0
ccc61dc31608c5b78cf0cbe85582fb77,papelaria,49.0,328.0,1.0,600.0,16.0,4.0,11.0
8844bd4b8ca8f93603694ca2bceb77e9,beleza_saude,49.0,1513.0,3.0,900.0,33.0,17.0,12.0
243332c5551ef72c46bb6885fcaaa848,beleza_saude,55.0,2221.0,1.0,2000.0,30.0,12.0,16.0
c837ca3eaf5506275072300511cb7b12,beleza_saude,54.0,2564.0,1.0,300.0,16.0,6.0,11.0
21a95b5525c6d658ff4e5e1b50f7c02d,brinquedos,24.0,318.0,2.0,650.0,18.0,25.0,19.0
af2d506fb01b724e03591349ad36b67e,bebes,55.0,1681.0,2.0,600.0,20.0,13.0,13.0
41414ba9bcc97ea83730baf9c9d90adb,ferramentas_jardim,60.0,728.0,6.0,550.0,36.0,5.0,14.0
64d33e6bd1b905a31c2f96f584e6a0c8,telefonia,60.0,818.0,6.0,350.0,17.0,4.0,12.0
bd121e63c181b55f2204d15c44795736,moveis_decoracao,55.0,817.0,1.0,18850.0,40.0,45.0,40.0
a8cd3c264c6b406a06a23ace0b16fd9a,moveis_decoracao,58.0,2110.0,3.0,1250.0,69.0,11.0,11.0
8bad0b03a701f851b31594eb2eb758b8,cool_stuff,32.0,655.0,2.0,300.0,23.0,14.0,28.0
d493f5a208254fe85b3ab55d898461a1,alimentos,60.0,3725.0,6.0,675.0,28.0,15.0,15.0
3468ce5f37112c609796bcb9ca2c67fb,brinquedos,53.0,877.0,8.0,50.0,20.0,8.0,17.0
841fe54d564df8d45b7832717de220e3,papelaria,51.0,805.0,1.0,400.0,17.0,15.0,16.0
ec02a5d380128f7a188e9ce8f3ddd832,cool_stuff,59.0,599.0,2.0,2275.0,45.0,25.0,18.0
0e0487ef680ae92e064423238d1b4c05,eletronicos,35.0,191.0,1.0,150.0,22.0,6.0,16.0
238314b88e4b8ffa496db6b1a201d897,brinquedos,56.0,696.0,4.0,300.0,21.0,7.0,16.0
bb56f93a193b61dbb3ccc35c2cdd317d,moveis_decoracao,60.0,903.0,1.0,700.0,22.0,22.0,11.0
3f869288a822d85504c7a423c9b473e3,cool_stuff,35.0,1511.0,1.0,1950.0,28.0,36.0,27.0
139a8ba50a931c4055ff072ef1817b06,relogios_presentes,46.0,655.0,1.0,700.0,20.0,12.0,15.0
db1e6fed56643b852af3132d255d9ddc,cama_mesa_banho,54.0,289.0,1.0,4050.0,40.0,12.0,38.0
b1d207586fca400a2370d50a9ba1da98,,,,,350.0,16.0,4.0,11.0
0bbdc963004d9b2fd3427ee3c5ae3608,esporte_lazer,31.0,1479.0,3.0,150.0,23.0,7.0,12.0
3e362e76af5b6669122b87d6f0a38eca,moveis_decoracao,55.0,546.0,3.0,1700.0,38.0,9.0,33.0
7b4d5bca6951e2d3f89fa2bdfa6791aa,eletronicos,31.0,363.0,1.0,200.0,25.0,7.0,16.0
8de065ea288024906fe52d09d8021df4,cama_mesa_banho,45.0,1504.0,2.0,150.0,20.0,2.0,16.0
ae52eeb8383b94455f0a08b1f88ad002,informatica_acessorios,60.0,882.0,1.0,167.0,21.0,13.0,12.0
ad979ca019f5e2520379fc28f6bc8968,automotivo,52.0,622.0,4.0,300.0,20.0,15.0,20.0
2844b71c076b32af55fbbf2eb7e0bd9e,moveis_decoracao,59.0,471.0,1.0,1300.0,30.0,5.0,20.0
14814051ee1f5b23865b40f70a259d59,cama_mesa_banho,43.0,1162.0,5.0,5300.0,23.0,50.0,23.0
81ec0756335856bf7e5bd40073652c44,esporte_lazer,60.0,326.0,5.0,600.0,40.0,20.0,20.0
c91fd1bf3e75d3b29370483ffda5eee0,telefonia,60.0,751.0,6.0,350.0,17.0,4.0,12.0
927ee5ecddd59672ed4e40f96df68238,eletroportateis,57.0,1005.0,5.0,7050.0,38.0,33.0,34.0
146e38440bfc14b0d923856ddac3709f,brinquedos,42.0,1109.0,2.0,1300.0,16.0,35.0,58.0
665aa1d687284a4d2d2b74c0c6724625,cama_mesa_banho,60.0,259.0,1.0,1550.0,30.0,5.0,30.0
d5de9e83335830f4597d314e63845eb3,ferramentas_jardim,59.0,1125.0,6.0,11600.0,52.0,23.0,22.0
adb5b8ee8b86e86930bc333c182bbead,informatica_acessorios,43.0,543.0,1.0,821.0,30.0,14.0,15.0
30f902329cc4fd7dba514f7a5b629b2d,pet_shop,30.0,519.0,2.0,16150.0,16.0,2.0,11.0
159dc4423e5092c3baa443379a458fa9,beleza_saude,55.0,1165.0,1.0,1100.0,37.0,12.0,22.0
cf28a2b7bc92809a0574cf07772c88c4,cama_mesa_banho,57.0,58.0,1.0,250.0,20.0,2.0,15.0
c8cfa622661e047ea2499f8bce4731a5,bebes,56.0,628.0,2.0,650.0,24.0,14.0,18.0
60deed43085d22ed6326c2f10336d8c4,cama_mesa_banho,60.0,270.0,1.0,8050.0,55.0,25.0,35.0
35ebf08a93899d44e756809e11b14754,eletronicos,55.0,240.0,1.0,150.0,18.0,12.0,15.0
5440e1ed49a1153d573b1543dd10d95e,perfumaria,42.0,477.0,2.0,833.0,20.0,12.0,19.0
4f9172df8e9ae60aa90c14fb36afbcbb,instrumentos_musicais,37.0,214.0,1.0,1450.0,31.0,11.0,24.0
6a09ecc3113cbbf409d21369dd82f854,informatica_acessorios,44.0,189.0,1.0,600.0,29.0,15.0,15.0
73326828aa5efe1ba096223de496f596,alimentos,32.0,1392.0,1.0,330.0,20.0,15.0,16.0
bdcf6a834e8faa30dac3886c7a58e92e,beleza_saude,26.0,394.0,1.0,1614.0,31.0,16.0,28.0
3c139df1bbfd2c48c110bc9ca5d8c133,instrumentos_musicais,55.0,814.0,2.0,9050.0,50.0,50.0,50.0
95c40b993a22463c83beb5c51a03d46c,informatica_acessorios,33.0,1084.0,2.0,200.0,41.0,2.0,29.0
e8ca14b6c60a3194f2353bbfe0287bbe,cool_stuff,49.0,730.0,1.0,300.0,25.0,10.0,20.0
5a21ffb33906d29b4ad9edf60f6f1b2e,esporte_lazer,41.0,1663.0,3.0,1850.0,30.0,30.0,30.0
475e8a9ddbebf13af503d1c7eccadb1a,moveis_escritorio,54.0,800.0,2.0,3400.0,27.0,21.0,21.0
86ae34138b66d08c1d885736ba39e6df,cama_mesa_banho,50.0,476.0,2.0,1470.0,47.0,9.0,38.0
22656f41604127818c5984157e52bda8,fashion_roupa_masculina,25.0,191.0,1.0,500.0,20.0,10.0,17.0
f9c972fb058194f8e948a46e6c611ee1,beleza_saude,31.0,3751.0,1.0,1225.0,26.0,20.0,23.0
0663a33c86fed5322e603ef430775b7b,papelaria,56.0,99.0,4.0,800.0,25.0,60.0,35.0
3a3232c5a8df0895d04012fb058f4bbe,telefonia,51.0,381.0,1.0,150.0,19.0,4.0,11.0
3bdc103ff400f1e4c1136dfe4ebadbd1,moveis_decoracao,48.0,593.0,1.0,250.0,16.0,5.0,20.0
05fa32a505166cc577354e48a194659d,moveis_decoracao,59.0,445.0,3.0,245.0,17.0,12.0,14.0
8275ff8af7dedbf142a446d74d0c5daf,eletrodomesticos,55.0,98.0,1.0,150.0,20.0,13.0,15.0
7c65bcd66be0ad761948bfeda4e7bd2f,casa_conforto,55.0,349.0,1.0,1550.0,45.0,15.0,35.0
ca53753a29adfe8acad27ebef2eef9fb,casa_construcao,53.0,928.0,7.0,1050.0,16.0,20.0,16.0
66e9fb73e349cba44b29951e558a6780,utilidades_domesticas,50.0,1087.0,1.0,500.0,16.0,18.0,16.0
c7963f30536d39f982fe6af66ab3e89b,automotivo,50.0,815.0,2.0,100.0,20.0,6.0,17.0
c8a1b14dcfbb5ab61591ab868d362d10,esporte_lazer,51.0,646.0,1.0,650.0,55.0,10.0,12.0
002159fe700ed3521f46cfcf6e941c76,fashion_calcados,55.0,344.0,3.0,1850.0,36.0,37.0,16.0
af64ef75bb87ced49e08b2f278bd8bb8,automotivo,60.0,624.0,3.0,8150.0,34.0,18.0,16.0
cdd0b7472213e44df3b48e96f8deee74,relogios_presentes,50.0,840.0,2.0,150.0,16.0,2.0,11.0
7f967740bec1ec031ac460084afcb4b1,papelaria,59.0,589.0,4.0,1900.0,35.0,45.0,20.0
e8769e00778ec82e2fddf58d7b360a27,beleza_saude,44.0,666.0,1.0,700.0,34.0,9.0,25.0
1e6981e727154bcd941d51fda894b183,bebes,18.0,778.0,2.0,1450.0,18.0,44.0,34.0
b51485801348808e02617629d896c936,telefonia,51.0,394.0,6.0,100.0,19.0,3.0,20.0
9738938cd501f323a5084de63086947b,moveis_decoracao,41.0,1405.0,3.0,150.0,35.0,2.0,25.0
844c6d466a0b3ae37536094e43dc4522,telefonia,33.0,315.0,3.0,100.0,19.0,3.0,11.0
7324c4b82393a004e3e38a7632d1bba2,perfumaria,58.0,290.0,2.0,1450.0,25.0,19.0,25.0
dd4e0af4984c994583afeb8ac4ae7eb3,construcao_ferramentas_construcao,44.0,1593.0,1.0,200.0,16.0,16.0,16.0
f0bbc1bdaf90ddcab4aa862660dfc6d3,malas_acessorios,60.0,993.0,3.0,650.0,65.0,7.0,11.0
f3d7339839e02f580fe8fca5755e0e25,bebes,21.0,358.0,1.0,400.0,35.0,5.0,25.0
7893c68e0a8b6e58a70390551e8a84d9,bebes,49.0,224.0,2.0,1200.0,75.0,15.0,50.0
5f2ad53b751662e4c54dceffadb3804d,fashion_esporte,49.0,219.0,2.0,300.0,18.0,12.0,12.0
8e49e2b4aaa2a78f82c80d2e488084f6,,,,,1500.0,35.0,33.0,47.0
a896b01f0fb94712f1e92bf9b0ebbe0e,brinquedos,60.0,1067.0,4.0,300.0,17.0,5.0,12.0
d1606c4563d5481c8020de798866465e,beleza_saude,46.0,1290.0,1.0,650.0,19.0,12.0,13.0
bb90206fa281c20f0b4c42a2393b54dd,informatica_acessorios,39.0,72.0,1.0,875.0,35.0,14.0,14.0
8cdb9ebdf8dcdd09f8495eec1851b0ae,utilidades_domesticas,43.0,993.0,1.0,860.0,17.0,24.0,17.0
c58a00c22983c35a40e549564aa0aafa,papelaria,59.0,200.0,3.0,6050.0,60.0,20.0,29.0
4651cbf18222b853f46619003d9861f3,construcao_ferramentas_construcao,58.0,1495.0,7.0,400.0,19.0,11.0,11.0
35afc973633aaeb6b877ff57b2793310,casa_conforto,56.0,176.0,1.0,1825.0,53.0,10.0,40.0
f15dfa318985df28b020ca9fa88552aa,moveis_decoracao,63.0,465.0,2.0,8050.0,80.0,10.0,60.0
417c36fe8603e10f20aba1359eb8e2f4,eletroportateis,51.0,2273.0,1.0,500.0,30.0,19.0,17.0
9091499533100191c6b89d09e43445e8,beleza_saude,51.0,191.0,4.0,50.0,19.0,11.0,23.0
32b2c8b108d24d0729982597ff9aa62c,papelaria,57.0,309.0,1.0,600.0,41.0,10.0,29.0
875a509e10e1382ada98cd0c25f0a256,ferramentas_jardim,60.0,656.0,1.0,575.0,20.0,20.0,20.0
6cc44821f36f3156c782da72dd634e47,cama_mesa_banho,55.0,273.0,1.0,1050.0,38.0,10.0,38.0
05a9dadb8402b6b7ae3dd28f7da187b5,informatica_acessorios,59.0,3314.0,2.0,2950.0,20.0,20.0,20.0
5d98f7de3b78c8dd8d7b62ea22000a65,telefonia,59.0,776.0,6.0,300.0,17.0,4.0,12.0
5a3320037d5922a7708647c81ecc1f15,utilidades_domesticas,60.0,446.0,5.0,4900.0,36.0,22.0,36.0
2cb04e10eeaa0cc28bb0b7db018c9056,beleza_saude,33.0,1093.0,1.0,1350.0,27.0,27.0,22.0
49eeae59754cbcf1abeeffb8f51184ee,cama_mesa_banho,49.0,1077.0,1.0,1575.0,26.0,21.0,23.0
aa5a88580b8e6e569915aa42f1526dfc,perfumaria,34.0,1462.0,1.0,700.0,20.0,20.0,20.0
d950221a89e7555306dc5daef996e134,cool_stuff,60.0,925.0,1.0,375.0,18.0,9.0,15.0
4c82c8d31845d751d797debc3d03697f,informatica_acessorios,51.0,872.0,6.0,145.0,16.0,9.0,13.0
d472a70d40f4f72dfd5f6024cfc89a13,casa_construcao,56.0,780.0,1.0,1167.0,22.0,22.0,22.0
562cdf9387a027681e0a59b4202e9a40,cama_mesa_banho,51.0,311.0,1.0,550.0,35.0,8.0,30.0
c2468c873ecd80413fb425d0db4b602b,automotivo,58.0,484.0,4.0,2550.0,99.0,20.0,50.0
15416967b480fca6c3ceac3335e57c36,utilidades_domesticas,57.0,284.0,2.0,7850.0,30.0,60.0,30.0
53759a2ecddad2bb87a079a1f1519f73,ferramentas_jardim,58.0,340.0,2.0,1500.0,30.0,22.0,30.0
8feb43a054893da80044ad0f693fd0ad,eletronicos,37.0,368.0,2.0,150.0,22.0,8.0,17.0
0ac9ae2550c94021daa1059ad06d2c4a,perfumaria,19.0,609.0,1.0,200.0,17.0,6.0,12.0
081cac4fc215928a462eb2c06a14dffe,eletrodomesticos,50.0,718.0,3.0,150.0,16.0,8.0,16.0
b7dbc7d6e73a828cc62756e693f48b7d,telefonia,51.0,439.0,3.0,100.0,20.0,6.0,11.0
e6527bcfddf9f66f0b073cdb2e0df89b,dvds_blu_ray,55.0,352.0,1.0,200.0,20.0,2.0,14.0
7f72a8900b3d2fc8fa2635b7836d6e6e,brinquedos,38.0,571.0,1.0,147.0,14.0,10.0,12.0
9fb9a39f2e393018aaeb432394aff48f,livros_interesse_geral,34.0,1151.0,9.0,1950.0,36.0,5.0,23.0
42a2c92a0979a949ca4ea89ec5c7b934,utilidades_domesticas,41.0,799.0,1.0,7000.0,26.0,47.0,27.0
b800d7bb8cd5a7093dd099a367d1dde2,ferramentas_jardim,57.0,1605.0,1.0,750.0,20.0,15.0,15.0
fb55982be901439613a95940feefd9ee,papelaria,52.0,211.0,2.0,7000.0,60.0,20.0,30.0
fe8b0ea4a95d3a6488d8e23b41720e46,bebes,32.0,589.0,2.0,450.0,55.0,6.0,19.0
2bd9b51a9ab079e095aca987845d3266,consoles_games,55.0,450.0,1.0,300.0,25.0,15.0,25.0
fc6c38ee7759b0a92503910745aa9ef0,automotivo,57.0,840.0,1.0,1700.0,45.0,20.0,45.0
6c4e8db600904b7200ebf7774c28ae9c,automotivo,58.0,1657.0,3.0,550.0,16.0,21.0,18.0
638882546765f357dc667b5987ceb69d,ferramentas_jardim,41.0,523.0,1.0,1950.0,24.0,24.0,16.0
0412ec72192f1d85e92047c0773434ec,instrumentos_musicais,58.0,1202.0,2.0,15400.0,45.0,20.0,100.0
21fb5057dd6a737df6851a7ab7a130da,moveis_decoracao,52.0,709.0,2.0,7550.0,35.0,35.0,35.0
2624c8b856235b0499572d609ffd0930,moveis_decoracao,63.0,199.0,2.0,1450.0,35.0,12.0,30.0
cb9cc307a215ac435ec87b0f799e8dab,ferramentas_jardim,36.0,1049.0,1.0,5450.0,23.0,7.0,20.0
28e9bae875be608d290966c72d2d7f73,automotivo,51.0,619.0,2.0,100.0,33.0,27.0,26.0
8eb7b31149dc92903e213c9896443440,utilidades_domesticas,25.0,243.0,3.0,525.0,30.0,9.0,30.0
55b71bf300a2765a382eaec566df531f,esporte_lazer,50.0,2164.0,5.0,3400.0,33.0,25.0,28.0
a9516a079e37a9c9c36b9b78b10169e8,moveis_escritorio,41.0,1141.0,1.0,8683.0,54.0,64.0,31.0
9e10eb05d9f369d5c38c475425cc2ee9,telefonia,30.0,580.0,2.0,100.0,16.0,3.0,11.0
d3f53b3b397407f469efd4820b1ce250,moveis_decoracao,56.0,2054.0,2.0,1150.0,68.0,8.0,13.0
e8f732eea94996831b9af41525a9ce3d,telefonia,52.0,269.0,2.0,550.0,16.0,2.0,11.0
4ef55cfc0052b8c8c9313fd35d00289c,malas_acessorios,47.0,114.0,1.0,700.0,35.0,10.0,34.0
056063b2634974ef86ccb7da2d3d0dbf,esporte_lazer,33.0,315.0,1.0,1431.0,30.0,20.0,21.0
3a3f0628722b2f548673a2f7f5fa5605,fashion_underwear_e_moda_praia,62.0,594.0,3.0,250.0,19.0,9.0,27.0
ebf1c13032246ea801765e8cb5417365,casa_construcao,39.0,1190.0,2.0,30000.0,50.0,80.0,50.0
a029ecbeadd18685578725691cb11160,brinquedos,27.0,392.0,4.0,400.0,18.0,8.0,11.0
8cefe1c6f2304e7e6825150218ffc58c,telefonia,59.0,818.0,6.0,300.0,17.0,4.0,12.0
74437e600638a59559c5238c84805b76,esporte_lazer,23.0,182.0,2.0,150.0,20.0,10.0,15.0
3fedaec688964ccf38949f271a51c888,papelaria,38.0,197.0,3.0,1200.0,40.0,15.0,30.0
dd6a505f83dd3c6326aa9856519e0978,brinquedos,43.0,623.0,5.0,200.0,16.0,7.0,11.0
e8cbef97b4aa646fb8fa170f0da01b5b,cama_mesa_banho,60.0,146.0,2.0,3000.0,34.0,8.0,41.0
4c5f70248102ed45620167bb6f80d2ef,utilidades_domesticas,56.0,1539.0,1.0,350.0,31.0,11.0,13.0
3e7ca2ff3d372303c5773c8018746fc2,bebes,36.0,428.0,1.0,183.0,17.0,14.0,13.0
4a1ccd2d546bbea7809a0cf98863eb50,malas_acessorios,43.0,1480.0,5.0,900.0,25.0,50.0,30.0
2f8720465c51a4f13bcd060e76014b3f,beleza_saude,30.0,1311.0,2.0,125.0,16.0,4.0,11.0
09c8fe71fdb3bdb84e52b1f33f89040c,telefonia,49.0,602.0,1.0,100.0,19.0,4.0,11.0
c3b957b4e1d4cd8d595794d22973cae9,bebes,46.0,309.0,4.0,300.0,33.0,44.0,19.0
906b11f3bc3c98f883afa0eb67b0fac7,esporte_lazer,46.0,3362.0,5.0,1200.0,80.0,8.0,15.0
d87ee5661dc46c5bc7bc19780f6f8360,instrumentos_musicais,45.0,331.0,1.0,100.0,20.0,20.0,20.0
f35927953ed82e19d06ad3aac2f06353,livros_interesse_geral,39.0,724.0,1.0,450.0,20.0,20.0,20.0
196616257eff8bc851dc4fc041cbbbe9,moveis_sala,32.0,608.0,2.0,9750.0,27.0,15.0,92.0
7dd3fec3502f7ef333da2a73e00db394,perfumaria,54.0,391.0,3.0,479.0,21.0,15.0,17.0
dd0dcee76f9c12fff4bc0eb641d57c7f,eletronicos,44.0,431.0,1.0,250.0,25.0,7.0,14.0
d82b7dd1b80c3f47c767cbae71a9b3e3,instrumentos_musicais,42.0,175.0,1.0,350.0,36.0,3.0,11.0
abe6b1e401ce596ad0c493aeedb488a4,cool_stuff,59.0,260.0,2.0,300.0,17.0,7.0,13.0
20fb650ad1615624d7e202031400f695,livros_tecnicos,53.0,1417.0,1.0,750.0,29.0,3.0,21.0
386eebb43722ab502f04f7900bd2451b,beleza_saude,45.0,2231.0,3.0,117.0,15.0,4.0,12.0
6742c031c6ff9b57e732163ac4ca368f,papelaria,60.0,1076.0,4.0,750.0,34.0,4.0,23.0
1015f4f024ec3cd0f9516a779ece52dd,moveis_decoracao,63.0,418.0,1.0,1100.0,45.0,15.0,35.0
338f1838eb9cd29b59c9c2f4ee158f15,,,,,250.0,16.0,4.0,11.0
6490b9f63b0b595e1c1402b46b0f50ad,telefonia,24.0,820.0,1.0,300.0,18.0,10.0,13.0
5be51b87d3f543e942bb8299c5bd4423,esporte_lazer,49.0,1416.0,1.0,350.0,16.0,16.0,16.0
00e928700d549c4173b1bf631ca30abf,esporte_lazer,51.0,294.0,2.0,300.0,20.0,3.0,15.0
83aae8023b8feda53259f63e0ec06390,moveis_decoracao,24.0,428.0,8.0,4450.0,40.0,33.0,20.0
b2545dd62c61d45d55ebaa04d1cb1e23,,,,,1475.0,42.0,24.0,31.0
03e931f387c2dd5b006aecdb12515b2e,cama_mesa_banho,55.0,560.0,1.0,650.0,16.0,10.0,16.0
e9cf370eb883adbdcb4b8738057a9d8b,papelaria,54.0,1156.0,1.0,245.0,16.0,9.0,14.0
2291d090b69f60fc0ffd95ae394daa77,cool_stuff,43.0,743.0,5.0,500.0,18.0,12.0,15.0
87aff1d9a5e94db6840c5b963a5cef90,esporte_lazer,59.0,1732.0,5.0,1500.0,40.0,20.0,20.0
fb9e76805845146bdd3dbee717b27979,esporte_lazer,60.0,1351.0,7.0,3850.0,82.0,10.0,22.0
b249cf5fcf68f70e13515489f0fcb627,ferramentas_jardim,35.0,325.0,1.0,1300.0,19.0,33.0,13.0
dc2cab354de46ca82b8cf4cb24e16614,moveis_escritorio,50.0,1202.0,1.0,8300.0,53.0,51.0,18.0
46737a24b6230ab90d6df497df0a2b43,utilidades_domesticas,56.0,259.0,2.0,2467.0,38.0,39.0,29.0
97462c7ce5f69a26ace2c3c5da81a86b,cool_stuff,60.0,1023.0,5.0,200.0,17.0,7.0,12.0
e779bacfeb19183e094113948eae40e5,relogios_presentes,34.0,94.0,1.0,400.0,22.0,20.0,22.0
16db4cae3a5ef838f492bd158ac9f69c,automotivo,41.0,405.0,3.0,150.0,38.0,2.0,22.0
dbf47a585df3a9d8f0b5f4c125a2b8e8,moveis_escritorio,55.0,1294.0,1.0,8700.0,52.0,51.0,17.0
dff088846d1141979916ce5c7a4c1d52,utilidades_domesticas,53.0,151.0,5.0,7800.0,38.0,28.0,33.0
dd0fc08054600c8e6c078d6df90ee3fb,cama_mesa_banho,47.0,385.0,1.0,2400.0,47.0,21.0,41.0
ed7f66fbbc819ef7aa1894d2c34065f1,utilidades_domesticas,57.0,567.0,1.0,1200.0,20.0,15.0,20.0
7ad0b0e87f7c4eb1b68a8cebf875257b,moveis_decoracao,52.0,497.0,2.0,2150.0,30.0,20.0,20.0
663d6ef343ce527b3548d6a255f89eb8,instrumentos_musicais,59.0,936.0,3.0,450.0,62.0,9.0,23.0
5237c554fade603fbb83dcbcdadcdaac,automotivo,58.0,391.0,3.0,1900.0,28.0,36.0,28.0
267b51d6e08eb8326c49c6809558f262,cama_mesa_banho,42.0,327.0,3.0,1100.0,37.0,23.0,35.0
21a6e49e01d1ee93aadbd8cdf776308f,relogios_presentes,45.0,510.0,1.0,338.0,18.0,11.0,13.0
be40b2de99172a1101c7dfc49a52d2cf,beleza_saude,54.0,250.0,2.0,250.0,25.0,10.0,20.0
a12c9204f6f9e90ad1d8ba5571fbfed2,informatica_acessorios,31.0,614.0,2.0,600.0,19.0,13.0,20.0
e4dbc5980f1159e257a31c8eb4ecd78a,informatica_acessorios,38.0,326.0,2.0,150.0,22.0,13.0,15.0
34dc9ba20762290886d4d94d07a102e3,esporte_lazer,31.0,419.0,2.0,1650.0,30.0,8.0,30.0
905b384ac5667170689505bbf30f1d07,cama_mesa_banho,53.0,504.0,1.0,1600.0,45.0,15.0,30.0
a291cc846d74d97f01611894f983073b,cool_stuff,58.0,478.0,1.0,600.0,22.0,6.0,22.0
a058bd781185e59b75160f5133afad9b,automotivo,56.0,1552.0,3.0,550.0,16.0,21.0,18.0
85b2e22dc10456c8ce7b81f78ba8624b,cama_mesa_banho,52.0,289.0,1.0,2700.0,35.0,9.0,34.0
2002fc3ec2d8a30a7588628fe7aff958,eletronicos,57.0,432.0,1.0,200.0,16.0,6.0,14.0
6e5a50058aad97da9c92bed17918bdbc,papelaria,47.0,336.0,4.0,950.0,40.0,15.0,30.0
7272a36ac93b0f214500840025f04a73,moveis_decoracao,28.0,1405.0,3.0,200.0,35.0,2.0,25.0
bdcb8b4ebca66cd01b512c0044f8258f,informatica_acessorios,46.0,1002.0,2.0,150.0,17.0,4.0,13.0
4bc67f0e0c4badffd66ddb6641122a33,relogios_presentes,59.0,179.0,2.0,200.0,16.0,2.0,11.0
f9624194634737145e6066d831213df8,beleza_saude,45.0,2192.0,1.0,800.0,20.0,20.0,20.0
11fe97e9c97411c66289ebbf9ddbd789,ferramentas_jardim,60.0,486.0,4.0,1100.0,22.0,21.0,16.0
a386ec77b61471988e1b10cbd6cbfdd6,informatica_acessorios,40.0,226.0,2.0,200.0,25.0,10.0,25.0
3793f9a5cee3d440b31c209500f28743,esporte_lazer,43.0,721.0,2.0,1050.0,28.0,9.0,20.0
878c61936b5c51f321ac165750d97a0b,automotivo,58.0,300.0,3.0,88.0,21.0,11.0,15.0
8ebb3f77fca7f2ec3283f8850ac55a15,esporte_lazer,54.0,1040.0,1.0,750.0,46.0,8.0,26.0
874439b263dc72fa8c7d8e24fa7cac13,esporte_lazer,59.0,131.0,1.0,600.0,25.0,35.0,30.0
28beefcab28e6a3b659bae1bf1cbe453,telefonia,54.0,880.0,2.0,250.0,16.0,12.0,14.0
3d92b609f553af0ae89982e4fae15b1f,esporte_lazer,57.0,937.0,1.0,200.0,16.0,2.0,20.0
bca99cf9bf7b0bd7f56c29a6e297f757,perfumaria,24.0,89.0,1.0,80.0,16.0,20.0,17.0
927225847efa8853ebf52c9b5b9b8cc6,bebes,41.0,1050.0,2.0,850.0,29.0,6.0,20.0
a5620dbc470a8e3ec837aaf1bbd48eb8,fashion_calcados,48.0,375.0,6.0,200.0,29.0,7.0,16.0
e12569a1ad365c9f77fb1ae6d5de26e8,fashion_roupa_masculina,40.0,1145.0,3.0,700.0,20.0,20.0,20.0
336cfb12a5468070795ae4c964f4ce47,esporte_lazer,35.0,584.0,3.0,1000.0,40.0,20.0,20.0
8ae7db511529da9af9685c9d0375bd82,consoles_games,56.0,1797.0,1.0,1300.0,25.0,30.0,20.0
802b191477641b98e903230bcfaa2a47,telefonia,38.0,364.0,3.0,67.0,16.0,4.0,11.0
8adb806e404876383ce47845af3ddcb8,livros_tecnicos,45.0,1423.0,1.0,600.0,27.0,2.0,21.0
15b3d4c8373cd64166af5504b49d289d,moveis_decoracao,60.0,856.0,1.0,1400.0,43.0,5.0,30.0
0cf5798cf0a69ca39b286d63dd5a9501,esporte_lazer,39.0,1026.0,1.0,15200.0,95.0,30.0,55.0
c848bbf7ec73272cce4df7509a71afde,bebidas,27.0,467.0,1.0,1925.0,30.0,29.0,20.0
3b04dbc12a3fcaa8402b8dd2b3a909d7,ferramentas_jardim,50.0,1201.0,1.0,1700.0,63.0,7.0,18.0
01f2d77d8a63937c77c7128ce4bd2ada,automotivo,60.0,753.0,2.0,650.0,60.0,6.0,33.0
d3e1006ba3735c0d44160026b6e0ced3,automotivo,53.0,2805.0,3.0,1850.0,19.0,16.0,17.0
66b4cbf7d9a6926661daf377dab0d697,cool_stuff,33.0,805.0,2.0,1500.0,42.0,25.0,15.0
0a108ad81c4e2a790649c3f8070f1213,cama_mesa_banho,51.0,532.0,1.0,300.0,16.0,10.0,16.0
4c9c5d9cbd2475b109784b48a70a5c70,relogios_presentes,56.0,572.0,1.0,350.0,18.0,14.0,18.0
462646c1c1495199e63684d79e6e0d1b,papelaria,63.0,920.0,6.0,50.0,16.0,4.0,11.0
0ee362737f0fade7293e5a4f375f2446,casa_conforto,54.0,217.0,3.0,900.0,30.0,20.0,30.0
acd999849b296e49ab668c7e832ccb72,informatica_acessorios,44.0,169.0,1.0,467.0,16.0,16.0,11.0
dee46ab618429cbd3cdf24b2eb4c7f34,construcao_ferramentas_construcao,55.0,337.0,1.0,1700.0,20.0,8.0,20.0
e19c52ba2deb45c56077643f204eda1e,fashion_bolsas_e_acessorios,49.0,566.0,1.0,100.0,22.0,2.0,19.0
2fd89f236e3e8f4b81b7b74f09f40186,brinquedos,22.0,235.0,1.0,150.0,17.0,4.0,13.0
99c88c191bbed92f5be4ca3b00eb1a42,cama_mesa_banho,55.0,615.0,1.0,450.0,16.0,10.0,16.0
4cee3d875eb2f9d331aae01b8c4781e8,cama_mesa_banho,55.0,312.0,1.0,750.0,16.0,10.0,16.0
cfc665b462ccc3a43b1a1283e678b1a0,informatica_acessorios,49.0,1457.0,1.0,1625.0,17.0,15.0,16.0
a15b46c05a4d311665eac6750b3e4030,bebes,60.0,848.0,6.0,750.0,50.0,5.0,40.0
b0c2a004d315a5ba0b19584393ac478c,cama_mesa_banho,51.0,220.0,1.0,2100.0,30.0,5.0,30.0
a80f456f25c5adc5c42db3a682880367,utilidades_domesticas,57.0,844.0,3.0,9800.0,61.0,31.0,31.0
5113c9a5037013b0a750444df6dec60f,esporte_lazer,53.0,3189.0,6.0,6050.0,40.0,30.0,30.0
fa8485bc54eaad5b218cd8081c859568,fashion_underwear_e_moda_praia,39.0,275.0,2.0,150.0,26.0,5.0,18.0
ed00a8453145186b3f071f1e3edef33d,construcao_ferramentas_construcao,57.0,352.0,1.0,225.0,16.0,3.0,13.0
a3fd6c4ecde9035c3e8dd4e0fd8b8048,cama_mesa_banho,45.0,191.0,2.0,150.0,16.0,6.0,20.0
819fc0e9c061a08bac3d5044eb92b173,malas_acessorios,59.0,320.0,1.0,850.0,20.0,44.0,39.0
b6acad95bb80b9f438b3496bfdfd8257,telefonia,44.0,1440.0,4.0,150.0,18.0,6.0,11.0
7273e94a33eb07341d5d86a7b815f901,consoles_games,25.0,361.0,1.0,500.0,16.0,2.0,11.0
ee147042ac9bc25ab2ad108442bbecde,livros_tecnicos,39.0,963.0,1.0,8900.0,30.0,11.0,23.0
dd8ca29b3cd0a856ebeef8ff057c1659,automotivo,53.0,352.0,1.0,200.0,16.0,15.0,15.0
aad225c687cc75ba1148d41f2ce414c2,informatica_acessorios,43.0,390.0,1.0,1300.0,46.0,7.0,12.0
2b4ad41f87f5ca9daba350c8f886b729,moveis_decoracao,49.0,2043.0,3.0,5500.0,70.0,7.0,50.0
fb7a100ec8c7b34f60cec22b1a9a10e0,brinquedos,58.0,321.0,2.0,150.0,16.0,16.0,16.0
1f975d7b550d3ba8161a3c77a3d800a4,informatica_acessorios,58.0,1674.0,2.0,4150.0,30.0,20.0,20.0
1fbb1fca915498c75efc551f5a32f08b,telefonia,56.0,1298.0,1.0,200.0,18.0,6.0,12.0
fa00124915804f23967ae06d7dfd5874,telefonia,58.0,363.0,1.0,200.0,24.0,21.0,21.0
71a5f1c2a5fd9889ef26b5ac22aec9c6,moveis_decoracao,60.0,500.0,3.0,100.0,16.0,3.0,11.0
092be1e8336fc404c57bd5970d056886,alimentos,53.0,869.0,1.0,750.0,16.0,12.0,15.0
3410cbd7df2130ec3cb9300ef0fe3df1,informatica_acessorios,34.0,324.0,1.0,675.0,21.0,13.0,16.0
ad56e265bd92e5702d171e6eb4a3593a,informatica_acessorios,51.0,1130.0,2.0,750.0,20.0,14.0,17.0
879257cf953f931693a39f7b492967dd,cama_mesa_banho,38.0,179.0,1.0,1200.0,45.0,10.0,15.0
a370599bb36b6aa53a8a4f428440f860,brinquedos,52.0,66.0,3.0,1500.0,39.0,30.0,29.0
675eadffd43ac06d1bead694fb553d35,moveis_decoracao,47.0,738.0,2.0,2000.0,37.0,25.0,36.0
391a014a66920fa0ce468319264e0232,consoles_games,38.0,880.0,2.0,550.0,33.0,28.0,41.0
feb593f17c2f51af2932dbba3e99f1cb,automotivo,50.0,361.0,1.0,50.0,35.0,4.0,26.0
0505f239830b15ffbd923b4113a96855,malas_acessorios,44.0,503.0,8.0,250.0,20.0,26.0,15.0
39f9ab5ea27485a4c3d32ee4c45630d8,cama_mesa_banho,55.0,262.0,1.0,450.0,45.0,15.0,35.0
ff0ba1ffc67724ddc6db331bd417ef67,beleza_saude,49.0,1029.0,1.0,517.0,24.0,14.0,14.0
ebb7ccdb2a728a4188759bfa3cbd1fc0,utilidades_domesticas,55.0,900.0,3.0,1300.0,20.0,15.0,20.0
b64f2210138a8d97888314420d066b5e,utilidades_domesticas,59.0,981.0,7.0,1800.0,30.0,6.0,40.0
5f24a2c5fe04fac8072d899fffa77540,utilidades_domesticas,49.0,678.0,1.0,934.0,28.0,27.0,17.0
7d1a667dbc183583078324f912d42c6b,esporte_lazer,43.0,2420.0,1.0,150.0,16.0,6.0,11.0
f9bb291280bceedf7840b89e1e75b89c,moveis_decoracao,57.0,113.0,11.0,2400.0,40.0,8.0,35.0
2636a9812d151c718b53387171ce08be,beleza_saude,52.0,2088.0,1.0,443.0,21.0,13.0,17.0
6ebc84d95d4340324cf0cb525e495eed,perfumaria,44.0,355.0,1.0,120.0,12.0,9.0,10.0
7088744b00831b410bd17716cb578f39,informatica_acessorios,51.0,311.0,1.0,1013.0,30.0,15.0,16.0
056b837251897cfc6f46d3643bad614f,ferramentas_jardim,52.0,471.0,4.0,1150.0,17.0,8.0,31.0
c1cf541d5b33a4b04ddc1c3be7aa1c86,beleza_saude,51.0,781.0,2.0,150.0,35.0,2.0,26.0
1669a8ef7e316417da468a3599115231,fashion_bolsas_e_acessorios,56.0,321.0,3.0,100.0,20.0,20.0,12.0
9ce4603565c839785b24a7e95e28f4eb,cool_stuff,40.0,1516.0,2.0,800.0,22.0,15.0,27.0
d4484cc239fbd0ac671ab04d931edc66,bebes,42.0,414.0,2.0,150.0,23.0,15.0,15.0
dfec64aac9b864b2807a7be33222b75f,cama_mesa_banho,58.0,252.0,4.0,850.0,38.0,7.0,28.0
3becff10d1deb92b02f2a1ee62a04524,informatica_acessorios,54.0,1520.0,2.0,6150.0,30.0,30.0,20.0
c4e71b64511b959455e2107fe7859020,utilidades_domesticas,59.0,1371.0,2.0,200.0,18.0,15.0,15.0
a0b7d5a992ccda646f2d34e418fff5a0,moveis_decoracao,45.0,67.0,2.0,12300.0,40.0,40.0,40.0
